"CRN","ARRIVAL_TM","AUTOMOBILE_COUNT","BELTED_DEATH_COUNT","BELTED_SUSP_SERIOUS_INJ_COUNT","BICYCLE_COUNT","BICYCLE_DEATH_COUNT","BICYCLE_SUSP_SERIOUS_INJ_COUNT","BUS_COUNT","CHLDPAS_DEATH_COUNT","CHLDPAS_SUSP_SERIOUS_INJ_COUNT","COLLISION_TYPE","COMM_VEH_COUNT","CONS_ZONE_SPD_LIM","COUNTY","CRASH_MONTH","CRASH_YEAR","DAY_OF_WEEK","DEC_LATITUDE","DEC_LONGITUDE","DISPATCH_TM","DISTRICT","DRIVER_COUNT_16YR","DRIVER_COUNT_17YR","DRIVER_COUNT_18YR","DRIVER_COUNT_19YR","DRIVER_COUNT_20YR","DRIVER_COUNT_50_64YR","DRIVER_COUNT_65_74YR","DRIVER_COUNT_75PLUS","EST_HRS_CLOSED","FATAL_COUNT","HEAVY_TRUCK_COUNT","HORSE_BUGGY_COUNT","HOUR_OF_DAY","ILLUMINATION","INJURY_COUNT","INTERSECTION_RELATED","INTERSECT_TYPE","LANE_CLOSED","LATITUDE","LN_CLOSE_DIR","LOCATION_TYPE","LONGITUDE","MAX_SEVERITY_LEVEL","MCYCLE_DEATH_COUNT","MCYCLE_SUSP_SERIOUS_INJ_COUNT","MOTORCYCLE_COUNT","MUNICIPALITY","NONMOTR_COUNT","NONMOTR_DEATH_COUNT","NONMOTR_SUSP_SERIOUS_INJ_COUNT","NTFY_HIWY_MAINT","PED_COUNT","PED_DEATH_COUNT","PED_SUSP_SERIOUS_INJ_COUNT","PERSON_COUNT","POLICE_AGCY","POSSIBLE_INJ_COUNT","RDWY_SURF_TYPE_CD","RELATION_TO_ROAD","ROADWAY_CLEARED","ROAD_CONDITION","SCH_BUS_IND","SCH_ZONE_IND","SECONDARY_CRASH","SMALL_TRUCK_COUNT","SPEC_JURIS_CD","SUSP_MINOR_INJ_COUNT","SUSP_SERIOUS_INJ_COUNT","SUV_COUNT","TCD_FUNC_CD","TCD_TYPE","TFC_DETOUR_IND","TIME_OF_DAY","TOTAL_UNITS","TOT_INJ_COUNT","UNBELTED_OCC_COUNT","UNB_DEATH_COUNT","UNB_SUSP_SERIOUS_INJ_COUNT","UNK_INJ_DEG_COUNT","UNK_INJ_PER_COUNT","URBAN_RURAL","VAN_COUNT","VEHICLE_COUNT","WEATHER1","WEATHER2","WORKERS_PRES","WORK_ZONE_IND","WORK_ZONE_LOC","WORK_ZONE_TYPE","WZ_CLOSE_DETOUR","WZ_FLAGGER","WZ_LAW_OFFCR_IND","WZ_LN_CLOSURE","WZ_MOVING","WZ_OTHER","WZ_SHLDER_MDN","WZ_WORKERS_INJ_KILLED"
"2024008755","1546","1","0","0","0","0","0","0","0","0","7","0","","02","1","2024","6","40.491051","-79.875028","1520","11","0","0","0","0","0","0","0","0","","0","0","0","","","0","N","0","","40 29:27.782","1","0","79 52:30.099","0","0","0","0","2112","0","0","0","N","0","0","0","1","68D02","0","","5.0","1635.0","9","N","N","N","0","","0","0","0","","0","N","","1","0","0","0","0","0","0","2","0","1","10","","","N","","","","","","","","","",""
"2024009721","1814","1","0","0","0","0","0","0","0","0","4","0","","02","1","2024","4","40.445606","-80.05991","1811","11","0","0","0","0","0","0","1","0","","0","0","0","","","1","","2","","40 26:44.183","6","0","80 03:35.676","8","0","0","0","2439","0","0","0","N","0","0","0","2","02439","0","","1.0","2100.0","9","N","N","Y","0","","0","0","1","","3","Y","","2","1","0","0","0","1","0","2","0","2","07","","","N","","","","","","","","","",""
"2024007242","0822","0","0","0","0","0","0","0","0","0","98","0","","02","1","2024","6","40.485643","-79.776488","0753","11","0","0","0","0","0","1","0","0","","0","0","0","","","0","N","0","","40 29:08.315","","0","79 46:35.355","0","0","0","0","2466","0","0","0","N","0","0","0","1","68T02","0","","1.0","","1","N","N","N","0","","0","0","1","","0","","","1","0","0","0","0","0","0","2","0","1","03","","","N","","","","","","","","","",""
"2024004932","1817","1","0","0","0","0","0","0","0","0","98","0","","02","1","2024","2","40.628518","-80.017322","1804","11","0","0","0","0","0","0","0","0","","0","0","0","","","0","","2","","40 37:42.664","","0","80 01:02.359","0","0","0","0","2216","0","0","0","N","0","0","0","3","02505","0","","1.0","","1","N","N","N","0","","0","0","0","","0","","","1","0","0","0","0","0","0","2","0","1","03","03","","N","","","","","","","","","",""
"2024004903","0902","0","0","0","0","0","0","0","0","0","7","0","","02","1","2024","3","40.625678","-79.739455","0859","11","0","0","0","0","0","0","0","0","","0","0","0","","","0","N","0","","40 37:32.440","1","0","79 44:22.037","0","0","0","0","2106","0","0","0","Y","0","0","0","1","68D02","0","","2.0","930.0","6","N","N","N","0","","0","0","1","","0","N","","1","0","0","0","0","0","0","2","0","1","10","07","","N","","","","","","","","","",""
"2024007438","1604","1","0","0","0","0","0","0","0","0","1","0","","02","1","2024","6","40.642677","-80.067654","1558","11","0","0","0","0","0","0","0","0","","0","0","0","","","0","","1","","40 38:33.637","","0","80 04:03.554","0","0","0","0","2216","0","0","0","N","0","0","0","2","02505","0","","1.0","","7","N","N","N","0","","0","0","1","","2","","","2","0","0","0","0","0","0","2","0","2","10","","","N","","","","","","","","","",""
"2024006428","1808","1","0","0","0","0","0","0","0","0","2","0","","02","1","2024","7","40.615175","-79.759227","1800","11","0","0","0","0","0","1","0","0","","0","0","0","","","2","","2","","40 36:54.630","","0","79 45:33.217","3","0","0","0","2202","0","0","0","N","0","0","0","2","68D02","1","","1.0","","1","N","N","N","0","","1","0","1","","0","","","2","2","0","0","0","0","0","2","0","2","03","03","","N","","","","","","","","","",""
"2024009232","2001","1","0","0","0","0","0","0","0","0","1","0","","02","1","2024","3","40.311083","-80.093547","1948","11","0","0","0","0","0","1","0","0","","0","0","0","","","0","N","0","","40 18:39.900","","0","80 05:36.770","0","0","0","0","2123","0","0","0","N","0","0","0","1","02123","0","","1.0","","9","N","N","N","0","","0","0","1","","0","","","2","0","0","0","0","0","0","2","0","2","03","03","","N","","","","","","","","","",""
"2024002134","1904","1","0","0","0","0","0","0","0","0","4","0","","02","1","2024","7","40.535827","-79.841879","1900","11","0","0","0","0","0","1","0","0","","0","0","0","","","0","N","0","","40 32:08.978","","7","79 50:30.764","0","0","0","0","2208","0","0","0","N","0","0","0","3","02208","0","","1.0","","9","N","N","N","0","","0","0","1","","0","","","2","0","0","0","0","0","0","2","0","2","07","10","","N","","","","","","","","","",""
"2024008460","1503","0","0","0","0","0","0","0","0","0","2","0","","02","1","2024","2","40.380739","-79.855051","1500","11","0","0","0","0","0","1","0","0","","0","0","0","","","2","N","0","","40 22:50.659","5","0","79 51:18.182","3","0","0","0","2303","0","0","0","N","0","0","0","4","02303","0","","1.0","1625.0","1","N","N","N","1","","2","0","3","","0","Y","","4","2","0","0","0","0","0","2","0","4","03","","","N","","","","","","","","","",""
"2024008033","1757","2","0","0","0","0","0","0","0","0","6","0","","02","1","2024","1","40.452466","-79.826273","1753","11","0","0","0","0","0","1","0","0","","0","0","0","","","0","","2","","40 27:08.879","1","0","79 49:34.581","0","0","0","0","2113","0","0","0","N","0","0","0","3","02113","0","","1.0","1830.0","1","N","N","N","0","","0","0","0","","3","N","","3","0","2","0","0","0","0","2","0","2","03","","","N","","","","","","","","","",""
"2024012534","1925","0","0","0","0","0","0","0","0","0","7","0","","02","1","2024","3","40.434053","-79.995355","1916","11","0","0","0","0","0","0","0","0","","0","0","0","","","0","N","0","","40 26:02.590","3","0","79 59:43.278","0","0","0","0","2301","0","0","0","N","0","0","0","1","68B03","0","","4.0","25.0","2","N","N","N","0","","0","0","1","","0","N","","1","0","0","0","0","0","0","2","0","1","03","","","N","","","","","","","","","",""
"2024002217","1326","0","0","0","0","0","0","0","0","0","4","1","","02","1","2024","7","40.539219","-79.962559","1317","11","0","0","0","0","0","0","1","0","","0","1","0","","","0","N","0","","40 32:21.188","","7","79 57:45.214","0","0","0","0","2118","0","0","0","N","0","0","0","2","02118","0","","1.0","","7","N","N","N","0","","0","0","1","","0","","","2","0","0","0","0","0","0","2","0","2","10","03","","N","","","","","","","","","",""
"2024009838","1520","1","0","0","0","0","0","0","0","0","4","0","","02","1","2024","2","40.346063","-79.973379","1520","11","0","0","0","0","0","0","0","1","","0","0","0","","","2","N","0","","40 20:45.827","2","7","79 58:24.163","3","0","0","0","2476","0","0","0","N","0","0","0","2","02476","1","","1.0","1554.0","1","N","N","N","0","","1","0","1","","0","N","","2","2","0","0","0","0","0","2","0","2","03","03","","N","","","","","","","","","",""
"2024008619","0910","0","0","0","0","0","0","0","0","0","7","0","","02","1","2024","5","40.365497","-79.969083","0904","11","0","0","0","0","0","0","0","0","","0","0","0","","","0","N","0","","40 21:55.790","","7","79 58:08.700","0","0","0","0","2476","0","0","0","N","0","0","0","2","02476","0","","5.0","","1","N","N","N","0","","0","0","1","","0","","","1","0","0","0","0","0","0","2","0","1","04","","","N","","","","","","","","","",""
"2024012639","1502","1","0","0","0","0","0","0","0","0","4","0","","02","2","2024","7","40.304693","-79.895043","1458","11","0","0","0","0","0","0","0","0","","0","0","0","","","0","","2","","40 18:16.893","6","0","79 53:42.154","9","0","0","0","2302","0","0","0","N","0","0","0","3","02302","0","","1.0","1534.0","1","N","N","N","0","","0","0","1","","3","Y","","2","0","1","0","0","0","1","2","0","2","03","03","","N","","","","","","","","","",""
"2024013408","1311","1","0","0","0","0","0","0","0","0","1","0","","02","2","2024","7","40.417698","-80.055618","1304","11","0","0","1","1","0","0","0","0","","0","0","0","","","0","N","0","","40 25:03.714","3","0","80 03:20.224","0","0","0","0","2435","0","0","0","N","0","0","0","3","68B03","0","","1.0","1315.0","1","N","N","N","1","","0","0","0","","0","N","","2","0","0","0","0","0","0","2","0","2","03","","","N","","","","","","","","","",""
"2024011931","1250","0","0","0","0","0","0","0","0","0","4","0","","02","2","2024","5","40.611701","-80.036292","1250","11","0","0","0","0","0","0","1","0","","0","0","0","","","0","N","1","","40 36:42.123","1","0","80 02:10.651","0","0","0","0","2108","0","0","0","N","0","0","0","4","02108","0","","1.0","1347.0","1","N","N","N","0","","0","0","2","","3","N","","2","0","0","0","0","0","0","2","0","2","03","","","N","","","","","","","","","",""
"2024007699","1800","1","0","0","0","0","0","0","0","0","7","0","","02","1","2024","6","40.362961","-80.036475","1755","11","0","0","0","0","1","0","0","0","","0","0","0","","","0","Y","0","","40 21:46.660","","0","80 02:11.310","0","0","0","0","2109","0","0","0","N","0","0","0","1","02109","0","","5.0","","7","N","N","N","0","","0","0","0","","3","","","1","0","0","0","0","0","0","2","0","1","10","06","","N","","","","","","","","","",""
"2024008296","1004","1","0","1","0","0","0","0","0","0","4","0","","02","1","2024","2","40.417286","-79.848536","1002","11","0","0","0","0","0","1","0","0","","0","0","0","","","2","","5","","40 25:02.230","3","0","79 50:54.729","2","0","0","0","2431","0","0","0","N","0","0","0","3","02431","0","","1.0","1038.0","1","N","N","N","0","","1","1","1","","2","N","","2","2","0","0","0","0","0","2","0","2","03","","","N","","","","","","","","","",""
"2024008023","1700","0","0","0","0","0","0","0","0","0","0","0","","02","1","2024","1","40.490146","-79.820157","1700","11","0","0","0","0","0","0","1","0","","0","0","0","","","0","N","2","","40 29:24.524","1","0","79 49:12.564","0","0","0","0","2113","0","0","0","N","0","0","0","1","02113","0","","1.0","1723.0","1","N","N","N","0","","0","0","1","","0","N","","1","0","1","0","0","0","0","2","0","1","03","03","","N","","","","","","","","","",""
"2024006504","1030","2","0","0","0","0","0","0","0","0","1","1","","02","1","2024","4","40.467164","-80.035281","1015","11","0","0","0","0","0","1","1","0","","0","0","0","","","0","N","0","","40 28:01.792","2","0","80 02:07.010","0","0","0","0","2301","0","0","0","N","0","0","0","4","02301","0","","1.0","1100.0","1","N","N","N","0","","0","0","1","","0","Y","","4","0","0","0","0","0","0","2","1","4","03","03","","N","","","","","","","","","",""
"2024006485","0905","1","0","0","0","0","0","0","0","0","1","0","","02","1","2024","4","40.424804","-80.042649","0902","11","0","0","0","1","0","0","0","0","","0","0","0","","","1","N","2","","40 25:29.293","1","0","80 02:33.538","8","0","0","0","2435","0","0","0","N","0","0","0","2","02435","0","","1.0","939.0","1","N","N","N","0","","0","0","1","","2","N","","2","1","0","0","0","1","0","2","0","2","03","","","N","","","","","","","","","",""
"2024009162","1328","0","0","0","0","0","0","0","0","0","7","0","","02","1","2024","6","40.521004","-80.064689","1304","11","0","0","0","0","0","0","0","0","","0","0","0","","","0","N","0","","40 31:15.614","","0","80 03:52.882","0","0","0","0","2215","0","0","0","N","0","0","0","1","68B03","0","","4.0","","6","N","N","Y","0","","0","0","0","","0","","","1","0","0","0","0","0","0","2","1","1","10","","","N","","","","","","","","","",""
"2024012668","1611","1","0","0","0","0","0","0","0","0","4","0","","02","1","2024","2","40.496465","-79.944116","1610","11","0","0","0","0","0","1","0","0","","0","0","0","","","0","N","0","","40 29:47.273","3","0","79 56:38.817","0","0","0","0","2430","0","0","0","N","0","0","0","3","02430","0","","1.0","1631.0","1","N","N","N","0","","0","0","1","","0","N","","2","0","1","0","0","0","0","2","0","2","04","","","N","","","","","","","","","",""
"2024009179","0121","1","0","0","0","0","0","0","0","0","7","0","","02","1","2024","1","40.400271","-79.837257","0112","11","0","0","0","0","0","1","0","0","","0","0","0","","","1","N","0","","40 24:00.975","6","0","79 50:14.126","3","0","0","0","2425","0","0","0","Y","0","0","0","1","68B03","0","","4.0","236.0","1","N","N","N","0","","1","0","0","","0","N","","1","1","0","0","0","0","0","2","0","1","04","","","N","","","","","","","","","",""
"2024009587","0825","0","0","0","0","0","0","0","0","0","7","0","","02","1","2024","1","40.429911","-79.879572","0808","11","0","0","0","0","0","0","0","0","","0","0","0","","","0","N","0","","40 25:47.678","","0","79 52:46.459","0","0","0","0","2426","0","0","0","N","0","0","0","1","68B03","0","","3.0","","2","N","N","N","0","","0","0","1","","0","","","1","0","0","0","0","0","0","2","0","1","10","02","","N","","","","","","","","","",""
"2024009904","1808","1","0","0","0","0","0","0","0","0","1","0","","02","1","2024","2","40.441217","-80.157184","1732","11","0","0","0","0","0","0","0","0","","0","0","0","","","0","N","0","","40 26:28.382","","0","80 09:25.861","0","0","0","0","2115","0","0","0","N","0","0","0","2","68B03","0","","1.0","","1","N","N","N","0","","0","0","1","","0","","","2","0","0","0","0","0","0","2","0","2","03","03","","N","","","","","","","","","",""
"2024009467","2051","0","0","0","0","0","0","0","0","0","1","0","","02","1","2024","4","40.475529","-79.848493","2051","11","0","0","0","0","0","1","0","0","","0","0","0","","","1","","2","","40 28:31.904","","0","79 50:54.576","4","0","0","0","2113","0","0","0","N","0","0","0","2","02113","1","","1.0","","9","N","N","N","0","","0","0","2","","2","","","2","1","0","0","0","0","0","2","0","2","07","98","","N","","","","","","","","","",""
"2024009131","0217","1","0","0","0","0","0","0","0","0","7","0","","02","1","2024","3","40.415472","-79.882957","0157","11","0","0","0","0","0","0","0","0","","0","0","0","","","0","","1","","40 24:55.699","","0","79 52:58.645","0","0","0","0","2456","0","0","0","N","0","0","0","1","68B03","0","","4.0","","1","N","N","N","0","","0","0","0","","0","","","1","0","0","0","0","0","0","2","0","1","03","","","N","","","","","","","","","",""
"2024004877","0715","0","0","0","0","0","0","0","0","0","98","0","","02","1","2024","4","40.491063","-79.87644","0640","11","0","0","0","0","0","1","0","0","","0","0","0","","","0","N","0","","40 29:27.828","","0","79 52:35.184","0","0","0","0","2112","0","0","0","N","0","0","0","1","68D02","0","","3.0","","1","N","N","N","1","","0","0","0","","0","","","1","0","0","0","0","0","0","2","0","1","03","03","","N","","","","","","","","","",""
"2024011830","1453","1","0","0","0","0","0","0","0","0","4","0","","02","1","2024","7","40.382924","-79.877952","1448","11","0","0","0","0","0","0","1","0","","0","0","0","","","0","","1","","40 22:58.527","1","0","79 52:40.627","0","0","0","0","2473","0","0","0","N","0","0","0","3","02473","0","","1.0","1520.0","1","N","N","N","0","","0","0","1","","2","N","","2","0","0","0","0","0","0","2","0","2","03","","","N","","","","","","","","","",""
"2024005037","2214","0","0","0","0","0","0","0","0","0","7","0","","02","1","2024","7","40.571737","-79.994811","2212","11","1","0","0","0","0","0","0","0","","0","0","0","","","1","","2","","40 34:18.253","","0","79 59:41.319","3","0","0","0","2108","0","0","0","N","0","0","0","2","02108","0","","5.0","","2","N","N","N","0","","1","0","1","","0","","","1","1","0","0","0","0","0","2","0","1","02","10","","N","","","","","","","","","",""
"2024008308","1816","0","0","0","0","0","0","0","0","0","1","0","","02","1","2024","5","40.457317","-79.998211","1806","11","0","0","0","0","0","0","0","0","","0","0","0","","","1","N","0","","40 27:26.341","","0","79 59:53.558","8","0","0","0","2301","0","0","0","N","0","0","0","2","68B03","0","","1.0","","1","N","N","N","1","","0","0","1","","0","","","2","1","0","0","0","1","0","2","0","2","03","03","","N","","","","","","","","","",""
"2024012002","1247","0","0","0","0","0","0","0","0","0","7","0","","02","1","2024","7","40.439536","-80.009763","1230","11","0","0","0","0","0","0","0","0","","0","0","0","","","0","N","0","","40 26:22.330","3","0","80 00:35.146","0","0","0","0","2301","0","0","0","N","0","0","0","1","68B03","0","","2.0","1321.0","7","N","N","N","0","","0","0","1","","0","N","","1","0","0","0","0","0","0","2","0","1","10","","","N","","","","","","","","","",""
"2024013117","0816","2","0","0","0","0","0","0","0","0","5","0","","02","2","2024","3","40.559471","-80.039606","0812","11","0","0","0","0","0","0","0","0","","0","0","0","","","0","Y","0","","40 33:34.097","1","0","80 02:22.580","0","0","0","0","2108","0","0","0","N","0","0","0","2","02108","0","","1.0","846.0","1","N","N","N","0","","0","0","0","","0","N","","2","0","0","0","0","0","0","2","0","2","04","04","","N","","","","","","","","","",""
"2024009431","0819","0","0","0","0","0","0","0","0","0","7","0","","02","1","2024","1","40.427434","-79.953501","0809","11","0","0","0","0","0","1","0","0","","0","0","0","","","0","N","0","","40 25:38.762","","0","79 57:12.602","0","0","0","0","2301","0","0","0","N","0","0","0","1","68B03","0","","2.0","","1","N","N","N","0","","0","0","1","","0","","","1","0","0","0","0","0","0","2","0","1","02","10","","N","","","","","","","","","",""
"2024007756","1356","1","0","0","0","0","0","0","0","0","4","0","","02","1","2024","7","40.548963","-79.996475","1351","11","0","0","0","0","0","0","0","1","","0","0","0","","","1","","2","","40 32:56.266","5","0","79 59:47.310","3","0","0","0","2116","0","0","0","N","0","0","0","1","02116","0","","1.0","1451.0","1","N","N","Y","0","","1","0","1","","3","Y","","2","1","1","0","0","0","0","2","0","2","04","04","","N","","","","","","","","","",""
"2024009647","1855","1","0","0","0","0","0","0","0","0","0","0","","02","1","2024","7","40.388762","-80.042492","1852","11","0","0","0","0","1","0","0","0","","0","0","0","","","0","N","0","","40 23:19.542","","0","80 02:32.972","0","0","0","0","2109","0","0","0","N","0","0","0","1","02109","0","","1.0","","1","N","N","N","0","","0","0","0","","2","","","1","0","0","0","0","0","0","2","0","1","03","","","N","","","","","","","","","",""
"2024007490","2138","1","0","0","0","0","0","0","0","0","7","0","","02","1","2024","6","40.449481","-79.828435","2130","11","0","0","0","0","0","0","0","0","","0","0","0","","","0","N","2","","40 26:58.131","","0","79 49:42.366","0","0","0","0","2113","0","0","0","N","0","0","0","1","02113","0","","5.0","","7","N","N","N","0","","0","0","0","","0","","","1","0","0","0","0","0","0","2","0","1","10","10","","N","","","","","","","","","",""
"2024014846","2023","1","0","0","0","0","0","0","0","0","4","0","","02","2","2024","2","40.438997","-79.829855","2020","11","0","0","0","0","1","1","0","0","","0","0","0","","","1","","2","","40 26:20.390","5","0","79 49:47.478","3","0","0","0","2419","0","0","0","N","0","0","0","2","02419","0","","1.0","2100.0","1","N","N","N","0","","1","0","1","","3","Y","","2","1","0","0","0","0","0","2","0","2","03","03","","N","","","","","","","","","",""
"2024011584","1655","0","0","0","0","0","0","0","0","0","98","0","","02","1","2024","3","40.428391","-80.218022","1653","11","0","0","0","0","0","0","0","0","","1","0","0","","","0","N","0","","40 25:42.209","5","0","80 13:04.878","1","1","0","1","2214","0","0","0","N","0","0","0","1","02214","0","2","1.0","1938.0","1","N","N","N","0","0","0","0","0","","0","N","","1","0","0","0","0","0","0","2","0","1","04","","","N","","","","","","","","","",""
"2024010031","1802","1","0","0","0","0","0","0","0","0","4","0","","02","1","2024","6","40.460232","-79.842633","1757","11","0","0","0","0","0","0","0","0","","0","0","0","","","0","N","5","","40 27:36.835","2","0","79 50:33.477","0","0","0","0","2113","0","0","0","N","0","0","0","2","02113","0","","1.0","1830.0","1","N","N","Y","0","","0","0","1","","2","N","","2","0","0","0","0","0","0","2","0","2","04","","","N","","","","","","","","","",""
"2024013726","0742","1","0","0","0","0","0","0","0","0","1","0","","02","2","2024","4","40.525844","-80.069726","0712","11","0","0","0","0","0","1","0","0","","0","0","0","","","0","","3","","40 31:33.040","","0","80 04:11.014","0","0","0","0","2215","0","0","0","N","0","0","0","3","68B03","0","","1.0","","1","N","N","N","1","","0","0","0","","4","","","2","0","0","0","0","0","0","2","0","2","03","03","","N","","","","","","","","","",""
"2024011474","2136","0","0","0","0","0","0","0","0","0","5","0","","02","1","2024","2","40.378528","-80.045805","2131","11","0","0","0","0","0","0","0","0","","0","0","0","","","0","N","0","","40 22:42.701","2","0","80 02:44.897","0","0","0","0","2109","0","0","0","N","0","0","0","1","02109","0","","1.0","2157.0","1","N","N","N","0","","0","0","2","","0","Y","","2","0","0","0","0","0","0","2","0","2","03","03","","N","","","","","","","","","",""
"2024010654","0832","1","0","0","0","0","0","0","0","0","1","0","","02","1","2024","3","40.465992","-80.000441","0745","11","0","0","0","0","0","1","0","0","","0","0","0","","","1","N","0","","40 27:57.571","","0","80 00:01.589","3","0","0","0","2301","0","0","0","N","0","0","0","2","68B03","0","","7.0","","1","N","N","N","0","","1","0","1","","0","","","2","1","0","0","0","0","0","2","0","2","03","","","N","","","","","","","","","",""
"2024014965","0822","1","0","0","0","0","0","0","0","0","7","0","","02","1","2024","6","40.467816","-80.240116","0813","11","0","0","0","1","0","0","0","0","","0","0","0","","","0","N","0","","40 28:04.137","4","0","80 14:24.419","0","0","0","0","2203","0","0","0","Y","0","0","0","1","68B03","0","","4.0","908.0","7","N","N","N","0","","0","0","0","","0","N","","1","0","0","0","0","0","0","2","0","1","10","","","N","","","","","","","","","",""
"2024013699","1532","1","0","0","0","0","0","0","0","0","4","0","","02","2","2024","4","40.409555","-80.080179","1527","11","0","0","0","0","0","0","0","0","","0","0","0","","","0","N","2","","40 24:34.398","1","0","80 04:48.643","0","0","0","0","2415","0","0","0","N","0","0","0","2","02415","0","","1.0","1600.0","1","N","N","N","0","","0","0","1","","0","N","","2","0","0","0","0","0","0","2","0","2","03","03","","N","","","","","","","","","",""
"2024013693","0501","0","0","0","0","0","0","0","0","0","4","0","","02","2","2024","5","40.456313","-79.823012","0459","11","0","0","0","0","0","1","0","0","","0","0","0","","","1","","2","","40 27:22.726","5","0","79 49:22.842","8","0","0","0","2113","0","0","0","N","0","0","0","2","02113","0","","1.0","600.0","1","N","N","N","0","","0","0","2","","0","N","","2","1","0","0","0","1","0","2","0","2","03","","","N","","","","","","","","","",""
"2024012878","1240","1","0","0","0","0","0","0","0","0","4","1","","02","2","2024","2","40.571964","-79.998152","1238","11","0","1","0","0","0","0","0","0","","0","1","0","","","0","","1","","40 34:19.069","6","0","79 59:53.346","0","0","0","0","2108","0","0","0","N","0","0","0","3","02108","0","","1.0","1600.0","1","N","N","N","0","","0","0","0","","3","Y","","2","0","0","0","0","0","0","2","0","2","03","03","","N","","","","","","","","","",""
"2024010697","0951","1","0","0","0","0","0","0","0","0","8","0","","02","1","2024","2","40.491601","-80.061176","0949","11","0","0","0","1","0","0","0","0","","0","0","0","","","1","","1","","40 29:29.763","","0","80 03:40.233","8","0","0","0","2404","1","0","0","N","1","0","0","2","02404","0","","1.0","","9","N","N","N","0","","0","0","0","","2","","","2","1","0","0","0","1","0","2","0","1","10","10","","N","","","","","","","","","",""
"2024013694","0645","1","0","0","0","0","0","0","0","0","4","0","","02","2","2024","4","40.390663","-79.869131","0638","11","0","0","0","0","0","1","0","0","","0","0","0","","","2","N","1","","40 23:26.388","1","0","79 52:08.873","3","0","0","0","2473","0","0","0","N","0","0","0","2","02473","0","","1.0","710.0","1","N","N","N","0","","2","0","1","","2","N","","2","2","0","0","0","0","0","2","0","2","03","03","","N","","","","","","","","","",""
"2024010767","0925","0","0","0","0","0","0","0","0","0","1","0","","02","1","2024","5","40.506923","-80.035976","0917","11","0","0","0","0","0","1","0","0","","0","0","0","","","0","N","0","","40 30:24.923","","0","80 02:09.513","0","0","0","0","2116","0","0","0","N","0","0","0","2","68B03","0","","1.0","","9","N","N","N","1","","0","0","1","","0","","","2","0","0","0","0","0","0","2","0","2","07","07","","N","","","","","","","","","",""
"2024013125","1655","1","0","0","0","0","0","0","0","0","4","0","","02","2","2024","2","40.581177","-79.941886","1654","11","1","1","0","0","0","0","0","0","","0","0","0","","","1","","2","","40 34:52.236","7","0","79 56:30.789","8","0","0","0","2207","0","0","0","N","0","0","0","3","02207","0","","1.0","1727.0","1","N","N","N","0","","0","0","1","","3","Y","","2","1","0","0","0","1","0","2","0","2","03","","","N","","","","","","","","","",""
"2024010214","0947","0","0","0","0","0","0","0","0","0","7","0","","02","1","2024","4","40.465678","-80.000266","0924","11","0","0","0","0","0","0","0","0","","0","0","0","","","0","N","0","","40 27:56.442","2","0","80 00:00.959","0","0","0","0","2301","0","0","0","N","0","0","0","1","68B03","0","","4.0","1015.0","6","N","N","N","0","","0","0","1","","0","N","","1","0","0","0","0","0","0","2","0","1","03","","","N","","","","","","","","","",""
"2024009938","0707","1","0","0","0","0","0","0","0","0","5","0","","02","1","2024","6","40.284851","-79.911104","0654","11","0","0","0","0","0","0","0","0","","0","0","0","","","0","N","0","","40 17:05.462","2","0","79 54:39.974","0","0","0","0","2440","0","0","0","Y","0","0","0","1","02440","0","","2.0","750.0","9","N","N","N","1","","0","0","0","","0","N","","2","0","0","0","0","0","0","2","0","2","04","07","","N","","","","","","","","","",""
"2024013411","1639","1","0","0","0","0","0","0","0","0","1","0","","02","2","2024","1","40.432165","-80.023775","1624","11","0","0","0","0","0","0","0","0","","0","0","0","","","0","N","0","","40 25:55.795","3","0","80 01:25.589","0","0","0","0","2301","0","0","0","N","0","0","0","2","68B03","0","","1.0","1657.0","1","N","N","Y","0","","0","0","1","","0","N","","2","0","0","0","0","0","0","2","0","2","03","","","N","","","","","","","","","",""
"2024012149","1801","1","0","0","0","0","0","0","0","0","1","0","","02","2","2024","5","40.420538","-80.038804","1745","11","0","1","0","0","0","0","0","0","","0","0","0","","","0","N","0","","40 25:13.937","4","0","80 02:19.695","0","0","0","0","2301","0","0","0","N","0","0","0","2","68B03","0","","1.0","1818.0","1","N","N","N","1","","0","0","0","","0","N","","2","0","0","0","0","0","0","2","0","2","03","","","N","","","","","","","","","",""
"2024011212","1451","1","0","0","0","0","0","0","0","0","4","0","","02","1","2024","7","40.382144","-79.819312","1449","11","0","0","0","0","0","0","0","0","","1","0","0","","","1","","3","","40 22:55.720","6","0","79 49:09.524","1","1","1","1","2111","0","0","0","N","0","0","0","5","02501","0","2","1.0","1744.0","1","N","N","N","0","0","0","1","0","","3","Y","","2","1","0","0","0","0","0","2","0","2","03","03","","N","","","","","","","","","",""
"2024010964","2254","0","0","0","0","0","0","0","0","0","7","0","","02","1","2024","7","40.364122","-79.992156","2249","11","0","0","0","0","0","0","0","0","","0","0","0","","","0","N","0","","40 21:50.840","5","0","79 59:31.760","0","0","0","0","2476","0","0","0","N","0","0","0","1","02476","0","","4.0","30.0","9","N","N","N","0","","0","0","1","","0","Y","","1","0","0","0","0","0","0","2","0","1","07","","","N","","","","","","","","","",""
"2024011781","0249","1","0","0","0","0","0","0","0","0","7","0","","02","1","2024","1","40.440376","-79.832326","0236","11","0","0","0","0","0","0","0","0","","0","0","0","","","1","N","0","","40 26:25.354","3","0","79 49:56.373","3","0","0","0","2419","0","0","0","Y","0","0","0","1","68B03","0","","4.0","335.0","1","N","N","N","0","","1","0","0","","0","N","","1","1","0","0","0","0","0","2","0","1","03","03","","N","","","","","","","","","",""