"CRN","ARRIVAL_TM","AUTOMOBILE_COUNT","BELTED_DEATH_COUNT","BELTED_SUSP_SERIOUS_INJ_COUNT","BICYCLE_COUNT","BICYCLE_DEATH_COUNT","BICYCLE_SUSP_SERIOUS_INJ_COUNT","BUS_COUNT","CHLDPAS_DEATH_COUNT","CHLDPAS_SUSP_SERIOUS_INJ_COUNT","COLLISION_TYPE","COMM_VEH_COUNT","CONS_ZONE_SPD_LIM","COUNTY","CRASH_MONTH","CRASH_YEAR","DAY_OF_WEEK","DEC_LATITUDE","DEC_LONGITUDE","DISPATCH_TM","DISTRICT","DRIVER_COUNT_16YR","DRIVER_COUNT_17YR","DRIVER_COUNT_18YR","DRIVER_COUNT_19YR","DRIVER_COUNT_20YR","DRIVER_COUNT_50_64YR","DRIVER_COUNT_65_74YR","DRIVER_COUNT_75PLUS","EST_HRS_CLOSED","FATAL_COUNT","HEAVY_TRUCK_COUNT","HORSE_BUGGY_COUNT","HOUR_OF_DAY","ILLUMINATION","INJURY_COUNT","INTERSECTION_RELATED","INTERSECT_TYPE","LANE_CLOSED","LATITUDE","LN_CLOSE_DIR","LOCATION_TYPE","LONGITUDE","MAX_SEVERITY_LEVEL","MCYCLE_DEATH_COUNT","MCYCLE_SUSP_SERIOUS_INJ_COUNT","MOTORCYCLE_COUNT","MUNICIPALITY","NONMOTR_COUNT","NONMOTR_DEATH_COUNT","NONMOTR_SUSP_SERIOUS_INJ_COUNT","NTFY_HIWY_MAINT","PED_COUNT","PED_DEATH_COUNT","PED_SUSP_SERIOUS_INJ_COUNT","PERSON_COUNT","POLICE_AGCY","POSSIBLE_INJ_COUNT","RDWY_SURF_TYPE_CD","RELATION_TO_ROAD","ROADWAY_CLEARED","ROAD_CONDITION","SCH_BUS_IND","SCH_ZONE_IND","SECONDARY_CRASH","SMALL_TRUCK_COUNT","SPEC_JURIS_CD","SUSP_MINOR_INJ_COUNT","SUSP_SERIOUS_INJ_COUNT","SUV_COUNT","TCD_FUNC_CD","TCD_TYPE","TFC_DETOUR_IND","TIME_OF_DAY","TOTAL_UNITS","TOT_INJ_COUNT","UNBELTED_OCC_COUNT","UNB_DEATH_COUNT","UNB_SUSP_SERIOUS_INJ_COUNT","UNK_INJ_DEG_COUNT","UNK_INJ_PER_COUNT","URBAN_RURAL","VAN_COUNT","VEHICLE_COUNT","WEATHER1","WEATHER2","WORKERS_PRES","WORK_ZONE_IND","WORK_ZONE_LOC","WORK_ZONE_TYPE","WZ_CLOSE_DETOUR","WZ_FLAGGER","WZ_LAW_OFFCR_IND","WZ_LN_CLOSURE","WZ_MOVING","WZ_OTHER","WZ_SHLDER_MDN","WZ_WORKERS_INJ_KILLED"
"2024012220","1849","3","0","1","0","0","0","0","0","0","4","0","","02","1","2024","5","40.37848","-79.990139","1846","11","1","0","0","0","0","2","0","0","","0","0","0","","","2","N","0","","40 22:42.528","5","0","79 59:24.499","2","0","0","0","2476","0","0","0","N","0","0","0","4","02476","0","","1.0","1925.0","1","N","N","N","0","","1","1","1","","0","Y","","4","2","0","0","0","0","0","2","0","4","03","","","N","","","","","","","","","",""
"2024013623","0047","1","0","0","0","0","0","0","0","0","7","0","","02","2","2024","4","40.431609","-80.024768","0025","11","0","0","0","0","0","0","0","0","","0","0","0","","","1","N","0","","40 25:53.794","","0","80 01:29.163","3","0","0","0","2301","0","0","0","Y","0","0","0","1","68B03","0","","2.0","","1","N","N","N","0","","1","0","0","","0","","","1","1","0","0","0","0","0","2","0","1","03","","","N","","","","","","","","","",""
"2024011119","1710","2","0","0","0","0","0","0","0","0","4","0","","02","1","2024","2","40.38523","-80.052253","1709","11","0","0","0","0","0","1","0","0","","0","0","0","","","0","","2","","40 23:06.827","","0","80 03:08.110","0","0","0","0","2109","0","0","0","N","0","0","0","2","02109","0","","1.0","","1","N","N","N","0","","0","0","0","","3","","","2","0","1","0","0","0","0","2","0","2","03","03","","N","","","","","","","","","",""
"2024012416","1939","1","0","0","0","0","0","0","0","0","2","0","","02","1","2024","1","40.428942","-79.956284","1920","11","0","0","0","0","0","0","0","0","","0","0","0","","","0","N","0","","40 25:44.190","3","2","79 57:22.621","0","0","0","0","2301","0","0","0","N","0","0","0","6","68B03","0","","1.0","2000.0","9","N","N","N","0","","0","0","1","","4","N","","2","0","0","0","0","0","0","2","0","2","07","","","N","","","","","","","","","",""
"2024008777","0844","1","0","0","0","0","0","1","0","0","1","1","","02","1","2024","2","40.629838","-79.72883","0840","11","0","0","0","0","0","1","1","0","","0","0","0","","","0","N","0","","40 37:47.418","","7","79 43:43.789","0","0","0","0","2106","0","0","0","N","0","0","0","4","02106","0","","1.0","","1","Y","N","N","0","","0","0","1","","0","","","3","0","0","0","0","0","0","2","0","3","03","","","N","","","","","","","","","",""
"2024012491","0830","0","0","0","0","0","0","0","0","0","7","0","","02","2","2024","7","40.494117","-79.963073","0758","11","0","0","0","0","0","0","0","0","","0","0","0","","","0","","2","","40 29:38.822","","0","79 57:47.061","0","0","0","0","2118","0","0","0","N","0","0","0","1","02118","0","","5.0","","1","N","N","N","0","","0","0","1","","0","","","1","0","0","0","0","0","0","2","0","1","03","","","N","","","","","","","","","",""
"2024011039","2336","0","0","0","0","0","0","0","0","0","7","1","","02","1","2024","6","40.63611","-80.097808","2314","11","0","0","0","0","0","1","0","0","","0","1","0","","","1","N","0","","40 38:09.997","1","0","80 05:52.107","3","0","0","0","2212","0","0","0","N","0","0","0","1","68B03","0","","4.0","300.0","1","N","N","N","0","","1","0","0","","0","N","","1","1","0","0","0","0","0","2","0","1","03","03","","N","","","","","","","","","",""
"2024012539","1908","0","0","0","0","0","0","0","0","0","2","0","","02","2","2024","7","40.573967","-80.037019","1902","11","0","1","0","0","0","0","0","0","","0","0","0","","","2","","1","","40 34:26.282","7","0","80 02:13.270","3","0","0","0","2108","0","0","0","N","0","0","0","4","02108","0","","1.0","1947.0","1","N","N","N","1","","2","0","1","","2","Y","","2","2","1","0","0","0","0","2","0","2","03","03","","N","","","","","","","","","",""
"2024011428","1306","1","0","0","0","0","0","0","0","0","7","0","","02","1","2024","6","40.567852","-79.798313","1257","11","0","0","0","0","0","0","0","0","","0","0","0","","","1","N","0","","40 34:04.267","2","0","79 47:53.926","3","0","0","0","2206","0","0","0","Y","0","0","0","1","68D02","0","","2.0","100.0","6","N","N","N","0","","1","0","0","","0","N","","1","1","0","0","0","0","0","2","0","1","10","10","","N","","","","","","","","","",""
"2024011937","1746","1","0","0","0","0","0","0","0","0","4","0","","02","1","2024","5","40.376268","-79.79847","1743","11","0","0","0","0","0","0","0","0","","0","0","0","","","1","N","0","","40 22:34.566","6","0","79 47:54.492","3","0","0","0","2111","0","0","0","N","0","0","0","7","02111","0","","1.0","1927.0","1","N","N","Y","0","","1","0","0","","0","Y","","2","1","0","0","0","0","0","2","1","2","03","03","","N","","","","","","","","","",""
"2024013399","2358","1","0","0","0","0","0","0","0","0","5","0","","02","1","2024","1","40.548661","-79.822314","2340","11","0","0","0","0","0","0","0","0","","0","0","0","","","2","N","0","","40 32:55.181","1","0","79 49:20.329","3","0","0","0","2208","0","0","0","Y","0","0","0","3","68D02","0","","1.0","200.0","9","N","N","N","0","","2","0","1","","0","N","","2","2","1","0","0","0","0","2","0","2","03","","","N","","","","","","","","","",""
"2024013868","2354","0","0","0","0","0","0","0","0","0","7","0","","02","2","2024","4","40.323848","-79.884121","2351","11","0","0","0","0","0","1","0","0","","0","0","0","","","1","N","1","","40 19:25.852","4","0","79 53:02.835","3","0","0","0","2433","0","0","0","N","0","0","0","1","02433","0","","5.0","300.0","1","N","N","N","0","","1","0","1","","3","Y","","1","1","1","0","0","0","0","2","0","1","03","03","","N","","","","","","","","","",""
"2024012671","1645","1","0","0","0","0","0","0","0","0","1","0","","02","1","2024","1","40.503833","-80.135351","1645","11","0","0","0","0","0","1","0","0","","0","0","0","","","0","","7","","40 30:13.799","","0","80 08:07.262","0","0","0","0","2115","0","0","0","N","0","0","0","3","02115","0","","1.0","","9","N","","N","0","","0","0","1","","0","","","2","0","0","0","0","0","0","2","0","2","07","","","N","","","","","","","","","",""
"2024001585","1450","1","0","0","0","0","0","0","0","0","4","1","","02","1","2024","5","40.406103","-79.825571","1449","11","0","0","0","0","0","0","0","0","","0","1","0","","","0","Y","0","","40 24:21.972","3","0","79 49:32.057","0","0","0","0","2467","0","0","0","N","0","0","0","2","02467","0","","1.0","1533.0","1","N","N","N","0","","0","0","0","","2","N","","2","0","0","0","0","0","0","2","0","2","03","","","N","","","","","","","","","",""
"2024008285","0714","0","0","0","0","0","0","0","0","0","6","0","","02","1","2024","2","40.300056","-79.966694","0703","11","0","0","1","0","0","0","0","0","","0","0","0","","","0","N","0","","40 18:00.200","6","0","79 58:00.100","0","0","0","0","2440","0","0","0","N","0","0","0","3","02440","0","","1.0","810.0","1","N","N","N","0","","0","0","2","","0","Y","","3","0","0","0","0","0","0","2","0","2","03","","","N","","","","","","","","","",""
"2024012469","2000","1","0","0","0","0","0","0","0","0","4","0","","02","2","2024","6","40.356445","-80.119181","1956","11","0","0","0","0","0","0","0","0","","0","0","0","","","1","N","2","","40 21:23.203","3","2","80 07:09.052","4","0","0","0","2119","0","0","0","N","0","0","0","4","02119","1","","1.0","2030.0","1","N","N","N","1","","0","0","0","","2","N","","2","1","0","0","0","0","0","2","0","2","03","03","","N","","","","","","","","","",""
"2024006808","0945","1","0","0","0","0","0","0","0","0","7","0","","02","1","2024","4","40.543766","-79.918984","0938","11","1","0","0","0","0","0","0","0","","0","0","0","","","0","N","0","","40 32:37.558","2","0","79 55:08.342","0","0","0","0","2209","0","0","0","N","0","0","0","1","02209","0","","5.0","1015.0","2","N","N","N","0","","0","0","0","","0","N","","1","0","0","0","0","0","0","2","0","1","10","","","N","","","","","","","","","",""
"2024012594","1300","1","0","0","0","0","0","0","0","0","1","0","","02","1","2024","1","40.437543","-80.013667","1233","11","0","0","0","0","0","0","0","0","","0","0","0","","","0","N","0","","40 26:15.154","3","0","80 00:49.200","0","0","0","0","2301","0","0","0","N","0","0","0","2","68B03","0","","1.0","15.0","1","N","N","N","1","","0","0","0","","0","N","","2","0","0","0","0","0","0","2","0","2","03","","","N","","","","","","","","","",""
"2024013254","1658","1","0","0","0","0","0","0","0","0","4","0","","02","1","2024","3","40.393727","-79.836889","1653","11","0","0","0","0","1","1","0","0","","0","0","0","","","2","","2","","40 23:37.416","1","0","79 50:12.799","3","0","0","0","2425","0","0","0","N","0","0","0","2","68B03","0","","1.0","1720.0","1","N","N","N","0","","2","0","1","","3","Y","","2","2","0","0","0","0","0","2","0","2","03","04","","N","","","","","","","","","",""
"2024012497","1205","1","0","0","0","0","0","0","0","0","4","0","","02","2","2024","7","40.34678","-79.792446","1201","11","0","0","0","0","0","0","0","1","","0","0","0","","","1","","2","","40 20:48.408","5","0","79 47:32.805","8","0","0","0","2477","0","0","0","N","0","0","0","2","02477","0","","1.0","1240.0","1","N","N","N","0","","0","0","1","","3","N","","2","1","0","0","0","1","0","2","0","2","03","03","","N","","","","","","","","","",""
"2024010639","0305","0","0","0","0","0","0","0","0","0","7","0","","02","1","2024","7","40.433829","-79.963909","0255","11","0","0","0","0","0","0","0","0","","0","0","0","","","0","N","0","","40 26:01.784","3","0","79 57:50.071","0","0","0","0","2301","0","0","0","N","0","0","0","1","68B03","0","","4.0","343.0","2","N","N","N","0","","0","0","0","","0","N","","1","0","0","0","0","0","0","2","1","1","03","03","","N","","","","","","","","","",""
"2024010264","1741","0","0","0","0","0","0","0","0","0","1","0","","02","1","2024","5","40.348251","-79.945946","1737","11","0","0","0","0","0","1","0","0","","0","0","0","","","0","N","0","","40 20:53.704","3","0","79 56:45.405","0","0","0","0","2473","0","0","0","N","0","0","0","2","02473","0","","1.0","758.0","9","N","N","N","0","","0","0","2","","0","N","","2","0","0","0","0","0","0","2","0","2","10","04","","N","","","","","","","","","",""
"2024010205","1602","0","0","0","0","0","0","0","0","0","7","0","","02","1","2024","7","40.64364","-80.097024","1542","11","0","0","0","0","0","0","0","0","","0","0","0","","","0","","6","","40 38:37.105","","2","80 05:49.288","0","0","0","0","2212","0","0","0","Y","0","0","0","1","68B03","0","","3.0","","6","N","N","N","0","","0","0","1","","4","","","1","0","0","0","0","0","0","2","0","1","10","","","N","","","","","","","","","",""
"2024011473","2117","1","0","0","0","0","0","0","0","0","7","0","","02","1","2024","6","40.38754","-80.043568","2117","11","0","0","0","0","0","0","0","0","","0","0","0","","","0","N","0","","40 23:15.143","","0","80 02:36.844","0","0","0","0","2109","0","0","0","N","0","0","0","1","02109","0","","4.0","","7","N","N","N","0","","0","0","0","","0","","","1","0","0","0","0","0","0","2","0","1","10","02","","N","","","","","","","","","",""
"2024012832","1005","0","0","0","0","0","0","0","0","0","0","1","","02","2","2024","6","40.355168","-80.050284","1001","11","0","0","0","0","0","1","0","0","","0","1","0","","","1","","1","","40 21:18.605","2","0","80 03:01.021","4","0","0","0","2109","0","0","0","N","0","0","0","1","02109","1","","1.0","1230.0","1","N","N","N","0","","0","0","0","","2","Y","","1","1","0","0","0","0","0","2","0","1","04","","","N","","","","","","","","","",""
"2024010698","0915","0","0","0","0","0","0","0","0","0","4","0","","02","1","2024","2","40.339008","-79.960372","0912","11","0","0","0","0","0","0","1","1","","0","0","0","","","2","","1","","40 20:20.429","","0","79 57:37.340","8","0","0","0","2454","0","0","0","N","0","0","0","4","02454","0","","1.0","","9","N","N","N","1","","0","0","2","","2","","","3","2","0","0","0","2","0","2","0","3","98","","","N","","","","","","","","","",""
"2024012981","1808","0","0","0","0","0","0","0","0","0","4","0","","02","1","2024","3","40.331803","-80.021391","1758","11","0","0","0","1","0","1","0","0","","0","0","0","","","0","N","0","","40 19:54.492","","7","80 01:17.007","0","0","0","0","2407","0","0","0","N","0","0","0","2","02407","0","","1.0","","1","N","N","N","0","","0","0","2","","0","","","2","0","0","0","0","0","0","2","0","2","03","03","","N","","","","","","","","","",""
"2024011400","0831","2","0","0","0","0","0","0","0","0","1","0","","02","1","2024","5","40.434064","-79.866569","0807","11","0","0","0","0","0","1","0","0","","0","0","0","","","1","N","0","","40 26:02.630","4","2","79 51:59.649","8","0","0","0","2478","0","0","0","N","0","0","0","4","68B03","0","","1.0","905.0","9","N","N","Y","1","","0","0","1","","0","N","","4","1","0","0","0","1","0","2","0","4","07","","","N","","","","","","","","","",""
"2024016044","2016","2","0","0","0","0","0","0","0","0","4","0","","02","2","2024","5","40.452466","-79.826273","2011","11","0","0","0","0","0","1","0","0","","0","0","0","","","1","N","2","","40 27:08.879","","0","79 49:34.581","4","0","0","0","2113","0","0","0","N","0","0","0","2","02113","1","","1.0","","1","N","N","N","0","","0","0","0","","3","","","2","1","0","0","0","0","0","2","0","2","03","98","","N","","","","","","","","","",""
"2024015174","0938","0","0","0","0","0","0","0","0","0","1","1","","02","1","2024","2","40.447394","-80.165786","0935","11","0","0","0","0","0","1","1","0","","0","1","0","","","1","N","0","","40 26:50.617","4","0","80 09:56.828","3","0","0","0","2115","0","0","0","N","0","0","0","2","68B03","0","","1.0","950.0","1","N","N","N","0","","1","0","1","","4","N","","2","1","0","0","0","0","0","2","0","2","03","01","","N","","","","","","","","","",""
"2024013738","1000","1","0","0","0","0","0","0","0","0","1","0","","02","1","2024","2","40.421033","-80.045777","0950","11","0","0","0","0","0","0","1","0","","0","0","0","","","1","N","0","","40 25:15.718","","0","80 02:44.798","8","0","0","0","2435","0","0","0","N","0","0","0","3","68B03","0","","1.0","","1","N","N","N","0","","0","0","1","","0","","","2","1","0","0","0","1","0","2","0","2","03","03","","N","","","","","","","","","",""
"2024014133","2125","1","0","0","0","0","0","0","0","0","4","0","","02","2","2024","6","40.460097","-79.842666","2114","11","0","0","0","0","0","0","0","0","","0","0","0","","","0","N","0","","40 27:36.348","","0","79 50:33.596","0","0","0","0","2113","0","0","0","N","0","0","0","3","02113","0","","1.0","","1","N","N","N","1","","0","0","0","","0","","","2","0","2","0","0","0","0","2","0","2","03","","","N","","","","","","","","","",""
"2024012677","1549","2","0","0","0","0","0","0","0","0","1","0","","02","2","2024","1","40.437165","-79.779589","1547","11","0","0","0","0","0","2","0","0","","0","0","0","","","1","N","0","","40 26:13.794","3","1","79 46:46.522","3","0","0","0","2446","0","0","0","N","0","0","0","7","02446","0","","1.0","1615.0","1","N","N","Y","0","","1","0","1","","0","N","","3","1","0","0","0","0","0","2","0","3","03","","","Y","","","","","","","","","",""
"2024012529","1119","0","0","0","0","0","0","0","0","0","5","1","","02","1","2024","4","40.596139","-79.916003","1111","11","0","0","0","0","0","0","1","0","","0","1","0","","","0","N","0","","40 35:46.100","3","0","79 54:57.612","9","0","0","0","2207","0","0","0","N","0","0","0","2","68T02","0","","1.0","100.0","1","N","N","N","1","","0","0","0","","0","N","","2","0","0","0","0","0","1","1","0","2","03","","","N","","","","","","","","","",""
"2024010185","1711","1","0","0","0","0","0","0","0","0","4","0","","02","1","2024","6","40.592141","-80.074993","1708","11","0","0","0","0","0","0","0","0","","0","0","0","","","1","","2","","40 35:31.706","7","0","80 04:29.976","2","0","1","1","2481","0","0","0","N","0","0","0","6","02481","0","","1.0","1750.0","1","N","N","Y","0","","0","1","1","","3","Y","","3","1","0","0","0","0","0","2","0","3","03","","","N","","","","","","","","","",""
"2024007216","0652","0","0","0","0","0","0","0","0","0","4","1","","02","1","2024","6","40.419833","-79.850171","0649","11","0","0","0","0","0","1","1","0","","0","1","0","","","0","","1","","40 25:11.398","","0","79 51:00.614","0","0","0","0","2431","0","0","0","N","0","0","0","2","02431","0","","1.0","","7","N","N","N","0","","0","0","1","","2","","","2","0","0","0","0","0","0","2","0","2","10","","","N","","","","","","","","","",""
"2024010595","0240","0","0","0","0","0","0","0","0","0","98","0","","02","1","2024","7","40.515539","-79.953308","0240","11","0","0","0","0","0","0","0","0","","0","0","0","","","0","N","0","","40 30:55.942","","0","79 57:11.909","0","0","0","0","2118","0","0","0","N","0","0","0","2","02118","0","","1.0","","9","N","N","N","0","","0","0","1","","0","","","1","0","0","0","0","0","0","2","0","1","03","03","","N","","","","","","","","","",""
"2024012418","0706","1","0","0","0","0","0","0","0","0","2","0","","02","1","2024","2","40.426619","-79.916313","0653","11","0","0","0","0","0","0","0","0","","0","0","0","","","0","N","0","","40 25:35.828","","4","79 54:58.727","0","0","0","0","2301","0","0","0","N","0","0","0","2","68B03","0","","1.0","","9","N","N","N","0","","0","0","1","","0","","","2","0","0","0","0","0","0","2","0","2","07","","","N","","","","","","","","","",""
"2024008278","0645","0","0","0","0","0","0","1","0","0","5","1","","02","1","2024","2","40.414614","-80.083136","0632","11","0","0","0","0","0","1","0","0","","0","0","0","","","0","N","0","","40 24:52.610","3","3","80 04:59.291","0","0","0","0","2415","0","0","0","N","0","0","0","2","02503","0","","1.0","723.0","1","N","N","N","0","","0","0","1","","0","N","","2","0","0","0","0","0","0","2","0","2","03","","","N","","","","","","","","","",""
"2024015029","0703","1","0","0","0","0","0","0","0","0","1","0","","02","2","2024","3","40.425333","-79.754428","0703","11","0","0","0","0","0","0","1","0","","0","0","0","","","0","","2","","40 25:31.197","","0","79 45:15.942","0","0","0","0","2446","0","0","0","N","0","0","0","3","02446","0","","1.0","","1","N","N","Y","0","","0","0","1","","2","","","3","0","0","0","0","0","0","2","1","3","03","03","","N","","","","","","","","","",""
"2024011403","2237","0","0","0","0","0","0","0","0","0","7","0","","02","1","2024","6","40.449756","-80.00179","2207","11","0","0","0","0","0","0","0","0","","0","0","0","","","0","N","0","","40 26:59.123","","0","80 00:06.445","0","0","0","0","2301","0","0","0","Y","0","0","0","1","68B03","0","","4.0","","9","N","N","N","1","","0","0","0","","8","","","1","0","0","0","0","0","0","2","0","1","03","","","N","","","","","","","","","",""
"2024017300","2120","0","0","0","0","0","0","0","0","0","7","0","","02","2","2024","6","40.571829","-79.790011","2104","11","0","0","0","0","0","0","0","0","","0","0","0","","","1","N","0","","40 34:18.585","1","0","79 47:24.039","4","0","0","0","2206","0","0","0","Y","0","0","0","1","68D02","1","","4.0","2159.0","7","N","N","N","0","","0","0","1","","0","Y","","1","1","0","0","0","0","0","2","0","1","10","10","","N","","","","","","","","","",""
"2024011060","0237","3","0","0","0","0","0","0","0","0","4","1","","02","1","2024","1","40.427515","-79.890706","0231","11","0","0","0","0","0","1","0","0","","0","1","0","","","0","N","0","","40 25:39.055","3","0","79 53:26.540","0","0","0","0","2426","0","0","0","N","0","0","0","5","68B03","0","","1.0","100.0","1","N","N","N","0","","0","0","0","","0","Y","","4","0","1","0","0","0","0","2","0","4","03","","","N","","","","","","","","","",""
"2024014101","1706","1","0","0","0","0","0","0","0","0","8","0","","02","2","2024","6","40.462518","-79.840715","1700","11","0","0","0","0","0","0","0","0","","0","0","0","","","1","","2","","40 27:45.064","","0","79 50:26.573","4","0","0","0","2113","1","0","0","N","1","0","0","2","02113","1","","1.0","","1","N","N","N","0","","0","0","0","","3","","","2","1","0","0","0","0","0","2","0","1","03","03","","N","","","","","","","","","",""
"2024013247","1546","0","0","0","0","0","0","0","0","0","1","0","","02","1","2024","1","40.432281","-80.023867","1511","11","0","0","0","0","0","0","0","0","","0","0","0","","","1","N","0","","40 25:56.212","4","0","80 01:25.922","8","0","0","0","2301","0","0","0","N","0","0","0","5","68B03","0","","1.0","1556.0","9","N","N","N","0","","0","0","1","","0","N","","2","1","0","0","0","1","0","2","1","2","03","","","N","","","","","","","","","",""
"2024012342","1651","1","0","0","0","0","0","0","0","0","7","0","","02","2","2024","6","40.368013","-80.103464","1651","11","0","0","0","0","0","0","1","0","","0","0","0","","","0","","2","","40 22:04.847","1","7","80 06:12.470","0","0","0","0","2102","0","0","0","N","0","0","0","1","02102","0","","4.0","1718.0","1","N","N","N","0","","0","0","0","","0","N","","1","0","1","0","0","0","0","2","0","1","03","03","","N","","","","","","","","","",""
"2024004818","1648","0","0","0","0","0","0","0","0","0","0","1","","02","1","2024","3","40.51626","-79.843314","1645","11","0","0","0","0","0","0","0","0","","0","1","0","","","0","","1","","40 30:58.537","5","0","79 50:35.929","0","0","0","0","2451","0","0","0","N","0","0","0","1","02451","0","","1.0","2049.0","1","N","N","N","0","","0","0","0","","3","Y","","1","0","0","0","0","0","0","2","0","1","03","","","N","","","","","","","","","",""
"2024013336","0222","1","0","0","0","0","0","0","0","0","4","0","","02","2","2024","3","40.567176","-80.016471","0219","11","0","0","0","0","0","0","0","0","","0","0","0","","","1","N","5","","40 34:01.833","6","0","80 00:59.294","3","0","0","0","2108","0","0","0","N","0","0","0","2","02108","0","","1.0","330.0","1","N","N","N","1","","1","0","0","","3","N","","2","1","1","0","0","0","0","2","0","2","03","03","","N","","","","","","","","","",""
"2024015724","1119","1","0","0","0","0","0","0","0","0","4","0","","02","2","2024","5","40.459006","-79.823078","1117","11","0","0","0","0","0","2","0","1","","0","0","0","","","2","","2","","40 27:32.423","5","0","79 49:23.079","3","0","0","0","2113","0","0","0","N","0","0","0","3","02113","0","","1.0","1148.0","1","N","N","Y","0","","2","0","2","","0","Y","","3","2","0","0","0","0","0","2","0","3","03","03","","N","","","","","","","","","",""
"2024015799","0345","1","0","0","0","0","0","0","0","0","98","0","","02","1","2024","7","40.430606","-79.873356","0345","11","0","0","0","0","0","0","0","0","","0","0","0","","","0","N","0","","40 25:50.182","","0","79 52:24.082","0","0","0","0","2411","0","0","0","N","0","0","0","1","68B03","0","","1.0","","1","N","N","N","0","","0","0","0","","0","","","1","0","0","0","0","0","0","2","0","1","03","","","N","","","","","","","","","",""
"2024013714","1935","2","0","0","0","0","0","0","0","0","1","0","","02","2","2024","5","40.43594","-79.971092","1920","11","0","0","0","0","0","0","0","0","","0","0","0","","","0","N","0","","40 26:09.384","3","0","79 58:15.932","0","0","0","0","2301","0","0","0","N","0","0","0","2","68B03","0","","1.0","1957.0","1","N","N","N","0","","0","0","0","","0","N","","2","0","0","0","0","0","0","2","0","2","03","","","N","","","","","","","","","",""
"2024015265","1842","0","0","0","0","0","0","0","0","0","98","0","","02","2","2024","7","40.576511","-79.786508","1840","11","0","0","0","0","0","0","0","0","","0","0","0","","","0","N","0","","40 34:35.440","","0","79 47:11.427","0","0","0","0","2104","0","0","0","N","0","0","0","2","68D02","0","","1.0","","1","N","N","N","0","","0","0","1","","0","","","1","0","0","0","0","0","0","2","0","1","03","03","","N","","","","","","","","","",""
"2024017036","1830","1","0","0","0","0","0","0","0","0","4","0","","02","2","2024","2","40.478405","-80.066983","1822","11","0","0","0","0","0","0","0","0","","0","0","0","","","0","","2","","40 28:42.258","1","0","80 04:01.140","0","0","0","0","2122","0","0","0","N","0","0","0","2","02122","0","","1.0","1848.0","1","N","N","N","0","","0","0","1","","3","N","","2","0","1","0","0","0","0","2","0","2","03","03","","N","","","","","","","","","",""
"2024012186","1706","1","0","0","0","0","0","0","0","0","4","1","","02","1","2024","2","40.34837","-79.944808","1705","11","0","0","0","0","0","0","0","0","","0","1","0","","","0","N","1","","40 20:54.133","3","0","79 56:41.310","0","0","0","0","2473","0","0","0","N","0","0","0","2","02473","0","","1.0","1730.0","1","N","N","N","0","","0","0","0","","2","N","","2","0","0","0","0","0","0","2","0","2","03","03","","N","","","","","","","","","",""
"2024015964","1933","0","0","0","0","0","0","0","0","0","7","0","","02","2","2024","4","40.368969","-80.035629","1930","11","0","0","0","0","0","0","1","0","","0","0","0","","","0","N","0","","40 22:08.289","","0","80 02:08.266","0","0","0","0","2416","0","0","0","N","0","0","0","1","02416","0","","2.0","","1","N","N","N","0","","0","0","1","","0","","","1","0","0","0","0","0","0","2","0","1","04","04","","N","","","","","","","","","",""
"2024014966","1116","1","0","0","0","0","0","0","0","0","5","1","","02","1","2024","2","40.443559","-80.009078","1054","11","0","0","0","0","0","1","1","0","","0","1","0","","","1","","7","","40 26:36.812","2","8","80 00:32.681","4","0","0","0","2301","0","0","0","N","0","0","0","2","68B03","1","","1.0","1141.0","1","N","N","N","0","","0","0","0","","0","Y","","2","1","0","0","0","0","0","2","0","2","03","","","N","","","","","","","","","",""
"2024013732","1632","0","0","0","0","0","0","0","0","0","0","1","","02","1","2024","6","40.43463","-79.867168","1611","11","0","0","0","0","0","0","0","0","","0","1","0","","","1","N","0","","40 26:04.667","6","2","79 52:01.804","3","0","0","0","2478","0","0","0","N","0","0","0","1","68B03","0","","1.0","1900.0","9","N","N","N","0","","1","0","0","","0","Y","","1","1","0","0","0","0","0","2","0","1","07","","","N","","","","","","","","","",""
"2024009732","1709","1","0","0","0","0","0","0","0","0","4","1","","02","1","2024","5","40.53263","-79.958454","1707","11","0","0","0","0","0","1","0","0","","0","1","0","","","1","N","0","","40 31:57.467","2","7","79 57:30.435","3","0","0","0","2118","0","0","0","N","0","0","0","2","02118","0","","1.0","1831.0","9","N","N","N","0","","1","0","0","","0","N","","2","1","0","0","0","0","0","2","0","2","05","03","","N","","","","","","","","","",""
"2024013839","1445","2","0","0","0","0","0","0","0","0","4","0","","02","1","2024","4","40.415718","-79.847656","1445","11","0","0","0","0","0","0","1","0","","0","0","0","","","0","","2","","40 24:56.583","3","0","79 50:51.561","0","0","0","0","2431","0","0","0","N","0","0","0","3","02501","0","","1.0","1500.0","9","N","N","Y","0","","0","0","0","","2","N","","2","0","2","0","0","0","0","2","0","2","07","04","","N","","","","","","","","","",""
"2024013942","0938","1","0","0","0","0","0","0","0","0","2","0","","02","2","2024","5","40.332163","-80.069706","0937","11","0","0","0","0","0","1","1","0","","0","0","0","","","1","","7","","40 19:55.787","5","2","80 04:10.940","3","0","0","0","2123","0","0","0","N","0","0","0","3","02123","0","","1.0","1031.0","1","N","N","N","0","","1","0","1","","0","N","","2","1","0","0","0","0","0","2","0","2","03","","","N","","","","","","","","","",""