"CRN","ARRIVAL_TM","AUTOMOBILE_COUNT","BELTED_DEATH_COUNT","BELTED_SUSP_SERIOUS_INJ_COUNT","BICYCLE_COUNT","BICYCLE_DEATH_COUNT","BICYCLE_SUSP_SERIOUS_INJ_COUNT","BUS_COUNT","CHLDPAS_DEATH_COUNT","CHLDPAS_SUSP_SERIOUS_INJ_COUNT","COLLISION_TYPE","COMM_VEH_COUNT","CONS_ZONE_SPD_LIM","COUNTY","CRASH_MONTH","CRASH_YEAR","DAY_OF_WEEK","DEC_LATITUDE","DEC_LONGITUDE","DISPATCH_TM","DISTRICT","DRIVER_COUNT_16YR","DRIVER_COUNT_17YR","DRIVER_COUNT_18YR","DRIVER_COUNT_19YR","DRIVER_COUNT_20YR","DRIVER_COUNT_50_64YR","DRIVER_COUNT_65_74YR","DRIVER_COUNT_75PLUS","EST_HRS_CLOSED","FATAL_COUNT","HEAVY_TRUCK_COUNT","HORSE_BUGGY_COUNT","HOUR_OF_DAY","ILLUMINATION","INJURY_COUNT","INTERSECTION_RELATED","INTERSECT_TYPE","LANE_CLOSED","LATITUDE","LN_CLOSE_DIR","LOCATION_TYPE","LONGITUDE","MAX_SEVERITY_LEVEL","MCYCLE_DEATH_COUNT","MCYCLE_SUSP_SERIOUS_INJ_COUNT","MOTORCYCLE_COUNT","MUNICIPALITY","NONMOTR_COUNT","NONMOTR_DEATH_COUNT","NONMOTR_SUSP_SERIOUS_INJ_COUNT","NTFY_HIWY_MAINT","PED_COUNT","PED_DEATH_COUNT","PED_SUSP_SERIOUS_INJ_COUNT","PERSON_COUNT","POLICE_AGCY","POSSIBLE_INJ_COUNT","RDWY_SURF_TYPE_CD","RELATION_TO_ROAD","ROADWAY_CLEARED","ROAD_CONDITION","SCH_BUS_IND","SCH_ZONE_IND","SECONDARY_CRASH","SMALL_TRUCK_COUNT","SPEC_JURIS_CD","SUSP_MINOR_INJ_COUNT","SUSP_SERIOUS_INJ_COUNT","SUV_COUNT","TCD_FUNC_CD","TCD_TYPE","TFC_DETOUR_IND","TIME_OF_DAY","TOTAL_UNITS","TOT_INJ_COUNT","UNBELTED_OCC_COUNT","UNB_DEATH_COUNT","UNB_SUSP_SERIOUS_INJ_COUNT","UNK_INJ_DEG_COUNT","UNK_INJ_PER_COUNT","URBAN_RURAL","VAN_COUNT","VEHICLE_COUNT","WEATHER1","WEATHER2","WORKERS_PRES","WORK_ZONE_IND","WORK_ZONE_LOC","WORK_ZONE_TYPE","WZ_CLOSE_DETOUR","WZ_FLAGGER","WZ_LAW_OFFCR_IND","WZ_LN_CLOSURE","WZ_MOVING","WZ_OTHER","WZ_SHLDER_MDN","WZ_WORKERS_INJ_KILLED"
"2024021347","1904","0","0","0","0","0","0","0","0","0","1","0","","02","2","2024","5","40.435124","-79.967053","1854","11","0","0","0","0","0","1","0","0","","0","0","0","","","1","N","0","","40 26:06.447","3","0","79 58:01.392","4","0","0","0","2301","0","0","0","N","0","0","0","2","68B03","1","","1.0","1930.0","1","N","N","N","0","","0","0","2","","0","N","","2","1","0","0","0","0","0","2","0","2","03","03","","N","","","","","","","","","",""
"2024024209","2155","0","0","0","0","0","0","0","0","0","1","0","","02","2","2024","7","40.440609","-79.831082","2155","11","0","0","0","0","0","0","0","0","","0","0","0","","","1","N","0","","40 26:26.191","3","0","79 49:51.894","4","0","0","0","2419","0","0","0","N","0","0","0","2","68B03","1","","1.0","2244.0","1","N","N","N","0","","0","0","2","","0","N","","2","1","0","0","0","0","0","2","0","2","03","03","","N","","","","","","","","","",""
"2024002121","1320","2","0","0","0","0","0","0","0","0","5","0","","02","1","2024","7","40.445384","-79.857196","1320","11","0","0","0","0","0","1","0","0","","0","0","0","","","0","N","0","","40 26:43.381","6","0","79 51:25.907","0","0","0","0","2419","0","0","0","N","0","0","0","4","02419","0","","1.0","1400.0","7","N","N","N","0","","0","0","1","","0","N","","3","0","0","0","0","0","0","2","0","3","10","06","","N","","","","","","","","","",""
"2024000820","1600","0","0","0","0","0","0","0","0","0","1","0","","02","1","2024","4","40.372406","-79.776564","1556","11","0","0","1","0","0","0","0","1","","0","0","0","","","0","N","0","","40 22:20.663","2","7","79 46:35.630","0","0","0","0","2111","0","0","0","N","0","0","0","2","02111","0","","1.0","1630.0","1","N","N","N","1","","0","0","1","","0","N","","2","0","0","0","0","0","0","2","0","2","03","03","","N","","","","","","","","","",""
"2024004617","0345","3","0","0","0","0","0","0","0","0","1","0","","02","1","2024","7","40.341819","-79.850258","0343","11","0","0","0","0","0","0","0","0","","0","0","0","","","0","N","0","","40 20:30.548","6","0","79 51:00.927","0","0","0","0","2304","0","0","0","N","0","0","0","1","02304","0","","6.0","415.0","9","N","N","N","0","","0","0","0","","0","Y","","3","0","0","0","0","0","0","2","0","3","06","","","N","","","","","","","","","",""
"2024001950","0655","2","0","0","0","0","0","0","0","0","4","0","","02","1","2024","6","40.352148","-80.050567","0653","11","0","0","0","0","0","0","0","0","","0","0","0","","","2","","2","","40 21:07.733","2","7","80 03:02.041","3","0","0","0","2109","0","0","0","N","0","0","0","2","02109","0","","1.0","740.0","1","N","N","N","0","","2","0","0","","2","N","","2","2","0","0","0","0","0","2","0","2","03","","","N","","","","","","","","","",""
"2024001210","0739","1","0","0","0","0","0","0","0","0","4","0","","02","1","2024","4","40.496822","-79.84442","0729","11","0","0","0","0","0","1","0","1","","0","0","0","","","2","N","0","","40 29:48.560","","7","79 50:39.911","8","0","0","0","2113","0","0","0","N","0","0","0","3","02113","0","","1.0","","1","N","N","N","1","","0","0","0","","2","","","2","2","0","0","0","2","0","2","0","2","03","03","","N","","","","","","","","","",""
"2024000762","1156","0","0","0","0","0","0","0","0","0","4","0","","02","1","2024","4","40.47071","-80.092515","1153","11","0","0","0","0","0","0","0","0","","0","0","0","","","1","","2","","40 28:14.556","3","0","80 05:33.054","3","0","0","0","2126","0","0","0","N","0","0","0","3","02126","0","","1.0","1231.0","1","N","N","N","0","","1","0","2","","3","N","","2","1","0","0","0","0","0","2","0","2","03","03","","N","","","","","","","","","",""
"2024002300","1314","0","0","0","0","0","0","0","0","0","1","0","","02","1","2024","7","40.466172","-80.113387","1311","11","0","0","0","0","0","1","0","0","","0","0","0","","","0","N","0","","40 27:58.218","6","0","80 06:48.193","0","0","0","0","2115","0","0","0","N","0","0","0","3","02115","0","","1.0","1355.0","7","N","N","N","0","","0","0","3","","0","N","","3","0","0","0","0","0","0","2","0","3","10","02","","N","","","","","","","","","",""
"2024025436","0727","1","0","0","0","0","0","0","0","0","1","0","","02","3","2024","3","40.539123","-80.200845","0718","11","0","0","0","0","0","0","0","0","","0","0","0","","","0","N","0","","40 32:20.843","","0","80 12:03.041","0","0","0","0","2213","0","0","0","N","0","0","0","3","02213","0","","1.0","","1","N","N","N","0","","0","0","1","","0","","","2","0","0","0","0","0","0","2","0","2","03","03","","N","","","","","","","","","",""
"2024003725","1338","0","0","0","0","0","0","0","0","0","7","0","","02","1","2024","7","40.51308","-79.961232","1333","11","0","0","0","0","0","0","0","0","","0","0","0","","","0","N","0","","40 30:47.087","","99","79 57:40.434","0","0","0","0","2118","0","0","0","N","0","0","0","1","02118","0","","4.0","","7","N","N","N","0","","0","0","1","","0","","","1","0","0","0","0","0","0","2","0","1","10","02","","N","","","","","","","","","",""
"2024024672","0905","0","0","0","0","0","0","0","0","0","4","1","","02","2","2024","2","40.313606","-80.067036","0855","11","0","0","0","0","0","0","0","0","","0","1","0","","","1","","2","","40 18:48.980","1","0","80 04:01.328","4","0","0","0","2407","0","0","0","N","0","0","0","2","02407","1","","1.0","934.0","1","N","N","N","0","","0","0","1","","2","N","","2","1","0","0","0","0","0","2","0","2","03","","","N","","","","","","","","","",""
"2024002912","1918","3","0","0","0","0","0","0","0","0","4","0","","02","1","2024","3","40.378405","-79.989767","1915","11","0","0","0","0","0","0","0","0","","0","0","0","","","2","","2","","40 22:42.257","1","0","79 59:23.162","3","0","0","0","2476","0","0","0","N","0","0","0","2","02476","0","","1.0","2020.0","1","N","N","N","0","","2","0","0","","0","Y","","3","2","0","0","0","0","0","2","0","3","03","","","N","","","","","","","","","",""
"2024024110","1644","1","0","0","0","0","0","0","0","0","5","0","","02","3","2024","4","40.518228","-79.958935","1640","11","0","0","0","0","0","0","0","1","","0","0","0","","","0","","2","","40 31:05.620","5","0","79 57:32.167","0","0","0","0","2118","0","0","0","N","0","0","0","2","02118","0","","1.0","1720.0","1","N","N","N","0","","0","0","1","","0","Y","","2","0","0","0","0","0","0","2","0","2","03","","","N","","","","","","","","","",""
"2024024002","0744","1","0","0","0","0","0","0","0","0","4","0","","02","3","2024","4","40.347406","-79.939189","0742","11","0","0","0","0","1","1","0","0","","0","0","0","","","1","Y","0","","40 20:50.662","1","7","79 56:21.082","3","0","0","0","2473","0","0","0","N","0","0","0","2","02473","0","","1.0","830.0","1","N","N","N","0","","1","0","1","","0","N","","2","1","0","0","0","0","0","2","0","2","03","03","","N","","","","","","","","","",""
"2024000065","1059","0","0","0","0","0","0","0","0","0","7","0","","02","1","2024","2","40.490222","-80.058472","1058","11","0","0","0","0","0","0","0","0","","0","0","0","","","1","N","0","","40 29:24.800","","0","80 03:30.500","8","0","0","0","2404","0","0","0","N","0","0","0","1","02404","0","","4.0","","9","N","N","N","0","","0","0","1","","0","","","1","1","1","0","0","1","0","2","0","1","10","10","","N","","","","","","","","","",""
"2024003762","1700","0","0","0","0","0","0","0","0","0","7","0","","02","1","2024","7","40.392333","-79.869796","1656","11","0","0","0","0","0","0","0","0","","0","0","0","","","1","N","0","","40 23:32.398","1","0","79 52:11.266","8","0","0","0","2473","0","0","0","Y","0","0","0","1","02473","0","","3.0","1730.0","1","N","N","N","0","","0","0","1","","0","N","","1","1","0","0","0","1","0","2","0","1","03","03","","N","","","","","","","","","",""
"2024000840","1446","0","0","0","0","0","0","0","0","0","1","0","","02","1","2024","4","40.661524","-80.003974","1446","11","0","2","1","0","0","0","0","0","","0","0","0","","","0","N","0","","40 39:41.486","3","0","80 00:14.308","0","0","0","0","2216","0","0","0","N","0","0","0","4","02505","0","","1.0","1518.0","1","N","N","N","0","","0","0","3","","0","N","","3","0","0","0","0","0","0","1","0","3","03","04","","N","","","","","","","","","",""
"2024000943","1539","0","0","0","0","0","0","0","0","0","7","0","","02","1","2024","4","40.590204","-79.873721","1535","11","0","0","0","0","0","0","0","0","","0","0","0","","","1","N","0","","40 35:24.735","1","0","79 52:25.395","3","0","0","0","2209","0","0","0","N","0","0","0","2","02209","0","","5.0","1607.0","1","N","N","N","1","","1","0","0","","0","N","","1","1","0","0","0","0","0","2","0","1","03","","","N","","","","","","","","","",""
"2024005633","1226","1","0","0","0","0","0","0","0","0","1","0","","02","1","2024","7","40.375474","-79.994492","1224","11","0","0","0","0","0","0","1","0","","0","0","0","","","0","Y","0","","40 22:31.705","","0","79 59:40.172","0","0","0","0","2476","0","0","0","N","0","0","0","2","02476","0","","1.0","","7","N","N","N","0","","0","0","1","","2","","","2","0","0","0","0","0","0","2","0","2","10","","","N","","","","","","","","","",""
"2024002896","2215","1","0","0","0","0","0","0","0","0","1","0","","02","1","2024","6","40.333861","-79.815194","2214","11","0","0","0","0","0","0","0","0","","0","0","0","","","1","N","0","","40 20:01.900","","0","79 48:54.700","3","0","0","0","2477","0","0","0","N","0","0","0","1","02477","0","","1.0","","1","N","N","N","1","","1","0","0","","0","","","2","1","0","0","0","0","0","2","0","2","99","","","N","","","","","","","","","",""
"2024024170","0513","1","0","0","0","0","0","0","0","0","7","0","","02","3","2024","5","40.352672","-80.113933","0506","11","0","0","0","0","0","0","0","0","","0","0","0","","","0","N","0","","40 21:09.620","","0","80 06:50.160","0","0","0","0","2119","0","0","0","N","0","0","0","1","02119","0","","4.0","","1","N","N","N","0","","0","0","0","","0","","","1","0","0","0","0","0","0","2","0","1","03","03","","N","","","","","","","","","",""
"2024022701","1815","1","0","0","0","0","0","0","0","0","1","0","","02","3","2024","6","40.442321","-80.159286","1807","11","0","0","0","1","0","0","0","0","","0","0","0","","","1","N","0","","40 26:32.354","4","0","80 09:33.431","4","0","0","0","2115","0","0","0","N","0","0","0","3","68B03","1","","1.0","1855.0","1","N","N","N","1","","0","0","1","","0","N","","3","1","0","0","0","0","0","2","0","3","03","","","N","","","","","","","","","",""
"2024002051","1817","1","0","0","0","0","0","0","0","0","7","0","","02","1","2024","7","40.336281","-79.97743","1809","11","0","0","0","0","0","0","0","0","","0","0","0","","","0","N","0","","40 20:10.610","","0","79 58:38.749","0","0","0","0","2454","0","0","0","N","0","0","0","1","02454","0","","3.0","","7","N","N","N","0","","0","0","0","","0","","","1","0","0","0","0","0","0","2","0","1","04","","","N","","","","","","","","","",""
"2024002191","1359","0","0","0","0","0","0","0","0","0","4","0","","02","1","2024","7","40.532126","-79.712815","1335","11","0","0","0","0","0","1","0","1","","0","0","0","","","0","","1","","40 31:55.654","","0","79 42:46.134","9","0","0","0","2466","0","0","0","N","0","0","0","4","02466","0","","1.0","","7","N","N","N","3","","0","0","0","","3","","","3","0","0","0","0","0","1","1","0","3","02","10","","N","","","","","","","","","",""
"2024004098","0954","2","0","0","0","0","0","0","0","0","1","0","","02","1","2024","6","40.505059","-79.989523","0940","11","0","0","0","0","0","0","0","0","","0","0","0","","","0","N","0","","40 30:18.212","","0","79 59:22.283","0","0","0","0","2116","0","0","0","N","0","0","0","2","02116","0","","1.0","","1","N","N","N","0","","0","0","0","","0","","","2","0","0","0","0","0","0","2","0","2","03","","","N","","","","","","","","","",""
"2024022648","1744","2","0","0","0","0","0","0","0","0","4","0","","02","3","2024","3","40.434936","-79.966162","1731","11","0","0","0","0","0","0","0","0","","0","0","0","","","0","N","0","","40 26:05.768","","0","79 57:58.183","0","0","0","0","2301","0","0","0","N","0","0","0","3","68B03","0","","1.0","","1","N","N","N","0","","0","0","1","","0","","","3","0","0","0","0","0","0","2","0","3","03","","","N","","","","","","","","","",""
"2024023417","2044","1","0","0","0","0","0","0","0","0","7","0","","02","3","2024","1","40.546548","-79.831073","2040","11","0","0","1","0","0","0","0","0","","0","0","0","","","0","N","0","","40 32:47.574","","0","79 49:51.862","0","0","0","0","2208","0","0","0","N","0","0","0","1","68D02","0","","5.0","","9","N","N","N","0","","0","0","0","","0","","","1","0","0","0","0","0","0","2","0","1","02","10","","N","","","","","","","","","",""
"2024019582","1454","0","0","0","0","0","0","0","0","0","7","0","","02","2","2024","4","40.626655","-80.037888","1442","11","0","0","0","0","0","0","1","0","","0","0","0","","","0","N","0","","40 37:35.959","6","0","80 02:16.397","0","0","0","0","2216","0","0","0","Y","0","0","0","2","02505","0","","1.0","1529.0","9","N","N","N","0","","0","0","1","","0","Y","","1","0","0","0","0","0","0","2","0","1","03","03","","N","","","","","","","","","",""
"2024001881","1652","2","0","0","0","0","0","0","0","0","4","0","","02","1","2024","6","40.327654","-79.891445","1651","11","0","0","0","0","0","0","0","1","","0","0","0","","","0","","1","","40 19:39.556","2","0","79 53:29.202","0","0","0","0","2433","0","0","0","N","0","0","0","2","02433","0","","1.0","1715.0","1","N","N","N","0","","0","0","0","","0","N","","2","0","0","0","0","0","0","2","0","2","","","","N","","","","","","","","","",""
"2024022714","1731","0","0","0","0","0","0","0","0","0","5","1","","02","3","2024","4","40.504037","-79.789105","1715","11","0","0","0","0","0","2","0","0","","0","1","0","","","0","N","0","","40 30:14.532","","0","79 47:20.778","0","0","0","0","2466","0","0","0","N","0","0","0","2","68T02","0","","1.0","","9","N","N","N","0","","0","0","1","","0","","","2","0","0","0","0","0","0","2","0","2","07","07","","N","","","","","","","","","",""
"2024004944","1224","1","0","0","0","0","0","0","0","0","4","0","","02","1","2024","7","40.44198","-80.156699","1214","11","0","0","0","0","0","0","0","0","","0","0","0","","","3","","2","","40 26:31.127","3","0","80 09:24.116","3","0","0","0","2115","0","0","0","N","0","0","0","3","02115","0","","1.0","1314.0","7","N","N","N","0","","3","0","1","","3","N","","2","3","0","0","0","0","0","2","0","2","02","06","","N","","","","","","","","","",""
"2024021398","0959","1","0","0","0","0","0","0","0","0","1","0","","02","3","2024","2","40.542416","-79.964258","0955","11","0","0","0","0","0","0","0","0","","0","0","0","","","0","N","0","","40 32:32.698","","0","79 57:51.330","0","0","0","0","2118","0","0","0","N","0","0","0","4","02118","0","","1.0","","1","N","N","N","0","","0","0","2","","2","N","","3","0","0","0","0","0","0","2","0","3","03","03","","N","","","","","","","","","",""
"2024007287","1248","1","0","0","0","0","0","0","0","0","1","0","","02","1","2024","7","40.514873","-80.117263","1240","11","0","1","0","0","0","1","0","0","","0","0","0","","","0","N","0","","40 30:53.541","2","0","80 07:02.145","0","0","0","0","2211","0","0","0","N","0","0","0","2","02215","0","","1.0","1300.0","2","N","N","N","1","","0","0","0","","0","N","","2","0","0","0","0","0","0","2","0","2","06","10","","N","","","","","","","","","",""
"2024003358","0630","0","0","0","0","0","0","0","0","0","4","0","","02","1","2024","1","40.409424","-80.081716","0625","11","0","0","0","0","0","1","0","0","","0","0","0","","","2","","1","","40 24:33.927","7","0","80 04:54.178","3","0","0","0","2415","0","0","0","N","0","0","0","3","02415","0","","1.0","710.0","9","N","N","N","1","","2","0","1","","2","Y","","2","2","0","0","0","0","0","2","0","2","07","","","N","","","","","","","","","",""
"2024022939","2019","2","0","0","0","0","0","0","0","0","4","0","","02","3","2024","7","40.346042","-79.957167","2017","11","0","0","0","0","0","0","0","1","","0","0","0","","","1","N","0","","40 20:45.751","","7","79 57:25.800","3","0","0","0","2473","0","0","0","N","0","0","0","2","02473","0","","1.0","","9","N","N","N","0","","1","0","0","","2","","","2","1","0","0","0","0","0","2","0","2","07","07","","N","","","","","","","","","",""
"2024001977","1231","0","0","0","0","0","0","0","0","0","7","0","","02","1","2024","7","40.500555","-80.061931","1224","11","0","0","0","0","0","0","0","0","","0","0","0","","","0","","1","","40 30:01.997","","0","80 03:42.951","0","0","0","0","2402","0","0","0","N","0","0","0","1","02402","0","","4.0","","7","N","N","N","0","","0","0","1","","2","N","","1","0","0","0","0","0","0","2","0","1","10","","","N","","","","","","","","","",""
"2024002012","1449","0","0","0","0","0","0","0","0","0","7","0","","02","1","2024","7","40.448839","-80.017959","1432","11","0","0","0","0","0","0","0","0","","0","0","0","","","0","N","0","","40 26:55.819","","2","80 01:04.653","0","0","0","0","2301","0","0","0","N","0","0","0","2","02301","0","","3.0","","7","N","N","N","0","","0","0","1","","0","","","1","0","0","0","0","0","0","2","0","1","10","02","","N","","","","","","","","","",""
"2024002601","1250","0","0","0","0","0","0","0","0","0","7","0","","02","1","2024","7","40.520925","-80.013778","1242","11","0","0","0","0","0","0","0","0","","0","0","0","","","0","","2","","40 31:15.330","3","0","80 00:49.600","0","0","0","0","2116","0","0","0","N","0","0","0","1","02116","0","","4.0","1309.0","7","N","N","N","0","","0","0","1","","3","N","","1","0","1","0","0","0","0","2","0","1","10","","","N","","","","","","","","","",""
"2024021196","0305","1","0","0","0","0","0","0","0","0","1","0","","02","3","2024","1","40.407315","-80.09476","0302","11","0","0","0","0","0","0","0","0","","0","0","0","","","0","N","1","","40 24:26.334","7","0","80 05:41.135","9","0","0","0","2415","0","0","0","N","0","0","0","2","02415","0","","4.0","405.0","1","N","N","N","1","","0","0","0","","3","Y","","2","0","2","0","0","0","1","2","0","2","03","03","","N","","","","","","","","","",""
"2024017883","1229","0","0","0","0","0","0","0","0","0","5","0","","02","2","2024","4","40.334344","-79.983111","1220","11","0","0","0","0","0","1","0","0","","0","0","0","","","1","N","0","","40 20:03.638","","0","79 58:59.198","8","0","0","0","2403","0","0","0","N","0","0","0","1","02403","0","","1.0","","1","N","N","N","0","","0","0","1","","0","","","2","1","0","0","0","1","0","2","0","1","03","","","N","","","","","","","","","",""
"2024022859","0508","0","0","0","0","0","0","0","0","0","7","0","","02","1","2024","1","40.433106","-80.141287","0508","11","0","0","0","0","0","1","0","0","","0","0","0","","","0","N","0","","40 25:59.180","4","0","80 08:28.634","0","0","0","0","2115","0","0","0","N","0","0","0","2","68B03","0","","2.0","550.0","9","N","N","N","0","","0","0","1","","0","N","","1","0","0","0","0","0","0","2","0","1","07","","","N","","","","","","","","","",""
"2024000603","1541","0","0","0","0","0","0","0","0","0","4","0","","02","1","2024","3","40.387804","-80.052154","1541","11","0","0","0","0","0","1","0","0","","0","0","0","","","1","","1","","40 23:16.096","5","0","80 03:07.753","8","0","0","0","2109","0","0","0","N","0","0","0","3","02109","0","","1.0","1630.0","1","N","N","N","0","","0","0","2","","3","N","","2","1","0","0","0","1","0","2","0","2","03","03","","N","","","","","","","","","",""
"2024002015","1714","1","0","0","0","0","0","0","0","0","7","0","","02","1","2024","3","40.346361","-79.994278","1711","11","0","0","0","0","0","0","0","1","","0","0","0","","","1","N","0","","40 20:46.900","7","0","79 59:39.400","4","0","0","0","2403","0","0","0","N","0","0","0","1","02403","1","","4.0","1742.0","1","N","N","N","0","","0","0","0","","0","N","","1","1","0","0","0","0","0","2","0","1","03","","","N","","","","","","","","","",""
"2024003459","2205","1","0","0","0","0","0","0","0","0","98","0","","02","1","2024","6","40.197911","-79.885806","2202","11","0","0","0","0","0","0","0","0","","0","0","0","","","0","N","0","","40 11:52.481","","0","79 53:08.903","0","0","0","0","2204","0","0","0","N","0","0","0","2","02105","0","","1.0","","9","N","N","N","0","","0","0","0","","0","","","1","0","0","0","0","0","0","2","0","1","03","","","N","","","","","","","","","",""
"2024002174","0144","1","0","0","0","0","0","0","0","0","1","0","","02","1","2024","1","40.490778","-79.864444","0142","11","0","0","0","0","0","0","0","1","","0","0","0","","","0","N","0","","40 29:26.800","","0","79 51:52.000","0","0","0","0","2408","0","0","0","N","0","0","0","1","02408","0","","6.0","","9","N","N","N","0","","0","0","1","","0","","","2","0","0","0","0","0","0","2","0","2","07","10","","N","","","","","","","","","",""
"2024001951","1526","1","0","0","0","0","0","0","0","0","1","0","","02","1","2024","6","40.564516","-79.972256","1526","11","0","0","0","0","0","1","0","1","","0","0","0","","","1","N","0","","40 33:52.256","3","7","79 58:20.120","3","0","0","0","2207","0","0","0","N","0","0","0","2","02207","0","","1.0","1553.0","1","N","N","N","0","","1","0","1","","0","N","","2","1","0","0","0","0","0","2","0","2","03","03","","N","","","","","","","","","",""
"2024001988","1328","2","0","0","0","0","0","0","0","0","4","0","","02","1","2024","7","40.580134","-80.070024","1328","11","0","1","0","0","0","0","0","0","","0","0","0","","","1","N","0","","40 34:48.482","6","0","80 04:12.086","4","0","0","0","2481","0","0","0","N","0","0","0","2","02481","1","","1.0","1400.0","7","N","N","N","0","","0","0","0","","0","N","","2","1","0","0","0","0","0","2","0","2","10","","","N","","","","","","","","","",""
"2024022690","1033","0","0","0","0","0","0","0","0","0","7","0","","02","2","2024","7","40.440561","-80.008863","1020","11","0","0","0","0","1","0","0","0","","0","0","0","","","3","N","0","","40 26:26.019","1","3","80 00:31.906","4","0","0","0","2301","0","0","0","N","0","0","0","3","68B03","3","","4.0","1100.0","6","N","N","N","1","","0","0","1","","0","N","","2","3","0","0","0","0","0","2","0","2","03","","","N","","","","","","","","","",""
"2024022477","1837","0","0","0","0","0","0","0","0","0","4","0","","02","2","2024","4","40.627994","-79.941788","1828","11","0","0","0","1","0","0","0","0","","0","0","0","","","0","","2","","40 37:40.780","1","0","79 56:30.437","0","0","0","0","2217","0","0","0","N","0","0","0","3","02505","0","","1.0","1910.0","1","N","N","N","0","","0","0","1","","0","N","","2","0","0","0","0","0","0","2","1","2","03","","","N","","","","","","","","","",""
"2024003819","1337","1","0","0","0","0","0","0","0","0","7","0","","02","1","2024","7","40.631521","-79.989956","1337","11","0","0","0","0","0","1","0","0","","0","0","0","","","0","N","0","","40 37:53.477","6","0","79 59:23.841","0","0","0","0","2217","0","0","0","N","0","0","0","10","02505","0","","4.0","1426.0","7","N","N","Y","1","","0","0","1","","0","Y","","4","0","0","0","0","0","0","1","1","4","02","10","","N","","","","","","","","","",""
"2024003940","1907","0","0","0","0","0","0","0","0","0","98","0","","02","1","2024","2","40.574494","-79.787123","1848","11","0","0","0","0","0","0","0","0","","0","0","0","","","0","N","0","","40 34:28.179","","0","79 47:13.641","0","0","0","0","2104","0","0","0","N","0","0","0","1","68D02","0","","1.0","","1","N","N","N","0","","0","0","1","","0","","","1","0","0","0","0","0","0","2","0","1","03","03","","N","","","","","","","","","",""
"2024000058","0810","1","0","0","0","0","0","0","0","0","7","0","","02","1","2024","2","40.489669","-80.269734","0808","11","0","0","0","1","0","0","0","0","","0","0","0","","","0","N","0","","40 29:22.810","3","8","80 16:11.044","0","0","0","0","2203","0","0","0","N","0","0","0","1","02501","0","","2.0","920.0","7","N","N","N","0","","0","0","0","","0","N","","1","0","0","0","0","0","0","2","0","1","10","","","N","","","","","","","","","",""
"2024006153","1419","1","0","0","0","0","0","0","0","0","7","0","","02","1","2024","7","40.39381","-79.836889","1400","11","0","0","0","0","0","0","0","0","","0","0","0","","","0","","2","","40 23:37.716","4","3","79 50:12.799","9","0","0","0","2425","0","0","0","N","0","0","0","1","68B03","0","","2.0","1422.0","7","N","N","N","0","","0","0","0","","3","N","","1","0","0","0","0","0","1","2","0","1","10","","","N","","","","","","","","","",""
"2024020566","2350","1","0","0","0","0","0","0","0","0","7","0","","02","3","2024","1","40.405336","-80.074491","2343","11","0","0","0","0","0","1","0","0","","0","0","0","","","0","N","0","","40 24:19.209","","0","80 04:28.167","0","0","0","0","2415","0","0","0","N","0","0","0","1","02415","0","","2.0","","1","N","N","N","0","","0","0","0","","0","","","1","0","0","0","0","0","0","2","0","1","03","03","","N","","","","","","","","","",""
"2024023379","0333","0","0","0","0","0","0","0","0","0","7","0","","02","2","2024","5","40.400581","-79.879939","0332","11","0","0","0","0","0","1","0","0","","0","0","0","","","2","N","0","","40 24:02.093","2","0","79 52:47.780","8","0","0","0","2473","0","0","0","N","0","0","0","2","68B03","0","","2.0","100.0","1","N","N","N","0","","0","0","1","","0","N","","1","2","0","0","0","2","0","2","0","1","03","","","N","","","","","","","","","",""
"2024002564","1408","1","0","0","0","0","0","0","0","0","7","0","","02","1","2024","1","40.452639","-80.23125","1405","11","1","0","0","0","0","0","0","0","","0","0","0","","","1","N","0","","40 27:09.500","2","0","80 13:52.500","3","0","0","0","2214","0","0","0","N","0","0","0","2","02214","0","","4.0","1509.0","9","N","N","N","0","","1","0","0","","0","N","","1","1","0","0","0","0","0","2","0","1","07","04","","N","","","","","","","","","",""
"2024002833","1407","0","0","0","0","0","0","0","0","0","7","0","","02","1","2024","7","40.476309","-80.277919","1347","11","0","0","0","0","0","0","0","0","","0","0","0","","","0","N","0","","40 28:34.711","","0","80 16:40.510","0","0","0","0","2203","0","0","0","N","0","0","0","2","68T09","0","","4.0","","6","N","N","N","0","","0","0","1","","0","","","1","0","0","0","0","0","0","1","0","1","10","","","N","","","","","","","","","",""
"2024004390","1318","0","0","0","0","0","0","0","0","0","7","0","","02","1","2024","7","40.347912","-79.951267","1314","11","0","0","0","0","0","0","0","0","","0","0","0","","","1","","3","","40 20:52.482","","7","79 57:04.561","3","0","0","0","2473","0","0","0","N","0","0","0","1","02473","0","","3.0","","7","N","N","N","0","","1","0","1","","0","","","1","1","0","0","0","0","0","2","0","1","10","04","","N","","","","","","","","","",""
"2024020046","1233","1","0","0","0","0","0","0","0","0","6","0","","02","2","2024","5","40.50481","-79.969373","1227","11","0","0","0","0","0","1","0","0","","0","0","0","","","1","","3","","40 30:17.315","7","0","79 58:09.743","8","0","0","1","2118","0","0","0","N","0","0","0","2","02118","0","","1.0","1257.0","1","N","N","N","0","","0","0","0","","3","N","","2","1","0","0","0","1","0","2","0","2","03","","","N","","","","","","","","","",""