"CRN","ARRIVAL_TM","AUTOMOBILE_COUNT","BELTED_DEATH_COUNT","BELTED_SUSP_SERIOUS_INJ_COUNT","BICYCLE_COUNT","BICYCLE_DEATH_COUNT","BICYCLE_SUSP_SERIOUS_INJ_COUNT","BUS_COUNT","CHLDPAS_DEATH_COUNT","CHLDPAS_SUSP_SERIOUS_INJ_COUNT","COLLISION_TYPE","COMM_VEH_COUNT","CONS_ZONE_SPD_LIM","COUNTY","CRASH_MONTH","CRASH_YEAR","DAY_OF_WEEK","DEC_LATITUDE","DEC_LONGITUDE","DISPATCH_TM","DISTRICT","DRIVER_COUNT_16YR","DRIVER_COUNT_17YR","DRIVER_COUNT_18YR","DRIVER_COUNT_19YR","DRIVER_COUNT_20YR","DRIVER_COUNT_50_64YR","DRIVER_COUNT_65_74YR","DRIVER_COUNT_75PLUS","EST_HRS_CLOSED","FATAL_COUNT","HEAVY_TRUCK_COUNT","HORSE_BUGGY_COUNT","HOUR_OF_DAY","ILLUMINATION","INJURY_COUNT","INTERSECTION_RELATED","INTERSECT_TYPE","LANE_CLOSED","LATITUDE","LN_CLOSE_DIR","LOCATION_TYPE","LONGITUDE","MAX_SEVERITY_LEVEL","MCYCLE_DEATH_COUNT","MCYCLE_SUSP_SERIOUS_INJ_COUNT","MOTORCYCLE_COUNT","MUNICIPALITY","NONMOTR_COUNT","NONMOTR_DEATH_COUNT","NONMOTR_SUSP_SERIOUS_INJ_COUNT","NTFY_HIWY_MAINT","PED_COUNT","PED_DEATH_COUNT","PED_SUSP_SERIOUS_INJ_COUNT","PERSON_COUNT","POLICE_AGCY","POSSIBLE_INJ_COUNT","RDWY_SURF_TYPE_CD","RELATION_TO_ROAD","ROADWAY_CLEARED","ROAD_CONDITION","SCH_BUS_IND","SCH_ZONE_IND","SECONDARY_CRASH","SMALL_TRUCK_COUNT","SPEC_JURIS_CD","SUSP_MINOR_INJ_COUNT","SUSP_SERIOUS_INJ_COUNT","SUV_COUNT","TCD_FUNC_CD","TCD_TYPE","TFC_DETOUR_IND","TIME_OF_DAY","TOTAL_UNITS","TOT_INJ_COUNT","UNBELTED_OCC_COUNT","UNB_DEATH_COUNT","UNB_SUSP_SERIOUS_INJ_COUNT","UNK_INJ_DEG_COUNT","UNK_INJ_PER_COUNT","URBAN_RURAL","VAN_COUNT","VEHICLE_COUNT","WEATHER1","WEATHER2","WORKERS_PRES","WORK_ZONE_IND","WORK_ZONE_LOC","WORK_ZONE_TYPE","WZ_CLOSE_DETOUR","WZ_FLAGGER","WZ_LAW_OFFCR_IND","WZ_LN_CLOSURE","WZ_MOVING","WZ_OTHER","WZ_SHLDER_MDN","WZ_WORKERS_INJ_KILLED"
"2024010212","1219","1","0","0","0","0","0","0","0","0","7","0","","02","1","2024","3","40.441224","-80.008807","1216","11","0","0","0","0","1","0","1","0","","0","0","0","","","0","N","0","","40 26:28.405","1","3","80 00:31.705","0","0","0","0","2301","0","0","0","N","0","0","0","2","68B03","0","","2.0","1245.0","7","N","N","N","0","","0","0","1","","0","N","","2","0","0","0","0","0","0","2","0","2","10","","","N","","","","","","","","","",""
"2024006994","1429","0","0","0","0","0","0","0","0","0","4","0","","02","1","2024","3","40.336296","-80.048749","1422","11","0","0","0","0","0","0","0","2","","0","0","0","","","0","","2","","40 20:10.665","","0","80 02:55.497","0","0","0","0","2407","0","0","0","N","0","0","0","3","02407","0","","1.0","","9","N","N","N","1","","0","0","1","","0","","","2","0","0","0","0","0","0","2","0","2","07","","","N","","","","","","","","","",""
"2024025028","1652","0","0","0","0","0","0","0","0","0","4","0","","02","3","2024","3","40.409424","-80.081716","1650","11","0","0","0","0","0","1","0","0","","0","0","0","","","1","","1","","40 24:33.927","4","0","80 04:54.178","8","0","0","0","2415","0","0","0","N","0","0","0","2","02415","0","","1.0","1715.0","1","N","N","N","0","","0","0","2","","2","N","","2","1","0","0","0","1","0","2","0","2","03","03","","N","","","","","","","","","",""
"2024003849","1737","1","0","0","0","0","0","0","0","0","7","0","","02","1","2024","4","40.396417","-80.191056","1737","11","0","0","0","0","0","0","0","0","","0","0","0","","","1","N","0","","40 23:47.100","3","0","80 11:27.800","3","0","0","0","2214","0","0","0","Y","0","0","0","2","02214","0","","2.0","1838.0","9","N","N","N","0","","1","0","0","","0","N","","1","1","2","0","0","0","0","1","0","1","07","04","","N","","","","","","","","","",""
"2024025584","0953","0","0","0","0","0","0","0","0","0","1","0","","02","3","2024","5","40.55453","-80.02124","0952","11","0","0","0","0","0","0","0","0","","0","0","0","","","0","N","1","","40 33:16.307","","0","80 01:16.463","0","0","0","0","2108","0","0","0","N","0","0","0","4","02108","0","","1.0","","1","N","N","N","0","","0","0","2","","4","","","2","0","0","0","0","0","0","2","0","2","03","03","","N","","","","","","","","","",""
"2024004256","1612","1","0","0","0","0","0","0","0","0","4","0","","02","1","2024","5","40.602404","-80.099176","1610","11","1","0","0","0","0","0","0","0","","0","0","0","","","1","N","0","","40 36:08.656","","7","80 05:57.035","4","0","0","0","2481","0","0","0","N","0","0","0","4","02481","1","","1.0","","1","N","N","N","0","","0","0","1","","3","","","2","1","0","0","0","0","0","2","0","2","04","04","","N","","","","","","","","","",""
"2024001395","1430","1","0","0","0","0","0","0","0","0","4","0","","02","1","2024","2","40.319284","-79.898619","1425","11","0","0","0","0","0","0","0","0","","0","0","0","","","1","N","0","","40 19:09.424","5","1","79 53:55.027","8","0","0","0","2440","0","0","0","N","0","0","0","2","02440","0","","1.0","1514.0","9","N","N","N","0","","0","0","1","","0","N","","2","1","0","0","0","1","0","2","0","2","98","","","N","","","","","","","","","",""
"2024003749","0948","1","0","0","0","0","0","0","0","0","1","0","","02","1","2024","4","40.465971","-80.113194","0941","11","0","0","1","0","0","0","0","0","","0","0","0","","","0","","2","","40 27:57.495","","0","80 06:47.499","0","0","0","0","2115","0","0","0","N","0","0","0","3","02115","0","","1.0","","9","N","N","N","0","","0","0","0","","0","","","2","0","0","0","0","0","0","2","1","2","02","07","","N","","","","","","","","","",""
"2024005884","0847","0","0","0","0","0","0","0","0","0","7","0","","02","1","2024","3","40.572944","-80.006139","0847","11","0","0","0","0","0","0","1","0","","0","0","0","","","0","N","0","","40 34:22.600","","0","80 00:22.100","0","0","0","0","2108","0","0","0","N","0","0","0","1","02108","0","","4.0","","7","N","N","N","0","","0","0","1","","0","","","1","0","0","0","0","0","0","2","0","1","10","","","N","","","","","","","","","",""
"2024002684","1319","1","0","0","0","0","0","0","0","0","2","0","","02","1","2024","7","40.524752","-79.988276","1310","11","0","0","0","0","0","0","0","0","","0","0","0","","","1","N","0","","40 31:29.108","1","0","79 59:17.795","4","0","0","0","2116","0","0","0","N","0","0","0","5","02116","1","","1.0","1359.0","7","N","N","N","1","","0","0","2","","0","N","","4","1","0","0","0","0","0","2","0","4","10","","","N","","","","","","","","","",""
"2024017591","1438","0","0","0","0","0","0","0","0","0","5","0","","02","1","2024","5","40.643222","-79.938417","1433","11","0","0","0","0","0","0","1","0","","0","0","0","","","1","N","0","","40 38:35.599","","0","79 56:18.302","3","0","0","0","2217","0","0","0","N","0","0","0","2","02505","0","","1.0","","1","N","N","N","0","","1","0","2","","0","","","2","1","0","0","0","0","0","2","0","2","03","03","","N","","","","","","","","","",""
"2024004711","2010","0","0","0","0","0","0","0","0","0","7","0","","02","1","2024","1","40.285806","-80.013917","2007","11","0","0","0","0","0","0","0","0","","0","0","0","","","0","N","0","","40 17:08.900","","0","80 00:50.100","0","0","0","0","2219","0","0","0","N","0","0","0","1","02219","0","","4.0","","9","N","N","N","0","","0","0","1","","0","","","1","0","0","0","0","0","0","2","0","1","07","","","N","","","","","","","","","",""
"2024019906","2031","1","0","0","0","0","0","0","0","0","5","0","","02","2","2024","5","40.313168","-79.938719","2026","11","0","0","0","0","0","0","0","0","","0","0","0","","","0","N","1","","40 18:47.403","","0","79 56:19.388","0","0","0","0","2440","0","0","0","N","0","0","0","3","02440","0","","1.0","","1","N","N","N","0","","0","0","1","","2","","","2","0","0","0","0","0","0","2","0","2","03","03","","N","","","","","","","","","",""
"2024006260","2037","1","0","0","0","0","0","0","0","0","4","0","","02","1","2024","3","40.422404","-79.885893","2036","11","0","0","0","0","0","0","0","0","","0","0","0","","","0","","2","","40 25:20.653","5","7","79 53:09.216","0","0","0","0","2463","0","0","0","N","0","0","0","3","02463","0","","1.0","2100.0","9","N","N","N","0","","0","0","1","","2","Y","","2","0","0","0","0","0","0","2","0","2","03","03","","N","","","","","","","","","",""
"2024009712","1913","1","0","0","0","0","0","0","0","0","1","0","","02","1","2024","3","40.427421","-79.721492","1904","11","0","0","0","0","0","1","0","0","","0","0","0","","","0","","1","","40 25:38.717","4","0","79 43:17.371","0","0","0","0","2446","0","0","0","N","0","0","0","3","02446","0","","1.0","1924.0","9","N","N","N","0","","0","0","1","","2","N","","2","0","0","0","0","0","0","2","0","2","07","07","","N","","","","","","","","","",""
"2024003741","0736","1","0","0","0","0","0","0","0","0","8","0","","02","1","2024","4","40.346258","-79.88135","0733","11","0","0","0","0","0","0","0","0","","0","0","0","","","1","N","0","","40 20:46.528","","0","79 52:52.860","8","0","0","0","2304","1","0","0","N","1","0","0","2","02304","0","","1.0","","1","N","N","N","0","","0","0","0","","0","","","2","1","0","0","0","1","0","2","0","1","04","98","","N","","","","","","","","","",""
"2024005276","0619","0","0","0","0","0","0","0","0","0","7","0","","02","1","2024","2","40.533718","-80.058694","0613","11","0","0","0","0","0","0","0","0","","0","0","0","","","0","N","0","","40 32:01.383","4","0","80 03:31.297","0","0","0","0","2116","0","0","0","N","0","0","0","1","02116","0","","1.0","710.0","2","N","N","N","0","","0","0","1","","0","N","","1","0","0","0","0","0","0","2","0","1","02","","","N","","","","","","","","","",""
"2024004264","1923","2","0","0","0","0","0","0","0","0","1","0","","02","1","2024","4","40.481548","-79.875774","1914","11","0","0","0","0","0","0","0","0","","0","0","0","","","0","Y","0","","40 28:53.573","","0","79 52:32.788","0","0","0","0","2113","0","0","0","N","0","0","0","2","02113","0","","1.0","","9","N","N","N","0","","0","0","0","","0","","","2","0","0","0","0","0","0","2","0","2","07","98","","N","","","","","","","","","",""
"2024024413","1655","0","0","0","0","0","0","0","0","0","1","0","","02","3","2024","7","40.581752","-80.057748","1650","11","0","0","0","0","0","2","0","0","","0","0","0","","","1","","2","","40 34:54.307","","0","80 03:27.892","3","0","0","0","2108","0","0","0","N","0","0","0","4","02108","0","","1.0","","1","N","N","N","0","","1","0","2","","0","","","2","1","0","0","0","0","0","2","0","2","03","","","N","","","","","","","","","",""
"2024024336","1544","0","0","0","0","0","0","0","0","0","98","0","","02","3","2024","4","40.433755","-79.747717","1544","11","0","0","0","0","0","0","1","0","","0","0","0","","","0","N","0","","40 26:01.517","4","3","79 44:51.780","0","0","0","0","2446","0","0","0","N","0","0","0","1","68T09","0","","1.0","1740.0","1","N","N","N","0","","0","0","0","","0","N","","1","0","0","0","0","0","0","2","1","1","03","","","N","","","","","","","","","",""
"2024005239","2038","0","0","2","0","0","0","0","0","0","4","0","","02","1","2024","6","40.445193","-79.858495","2035","11","0","0","0","0","0","1","0","0","","0","0","0","","","2","","1","","40 26:42.696","","0","79 51:30.582","2","0","0","0","2419","0","0","0","N","0","0","0","2","02419","0","","1.0","","9","N","N","N","0","","0","2","2","","2","","","2","2","0","0","0","0","0","2","0","2","07","08","","N","","","","","","","","","",""
"2024024208","0705","2","0","0","0","0","0","0","0","0","1","0","","02","2","2024","3","40.426023","-79.898316","0638","11","0","0","0","0","0","0","0","0","","0","0","0","","","0","N","0","","40 25:33.683","","0","79 53:53.937","0","0","0","0","2301","0","0","0","N","0","0","0","2","68B03","0","","1.0","","1","N","N","N","0","","0","0","0","","0","","","2","0","0","0","0","0","0","2","0","2","03","","","N","","","","","","","","","",""
"2024002355","2034","0","0","0","0","0","0","0","0","0","7","0","","02","1","2024","7","40.425441","-79.869164","2034","11","0","0","0","0","0","0","0","0","","0","0","0","","","0","","2","","40 25:31.589","","0","79 52:08.990","0","0","0","0","2411","0","0","0","N","0","0","0","1","02463","0","","4.0","","9","N","N","N","0","","0","0","1","","3","","","1","0","0","0","0","0","0","2","0","1","10","","","N","","","","","","","","","",""
"2024005080","1445","2","0","0","0","0","0","0","0","0","4","0","","02","1","2024","5","40.43575","-79.770972","1442","11","0","1","0","0","0","1","0","0","","0","0","0","","","0","N","0","","40 26:08.700","3","7","79 46:15.500","0","0","0","0","2446","0","0","0","N","0","0","0","3","02446","0","","1.0","1502.0","1","N","N","N","0","","0","0","0","","2","N","","2","0","0","0","0","0","0","2","0","2","03","03","","N","","","","","","","","","",""
"2024002130","1705","0","0","0","0","0","0","0","0","0","7","0","","02","1","2024","7","40.0","-79.0","1703","11","0","0","0","0","0","0","0","0","","0","0","0","","","0","N","0","","40 00:00.000","1","0","79 00:00.000","0","0","0","0","2113","0","0","0","N","0","0","0","2","02113","0","","2.0","1736.0","6","N","N","N","0","","0","0","1","","0","N","","1","0","0","0","0","0","0","1","0","1","10","","","N","","","","","","","","","",""
"2024003981","0515","0","0","0","0","0","0","0","0","0","7","0","","02","1","2024","3","40.505458","-80.207521","0515","11","0","0","0","0","0","0","0","0","","0","0","0","","","0","","1","","40 30:19.650","3","0","80 12:27.075","0","0","0","0","2213","0","0","0","N","0","0","0","1","02213","0","","2.0","600.0","7","N","N","N","0","","0","0","1","","2","N","","1","0","0","0","0","0","0","2","0","1","10","09","","N","","","","","","","","","",""
"2024007334","0710","1","0","0","0","0","0","0","0","0","1","0","","02","1","2024","3","40.35954","-79.847313","0658","11","0","0","0","0","1","0","0","0","","0","0","0","","","0","","6","","40 21:34.344","","2","79 50:50.327","0","0","0","0","2303","0","0","0","N","0","0","0","2","02303","0","","1.0","","7","N","N","N","1","","0","0","0","","4","","","2","0","0","0","0","0","0","2","0","2","02","10","","N","","","","","","","","","",""
"2024002253","1335","1","0","0","0","0","0","0","0","0","7","0","","02","1","2024","7","40.39417","-79.820013","1335","11","0","0","0","0","0","0","0","0","","0","0","0","","","0","N","0","","40 23:39.013","2","0","79 49:12.047","0","0","0","0","2111","0","0","0","N","0","0","0","1","02111","0","","4.0","1432.0","2","N","N","N","0","","0","0","0","","0","N","","1","0","0","0","0","0","0","2","0","1","10","06","","N","","","","","","","","","",""
"2024020298","1927","0","0","0","0","0","0","0","0","0","4","0","","02","3","2024","6","40.445603","-80.059915","1926","11","0","0","0","0","0","0","0","0","","0","0","0","","","0","","2","","40 26:44.170","","0","80 03:35.694","0","0","0","0","2439","0","0","0","N","0","0","0","5","02439","0","","1.0","","1","","","N","0","","0","0","2","","3","","","2","0","0","0","0","0","0","2","0","2","03","","","N","","","","","","","","","",""
"2024024394","1722","1","0","0","0","0","0","0","0","0","5","0","","02","2","2024","3","40.429759","-79.956853","1716","11","0","0","0","0","0","1","1","0","","0","0","0","","","0","N","0","","40 25:47.131","3","0","79 57:24.670","0","0","0","0","2301","0","0","0","N","0","0","0","2","68B03","0","","1.0","1800.0","1","N","N","N","0","","0","0","1","","0","N","","2","0","0","0","0","0","0","2","0","2","03","","","N","","","","","","","","","",""
"2024024435","1317","1","0","0","0","0","0","0","0","0","1","0","","02","3","2024","7","40.427431","-79.721496","1314","11","0","0","0","0","0","0","0","0","","0","0","0","","","2","","1","","40 25:38.750","4","0","79 43:17.387","8","0","0","0","2446","0","0","0","N","0","0","0","4","02446","0","","1.0","1400.0","1","N","N","N","0","","0","0","1","","2","N","","2","2","0","0","0","2","0","2","0","2","03","03","","N","","","","","","","","","",""
"2024006593","1825","2","0","0","0","0","0","0","0","0","4","0","","02","1","2024","4","40.471878","-79.810164","1820","11","0","0","0","0","0","0","0","0","","0","0","0","","","0","N","0","","40 28:18.762","","7","79 48:36.590","0","0","0","0","2113","0","0","0","N","0","0","0","2","02113","0","","1.0","","1","N","N","N","0","","0","0","1","","0","","","3","0","0","0","0","0","0","2","0","3","03","98","","N","","","","","","","","","",""
"2024025830","0900","1","0","0","0","0","0","0","0","0","1","0","","02","3","2024","2","40.332799","-79.813633","0857","11","0","0","0","0","0","0","2","0","","0","0","0","","","0","","1","","40 19:58.075","1","0","79 48:49.079","0","0","0","0","2477","0","0","0","N","0","0","0","2","02477","0","","1.0","930.0","1","N","N","N","0","","0","0","1","","2","N","","2","0","0","0","0","0","0","2","0","2","03","","","N","","","","","","","","","",""
"2024012007","0604","1","0","0","0","0","0","0","0","0","1","0","","02","1","2024","3","40.426811","-79.891954","0518","11","0","0","0","0","0","1","0","0","","0","0","0","","","2","N","0","","40 25:36.521","3","0","79 53:31.034","8","0","0","0","2301","0","0","0","N","0","0","0","2","68B03","0","","2.0","635.0","6","N","N","N","0","","0","0","0","","0","Y","","2","2","0","0","0","2","0","2","1","2","06","","","N","","","","","","","","","",""
"2024006900","0833","0","0","0","0","0","0","0","0","0","4","0","","02","1","2024","5","40.279466","-80.002333","0828","11","0","0","0","0","0","0","0","0","","0","0","0","","","0","","3","","40 16:46.078","","0","80 00:08.399","0","0","0","0","2219","0","0","0","N","0","0","0","2","02219","0","","1.0","","1","N","N","N","1","","0","0","1","","3","","","2","0","0","0","0","0","0","1","0","2","04","","","N","","","","","","","","","",""
"2024007007","1100","1","0","0","0","0","0","0","0","0","6","0","","02","1","2024","4","40.401983","-80.031278","1055","11","0","0","0","0","0","0","1","0","","0","0","0","","","0","N","0","","40 24:07.140","4","0","80 01:52.600","0","0","0","0","2301","0","0","0","N","0","0","0","2","02301","0","","1.0","1100.0","1","N","N","N","0","","0","0","1","","8","N","","2","0","0","0","0","0","0","2","0","2","03","03","","N","","","","","","","","","",""
"2024004108","0031","1","0","0","0","0","0","0","0","0","7","0","","02","1","2024","3","40.472","-79.819524","0030","11","0","0","0","0","0","0","0","0","","0","0","0","","","0","N","0","","40 28:19.199","","0","79 49:10.286","0","0","0","0","2113","0","0","0","N","0","0","0","1","02113","0","","2.0","","1","N","N","N","0","","0","0","0","","0","","","1","0","0","0","0","0","0","2","0","1","03","03","","N","","","","","","","","","",""
"2024026888","0805","2","0","0","0","0","0","0","0","0","1","0","","02","3","2024","4","40.425834","-80.12512","0759","11","0","0","0","0","0","1","0","0","","0","0","0","","","0","N","0","","40 25:33.001","4","0","80 07:30.432","0","0","0","0","2102","0","0","0","N","0","0","0","3","68B03","0","","1.0","816.0","1","N","N","N","0","","0","0","0","","0","N","","2","0","0","0","0","0","0","2","0","2","03","","","N","","","","","","","","","",""
"2024026583","1315","1","0","0","0","0","0","0","0","0","4","0","","02","3","2024","1","40.465998","-80.137667","1310","11","0","0","0","0","0","0","0","0","","0","0","0","","","1","","1","","40 27:57.593","4","0","80 08:15.600","8","0","0","0","2115","0","0","0","N","0","0","0","6","02115","0","","1.0","1345.0","1","N","N","N","1","","0","0","2","","2","N","","4","1","0","0","0","1","0","2","0","4","03","03","","N","","","","","","","","","",""
"2024020664","1235","0","0","0","0","0","0","0","0","0","1","0","","02","2","2024","5","40.371881","-79.843798","1231","11","0","0","0","0","0","0","0","0","","0","0","0","","","1","N","2","","40 22:18.773","2","0","79 50:37.674","3","0","0","0","2303","0","0","0","N","0","0","0","2","02303","0","","1.0","1316.0","1","N","N","N","1","","1","0","1","","2","N","","2","1","0","0","0","0","0","2","0","2","03","03","","N","","","","","","","","","",""
"2024003400","1628","1","0","0","0","0","0","0","0","0","3","0","","02","1","2024","3","40.497927","-80.053292","1627","11","0","0","0","0","0","0","0","0","","0","0","0","","","1","N","0","","40 29:52.538","","0","80 03:11.852","8","0","0","0","2404","0","0","0","N","0","0","0","2","02404","0","","1.0","","9","N","N","N","0","","0","0","1","","0","","","2","1","0","0","0","1","0","2","0","2","04","","","N","","","","","","","","","",""
"2024023963","0318","0","0","0","0","0","0","0","0","0","5","0","","02","3","2024","5","40.501796","-80.069043","0318","11","0","0","0","0","0","0","0","0","","0","0","0","","","0","N","0","","40 30:06.465","4","0","80 04:08.555","9","0","0","0","2402","0","0","0","N","0","0","0","1","02402","0","","6.0","418.0","1","","","N","0","","0","0","1","","0","N","","2","0","0","0","0","0","1","2","0","2","03","03","","N","","","","","","","","","",""
"2024025632","0221","0","0","0","0","0","0","0","0","0","7","1","","02","3","2024","2","40.310972","-79.975194","0215","11","0","0","0","0","0","0","0","0","","0","1","0","","","0","N","0","","40 18:39.500","6","0","79 58:30.700","0","0","0","0","2440","0","0","0","N","0","0","0","2","02440","0","","4.0","847.0","1","N","N","N","0","","0","0","0","","0","Y","","1","0","0","0","0","0","0","2","0","1","03","","","N","","","","","","","","","",""
"2024004848","0215","1","0","0","0","0","0","0","0","0","7","0","","02","1","2024","7","40.260678","-79.850207","0205","11","0","0","0","0","0","0","0","0","","0","0","0","","","0","","3","","40 15:38.442","5","0","79 51:00.746","0","0","0","0","2105","0","0","0","N","0","0","0","3","02105","0","","4.0","300.0","9","N","N","Y","0","","0","0","0","","0","N","","1","0","0","0","0","0","0","1","0","1","07","","","N","","","","","","","","","",""
"2024025751","1836","2","0","0","0","0","0","0","0","0","2","0","","02","1","2024","6","40.408856","-80.081097","1833","11","0","0","0","0","0","0","0","0","","0","0","0","","","1","","1","","40 24:31.883","","0","80 04:51.949","8","0","0","0","2415","0","0","0","N","0","0","0","3","02415","0","","1.0","","1","N","N","N","0","","0","0","0","","2","","","2","1","0","0","0","1","0","2","0","2","98","","","N","","","","","","","","","",""
"2024020354","2200","0","0","0","0","0","0","0","0","0","7","0","","02","3","2024","6","40.444775","-79.796471","2154","11","0","0","0","0","0","0","0","0","","0","0","0","","","0","N","0","","40 26:41.189","5","0","79 47:47.294","0","0","0","0","2446","0","0","0","N","0","0","0","1","02446","0","","5.0","2313.0","9","N","N","N","1","","0","0","0","","0","Y","","1","0","0","0","0","0","0","2","0","1","06","07","","N","","","","","","","","","",""
"2024025990","1227","0","0","0","0","0","0","0","0","0","1","0","","02","3","2024","6","40.573426","-79.993769","1222","11","0","0","0","0","0","0","0","2","","0","0","0","","","0","Y","0","","40 34:24.333","3","0","79 59:37.568","0","0","0","0","2108","0","0","0","N","0","0","0","2","02108","0","","1.0","1251.0","1","N","N","N","0","","0","0","2","","0","N","","2","0","0","0","0","0","0","2","0","2","03","","","N","","","","","","","","","",""
"2024005153","1025","0","0","0","0","0","0","0","0","0","7","0","","02","1","2024","1","40.524056","-79.784139","1023","11","0","0","0","0","0","0","1","0","","0","0","0","","","1","N","0","","40 31:26.600","6","0","79 47:02.900","4","0","0","0","2466","0","0","0","N","0","0","0","1","02466","1","","4.0","1115.0","2","N","N","N","0","","0","0","1","","0","Y","","1","1","0","0","0","0","0","2","0","1","10","06","","N","","","","","","","","","",""
"2024005905","1432","1","0","0","0","0","0","0","0","0","4","0","","02","1","2024","2","40.502267","-79.945214","1430","11","0","0","0","0","0","2","0","0","","0","0","0","","","2","","1","","40 30:08.160","1","0","79 56:42.769","2","0","0","0","2430","0","0","0","N","0","0","0","2","02501","0","","1.0","1909.0","1","N","N","Y","1","","0","2","0","","2","Y","","2","2","0","0","0","0","0","2","0","2","03","03","","N","","","","","","","","","",""
"2024009146","1052","0","0","0","0","0","0","0","0","0","7","0","","02","1","2024","2","40.49516","-79.908479","1045","11","0","0","0","0","0","0","0","0","","0","0","0","","","0","N","0","","40 29:42.575","","8","79 54:30.523","0","0","0","0","2401","0","0","0","N","0","0","0","1","68D02","0","","2.0","","6","N","N","N","0","","0","0","1","","0","","","1","0","0","0","0","0","0","2","0","1","03","03","","N","","","","","","","","","",""
"2024027104","0805","0","0","0","0","0","0","0","0","0","1","0","","02","3","2024","5","40.523433","-80.177076","0802","11","0","0","0","0","0","1","0","0","","0","0","0","","","1","","2","","40 31:24.358","","0","80 10:37.474","3","0","0","0","2213","0","0","0","N","0","0","0","2","02213","0","","1.0","","1","N","N","N","1","","1","0","1","","2","","","2","1","0","0","0","0","0","2","0","2","03","","","N","","","","","","","","","",""
"2024024465","1510","1","0","0","0","0","0","0","0","0","4","0","","02","3","2024","6","40.332422","-79.933883","1507","11","0","0","0","0","0","0","1","0","","0","0","0","","","1","","1","","40 19:56.719","","0","79 56:01.978","3","0","0","0","2473","0","0","0","N","0","0","0","2","02473","0","","1.0","","1","N","N","N","0","","1","0","1","","2","","","2","1","0","0","0","0","0","2","0","2","03","03","","N","","","","","","","","","",""
"2024005149","0911","1","0","0","0","0","0","0","0","0","7","0","","02","1","2024","1","40.49573","-79.859135","0910","11","0","0","0","0","0","0","0","1","","0","0","0","","","0","","2","","40 29:44.627","2","0","79 51:32.885","0","0","0","0","2408","0","0","0","N","0","0","0","1","02408","0","","5.0","1000.0","6","N","N","N","0","","0","0","0","","0","N","","1","0","0","0","0","0","0","2","0","1","02","10","","N","","","","","","","","","",""
"2024003389","1025","2","0","0","0","0","0","0","0","0","4","0","","02","1","2024","3","40.568806","-80.02175","1017","11","0","0","0","0","0","0","0","0","","0","0","0","","","0","N","0","","40 34:07.700","1","7","80 01:18.300","0","0","0","0","2108","0","0","0","N","0","0","0","4","02108","0","","1.0","1100.0","9","N","N","N","0","","0","0","0","","3","N","","2","0","0","0","0","0","0","2","0","2","07","","","N","","","","","","","","","",""
"2024005130","1549","2","0","0","0","0","0","0","0","0","4","0","","02","1","2024","5","40.55791","-80.204725","1546","11","0","0","0","0","0","0","0","0","","0","0","0","","","1","","2","","40 33:28.475","","0","80 12:17.011","8","0","0","0","2441","0","0","0","N","0","0","0","3","02441","0","","1.0","","1","N","N","Y","0","","0","0","1","","2","","","3","1","0","0","0","1","0","2","0","3","03","","","N","","","","","","","","","",""
"2024004039","1606","1","0","0","0","0","0","0","0","0","1","0","","02","1","2024","3","40.57713","-79.866966","1601","11","0","0","0","0","0","0","0","0","","0","0","0","","","0","N","0","","40 34:37.668","","0","79 52:01.078","0","0","0","0","2209","0","0","0","N","0","0","0","3","68T02","0","","1.0","","9","N","N","N","0","","0","0","1","","0","","","2","0","0","0","0","0","0","2","0","2","07","","","N","","","","","","","","","",""
"2024021407","0831","1","0","0","0","0","0","0","0","0","1","0","","02","1","2024","4","40.428775","-79.929451","0820","11","0","0","0","0","0","1","0","0","","0","0","0","","","0","","7","","40 25:43.589","4","2","79 55:46.023","0","0","0","0","2301","0","0","0","N","0","0","0","2","02301","0","","7.0","9999.0","9","N","N","N","0","","0","0","1","","0","N","","2","0","0","0","0","0","0","2","0","2","07","","","N","","","","","","","","","",""
"2024004114","0715","0","0","0","0","0","0","0","0","0","4","0","","02","1","2024","5","40.354516","-80.114766","0712","11","0","0","0","0","0","1","0","0","","0","0","0","","","0","","3","","40 21:16.257","4","0","80 06:53.157","0","0","0","0","2102","0","0","0","N","0","0","0","2","02102","0","","1.0","740.0","9","N","N","N","1","","0","0","1","","2","N","","2","0","0","0","0","0","0","2","0","2","03","03","","N","","","","","","","","","",""
"2024004715","1042","2","0","0","0","0","0","0","0","0","4","0","","02","1","2024","6","40.376439","-79.984558","1036","11","0","0","1","0","0","0","1","0","","0","0","0","","","0","N","0","","40 22:35.179","1","7","79 59:04.410","0","0","0","0","2413","0","0","0","N","0","0","0","2","02413","0","","1.0","1127.0","9","N","N","N","0","","0","0","0","","0","N","","2","0","0","0","0","0","0","2","0","2","03","03","","N","","","","","","","","","",""
"2024026946","1011","0","0","0","0","0","0","0","0","0","1","0","","02","3","2024","1","40.538321","-80.180343","1007","11","0","0","0","0","0","0","0","0","","0","0","0","","","0","N","1","","40 32:17.955","","0","80 10:49.234","0","0","0","0","2458","0","0","0","N","0","0","0","1","02458","0","","1.0","","1","N","N","N","0","","0","0","2","","3","","","2","0","0","0","0","0","0","2","0","2","03","03","","N","","","","","","","","","",""