"CRN","ARRIVAL_TM","AUTOMOBILE_COUNT","BELTED_DEATH_COUNT","BELTED_SUSP_SERIOUS_INJ_COUNT","BICYCLE_COUNT","BICYCLE_DEATH_COUNT","BICYCLE_SUSP_SERIOUS_INJ_COUNT","BUS_COUNT","CHLDPAS_DEATH_COUNT","CHLDPAS_SUSP_SERIOUS_INJ_COUNT","COLLISION_TYPE","COMM_VEH_COUNT","CONS_ZONE_SPD_LIM","COUNTY","CRASH_MONTH","CRASH_YEAR","DAY_OF_WEEK","DEC_LATITUDE","DEC_LONGITUDE","DISPATCH_TM","DISTRICT","DRIVER_COUNT_16YR","DRIVER_COUNT_17YR","DRIVER_COUNT_18YR","DRIVER_COUNT_19YR","DRIVER_COUNT_20YR","DRIVER_COUNT_50_64YR","DRIVER_COUNT_65_74YR","DRIVER_COUNT_75PLUS","EST_HRS_CLOSED","FATAL_COUNT","HEAVY_TRUCK_COUNT","HORSE_BUGGY_COUNT","HOUR_OF_DAY","ILLUMINATION","INJURY_COUNT","INTERSECTION_RELATED","INTERSECT_TYPE","LANE_CLOSED","LATITUDE","LN_CLOSE_DIR","LOCATION_TYPE","LONGITUDE","MAX_SEVERITY_LEVEL","MCYCLE_DEATH_COUNT","MCYCLE_SUSP_SERIOUS_INJ_COUNT","MOTORCYCLE_COUNT","MUNICIPALITY","NONMOTR_COUNT","NONMOTR_DEATH_COUNT","NONMOTR_SUSP_SERIOUS_INJ_COUNT","NTFY_HIWY_MAINT","PED_COUNT","PED_DEATH_COUNT","PED_SUSP_SERIOUS_INJ_COUNT","PERSON_COUNT","POLICE_AGCY","POSSIBLE_INJ_COUNT","RDWY_SURF_TYPE_CD","RELATION_TO_ROAD","ROADWAY_CLEARED","ROAD_CONDITION","SCH_BUS_IND","SCH_ZONE_IND","SECONDARY_CRASH","SMALL_TRUCK_COUNT","SPEC_JURIS_CD","SUSP_MINOR_INJ_COUNT","SUSP_SERIOUS_INJ_COUNT","SUV_COUNT","TCD_FUNC_CD","TCD_TYPE","TFC_DETOUR_IND","TIME_OF_DAY","TOTAL_UNITS","TOT_INJ_COUNT","UNBELTED_OCC_COUNT","UNB_DEATH_COUNT","UNB_SUSP_SERIOUS_INJ_COUNT","UNK_INJ_DEG_COUNT","UNK_INJ_PER_COUNT","URBAN_RURAL","VAN_COUNT","VEHICLE_COUNT","WEATHER1","WEATHER2","WORKERS_PRES","WORK_ZONE_IND","WORK_ZONE_LOC","WORK_ZONE_TYPE","WZ_CLOSE_DETOUR","WZ_FLAGGER","WZ_LAW_OFFCR_IND","WZ_LN_CLOSURE","WZ_MOVING","WZ_OTHER","WZ_SHLDER_MDN","WZ_WORKERS_INJ_KILLED"
"2024001956","1127","0","0","0","0","0","0","0","0","0","4","0","","02","1","2024","7","40.390592","-80.035329","1125","11","0","0","0","0","0","0","0","0","","0","0","0","","","0","","1","","40 23:26.130","","0","80 02:07.185","9","0","0","0","2422","0","0","0","N","0","0","0","3","02422","0","","1.0","","9","N","N","N","0","","0","0","2","","3","","","2","0","0","0","0","0","1","2","0","2","02","","","N","","","","","","","","","",""
"2024009136","0915","1","0","0","0","0","0","0","0","0","1","0","","02","1","2024","5","40.507014","-80.037261","0909","11","0","0","0","0","0","0","0","0","","0","0","0","","","0","N","0","","40 30:25.249","2","0","80 02:14.139","0","0","0","0","2116","0","0","0","N","0","0","0","2","68B03","0","","1.0","1000.0","1","N","N","N","0","","0","0","1","","0","N","","2","0","0","0","0","0","0","2","0","2","03","","","N","","","","","","","","","",""
"2024005685","0025","1","0","0","0","0","0","0","0","0","6","0","","02","1","2024","3","40.379454","-79.807163","0021","11","0","0","0","0","0","0","0","0","","0","0","0","","","0","N","0","","40 22:46.034","3","0","79 48:25.786","0","0","0","0","2424","0","0","0","N","0","0","0","2","02424","0","","1.0","130.0","7","N","N","N","0","","0","0","0","","0","N","","2","0","0","0","0","0","0","2","1","2","02","10","","N","","","","","","","","","",""
"2024004864","0947","3","0","0","0","0","0","0","0","0","1","0","","02","1","2024","5","40.543465","-79.760695","0939","11","0","0","0","0","0","1","0","0","","0","0","0","","","0","Y","0","","40 32:36.473","","0","79 45:38.502","0","0","0","0","2466","0","0","0","N","0","0","0","4","02466","0","","1.0","","1","N","N","N","0","","0","0","1","","0","","","4","0","0","0","0","0","0","1","0","4","03","03","","N","","","","","","","","","",""
"2024008025","1518","1","0","0","0","0","0","0","0","0","4","0","","02","1","2024","2","40.433361","-79.927583","1511","11","0","0","0","0","0","0","0","0","","0","0","0","","","0","N","0","","40 26:00.100","","7","79 55:39.300","0","0","0","0","2301","0","0","0","N","0","0","0","2","02301","0","","1.0","","1","N","N","N","0","","0","0","1","","0","","","2","0","0","0","0","0","0","2","0","2","03","03","","N","","","","","","","","","",""
"2024026878","1704","1","0","0","0","0","0","0","0","0","1","0","","02","3","2024","2","40.451951","-80.172126","1657","11","0","0","0","0","1","0","0","0","","0","0","0","","","1","N","0","","40 27:07.023","","0","80 10:19.654","8","0","0","0","2115","0","0","0","N","0","0","0","3","68B03","0","","1.0","","1","N","N","N","1","","0","0","1","","0","","","3","1","0","0","0","1","0","2","0","3","03","03","","N","","","","","","","","","",""
"2024011057","1950","2","0","0","0","0","0","0","0","0","1","0","","02","1","2024","5","40.447497","-80.165225","1943","11","0","0","0","0","0","0","0","0","","0","0","0","","","0","","6","","40 26:50.988","","2","80 09:54.809","0","0","0","0","2115","0","0","0","N","0","0","0","2","68B03","0","","1.0","","1","N","N","N","0","","0","0","0","","4","","","2","0","0","0","0","0","0","2","0","2","03","03","","N","","","","","","","","","",""
"2024006363","1333","0","0","1","0","0","0","0","0","0","6","0","","02","1","2024","3","40.509158","-79.940736","1328","11","0","0","0","0","0","1","2","0","","0","0","0","","","2","N","0","","40 30:32.970","6","0","79 56:26.650","2","0","0","0","2118","0","0","0","N","0","0","0","3","02118","0","","1.0","1426.0","9","N","N","N","0","","1","1","3","","0","Y","","3","2","0","0","0","0","0","2","0","3","03","03","","N","","","","","","","","","",""
"2024004122","1306","0","0","0","0","0","0","0","0","0","6","0","","02","1","2024","7","40.360753","-80.078572","1258","11","0","0","0","0","0","0","0","0","","0","0","0","","","1","N","0","","40 21:38.710","3","0","80 04:42.860","3","0","0","0","2123","0","0","0","N","0","0","0","7","02123","0","","1.0","1400.0","7","N","N","N","0","","1","0","2","","0","N","","2","1","0","0","0","0","0","2","0","2","10","","","N","","","","","","","","","",""
"2024005359","0708","1","0","0","0","0","0","0","0","0","4","0","","02","1","2024","2","40.339954","-79.963375","0704","11","0","0","0","0","0","0","0","0","","0","0","0","","","0","N","0","","40 20:23.836","1","7","79 57:48.149","0","0","0","0","2454","0","0","0","N","0","0","0","2","02454","0","","1.0","738.0","1","N","N","N","0","","0","0","1","","0","N","","2","0","0","0","0","0","0","2","0","2","03","03","","N","","","","","","","","","",""
"2024026549","0945","1","0","0","0","0","0","0","0","0","4","1","","02","3","2024","2","40.52885","-79.850142","0938","11","0","0","0","0","1","1","0","0","","0","1","0","","","1","","2","","40 31:43.859","3","3","79 51:00.512","3","0","0","0","2208","0","0","0","N","0","0","0","2","02208","0","","1.0","1028.0","1","N","N","N","0","","1","0","0","","2","N","","2","1","0","0","0","0","0","2","0","2","03","03","","N","","","","","","","","","",""
"2024006650","1235","1","0","0","0","0","0","0","0","0","7","0","","02","1","2024","7","40.36333","-79.826076","1228","11","0","0","0","0","0","0","0","0","","0","0","0","","","1","N","0","","40 21:47.989","6","7","79 49:33.875","4","0","0","0","2111","0","0","0","N","0","0","0","1","02111","1","","4.0","1342.0","2","N","N","N","0","","0","0","0","","0","Y","","1","1","0","0","0","0","0","2","0","1","10","06","","N","","","","","","","","","",""
"2024013734","1158","1","0","0","0","0","0","0","0","0","1","0","","02","1","2024","2","40.383172","-80.096309","1133","11","0","0","0","0","0","0","0","0","","0","0","0","","","1","N","0","","40 22:59.420","1","0","80 05:46.713","8","0","0","0","2102","0","0","0","N","0","0","0","2","68B03","0","","1.0","1215.0","1","N","N","N","0","","0","0","1","","0","N","","2","1","0","0","0","1","0","2","0","2","03","03","","N","","","","","","","","","",""
"2024007147","2045","1","0","0","0","0","0","0","0","0","7","0","","02","1","2024","5","40.326694","-79.795053","2044","11","0","0","1","0","0","0","0","0","","0","0","0","","","0","N","0","","40 19:36.097","6","0","79 47:42.189","0","0","0","0","2477","0","0","0","Y","0","0","0","2","02477","0","","2.0","2205.0","2","N","N","N","0","","0","0","0","","0","Y","","1","0","0","0","0","0","0","2","0","1","03","","","N","","","","","","","","","",""
"2024001854","1622","0","0","0","0","0","0","0","0","0","4","0","","02","1","2024","6","40.536136","-80.035938","1614","11","0","1","0","0","0","0","0","0","","0","0","0","","","0","N","0","","40 32:10.089","","7","80 02:09.377","0","0","0","0","2116","0","0","0","N","0","0","0","2","02116","0","","1.0","","1","N","N","N","0","","0","0","2","","0","","","2","0","0","0","0","0","0","2","0","2","03","03","","N","","","","","","","","","",""
"2024005172","0643","1","0","0","0","0","0","0","0","0","1","0","","02","1","2024","6","40.516506","-79.843283","0640","11","0","0","0","0","0","0","0","0","","0","0","0","","","1","N","0","","40 30:59.421","","0","79 50:35.818","4","0","0","0","2451","0","0","0","N","0","0","0","3","02451","1","","1.0","","1","N","N","N","1","","0","0","0","","3","","","2","1","0","0","0","0","0","2","0","2","03","03","","N","","","","","","","","","",""
"2024001990","1218","1","0","0","0","0","0","0","0","0","1","0","","02","1","2024","7","40.499192","-79.88361","1218","11","0","0","1","0","0","0","0","0","","0","0","0","","","0","","2","","40 29:57.090","","0","79 53:00.995","9","0","0","0","2112","0","0","0","N","0","0","0","2","02112","0","","1.0","","7","N","N","N","0","","0","0","1","","2","","","2","0","0","0","0","0","1","2","0","2","10","10","","N","","","","","","","","","",""
"2024027651","1620","0","0","0","0","0","0","0","0","0","0","0","","02","3","2024","2","40.366339","-80.025873","1615","11","0","0","0","0","0","1","0","0","","0","0","0","","","0","","2","","40 21:58.822","1","0","80 01:33.143","0","0","0","0","2416","0","0","0","N","0","0","0","1","02416","0","","1.0","1630.0","1","N","N","N","0","","0","0","1","","0","N","","1","0","0","0","0","0","0","2","0","1","03","","","N","","","","","","","","","",""
"2024006658","2000","1","0","0","0","0","0","0","0","0","7","0","","02","1","2024","1","40.566694","-80.043944","1956","11","0","0","0","1","0","0","0","0","","0","0","0","","","0","N","0","","40 34:00.100","5","0","80 02:38.200","0","0","0","0","2108","0","0","0","N","0","0","0","1","02108","0","","4.0","2100.0","1","","N","N","0","","0","0","0","","0","Y","","1","0","0","0","0","0","0","2","0","1","03","03","","N","","","","","","","","","",""
"2024027103","0047","1","0","0","0","0","0","0","0","0","7","0","","02","3","2024","6","40.538029","-80.1994","0057","11","0","0","0","0","1","0","0","0","","0","0","0","","","1","","2","","40 32:16.905","1","0","80 11:57.839","4","0","0","0","2213","0","0","0","Y","0","0","0","1","02213","1","","2.0","133.0","1","N","N","N","0","","0","0","0","","2","Y","","1","1","1","0","0","0","0","2","0","1","03","","","N","","","","","","","","","",""
"2024002635","0935","1","0","0","0","0","0","0","0","0","4","0","","02","1","2024","2","40.432496","-79.865712","0932","11","0","0","0","0","0","1","0","0","","0","0","0","","","1","","2","","40 25:56.984","1","7","79 51:56.563","4","0","0","0","2431","0","0","0","N","0","0","0","2","02431","1","","1.0","957.0","9","N","N","N","1","","0","0","0","","0","N","","2","1","0","0","0","0","0","2","0","2","03","","","N","","","","","","","","","",""
"2024007449","0642","2","0","0","0","0","0","0","0","0","1","0","","02","1","2024","4","40.58978","-79.925498","0642","11","0","0","0","0","0","1","0","0","","0","0","0","","","0","N","0","","40 35:23.208","2","0","79 55:31.794","0","0","0","0","2207","0","0","0","N","0","0","0","2","02207","0","","1.0","715.0","1","N","N","N","0","","0","0","0","","0","N","","2","0","0","0","0","0","0","1","0","2","03","03","","N","","","","","","","","","",""
"2024006553","1735","1","0","0","0","0","0","0","0","0","7","0","","02","1","2024","3","40.455781","-79.735778","1717","11","0","0","0","0","0","0","0","0","","0","0","0","","","0","N","0","","40 27:20.810","3","0","79 44:08.799","0","0","0","0","2466","0","0","0","N","0","0","0","1","02466","0","","4.0","1800.0","2","N","N","N","0","","0","0","0","","0","N","","1","0","0","0","0","0","0","2","0","1","04","","","N","","","","","","","","","",""
"2024004475","0735","0","0","0","0","0","0","0","0","0","1","0","","02","1","2024","6","40.332289","-79.880492","0725","11","0","0","0","0","0","0","0","0","","0","0","0","","","0","Y","0","","40 19:56.241","","0","79 52:49.770","9","0","0","0","2455","0","0","0","N","0","0","0","3","02304","0","","1.0","","9","N","N","N","0","","0","0","2","","0","","","3","0","0","0","0","0","1","2","1","3","03","03","","N","","","","","","","","","",""
"2024002576","1558","0","0","0","0","0","0","0","0","0","7","0","","02","1","2024","7","40.589112","-79.885563","1552","11","0","0","0","0","0","0","0","0","","0","0","0","","","0","N","0","","40 35:20.803","4","0","79 53:08.028","0","0","0","0","2209","0","0","0","N","0","0","0","5","68T02","0","","3.0","1640.0","9","N","N","N","0","","0","0","1","","0","N","","1","0","0","0","0","0","0","2","0","1","10","","","N","","","","","","","","","",""
"2024003289","0915","1","0","0","0","0","0","0","0","0","7","0","","02","1","2024","3","40.458559","-79.735998","0908","11","0","1","0","0","0","0","0","0","","0","0","0","","","0","N","0","","40 27:30.811","","0","79 44:09.593","0","0","0","0","2466","0","0","0","N","0","0","0","1","02466","0","","4.0","","2","N","N","N","0","","0","0","0","","0","","","1","0","0","0","0","0","0","2","0","1","06","10","","N","","","","","","","","","",""
"2024014096","1348","0","0","0","0","0","0","0","0","0","4","0","","02","1","2024","6","40.446189","-80.306347","1336","11","0","0","0","0","0","0","0","0","","0","0","0","","","0","Y","0","","40 26:46.281","","7","80 18:22.850","0","0","0","0","2203","0","0","0","Y","0","0","0","2","62422","0","","1.0","","6","N","N","Y","1","","0","0","1","","3","","","2","0","0","0","0","0","0","1","0","2","02","04","","N","","","","","","","","","",""
"2024014208","1123","1","0","0","0","0","0","0","0","0","7","0","","02","1","2024","3","40.433088","-79.740176","1118","11","0","0","0","0","0","0","0","1","","0","0","0","","","1","N","0","","40 25:59.118","4","0","79 44:24.632","8","0","0","0","2446","0","0","0","N","0","0","0","1","02446","0","","4.0","1210.0","1","N","N","N","0","","0","0","0","","0","N","","1","1","0","0","0","1","0","2","0","1","03","03","","N","","","","","","","","","",""
"2024026648","0018","0","0","0","0","0","0","0","0","0","4","0","","02","3","2024","7","40.358332","-80.105266","0012","11","0","1","0","0","0","0","0","0","","0","0","0","","","0","","2","","40 21:29.995","","0","80 06:18.957","0","0","0","0","2414","0","0","0","N","0","0","0","2","02414","0","","1.0","","9","N","N","N","0","","0","0","2","","3","","","2","0","0","0","0","0","0","2","0","2","07","","","N","","","","","","","","","",""
"2024002720","1601","1","0","0","0","0","0","0","0","0","4","0","","02","1","2024","2","40.492543","-80.049406","1601","11","0","1","0","0","0","0","0","0","","0","0","0","","","0","","1","","40 29:33.155","2","0","80 02:57.861","0","0","0","0","2404","0","0","0","N","0","0","0","3","02404","0","","1.0","1625.0","1","N","N","N","0","","0","0","0","","2","N","","2","0","0","0","0","0","0","2","1","2","03","03","","N","","","","","","","","","",""
"2024006563","1457","1","0","0","0","0","0","0","0","0","1","0","","02","1","2024","4","40.582085","-80.029698","1454","11","0","0","0","0","0","0","0","0","","0","0","0","","","1","","6","","40 34:55.507","2","2","80 01:46.912","4","0","0","0","2108","0","0","0","N","0","0","0","4","02108","1","","1.0","1600.0","1","N","N","N","0","","0","0","2","","0","N","","3","1","0","0","0","0","0","2","0","3","03","03","","N","","","","","","","","","",""
"2024029728","0021","1","0","0","0","0","0","0","0","0","1","0","","02","3","2024","4","40.435461","-79.967595","0010","11","0","0","0","0","0","0","0","0","","0","0","0","","","1","N","0","","40 26:07.660","4","0","79 58:03.341","2","0","0","0","2301","0","0","0","N","0","0","0","5","68B03","0","","1.0","130.0","1","N","N","N","0","","0","1","2","","0","N","","3","1","1","0","1","0","0","2","0","3","03","","","N","","","","","","","","","",""
"2024006084","1606","2","0","0","0","0","0","0","0","0","4","0","","02","1","2024","7","40.387735","-79.822384","1603","11","0","0","0","1","0","1","0","0","","0","0","0","","","6","","2","","40 23:15.846","","7","79 49:20.583","3","0","0","0","2111","0","0","0","N","0","0","0","7","02111","2","","1.0","","1","N","N","N","0","","4","0","0","","2","","","2","6","0","0","0","0","0","2","0","2","03","03","","N","","","","","","","","","",""
"2024007874","1950","1","0","0","0","0","0","0","0","0","1","0","","02","1","2024","4","40.247221","-79.87511","1947","11","0","0","0","0","0","1","0","0","","0","0","0","","","1","N","0","","40 14:49.994","2","0","79 52:30.397","8","0","0","0","2204","0","0","0","N","0","0","0","1","02105","0","","1.0","2230.0","1","N","N","N","0","","0","0","1","","0","Y","","2","1","0","0","0","1","0","1","0","2","03","03","","N","","","","","","","","","",""
"2024003555","0556","1","0","0","0","0","0","0","0","0","7","0","","02","1","2024","3","40.302582","-79.918966","0539","11","0","0","0","0","0","0","0","0","","0","0","0","","","0","N","0","","40 18:09.294","","0","79 55:08.277","0","0","0","0","2440","0","0","0","N","0","0","0","1","02440","0","","5.0","","6","N","N","N","0","","0","0","0","","0","","","1","0","0","0","0","0","0","2","0","1","09","10","","N","","","","","","","","","",""
"2024014493","1416","2","0","0","0","0","0","0","0","0","4","0","","02","2","2024","1","40.530577","-80.009868","1412","11","0","0","1","0","0","1","0","0","","0","0","0","","","0","","1","","40 31:50.078","3","0","80 00:35.526","0","0","0","0","2116","0","0","0","N","0","0","0","4","02116","0","","1.0","1447.0","1","N","N","N","0","","0","0","1","","2","N","","3","0","0","0","0","0","0","2","0","3","03","03","","N","","","","","","","","","",""
"2024006081","1624","1","0","0","0","0","0","0","0","0","4","0","","02","1","2024","3","40.558352","-80.01585","1620","11","0","0","0","0","0","0","0","1","","0","0","0","","","0","N","0","","40 33:30.068","1","7","80 00:57.061","0","0","0","0","2108","0","0","0","N","0","0","0","2","02108","0","","1.0","1645.0","1","N","N","N","0","","0","0","1","","0","N","","2","0","0","0","0","0","0","2","0","2","03","","","N","","","","","","","","","",""
"2024022673","1736","1","0","0","0","0","0","0","0","0","7","0","","02","1","2024","5","40.395359","-79.839211","1720","11","0","0","0","0","0","0","0","0","","0","0","0","","","0","","2","","40 23:43.292","2","0","79 50:21.159","0","0","0","0","2425","0","0","0","N","0","0","0","1","68B03","0","","4.0","1830.0","1","N","N","N","0","","0","0","0","","0","N","","1","0","0","0","0","0","0","2","0","1","03","","","N","","","","","","","","","",""
"2024021148","0748","2","0","0","0","0","0","0","0","0","1","1","","02","3","2024","3","40.312063","-79.893996","0745","11","0","0","0","0","1","1","0","0","","0","0","0","","","1","","2","","40 18:43.426","1","0","79 53:38.384","4","0","0","0","2302","0","0","0","N","0","0","0","3","02302","1","","1.0","800.0","1","N","N","N","0","","0","0","0","","0","N","","3","1","0","0","0","0","0","2","1","3","03","03","","N","","","","","","","","","",""
"2024026485","0014","0","0","0","0","0","0","0","0","0","4","0","","02","3","2024","1","40.375321","-79.983173","0012","11","0","0","0","0","0","1","0","0","","0","0","0","","","1","","5","","40 22:31.157","7","0","79 58:59.424","8","0","0","0","2413","0","0","0","N","0","0","0","3","02413","0","","1.0","45.0","1","N","N","N","0","","0","0","1","","2","Y","","2","1","0","0","0","1","0","2","1","2","03","","","N","","","","","","","","","",""
"2024025318","1552","3","0","0","0","0","0","0","0","0","1","0","","02","3","2024","4","40.433006","-79.731429","1543","11","0","0","0","0","0","0","0","0","","0","0","0","","","1","N","0","","40 25:58.821","3","0","79 43:53.143","3","0","0","0","2446","0","0","0","N","0","0","0","3","02446","0","","1.0","1620.0","1","N","N","Y","0","","1","0","0","","0","Y","","3","1","0","0","0","0","0","2","0","3","03","03","","N","","","","","","","","","",""
"2024002352","1552","1","0","0","0","0","0","0","0","0","7","0","","02","1","2024","7","40.544171","-79.730223","1539","11","0","0","0","0","0","1","0","0","","0","0","0","","","1","N","0","","40 32:39.014","1","0","79 43:48.803","3","0","0","0","2466","0","0","0","N","0","0","0","1","02466","0","","4.0","1617.0","7","N","N","N","0","","1","0","0","","0","N","","1","1","1","0","0","0","0","1","0","1","10","04","","N","","","","","","","","","",""
"2024005163","1412","1","0","0","0","0","0","0","0","0","1","0","","02","1","2024","1","40.516637","-79.959044","1409","11","0","0","0","0","0","1","0","0","","0","0","0","","","0","Y","0","","40 30:59.894","","0","79 57:32.557","0","0","0","0","2118","0","0","0","N","0","0","0","2","02118","0","","1.0","","1","N","N","N","0","","0","0","1","","0","","","2","0","0","0","0","0","0","2","0","2","03","03","","N","","","","","","","","","",""
"2024008703","1834","1","0","0","0","0","0","0","0","0","1","0","","02","1","2024","2","40.420054","-80.035425","1801","11","0","0","0","0","0","1","0","0","","0","0","0","","","1","N","0","","40 25:12.196","","0","80 02:07.530","3","0","0","0","2301","0","0","0","N","0","0","0","2","68B03","0","","1.0","","1","N","N","N","0","","1","0","1","","0","","","2","1","0","0","0","0","0","2","0","2","03","","","N","","","","","","","","","",""
"2024027102","1509","1","0","0","0","0","0","0","0","0","1","0","","02","2","2024","5","40.538266","-80.200236","1504","11","0","1","0","0","0","0","0","0","","0","0","0","","","0","Y","0","","40 32:17.757","","0","80 12:00.849","0","0","0","0","2213","0","0","0","N","0","0","0","2","02213","0","","1.0","","1","N","N","N","0","","0","0","1","","2","","","2","0","0","0","0","0","0","2","0","2","03","03","","N","","","","","","","","","",""
"2024014354","1550","1","0","0","0","0","0","0","0","0","5","0","","02","1","2024","4","40.427492","-79.953189","1530","11","0","0","0","0","0","0","0","0","","0","0","0","","","1","Y","0","","40 25:38.970","","0","79 57:11.482","3","0","0","0","2301","0","0","0","N","0","0","0","2","68B03","0","","1.0","","1","N","N","N","0","","1","0","0","","0","","","2","1","1","0","0","0","1","2","0","2","03","","","N","","","","","","","","","",""
"2024029482","1049","1","0","0","0","0","0","0","0","0","4","0","","02","4","2024","4","40.543934","-80.192629","1046","11","0","0","0","0","0","0","1","1","","0","0","0","","","1","","1","","40 32:38.163","6","0","80 11:33.466","3","0","0","0","2427","0","0","0","N","0","0","0","2","02427","0","","1.0","1120.0","9","N","N","N","0","","1","0","1","","2","Y","","2","1","0","0","0","0","0","2","0","2","07","04","","N","","","","","","","","","",""
"2024012221","2205","2","0","0","0","0","0","0","0","0","6","0","","02","1","2024","3","40.357681","-80.005106","2202","11","0","1","0","0","0","0","0","0","","0","0","0","","","0","N","0","","40 21:27.650","","0","80 00:18.380","0","0","0","0","2476","0","0","0","N","0","0","0","1","02476","0","","6.0","","1","N","N","N","0","","0","0","0","","0","","","2","0","0","0","0","0","0","2","0","2","03","03","","N","","","","","","","","","",""
"2024021608","1345","1","0","1","0","0","0","0","0","0","1","0","","02","2","2024","4","40.500044","-80.221987","1342","11","0","0","0","0","0","1","0","0","","0","0","0","","","1","","1","","40 30:00.157","2","0","80 13:19.152","2","0","0","0","2213","0","0","0","N","0","0","0","2","02213","0","","1.0","30.0","1","N","N","N","0","","0","1","1","","2","N","","2","1","0","0","0","0","0","2","0","2","03","","","N","","","","","","","","","",""
"2024024337","1607","0","0","0","0","0","0","0","0","0","98","1","","02","3","2024","4","40.43395","-79.747876","1607","11","0","0","0","0","0","1","0","0","","0","1","0","","","0","N","0","","40 26:02.221","4","3","79 44:52.355","0","0","0","0","2446","0","0","0","N","0","0","0","1","68T09","0","","1.0","1740.0","1","N","N","N","0","","0","0","0","","0","N","","1","0","0","0","0","0","0","2","0","1","03","","","N","","","","","","","","","",""
"2024003991","0554","1","0","0","0","0","0","0","0","0","7","0","","02","1","2024","3","40.550045","-79.958653","0537","11","0","0","0","0","0","0","1","0","","0","0","0","","","0","N","0","","40 33:00.161","6","0","79 57:31.150","0","0","0","0","2118","0","0","0","N","0","0","0","1","02118","0","","4.0","641.0","7","N","N","N","0","","0","0","0","","0","N","","1","0","0","0","0","0","0","2","0","1","10","06","","N","","","","","","","","","",""
"2024007297","0757","0","0","0","0","0","0","0","0","0","1","0","","02","1","2024","4","40.429722","-80.131056","0748","11","0","0","0","0","0","0","0","0","","0","0","0","","","0","Y","0","","40 25:47.000","","0","80 07:51.800","0","0","0","0","2115","0","0","0","N","0","0","0","2","02115","0","","1.0","","1","N","N","N","0","","0","0","2","","0","","","2","0","0","0","0","0","0","2","0","2","03","03","","N","","","","","","","","","",""
"2024020371","1359","1","0","0","0","0","0","0","0","0","4","0","","02","2","2024","1","40.34708","-79.952538","1359","11","0","0","0","0","0","0","0","0","","0","0","0","","","1","N","0","","40 20:49.487","","7","79 57:09.135","3","0","0","0","2473","0","0","0","N","0","0","0","4","02473","0","","1.0","","1","N","N","N","0","","1","0","1","","0","","","2","1","0","0","0","0","0","2","0","2","03","","","N","","","","","","","","","",""
"2024028110","0720","1","0","0","0","0","0","0","0","0","4","0","","02","3","2024","2","40.355946","-80.050396","0715","11","0","0","0","0","0","1","0","0","","0","0","0","","","0","N","0","","40 21:21.406","","7","80 03:01.426","0","0","0","0","2109","0","0","0","N","0","0","0","2","02109","0","","1.0","","1","N","N","N","0","","0","0","1","","0","","","2","0","0","0","0","0","0","2","0","2","03","03","","N","","","","","","","","","",""
"2024007674","0620","0","0","0","0","0","0","0","0","0","4","0","","02","1","2024","5","40.443186","-79.953533","0620","11","0","0","0","0","0","1","0","0","","0","0","0","","","0","","1","","40 26:35.471","","0","79 57:12.720","0","0","0","0","2301","0","0","0","N","0","0","0","2","02506","0","","1.0","","1","N","N","N","0","","0","0","2","","2","","","2","0","0","0","0","0","0","2","0","2","03","03","","N","","","","","","","","","",""
"2024004378","1908","1","0","0","0","0","0","0","0","0","5","0","","02","1","2024","5","40.471137","-79.974364","1904","11","0","0","0","1","0","0","0","0","","0","0","0","","","0","N","0","","40 28:16.093","1","0","79 58:27.709","0","0","0","0","2445","0","0","0","N","0","0","0","3","02445","0","","1.0","1930.0","1","N","N","N","0","","0","0","1","","0","N","","2","0","0","0","0","0","0","2","0","2","03","03","","N","","","","","","","","","",""
"2024024217","2109","0","0","0","0","0","0","0","0","0","7","0","","02","3","2024","1","40.547524","-79.827373","2109","11","0","0","0","0","0","0","0","0","","0","0","0","","","0","N","0","","40 32:51.085","2","0","79 49:38.542","0","0","0","0","2208","0","0","0","Y","0","0","0","2","68D02","0","","5.0","2155.0","9","N","N","N","0","","0","0","1","","0","N","","1","0","2","0","0","0","0","2","0","1","10","","","N","","","","","","","","","",""
"2024006576","1538","2","0","0","0","0","0","0","0","0","1","0","","02","1","2024","5","40.325491","-80.050276","1536","11","0","0","0","0","0","2","0","0","","0","0","0","","","0","","2","","40 19:31.766","","0","80 03:00.995","0","0","0","0","2407","0","0","0","N","0","0","0","3","02407","0","","1.0","","1","N","N","N","0","","0","0","0","","0","","","3","0","0","0","0","0","0","2","1","3","03","03","","N","","","","","","","","","",""
"2024024462","2245","1","0","0","0","0","0","0","0","0","7","0","","02","3","2024","7","40.37666","-79.799695","2241","11","0","0","0","0","0","0","0","0","","0","0","0","","","0","N","2","","40 22:35.975","3","0","79 47:58.902","0","0","0","0","2111","0","0","0","N","0","0","0","2","02111","0","","4.0","2317.0","1","N","N","N","0","","0","0","0","","0","N","","1","0","0","0","0","0","0","2","0","1","03","03","","N","","","","","","","","","",""
"2024032998","2348","1","0","0","0","0","0","0","0","0","2","0","","02","4","2024","6","40.658399","-80.008613","2346","11","0","0","0","0","0","1","0","0","","0","0","0","","","1","","2","","40 39:30.237","6","0","80 00:31.008","8","0","0","0","2216","0","0","0","N","0","0","0","2","02505","0","","1.0","19.0","9","N","N","N","0","","0","0","1","","2","N","","2","1","0","0","0","1","0","2","0","2","07","","","N","","","","","","","","","",""
"2024024469","2200","1","0","0","0","0","0","0","0","0","4","0","","02","3","2024","6","40.438864","-79.762538","2148","11","0","0","0","0","1","0","1","0","","0","0","0","","","0","","1","","40 26:19.910","3","0","79 45:45.138","0","0","0","0","2446","0","0","0","N","0","0","0","2","02446","0","","1.0","2230.0","1","N","N","Y","0","","0","0","1","","2","Y","","2","0","0","0","0","0","0","2","0","2","03","","","N","","","","","","","","","",""