"CRN","ARRIVAL_TM","AUTOMOBILE_COUNT","BELTED_DEATH_COUNT","BELTED_SUSP_SERIOUS_INJ_COUNT","BICYCLE_COUNT","BICYCLE_DEATH_COUNT","BICYCLE_SUSP_SERIOUS_INJ_COUNT","BUS_COUNT","CHLDPAS_DEATH_COUNT","CHLDPAS_SUSP_SERIOUS_INJ_COUNT","COLLISION_TYPE","COMM_VEH_COUNT","CONS_ZONE_SPD_LIM","COUNTY","CRASH_MONTH","CRASH_YEAR","DAY_OF_WEEK","DEC_LATITUDE","DEC_LONGITUDE","DISPATCH_TM","DISTRICT","DRIVER_COUNT_16YR","DRIVER_COUNT_17YR","DRIVER_COUNT_18YR","DRIVER_COUNT_19YR","DRIVER_COUNT_20YR","DRIVER_COUNT_50_64YR","DRIVER_COUNT_65_74YR","DRIVER_COUNT_75PLUS","EST_HRS_CLOSED","FATAL_COUNT","HEAVY_TRUCK_COUNT","HORSE_BUGGY_COUNT","HOUR_OF_DAY","ILLUMINATION","INJURY_COUNT","INTERSECTION_RELATED","INTERSECT_TYPE","LANE_CLOSED","LATITUDE","LN_CLOSE_DIR","LOCATION_TYPE","LONGITUDE","MAX_SEVERITY_LEVEL","MCYCLE_DEATH_COUNT","MCYCLE_SUSP_SERIOUS_INJ_COUNT","MOTORCYCLE_COUNT","MUNICIPALITY","NONMOTR_COUNT","NONMOTR_DEATH_COUNT","NONMOTR_SUSP_SERIOUS_INJ_COUNT","NTFY_HIWY_MAINT","PED_COUNT","PED_DEATH_COUNT","PED_SUSP_SERIOUS_INJ_COUNT","PERSON_COUNT","POLICE_AGCY","POSSIBLE_INJ_COUNT","RDWY_SURF_TYPE_CD","RELATION_TO_ROAD","ROADWAY_CLEARED","ROAD_CONDITION","SCH_BUS_IND","SCH_ZONE_IND","SECONDARY_CRASH","SMALL_TRUCK_COUNT","SPEC_JURIS_CD","SUSP_MINOR_INJ_COUNT","SUSP_SERIOUS_INJ_COUNT","SUV_COUNT","TCD_FUNC_CD","TCD_TYPE","TFC_DETOUR_IND","TIME_OF_DAY","TOTAL_UNITS","TOT_INJ_COUNT","UNBELTED_OCC_COUNT","UNB_DEATH_COUNT","UNB_SUSP_SERIOUS_INJ_COUNT","UNK_INJ_DEG_COUNT","UNK_INJ_PER_COUNT","URBAN_RURAL","VAN_COUNT","VEHICLE_COUNT","WEATHER1","WEATHER2","WORKERS_PRES","WORK_ZONE_IND","WORK_ZONE_LOC","WORK_ZONE_TYPE","WZ_CLOSE_DETOUR","WZ_FLAGGER","WZ_LAW_OFFCR_IND","WZ_LN_CLOSURE","WZ_MOVING","WZ_OTHER","WZ_SHLDER_MDN","WZ_WORKERS_INJ_KILLED"
"2024007978","0648","0","0","0","0","0","0","0","0","0","4","0","","02","1","2024","4","40.512857","-80.270166","0645","11","0","0","0","0","0","1","0","1","","0","0","0","","","2","","2","","40 30:46.285","1","2","80 16:12.597","8","0","0","0","2203","0","0","0","N","0","0","0","2","02203","0","","1.0","758.0","1","N","N","N","0","","0","0","2","","0","N","","2","2","0","0","0","2","0","2","0","2","03","","","N","","","","","","","","","",""
"2024006811","0758","1","0","0","0","0","0","0","0","0","7","0","","02","1","2024","4","40.546966","-79.972254","0754","11","0","0","0","0","0","0","0","0","","0","0","0","","","0","N","0","","40 32:49.078","1","0","79 58:20.116","0","0","0","0","2118","0","0","0","N","0","0","0","1","02118","0","","4.0","900.0","1","N","N","N","0","","0","0","0","","0","N","","1","0","0","0","0","0","0","2","0","1","03","03","","N","","","","","","","","","",""
"2024015465","1843","2","0","0","0","0","0","0","0","0","4","0","","02","2","2024","4","40.527125","-79.816634","1835","11","0","0","0","0","1","0","0","0","","0","0","0","","","1","","2","","40 31:37.651","3","0","79 48:59.883","8","0","0","0","2466","0","0","0","N","0","0","0","2","02466","0","","1.0","1918.0","1","N","N","N","0","","0","0","0","","2","Y","","2","1","1","0","0","1","0","2","0","2","03","03","","N","","","","","","","","","",""
"2024007042","1722","1","0","0","0","0","0","0","0","0","0","0","","02","1","2024","5","40.488902","-79.820487","1719","11","0","0","0","0","0","0","0","0","","0","0","0","","","0","N","0","","40 29:20.046","6","0","79 49:13.752","0","0","0","0","2113","0","0","0","N","0","0","0","1","02113","0","","1.0","1751.0","1","N","N","N","0","","0","0","0","","0","Y","","1","0","0","0","0","0","0","2","0","1","03","","","N","","","","","","","","","",""
"2024007293","0828","0","0","0","0","0","0","0","0","0","7","0","","02","1","2024","6","40.336529","-79.826364","0822","11","0","0","0","0","0","0","0","0","","0","0","0","","","0","N","0","","40 20:11.503","5","0","79 49:34.912","0","0","0","0","2304","0","0","0","N","0","0","0","1","02304","0","","4.0","901.0","7","N","N","N","0","","0","0","1","","0","N","","1","0","0","0","0","0","0","2","0","1","10","","","N","","","","","","","","","",""
"2024026397","1716","2","0","0","0","0","0","0","0","0","4","0","","02","3","2024","6","40.526019","-79.842729","1715","11","0","0","0","1","0","0","0","0","","0","0","0","","","0","","1","","40 31:33.667","","0","79 50:33.826","0","0","0","0","2451","0","0","0","N","0","0","0","2","02451","0","","1.0","","9","N","N","N","0","","0","0","0","","8","","","2","0","0","0","0","0","0","2","0","2","04","07","","N","","","","","","","","","",""
"2024013190","0840","1","0","0","0","0","0","0","0","0","1","0","","02","2","2024","3","40.472751","-79.972798","0833","11","0","0","0","0","0","0","0","0","","0","0","0","","","3","","6","","40 28:21.903","2","2","79 58:22.073","3","0","0","0","2445","0","0","0","N","0","0","0","4","02445","0","","1.0","911.0","1","N","N","N","0","","3","0","1","","0","N","","2","3","0","0","0","0","0","2","0","2","03","03","","N","","","","","","","","","",""
"2024026346","1612","0","0","0","0","0","0","0","0","0","7","0","","02","3","2024","7","40.538573","-80.050237","1601","11","0","0","0","0","0","0","1","0","","0","0","0","","","1","N","1","","40 32:18.863","","0","80 03:00.854","4","0","0","0","2116","0","0","0","Y","0","0","0","1","02116","1","","5.0","","1","N","N","N","0","","0","0","1","","2","","","1","1","0","0","0","0","0","2","0","1","03","03","","N","","","","","","","","","",""
"2024026772","2046","0","0","0","0","0","0","0","0","0","1","0","","02","3","2024","2","40.588253","-80.048711","2042","11","0","0","0","0","0","0","0","0","","0","0","0","","","2","","2","","40 35:17.712","7","0","80 02:55.358","3","0","0","2","2108","0","0","0","N","0","0","0","2","02108","0","","1.0","2116.0","1","N","N","N","0","","1","0","0","","0","N","","2","2","0","0","0","1","0","2","0","2","03","03","","N","","","","","","","","","",""
"2024025670","1618","1","0","0","0","0","0","0","0","0","4","0","","02","3","2024","5","40.446754","-80.067026","1616","11","0","0","0","0","0","1","0","1","","0","0","0","","","1","","1","","40 26:48.316","6","0","80 04:01.294","3","0","0","0","2439","0","0","0","N","0","0","0","2","02439","0","","1.0","1655.0","1","N","N","N","0","","1","0","1","","3","N","","2","1","1","0","0","0","0","2","0","2","03","","","N","","","","","","","","","",""
"2024004854","0208","0","0","0","0","0","0","0","0","0","4","0","","02","1","2024","7","40.421329","-79.88611","0208","11","0","0","0","0","0","1","0","0","","0","0","0","","","1","","2","","40 25:16.786","5","0","79 53:09.997","3","0","0","0","2463","0","0","0","N","0","0","0","3","02463","0","","1.0","300.0","9","N","N","N","0","","1","0","2","","0","Y","","2","1","0","0","0","0","0","2","0","2","04","","","N","","","","","","","","","",""
"2024016203","0221","0","0","0","0","0","0","0","0","0","7","0","","02","2","2024","7","40.480383","-79.965328","0218","11","0","0","1","0","0","0","0","0","","0","0","0","","","0","N","0","","40 28:49.379","","0","79 57:55.181","0","0","0","0","2118","0","0","0","N","0","0","0","1","02118","0","","3.0","","2","N","N","N","1","","0","0","0","","0","","","1","0","0","0","0","0","0","2","0","1","10","02","","N","","","","","","","","","",""
"2024011746","0254","1","0","0","0","0","0","0","0","0","7","0","","02","2","2024","5","40.394691","-80.083781","0253","11","0","0","0","0","0","0","0","0","","0","0","0","","","0","N","0","","40 23:40.889","","0","80 05:01.611","0","0","0","0","2117","0","0","0","N","0","0","0","1","02117","0","","4.0","","1","N","N","N","0","","0","0","0","","0","","","1","0","0","0","0","0","0","2","0","1","03","03","","N","","","","","","","","","",""
"2024004953","1133","1","0","0","0","0","0","0","0","0","4","0","","02","1","2024","7","40.370463","-79.97516","1130","11","0","0","0","0","0","0","0","1","","0","0","0","","","1","","1","","40 22:13.665","","0","79 58:30.575","8","0","0","0","2413","0","0","0","N","0","0","0","3","02413","0","","1.0","","7","N","N","N","0","","0","0","1","","2","","","2","1","0","0","0","1","0","2","0","2","02","10","","N","","","","","","","","","",""
"2024014373","1645","0","0","0","0","0","0","0","0","0","7","0","","02","2","2024","7","40.505833","-80.071028","1643","11","0","0","0","0","0","0","1","0","","0","0","0","","","2","N","0","","40 30:21.000","","7","80 04:15.700","3","0","0","0","2402","0","0","0","N","0","0","0","2","02402","0","","5.0","","1","N","N","N","1","","2","0","0","","0","","","1","2","0","0","0","0","0","2","0","1","03","04","","N","","","","","","","","","",""
"2024025093","1716","1","0","0","0","0","0","0","0","0","7","0","","02","3","2024","3","40.254075","-79.798765","1711","11","0","0","0","0","0","1","0","0","","0","0","0","","","0","N","0","","40 15:14.669","1","0","79 47:55.554","0","0","0","0","2105","0","0","0","N","0","0","0","1","02105","0","","2.0","1745.0","1","N","N","N","0","","0","0","0","","0","N","","1","0","1","0","0","0","0","1","0","1","03","03","","N","","","","","","","","","",""
"2024019500","1836","2","0","0","0","0","0","0","0","0","4","0","","02","2","2024","1","40.346746","-79.986406","1833","11","0","0","0","0","0","0","0","1","","0","0","0","","","0","","2","","40 20:48.285","1","3","79 59:11.063","0","0","0","0","2476","0","0","0","N","0","0","0","2","02476","0","","1.0","1900.0","1","N","N","N","0","","0","0","0","","2","N","","2","0","0","0","0","0","0","2","0","2","03","03","","N","","","","","","","","","",""
"2024005143","1014","0","0","0","0","0","0","0","0","0","7","0","","02","1","2024","1","40.536994","-79.839101","1010","11","0","1","0","0","0","0","1","0","","0","0","0","","","0","","1","","40 32:13.177","1","0","79 50:20.765","9","0","0","0","2208","0","0","0","Y","0","0","0","2","02208","0","","4.0","1045.0","2","N","N","Y","0","","0","0","1","","2","Y","","2","0","0","0","0","0","1","2","1","2","10","03","","N","","","","","","","","","",""
"2024013148","1552","2","0","0","0","0","0","0","0","0","1","0","","02","2","2024","2","40.472751","-79.972826","1549","11","0","0","0","1","0","0","0","0","","0","0","0","","","1","","6","","40 28:21.903","2","2","79 58:22.173","3","0","0","0","2445","0","0","0","N","0","0","0","2","02445","0","","1.0","1609.0","1","N","N","N","0","","1","0","0","","0","N","","2","1","0","0","0","0","1","2","0","2","03","03","","N","","","","","","","","","",""
"2024027541","1510","1","0","0","0","0","0","0","0","0","1","0","","02","3","2024","5","40.34837","-79.944808","1500","11","0","0","0","0","0","0","0","0","","0","0","0","","","1","","3","","40 20:54.133","","0","79 56:41.310","3","0","0","0","2473","0","0","0","N","0","0","0","4","02473","0","","1.0","","1","N","N","N","0","","1","0","1","","2","","","2","1","0","0","0","0","0","2","0","2","03","","","N","","","","","","","","","",""
"2024004708","1519","0","0","0","0","0","0","0","0","0","8","0","","02","1","2024","3","40.390948","-79.889584","1515","11","0","0","0","0","0","0","0","0","","0","0","0","","","1","N","0","","40 23:27.411","","0","79 53:22.503","3","0","0","0","2473","1","0","0","N","1","0","0","2","02473","0","","1.0","","1","N","N","N","0","","1","0","1","","0","","","2","1","0","0","0","0","0","2","0","1","03","03","","N","","","","","","","","","",""
"2024018254","1927","1","0","0","0","0","0","0","0","0","4","0","","02","2","2024","6","40.514102","-79.879063","1925","11","0","0","1","0","0","0","0","0","","0","0","0","","","1","","1","","40 30:50.767","4","0","79 52:44.626","3","0","0","0","2432","0","0","0","N","0","0","0","4","02432","0","","1.0","2004.0","1","N","N","N","0","","1","0","1","","2","N","","2","1","0","0","0","0","1","2","0","2","03","03","","N","","","","","","","","","",""
"2024018540","2216","1","0","0","0","0","0","0","0","0","7","0","","02","2","2024","7","40.465644","-79.855463","2211","11","0","0","0","0","0","0","0","0","","0","0","0","","","0","N","0","","40 27:56.319","","0","79 51:19.667","0","0","0","0","2113","0","0","0","N","0","0","0","2","02113","0","","4.0","","1","N","N","N","0","","0","0","0","","0","","","1","0","0","0","0","0","0","2","0","1","03","03","","N","","","","","","","","","",""
"2024015661","0911","0","0","0","0","0","0","0","0","0","1","0","","02","2","2024","5","40.501803","-80.011299","0839","11","0","0","0","0","0","1","0","0","","0","0","0","","","0","N","0","","40 30:06.492","2","0","80 00:40.678","0","0","0","0","2116","0","0","0","N","0","0","0","2","02116","0","","1.0","949.0","1","N","N","N","0","","0","0","2","","0","N","","2","0","0","0","0","0","0","2","0","2","03","03","","N","","","","","","","","","",""
"2024012591","0648","0","0","0","0","0","0","0","0","0","7","0","","02","1","2024","7","40.439343","-80.190214","0640","11","0","0","0","0","0","0","0","0","","0","0","0","","","0","N","0","","40 26:21.634","4","0","80 11:24.772","0","0","0","0","2214","0","0","0","N","0","0","0","1","68B03","0","","4.0","15.0","6","N","N","N","1","","0","0","0","","0","N","","1","0","0","0","0","0","0","2","0","1","10","","","N","","","","","","","","","",""
"2024029005","0800","2","0","0","0","0","0","0","0","0","1","0","","02","4","2024","4","40.383134","-79.827651","0754","11","0","0","0","0","0","0","0","0","","0","0","0","","","2","N","1","","40 22:59.283","","0","79 49:39.543","3","0","0","0","2111","0","0","0","N","0","0","0","2","02111","0","","1.0","","9","N","N","N","0","","2","0","0","","4","","","2","2","0","0","0","0","0","2","0","2","07","04","","N","","","","","","","","","",""
"2024005632","1613","1","0","0","0","0","0","0","0","0","4","0","","02","1","2024","6","40.326525","-80.065144","1611","11","0","0","0","0","0","0","1","0","","0","0","0","","","2","","3","","40 19:35.490","7","7","80 03:54.518","4","0","0","0","2123","0","0","0","N","0","0","0","2","02123","2","","1.0","1710.0","9","N","N","N","0","","0","0","1","","3","N","","2","2","0","0","0","0","0","2","0","2","07","04","","N","","","","","","","","","",""
"2024005332","0944","0","0","0","0","0","0","0","0","0","7","0","","02","1","2024","3","40.475981","-80.007339","0934","11","0","0","0","0","0","0","0","0","","0","0","0","","","0","N","0","","40 28:33.530","2","0","80 00:26.422","0","0","0","0","2301","0","0","0","N","0","0","0","4","68B03","0","","3.0","1011.0","9","N","N","N","0","","0","0","1","","0","N","","1","0","0","0","0","0","0","2","0","1","07","10","","N","","","","","","","","","",""
"2024026083","0723","2","0","0","0","0","0","0","0","0","4","0","","02","3","2024","2","40.382924","-79.877949","0723","11","0","0","0","0","0","1","0","0","","0","0","0","","","0","N","1","","40 22:58.527","","0","79 52:40.618","0","0","0","0","2473","0","0","0","N","0","0","0","3","02473","0","","1.0","","1","N","N","N","0","","0","0","0","","2","","","2","0","0","0","0","0","0","2","0","2","03","03","","N","","","","","","","","","",""
"2024004943","1005","2","0","0","0","0","0","0","0","0","2","0","","02","1","2024","7","40.452944","-79.843468","1003","11","0","0","0","0","1","0","0","0","","0","0","0","","","1","N","0","","40 27:10.598","7","0","79 50:36.485","8","0","0","0","2113","0","0","0","N","0","0","0","3","02113","0","","1.0","1100.0","9","","","N","0","","0","0","0","","0","Y","","2","1","0","0","0","1","0","2","0","2","02","02","","N","","","","","","","","","",""
"2024005177","2344","1","0","0","0","0","0","0","0","0","8","0","","02","1","2024","6","40.497001","-80.06249","2343","11","0","0","0","0","0","0","0","0","","0","0","0","","","1","N","0","","40 29:49.202","7","0","80 03:44.964","2","0","0","0","2402","2","0","1","N","2","0","1","3","02402","0","","1.0","39.0","1","N","N","N","0","","0","1","1","","0","Y","","4","1","0","0","0","0","1","2","0","2","03","","","N","","","","","","","","","",""
"2024001984","1209","0","0","0","0","0","0","0","0","0","7","0","","02","1","2024","7","40.296804","-79.919809","1208","11","0","0","0","0","0","0","0","0","","0","0","0","","","1","N","0","","40 17:48.493","","8","79 55:11.311","3","0","0","0","2440","0","0","0","N","0","0","0","3","02440","0","","2.0","","7","N","N","N","0","","1","0","1","","0","","","1","1","0","0","0","0","0","2","0","1","10","04","","N","","","","","","","","","",""
"2024012341","2042","0","0","0","0","0","0","0","0","0","7","0","","02","1","2024","7","40.339579","-79.859461","2040","11","0","0","0","0","0","0","0","0","","0","0","0","","","0","N","0","","40 20:22.483","5","0","79 51:34.061","0","0","0","0","2304","0","0","0","N","0","0","0","1","02304","0","","4.0","2129.0","1","N","N","N","0","","0","0","1","","0","N","","1","0","0","0","0","0","0","2","0","1","03","","","N","","","","","","","","","",""
"2024004030","0300","0","0","0","0","0","0","0","0","0","7","0","","02","1","2024","4","40.514833","-79.945778","0258","11","0","0","0","0","0","0","0","0","","0","0","0","","","1","N","0","","40 30:53.400","5","0","79 56:44.800","4","0","0","0","2118","0","0","0","N","0","0","0","1","02118","1","","4.0","538.0","9","N","N","N","0","","0","0","1","","0","Y","","1","1","0","0","0","0","0","2","0","1","07","","","N","","","","","","","","","",""
"2024010426","1333","1","0","0","0","0","0","0","0","0","7","0","","02","1","2024","7","40.445278","-80.211833","1331","11","0","0","0","0","0","0","0","0","","0","0","0","","","0","N","0","","40 26:43.000","1","0","80 12:42.600","0","0","0","0","2214","0","0","0","N","0","0","0","1","02214","0","","4.0","1415.0","1","N","N","N","0","","0","0","0","","0","N","","1","0","0","0","0","0","0","2","0","1","04","","","N","","","","","","","","","",""
"2024014318","1720","2","0","0","0","0","0","0","0","0","4","0","","02","2","2024","7","40.601905","-79.757211","1714","11","0","0","0","0","0","0","1","0","","0","0","0","","","0","","1","","40 36:06.857","","3","79 45:25.961","0","0","0","0","2464","0","0","0","N","0","0","0","3","02464","0","","1.0","","1","N","N","N","0","","0","0","0","","2","","","2","0","0","0","0","0","0","2","0","2","03","03","","N","","","","","","","","","",""
"2024030346","0228","0","0","0","0","0","0","0","0","0","98","0","","02","3","2024","3","40.606968","-79.763509","0157","11","0","0","0","0","0","1","0","0","","0","0","0","","","1","N","0","","40 36:25.086","","0","79 45:48.634","3","0","0","0","2464","0","0","0","N","0","0","0","1","68D02","0","","1.0","","1","N","N","N","0","","1","0","1","","0","","","1","1","0","0","0","0","0","2","0","1","03","","","N","","","","","","","","","",""
"2024005054","0101","1","0","0","0","0","0","0","0","0","2","0","","02","1","2024","1","40.47381","-79.855499","0046","11","0","0","0","0","0","0","0","0","","0","0","0","","","1","N","0","","40 28:25.717","","0","79 51:19.798","3","0","0","0","2113","0","0","0","N","0","0","0","1","02113","0","","4.0","","2","N","N","N","0","","1","0","0","","0","","","2","1","1","0","0","0","0","2","1","2","02","","","N","","","","","","","","","",""
"2024018195","1051","1","0","0","0","0","0","0","0","0","4","0","","02","2","2024","6","40.391079","-80.039378","1048","11","0","0","0","1","0","0","0","0","","0","0","0","","","0","","2","","40 23:27.886","","0","80 02:21.762","0","0","0","0","2422","0","0","0","N","0","0","0","2","02422","0","","1.0","","1","N","N","N","0","","0","0","1","","0","","","2","0","0","0","0","0","0","2","0","2","","","","N","","","","","","","","","",""
"2024017946","1442","1","0","0","0","0","0","0","0","0","4","0","","02","2","2024","7","40.667152","-80.102145","1440","11","0","0","0","0","0","2","0","0","","0","0","0","","","0","","1","","40 40:01.748","3","0","80 06:07.722","0","0","0","0","2212","0","0","0","N","0","0","0","2","02505","0","","1.0","1512.0","1","N","N","N","0","","0","0","1","","2","N","","2","0","0","0","0","0","0","2","0","2","","03","","N","","","","","","","","","",""
"2024006072","1530","1","0","0","0","0","0","0","0","0","4","0","","02","1","2024","3","40.507368","-79.851668","1524","11","0","0","1","0","0","1","0","0","","0","0","0","","","0","","2","","40 30:26.523","","0","79 51:06.006","0","0","0","0","2112","0","0","0","N","0","0","0","2","02112","0","","1.0","","9","N","N","N","1","","0","0","0","","2","","","2","0","0","0","0","0","0","2","0","2","03","03","","N","","","","","","","","","",""
"2024030947","1809","0","0","0","0","0","0","0","0","0","6","0","","02","4","2024","7","40.646401","-79.846874","1806","11","0","0","0","0","0","1","0","0","","0","0","0","","","0","N","0","","40 38:47.043","","0","79 50:48.747","0","0","0","0","2220","0","0","0","N","0","0","0","5","02220","0","","1.0","","1","N","N","N","1","","0","0","1","","0","","","2","0","0","0","0","0","0","1","0","2","","","","N","","","","","","","","","",""
"2024001974","1313","0","0","0","0","0","0","0","0","0","0","0","","02","1","2024","7","40.450279","-79.842124","1310","11","0","0","0","0","0","0","0","0","","0","0","0","","","0","N","0","","40 27:01.006","2","7","79 50:31.647","0","0","0","0","2113","0","0","0","N","0","0","0","2","02113","0","","1.0","1345.0","7","N","N","N","0","","0","0","1","","0","Y","","1","0","0","0","0","0","0","2","0","1","02","10","","N","","","","","","","","","",""
"2024032696","2153","2","0","0","0","0","0","0","0","0","4","0","","02","4","2024","6","40.447722","-80.068452","2150","11","0","0","0","1","0","0","0","0","","0","0","0","","","1","N","1","","40 26:51.799","","0","80 04:06.427","4","0","0","0","2439","0","0","0","N","0","0","0","4","02439","1","","1.0","","9","N","N","N","0","","0","0","0","","3","","","2","1","1","0","0","0","0","2","0","2","07","07","","N","","","","","","","","","",""
"2024016823","2201","0","0","0","0","0","0","0","0","0","7","0","","02","2","2024","6","40.550872","-79.957076","2147","11","0","0","0","0","0","0","0","0","","0","0","0","","","0","N","0","","40 33:03.138","6","0","79 57:25.473","0","0","0","0","2118","0","0","0","N","0","0","0","1","02118","0","","2.0","2310.0","7","N","N","N","0","","0","0","1","","0","Y","","1","0","0","0","0","0","0","2","0","1","10","02","","N","","","","","","","","","",""
"2024030930","1443","1","0","0","0","0","0","0","0","0","1","0","","02","4","2024","3","40.387324","-79.828288","1437","11","0","0","0","0","0","0","0","0","","0","0","0","","","0","N","2","","40 23:14.366","3","0","79 49:41.836","0","0","0","0","2111","0","0","0","N","0","0","0","2","02111","0","","1.0","1511.0","1","N","N","N","0","","0","0","1","","0","N","","2","0","0","0","0","0","0","2","0","2","03","03","","N","","","","","","","","","",""
"2024008807","1808","1","0","0","0","0","0","0","0","0","5","0","","02","1","2024","2","40.488039","-80.016426","1800","11","0","0","0","0","0","1","0","0","","0","0","0","","","0","N","0","","40 29:16.942","","0","80 00:59.134","0","0","0","0","2301","0","0","0","N","0","0","0","1","02301","0","","6.0","","9","N","N","N","0","","0","0","1","","0","","","2","0","0","0","0","0","0","2","0","2","03","03","","N","","","","","","","","","",""
"2024007504","0303","1","0","0","0","0","0","0","0","0","7","0","","02","1","2024","3","40.410306","-79.904139","0303","11","0","0","0","0","1","0","0","0","","0","0","0","","","0","","11","","40 24:37.100","","7","79 54:14.900","0","0","0","0","2438","0","0","0","N","0","0","0","1","02438","0","","5.0","","6","N","N","N","0","","0","0","0","","0","","","1","0","0","0","0","0","0","2","0","1","02","09","","N","","","","","","","","","",""
"2024014662","1014","1","0","0","0","0","0","0","0","0","4","0","","02","2","2024","2","40.499362","-80.05695","1011","11","0","0","0","0","0","0","1","0","","0","0","0","","","0","N","0","","40 29:57.703","","7","80 03:25.021","0","0","0","0","2404","0","0","0","N","0","0","0","1","02404","0","","6.0","","1","N","N","N","0","","0","0","1","","0","","","2","0","0","0","0","0","0","2","0","2","03","","","N","","","","","","","","","",""
"2024026892","0924","0","0","0","0","0","0","0","0","0","1","0","","02","3","2024","5","40.424958","-80.115508","0909","11","0","0","0","0","0","1","0","0","","0","0","0","","","0","N","0","","40 25:29.849","","0","80 06:55.828","0","0","0","0","2102","0","0","0","N","0","0","0","3","68B03","0","","1.0","","1","N","N","N","0","","0","0","3","","0","","","3","0","0","0","0","0","0","2","0","3","03","03","","N","","","","","","","","","",""
"2024027589","1552","1","0","0","0","0","0","0","0","0","4","0","","02","3","2024","5","40.486895","-80.055098","1547","11","0","0","0","0","0","0","1","0","","0","1","0","","","1","N","0","","40 29:12.823","2","0","80 03:18.354","3","0","0","0","2404","0","0","0","N","0","0","0","2","02404","0","","1.0","1616.0","1","N","N","N","0","","1","0","0","","0","N","","2","1","0","0","0","0","0","2","0","2","03","","","N","","","","","","","","","",""
"2024004123","1247","0","0","0","0","0","0","0","0","0","4","0","","02","1","2024","7","40.519082","-80.188409","1242","11","0","0","0","0","0","0","1","0","","0","0","0","","","1","","3","","40 31:08.694","6","0","80 11:18.274","3","0","0","0","2213","0","0","0","N","0","0","0","3","02213","0","","1.0","30.0","7","N","N","N","0","","1","0","2","","3","N","","2","1","0","0","0","0","0","2","0","2","10","03","","N","","","","","","","","","",""
"2024002230","1235","0","0","0","0","0","0","0","0","0","7","0","","02","1","2024","7","40.354592","-79.842564","1230","11","0","0","0","0","0","0","0","0","","0","0","0","","","0","Y","0","","40 21:16.531","","3","79 50:33.229","0","0","0","0","2304","0","0","0","Y","0","0","0","1","02304","0","","3.0","","9","N","N","N","0","","0","0","1","","0","","","1","0","0","0","0","0","0","2","0","1","02","","","N","","","","","","","","","",""
"2024016120","1850","0","0","0","0","0","0","0","0","0","6","0","","02","2","2024","6","40.376494","-79.890596","1846","11","0","0","0","0","0","1","0","0","","0","0","0","","","1","N","0","","40 22:35.377","6","0","79 53:26.146","3","0","0","0","2473","0","0","0","N","0","0","0","6","02473","0","","1.0","1930.0","9","N","N","N","0","","1","0","2","","0","Y","","3","1","0","0","0","0","0","2","1","3","02","06","","N","","","","","","","","","",""
"2024017837","2144","1","0","0","0","0","0","0","0","0","7","0","","02","1","2024","3","40.443179","-79.839144","2130","11","0","0","0","0","0","0","0","0","","0","0","0","","","0","N","0","","40 26:35.446","4","0","79 50:20.919","0","0","0","0","2419","0","0","0","Y","0","0","0","1","68B03","0","","2.0","2225.0","2","N","N","N","0","","0","0","0","","0","N","","1","0","0","0","0","0","0","2","0","1","03","","","N","","","","","","","","","",""
"2024018152","0936","1","0","0","0","0","0","0","0","0","7","0","","02","2","2024","1","40.405009","-79.913091","0928","11","0","0","0","0","0","0","0","0","","0","0","0","","","0","N","0","","40 24:18.034","1","0","79 54:47.127","9","0","0","0","2438","0","0","0","N","0","0","0","1","02438","0","","4.0","1015.0","1","N","N","N","0","","0","0","0","","0","N","","1","0","0","0","0","0","1","2","0","1","03","03","","N","","","","","","","","","",""
"2024011475","1855","1","0","0","0","0","0","0","0","0","1","0","","02","1","2024","5","40.533334","-80.203662","1850","11","0","0","0","0","0","1","0","1","","0","0","0","","","0","N","0","","40 32:00.003","","0","80 12:13.183","9","0","0","0","2213","0","0","0","N","0","0","0","5","02213","0","","1.0","","9","N","N","N","0","","0","0","3","","0","","","4","0","0","0","0","0","1","2","0","4","05","07","","N","","","","","","","","","",""
"2024009649","1617","0","0","0","0","0","0","0","0","0","1","0","","02","1","2024","4","40.377887","-80.055189","1609","11","0","1","0","0","0","0","1","0","","0","0","0","","","1","","1","","40 22:40.393","","0","80 03:18.680","3","0","0","0","2109","0","0","0","N","0","0","0","5","02109","0","","1.0","","9","N","N","N","0","","1","0","2","","0","","","2","1","0","0","0","0","0","2","0","2","07","","","N","","","","","","","","","",""
"2024025668","1621","1","0","0","0","0","0","0","0","0","8","0","","02","1","2024","6","40.388417","-80.0065","1609","11","0","0","0","0","0","0","0","0","","0","0","0","","","1","N","0","","40 23:18.300","","0","80 00:23.400","3","0","0","0","2301","1","0","0","N","1","0","0","2","02301","0","","1.0","","9","N","Y","N","0","","1","0","0","","0","N","","2","1","0","0","0","0","0","2","0","1","06","","","N","","","","","","","","","",""
"2024011120","1326","1","0","0","0","0","0","0","0","0","5","0","","02","1","2024","4","40.515059","-80.222268","1325","11","0","0","0","0","0","0","0","0","","0","0","0","","","1","N","0","","40 30:54.212","1","0","80 13:20.164","3","0","0","0","2213","0","0","0","N","0","0","0","3","02213","0","","1.0","1400.0","1","N","N","N","0","","1","0","2","","2","Y","","3","1","0","0","0","0","0","2","0","3","03","03","","N","","","","","","","","","",""