"CRN","ARRIVAL_TM","AUTOMOBILE_COUNT","BELTED_DEATH_COUNT","BELTED_SUSP_SERIOUS_INJ_COUNT","BICYCLE_COUNT","BICYCLE_DEATH_COUNT","BICYCLE_SUSP_SERIOUS_INJ_COUNT","BUS_COUNT","CHLDPAS_DEATH_COUNT","CHLDPAS_SUSP_SERIOUS_INJ_COUNT","COLLISION_TYPE","COMM_VEH_COUNT","CONS_ZONE_SPD_LIM","COUNTY","CRASH_MONTH","CRASH_YEAR","DAY_OF_WEEK","DEC_LATITUDE","DEC_LONGITUDE","DISPATCH_TM","DISTRICT","DRIVER_COUNT_16YR","DRIVER_COUNT_17YR","DRIVER_COUNT_18YR","DRIVER_COUNT_19YR","DRIVER_COUNT_20YR","DRIVER_COUNT_50_64YR","DRIVER_COUNT_65_74YR","DRIVER_COUNT_75PLUS","EST_HRS_CLOSED","FATAL_COUNT","HEAVY_TRUCK_COUNT","HORSE_BUGGY_COUNT","HOUR_OF_DAY","ILLUMINATION","INJURY_COUNT","INTERSECTION_RELATED","INTERSECT_TYPE","LANE_CLOSED","LATITUDE","LN_CLOSE_DIR","LOCATION_TYPE","LONGITUDE","MAX_SEVERITY_LEVEL","MCYCLE_DEATH_COUNT","MCYCLE_SUSP_SERIOUS_INJ_COUNT","MOTORCYCLE_COUNT","MUNICIPALITY","NONMOTR_COUNT","NONMOTR_DEATH_COUNT","NONMOTR_SUSP_SERIOUS_INJ_COUNT","NTFY_HIWY_MAINT","PED_COUNT","PED_DEATH_COUNT","PED_SUSP_SERIOUS_INJ_COUNT","PERSON_COUNT","POLICE_AGCY","POSSIBLE_INJ_COUNT","RDWY_SURF_TYPE_CD","RELATION_TO_ROAD","ROADWAY_CLEARED","ROAD_CONDITION","SCH_BUS_IND","SCH_ZONE_IND","SECONDARY_CRASH","SMALL_TRUCK_COUNT","SPEC_JURIS_CD","SUSP_MINOR_INJ_COUNT","SUSP_SERIOUS_INJ_COUNT","SUV_COUNT","TCD_FUNC_CD","TCD_TYPE","TFC_DETOUR_IND","TIME_OF_DAY","TOTAL_UNITS","TOT_INJ_COUNT","UNBELTED_OCC_COUNT","UNB_DEATH_COUNT","UNB_SUSP_SERIOUS_INJ_COUNT","UNK_INJ_DEG_COUNT","UNK_INJ_PER_COUNT","URBAN_RURAL","VAN_COUNT","VEHICLE_COUNT","WEATHER1","WEATHER2","WORKERS_PRES","WORK_ZONE_IND","WORK_ZONE_LOC","WORK_ZONE_TYPE","WZ_CLOSE_DETOUR","WZ_FLAGGER","WZ_LAW_OFFCR_IND","WZ_LN_CLOSURE","WZ_MOVING","WZ_OTHER","WZ_SHLDER_MDN","WZ_WORKERS_INJ_KILLED"
"2024035464","0402","1","0","0","0","0","0","0","0","0","7","0","","02","4","2024","7","40.359883","-80.048309","0401","11","0","0","0","0","0","0","0","0","","0","0","0","","","1","N","0","","40 21:35.579","5","0","80 02:53.911","3","0","0","0","2109","0","0","0","N","0","0","0","1","02109","0","","5.0","501.0","9","N","N","N","0","","1","0","0","","0","N","","1","1","0","0","0","0","0","2","0","1","07","07","","N","","","","","","","","","",""
"2024022098","2046","1","0","0","0","0","0","0","0","0","5","0","","02","3","2024","5","40.520222","-79.840361","2042","11","0","0","0","0","0","0","1","0","","0","0","0","","","0","N","0","","40 31:12.800","","0","79 50:25.300","0","0","0","0","2451","0","0","0","N","0","0","0","1","02451","0","","6.0","","1","N","N","N","0","","0","0","1","","0","","","2","0","0","0","0","0","0","2","0","2","04","","","N","","","","","","","","","",""
"2024022102","1935","0","0","0","0","0","0","0","0","0","4","0","","02","3","2024","3","40.558469","-79.985654","1923","11","0","0","0","0","0","0","0","0","","0","0","0","","","2","","2","","40 33:30.487","6","0","79 59:08.355","3","0","0","0","2207","0","0","0","N","0","0","0","4","02207","0","","1.0","2059.0","9","N","N","N","0","","2","0","2","","3","N","","2","2","0","0","0","0","0","2","0","2","07","","","N","","","","","","","","","",""
"2024020581","0118","0","0","0","0","0","0","0","0","0","7","0","","02","3","2024","7","40.544255","-79.81666","0116","11","0","0","0","0","0","1","0","0","","0","0","0","","","0","N","0","","40 32:39.319","3","0","79 48:59.976","0","0","0","0","2208","0","0","0","N","0","0","0","2","02208","0","","2.0","240.0","9","N","N","N","1","","0","0","0","","0","N","","1","0","0","0","0","0","0","2","0","1","07","04","","N","","","","","","","","","",""
"2024025855","1621","1","0","0","0","0","0","0","0","0","7","0","","02","3","2024","4","40.519298","-80.166135","1619","11","0","0","0","0","0","0","0","1","","0","0","0","","","1","","1","","40 31:09.474","6","0","80 09:58.086","3","0","0","0","2420","0","0","0","N","0","0","0","1","02420","0","","2.0","1654.0","9","N","N","N","0","","1","0","0","","0","Y","","1","1","0","0","0","0","0","2","0","1","07","","","N","","","","","","","","","",""
"2024020957","0756","0","0","0","0","0","0","0","0","0","7","0","","02","2","2024","4","40.654635","-80.067442","0748","11","0","0","0","0","0","0","0","0","","0","0","0","","","2","N","0","","40 39:16.686","","0","80 04:02.790","3","0","0","0","2216","0","0","0","N","0","0","0","2","68T02","0","","3.0","","9","N","N","N","0","","2","0","0","","0","","","1","2","0","0","0","0","0","2","1","1","07","04","","N","","","","","","","","","",""
"2024022429","1743","0","0","0","0","0","0","0","0","0","7","0","","02","3","2024","2","40.535028","-80.009972","1733","11","0","0","0","0","0","0","0","0","","0","0","0","","","0","N","0","","40 32:06.100","5","0","80 00:35.900","0","0","0","0","2116","0","0","0","N","0","0","0","1","02116","0","","4.0","1835.0","1","N","N","N","0","","0","0","1","","0","Y","","1","0","0","0","0","0","0","2","0","1","03","03","","N","","","","","","","","","",""
"2024018820","0932","1","0","0","0","0","0","0","0","0","7","0","","02","2","2024","7","40.648186","-79.908011","0922","11","0","1","0","0","0","0","0","0","","0","0","0","","","0","N","0","","40 38:53.470","1","0","79 54:28.840","0","0","0","0","2220","0","0","0","N","0","0","0","1","02220","0","","4.0","1030.0","2","N","N","N","0","","0","0","0","","0","N","","1","0","0","0","0","0","0","1","0","1","02","10","","N","","","","","","","","","",""
"2024034835","1537","0","0","0","0","0","0","0","0","0","7","1","","02","4","2024","7","40.575599","-80.054578","1530","11","0","0","0","0","0","0","1","0","","0","1","0","","","0","","3","","40 34:32.158","","0","80 03:16.481","0","0","0","0","2108","0","0","0","N","0","0","0","4","02108","0","","2.0","","1","N","N","N","0","","0","0","0","","0","","","1","0","0","0","0","0","0","2","0","1","03","03","","N","","","","","","","","","",""
"2024036127","0716","1","0","0","0","0","0","0","0","0","7","0","","02","4","2024","2","40.593749","-80.095217","0714","11","0","0","0","0","0","0","0","0","","0","0","0","","","1","N","0","","40 35:37.495","","0","80 05:42.782","3","0","0","0","2481","0","0","0","Y","0","0","0","1","68B03","0","","4.0","","9","N","N","N","0","","1","0","0","","0","","","1","1","0","0","0","0","0","2","0","1","07","","","N","","","","","","","","","",""
"2024033209","1550","2","0","0","0","0","0","0","0","0","1","0","","02","4","2024","2","40.545833","-80.035971","1550","11","0","0","0","0","0","0","2","0","","0","0","0","","","0","","3","","40 32:44.998","1","0","80 02:09.494","0","0","0","0","2108","0","0","0","N","0","0","0","3","02108","0","","1.0","1630.0","1","N","N","N","0","","0","0","0","","3","N","","2","0","0","0","0","0","0","2","0","2","03","","","N","","","","","","","","","",""
"2024036622","1106","1","0","0","0","0","0","0","0","0","1","0","","02","4","2024","6","40.448537","-80.165506","1052","11","0","0","0","0","0","0","0","0","","0","0","0","","","2","N","0","","40 26:54.734","","2","80 09:55.820","3","0","0","0","2115","0","0","0","N","0","0","0","3","68B03","1","","1.0","","1","N","N","N","0","","1","0","2","","0","","","3","2","1","0","0","0","0","2","0","3","03","","","N","","","","","","","","","",""
"2024035430","2035","2","0","0","0","0","0","0","0","0","1","0","","02","4","2024","1","40.376143","-80.097918","2022","11","0","0","0","1","0","0","0","0","","0","0","0","","","0","","2","","40 22:34.115","","0","80 05:52.504","0","0","0","0","2102","0","0","0","N","0","0","0","2","02102","0","","1.0","","1","N","N","N","0","","0","0","0","","2","","","2","0","0","0","0","0","0","2","0","2","03","03","","N","","","","","","","","","",""
"2024021289","1828","1","0","0","0","0","0","0","0","0","7","0","","02","3","2024","3","40.362663","-79.829499","1824","11","0","0","1","0","0","0","0","0","","0","0","0","","","2","N","0","","40 21:45.588","5","0","79 49:46.195","3","0","0","0","2111","0","0","0","N","0","0","0","2","02111","0","","2.0","1917.0","1","N","N","N","0","","2","0","0","","0","N","","1","2","2","0","0","0","0","2","0","1","03","03","","N","","","","","","","","","",""
"2024035326","1314","0","0","0","0","0","0","0","0","0","1","1","","02","2","2024","4","40.415886","-80.084738","1314","11","0","0","0","0","0","1","0","0","","0","1","0","","","1","N","0","","40 24:57.188","","0","80 05:05.057","3","0","0","0","2415","0","0","0","N","0","0","0","3","68B03","0","","1.0","","1","N","N","N","0","","1","0","1","","0","","","3","1","0","0","0","0","0","2","1","3","03","","","N","","","","","","","","","",""
"2024035550","1256","0","0","0","0","0","0","0","0","0","5","1","45","02","3","2024","5","40.548354","-80.121081","1236","11","0","0","0","0","0","1","1","0","","0","1","0","","","0","N","0","","40 32:54.073","","0","80 07:15.892","0","0","0","0","2215","0","0","0","N","0","0","0","2","68B03","0","","1.0","","1","N","N","N","0","","0","0","1","","8","","","2","0","0","0","0","0","0","2","0","2","03","03","U","Y","3","2","","","N","Y","","","","N"
"2024021644","2359","0","0","0","0","0","0","0","0","0","7","0","","02","3","2024","4","40.428978","-79.731303","2354","11","0","0","0","0","0","0","0","0","","0","0","0","","","0","N","0","","40 25:44.319","6","0","79 43:52.689","0","0","0","0","2446","0","0","0","N","0","0","0","1","02446","0","","4.0","235.0","9","N","N","N","0","","0","0","1","","0","Y","","1","0","0","0","0","0","0","2","0","1","07","","","N","","","","","","","","","",""
"2024021401","1353","0","0","0","0","0","0","0","0","0","7","0","","02","3","2024","7","40.365299","-79.784454","1352","11","0","0","0","0","0","0","0","1","","0","0","0","","","0","N","0","","40 21:55.078","5","0","79 47:04.036","0","0","0","0","2111","0","0","0","N","0","0","0","1","02111","0","","4.0","1430.0","9","N","N","N","2","","0","0","0","","0","N","","2","0","0","0","0","0","0","2","0","2","07","07","","N","","","","","","","","","",""
"2024020847","1525","0","0","0","0","0","0","0","0","0","7","0","","02","3","2024","1","40.397361","-80.114855","1522","11","0","0","0","0","0","1","0","0","","0","0","0","","","1","N","0","","40 23:50.500","","0","80 06:53.477","8","0","0","1","2102","0","0","0","N","0","0","0","1","02102","0","","2.0","","1","N","N","N","0","","0","0","0","","0","","","1","1","0","0","0","1","0","1","0","1","03","03","","N","","","","","","","","","",""
"2024021001","1546","2","0","0","0","0","0","0","0","0","1","0","","02","3","2024","2","40.296665","-79.919524","1544","11","0","0","0","0","1","0","0","0","","0","0","0","","","0","N","0","","40 17:47.994","2","0","79 55:10.287","0","0","0","0","2440","0","0","0","N","0","0","0","3","02440","0","","1.0","1619.0","1","N","N","N","0","","0","0","0","","2","N","","2","0","0","0","0","0","0","2","0","2","03","","","N","","","","","","","","","",""
"2024036232","1941","2","0","0","0","0","0","0","0","0","2","0","","02","1","2024","2","40.456486","-80.180484","1934","11","0","0","0","0","0","0","1","0","","0","0","0","","","1","N","0","","40 27:23.348","2","0","80 10:49.744","3","0","0","0","2213","0","0","0","N","0","0","0","3","02213","0","","1.0","2019.0","1","N","N","N","0","","1","0","0","","0","N","","2","1","0","0","0","0","0","2","0","2","03","03","","N","","","","","","","","","",""
"2024035043","1047","0","0","0","0","0","0","0","0","0","7","0","","02","4","2024","6","40.528253","-80.129407","1016","11","0","0","0","0","0","0","0","1","","0","0","0","","","1","N","0","","40 31:41.709","","0","80 07:45.864","4","0","0","0","2125","0","0","0","N","0","0","0","2","68B03","1","","2.0","","9","N","N","N","0","","0","0","1","","0","","","1","1","0","0","0","0","0","2","0","1","03","","","N","","","","","","","","","",""
"2024022283","1559","0","0","0","0","0","0","0","0","0","4","0","","02","3","2024","3","40.365361","-80.108362","1556","11","0","1","0","0","0","1","0","0","","0","0","0","","","1","N","0","","40 21:55.299","","7","80 06:30.104","3","0","0","0","2102","0","0","0","N","0","0","0","4","02102","0","","1.0","","1","N","N","N","0","","1","0","3","","2","","","3","1","0","0","0","0","0","2","0","3","03","03","","N","","","","","","","","","",""
"2024022567","1831","0","0","0","0","0","0","0","0","0","4","0","","02","3","2024","3","40.331099","-80.030703","1830","11","0","0","0","0","0","0","2","0","","0","0","0","","","0","","2","","40 19:51.956","2","0","80 01:50.529","0","0","0","0","2407","0","0","0","N","0","0","0","4","02407","0","","1.0","1858.0","1","N","N","N","1","","0","0","1","","0","N","","2","0","0","0","0","0","0","2","0","2","03","","","N","","","","","","","","","",""
"2024035930","1515","0","0","0","0","0","0","0","0","0","7","0","","02","4","2024","5","40.488653","-80.125796","1447","11","0","0","0","0","0","0","0","0","","0","0","0","","","1","N","0","","40 29:19.152","2","0","80 07:32.867","3","0","0","0","2115","0","0","0","N","0","0","0","1","68B03","0","","4.0","1610.0","9","N","N","N","0","","1","0","1","","0","N","","1","1","0","0","0","0","0","2","0","1","07","","","N","","","","","","","","","",""
"2024021340","1930","1","0","0","0","0","0","0","0","0","1","0","","02","3","2024","6","40.474491","-79.9714","1920","11","0","0","0","0","0","0","0","0","","0","0","0","","","1","","2","","40 28:28.169","6","8","79 58:17.039","3","0","0","0","2445","0","0","0","N","0","0","0","2","02445","0","","1.0","1959.0","9","N","N","N","0","","1","0","1","","2","N","","2","1","0","0","0","0","0","2","0","2","03","03","","N","","","","","","","","","",""
"2024019999","1756","1","0","0","0","0","0","0","0","0","1","0","","02","2","2024","2","40.275086","-79.892749","1751","11","0","0","0","0","0","1","0","0","","0","0","0","","","0","","6","","40 16:30.311","","8","79 53:33.898","0","0","0","0","2440","0","0","0","N","0","0","0","3","02440","0","","1.0","","1","N","N","N","0","","0","0","1","","3","","","2","0","0","0","0","0","0","2","0","2","03","","","N","","","","","","","","","",""
"2024036310","1427","0","0","0","0","0","0","0","0","0","4","1","","02","4","2024","4","40.36803","-79.817144","1418","11","0","0","0","0","0","0","0","0","","0","1","0","","","0","N","2","","40 22:04.907","","0","79 49:01.720","0","0","0","0","2111","0","0","0","N","0","0","0","2","02111","0","","1.0","","1","N","N","N","0","","0","0","1","","3","","","2","0","0","0","0","0","0","2","0","2","03","03","","N","","","","","","","","","",""
"2024020024","1232","0","0","0","0","0","0","0","0","0","1","0","","02","2","2024","5","40.435613","-79.770528","1227","11","0","0","0","0","0","0","1","1","","0","0","0","","","1","N","0","","40 26:08.206","4","0","79 46:13.900","8","0","0","0","2446","0","0","0","N","0","0","0","5","02446","0","","1.0","1300.0","1","N","N","N","1","","0","0","3","","0","N","","4","1","0","0","0","1","0","2","0","4","03","03","","N","","","","","","","","","",""
"2024036022","1005","0","0","0","0","0","0","0","0","0","4","1","","02","4","2024","4","40.667221","-79.730303","1000","11","0","0","0","0","0","1","1","0","","0","1","0","","","0","","1","","40 40:01.996","","0","79 43:49.091","0","0","0","0","2202","0","0","0","N","0","0","0","3","02202","0","","1.0","","1","N","N","N","0","","0","0","1","","1","","","2","0","0","0","0","0","0","1","0","2","03","03","","N","","","","","","","","","",""
"2024033904","1739","1","0","0","0","0","0","0","0","0","4","0","","02","4","2024","5","40.378289","-79.804137","1738","11","0","0","1","0","0","0","1","0","","0","0","0","","","0","N","2","","40 22:41.839","3","0","79 48:14.893","0","0","0","0","2111","0","0","0","N","0","0","0","2","02111","0","","1.0","1800.0","9","N","N","N","0","","0","0","1","","0","Y","","2","0","0","0","0","0","0","2","0","2","03","07","","N","","","","","","","","","",""
"2024022524","1650","0","0","0","0","0","0","0","0","0","4","0","","02","3","2024","6","40.384981","-79.862729","1646","11","0","0","0","0","0","0","0","0","","0","0","0","","","0","","2","","40 23:05.930","","0","79 51:45.824","0","0","0","0","2473","0","0","0","N","0","0","0","2","02473","0","","1.0","","1","N","N","N","0","","0","0","2","","0","","","2","0","0","0","0","0","0","2","0","2","03","03","","N","","","","","","","","","",""
"2024021747","2205","1","0","0","0","0","0","0","0","0","1","0","","02","3","2024","4","40.384271","-80.052991","2201","11","0","0","0","0","0","1","1","0","","0","0","0","","","1","Y","0","","40 23:03.376","","0","80 03:10.766","4","0","0","0","2109","0","0","0","N","0","0","0","3","02109","1","","1.0","","9","N","N","N","0","","0","0","1","","0","","","2","1","0","0","0","0","0","2","0","2","07","","","N","","","","","","","","","",""
"2024019779","0746","2","0","0","0","0","0","0","0","0","4","0","","02","2","2024","5","40.355419","-79.834865","0742","11","0","0","0","0","0","0","0","0","","0","0","0","","","0","N","0","","40 21:19.508","","7","79 50:05.513","0","0","0","0","2304","0","0","0","N","0","0","0","2","02304","0","","1.0","","1","N","N","N","0","","0","0","0","","0","","","2","0","0","0","0","0","0","2","0","2","03","03","","N","","","","","","","","","",""
"2024036656","1840","1","0","0","0","0","0","0","0","0","4","0","","02","4","2024","4","40.376591","-80.047105","1840","11","0","0","0","0","0","0","0","0","","0","0","0","","","0","","2","","40 22:35.727","6","0","80 02:49.578","0","0","0","0","2109","0","0","0","N","0","0","0","2","02109","0","","1.0","1909.0","1","N","N","N","0","","0","0","1","","3","N","","2","0","0","0","0","0","0","2","0","2","03","03","","N","","","","","","","","","",""
"2024036692","0040","0","0","0","0","0","0","0","0","0","98","0","","02","4","2024","6","40.536401","-80.124571","0034","11","0","0","0","0","0","0","0","0","","0","0","0","","","0","N","0","","40 32:11.045","","0","80 07:28.456","0","0","0","0","2125","0","0","0","N","0","0","0","1","68B03","0","","1.0","","1","N","N","N","0","","0","0","1","","0","","","1","0","0","0","0","0","0","2","0","1","03","","","N","","","","","","","","","",""
"2024019221","1137","0","0","0","0","0","0","0","0","0","7","0","","02","2","2024","3","40.480201","-79.965559","1127","11","0","0","0","0","0","0","0","0","","0","0","0","","","0","N","0","","40 28:48.723","2","0","79 57:56.011","0","0","0","0","2118","0","0","0","N","0","0","0","1","02445","0","","1.0","1200.0","9","N","N","N","0","","0","0","1","","0","N","","1","0","0","0","0","0","0","2","0","1","07","","","N","","","","","","","","","",""
"2024030517","1145","0","0","0","0","0","0","0","0","0","1","0","","02","2","2024","7","40.430039","-79.88372","1134","11","0","0","0","1","0","0","0","0","","0","0","0","","","1","N","0","","40 25:48.140","4","0","79 53:01.393","4","0","0","0","2426","0","0","0","N","0","0","0","3","68B03","1","","1.0","1155.0","1","N","N","N","1","","0","0","1","","0","N","","2","1","0","0","0","0","0","2","0","2","03","03","","N","","","","","","","","","",""
"2024035945","0737","0","0","0","0","0","0","0","0","0","7","1","","02","4","2024","4","40.43808","-79.756176","0715","11","0","0","0","0","0","0","0","0","","0","1","0","","","2","N","0","","40 26:17.087","","0","79 45:22.232","3","0","0","0","2446","0","0","0","Y","0","0","0","2","68T09","0","","2.0","","1","N","N","N","0","","1","0","0","","0","","","1","2","1","0","0","1","0","2","0","1","03","","","N","","","","","","","","","",""
"2024021029","0955","1","0","0","0","0","0","0","0","0","2","0","","02","3","2024","7","40.514399","-79.805597","0948","11","0","0","0","0","0","0","0","1","","0","0","0","","","2","","3","","40 30:51.836","5","0","79 48:20.150","3","0","0","0","2466","0","0","0","N","0","0","0","2","02466","1","","1.0","1035.0","9","N","N","N","1","","1","0","0","","0","Y","","2","2","0","0","0","0","0","2","0","2","07","04","","N","","","","","","","","","",""
"2024034813","1149","2","0","0","0","0","0","0","0","0","4","0","","02","4","2024","7","40.504495","-80.143386","1144","11","0","0","0","0","0","1","0","0","","0","0","0","","","0","N","2","","40 30:16.182","4","0","80 08:36.189","0","0","0","0","2115","0","0","0","N","0","0","0","2","02115","0","","1.0","1220.0","1","N","","N","0","","0","0","0","","3","N","","2","0","0","0","0","0","0","2","0","2","03","03","","N","","","","","","","","","",""
"2024036689","0720","0","0","0","0","0","0","0","0","0","7","0","","02","4","2024","5","40.54087","-79.823303","0701","11","0","0","0","0","0","1","0","0","","0","0","0","","","0","N","0","","40 32:27.132","3","5","79 49:23.889","0","0","0","0","2208","0","0","0","N","0","0","0","1","68T02","0","","4.0","735.0","1","N","N","N","0","","0","0","1","","0","N","","1","0","0","0","0","0","0","2","0","1","03","","","N","","","","","","","","","",""
"2024020642","1214","1","0","0","0","0","0","0","0","0","1","0","","02","2","2024","3","40.652045","-79.91675","1204","11","0","0","0","0","0","1","0","0","","0","0","0","","","1","N","0","","40 39:07.361","3","7","79 55:00.299","3","0","0","0","2220","0","0","0","N","0","0","0","4","02220","0","","1.0","1235.0","9","N","N","N","0","","1","0","1","","0","N","","3","1","0","0","0","0","0","1","0","2","07","04","","N","","","","","","","","","",""
"2024035640","1742","1","0","0","0","0","0","0","0","0","0","0","","02","4","2024","1","40.39025","-80.047678","1742","11","0","0","0","1","0","0","0","0","","0","0","0","","","0","N","0","","40 23:24.900","7","0","80 02:51.640","0","0","0","0","2109","0","0","0","N","0","0","0","4","02109","0","","1.0","1820.0","1","N","N","N","0","","0","0","0","","0","Y","","1","0","0","0","0","0","0","2","0","1","03","03","","N","","","","","","","","","",""
"2024035711","1542","1","0","0","0","0","0","1","0","0","4","1","","02","4","2024","3","40.338962","-79.959859","1541","11","0","0","0","0","0","1","0","1","","0","0","0","","","0","N","0","","40 20:20.263","","7","79 57:35.492","0","0","0","0","2454","0","0","0","N","0","0","0","2","02454","0","","1.0","","1","N","N","N","0","","0","0","0","","0","","","2","0","0","0","0","0","0","2","0","2","03","03","","N","","","","","","","","","",""
"2024036719","1639","2","0","0","0","0","0","0","0","0","4","0","","02","4","2024","6","40.484929","-79.856427","1630","11","0","0","0","0","0","2","0","0","","0","0","0","","","0","Y","0","","40 29:05.744","","7","79 51:23.138","0","0","0","0","2113","0","0","0","N","0","0","0","3","02113","0","","1.0","","1","N","N","Y","0","","0","0","1","","2","","","3","0","0","0","0","0","0","2","0","3","03","03","","N","","","","","","","","","",""
"2024029688","1706","0","0","0","0","0","0","0","0","0","1","0","","02","4","2024","5","40.34648","-79.955727","1703","11","0","0","0","0","0","2","0","0","","0","0","0","","","1","N","0","","40 20:47.329","","0","79 57:20.617","3","0","0","0","2473","0","0","0","N","0","0","0","3","02473","0","","1.0","","9","N","N","N","2","","1","0","1","","0","","","3","1","0","0","0","0","0","2","0","3","07","06","","N","","","","","","","","","",""
"2024020893","0724","1","0","0","0","0","0","0","0","0","7","0","","02","3","2024","2","40.467937","-79.793643","0723","11","0","0","0","0","0","0","0","0","","0","0","0","","","0","N","0","","40 28:04.574","","0","79 47:37.113","0","0","0","0","2113","0","0","0","N","0","0","0","1","02113","0","","2.0","","1","N","N","N","0","","0","0","1","","0","","","2","0","0","0","0","0","0","2","0","2","03","03","","N","","","","","","","","","",""
"2024031062","0914","1","0","0","0","0","0","0","0","0","1","0","","02","3","2024","5","40.420794","-80.040645","0908","11","0","0","0","0","0","0","0","0","","0","0","0","","","0","N","0","","40 25:14.860","","0","80 02:26.321","0","0","0","0","2435","0","0","0","N","0","0","0","2","68B03","0","","1.0","","1","N","N","N","1","","0","0","0","","0","","","2","0","0","0","0","0","0","2","0","2","03","","","N","","","","","","","","","",""
"2024025780","0814","1","0","0","0","0","0","0","0","0","0","0","","02","2","2024","4","40.354136","-80.118503","0801","11","0","0","0","0","0","0","0","0","","0","0","0","","","0","N","0","","40 21:14.890","","2","80 07:06.612","0","0","0","0","2119","0","0","0","N","0","0","0","1","68B03","0","","7.0","","1","N","N","N","0","","0","0","0","","0","","","1","0","0","0","0","0","0","2","0","1","03","","","N","","","","","","","","","",""
"2024036142","1839","0","0","0","0","0","0","0","0","0","5","0","","02","4","2024","2","40.437209","-80.014549","1836","11","0","0","0","0","0","0","0","0","","0","0","0","","","0","N","0","","40 26:13.952","","0","80 00:52.375","0","0","0","0","2301","0","0","0","N","0","0","0","1","68B03","0","","1.0","","1","N","N","N","2","","0","0","0","","0","","","2","0","0","0","0","0","0","2","0","2","03","","","N","","","","","","","","","",""
"2024021466","0937","1","0","0","0","0","0","0","0","0","4","0","","02","3","2024","3","40.429999","-79.957723","0922","11","0","0","0","0","0","0","1","0","","0","0","0","","","2","","1","","40 25:47.997","","3","79 57:27.802","3","0","0","0","2301","0","0","0","N","0","0","0","2","02301","0","","1.0","","1","N","N","N","0","","1","0","1","","2","","","2","2","0","0","0","1","0","2","0","2","03","","","N","","","","","","","","","",""
"2024013684","1405","0","0","0","0","0","0","0","0","0","7","0","","02","2","2024","5","40.545617","-79.822514","1359","11","0","0","0","0","0","0","0","0","","0","0","0","","","1","N","0","","40 32:44.220","2","0","79 49:21.049","3","0","0","0","2208","0","0","0","N","0","0","0","1","02208","0","","5.0","1425.0","1","N","N","N","0","","1","0","1","","0","N","","1","1","0","0","0","0","0","2","0","1","03","03","","N","","","","","","","","","",""
"2024012659","1123","2","0","0","0","0","0","0","0","0","1","0","","02","2","2024","6","40.594493","-79.947757","1121","11","0","0","0","0","0","0","0","0","","0","0","0","","","0","","3","","40 35:40.176","1","0","79 56:51.924","0","0","0","0","2207","0","0","0","N","0","0","0","3","02207","0","","1.0","1149.0","1","N","N","N","0","","0","0","0","","0","N","","2","0","0","0","0","0","0","2","0","2","03","04","","N","","","","","","","","","",""
"2024020386","2303","0","0","0","0","0","0","0","0","0","5","0","","02","3","2024","7","40.500616","-80.027602","2253","11","0","0","0","0","0","0","0","0","","0","0","0","","","0","N","0","","40 30:02.219","6","0","80 01:39.366","0","0","0","0","2116","0","0","0","N","0","0","0","1","02116","0","","6.0","8.0","1","N","N","N","0","","0","0","3","","0","Y","","3","0","0","0","0","0","0","2","0","3","03","03","","N","","","","","","","","","",""
"2024035967","0922","0","0","0","0","0","0","0","0","0","5","1","","02","4","2024","2","40.427483","-80.030691","0904","11","0","0","0","0","0","1","0","0","","0","1","0","","","0","N","0","","40 25:38.940","","0","80 01:50.488","0","0","0","0","2301","0","0","0","N","0","0","0","2","68B03","0","","1.0","","1","N","N","N","0","","0","0","1","","0","","","2","0","0","0","0","0","0","2","0","2","03","03","","N","","","","","","","","","",""
"2024036190","1549","1","0","0","0","0","0","0","0","0","1","0","","02","4","2024","2","40.420313","-80.037883","1532","11","0","0","0","1","0","0","0","0","","0","0","0","","","1","N","0","","40 25:13.127","3","0","80 02:16.377","3","0","0","0","2301","0","0","0","N","0","0","0","2","68B03","0","","1.0","1556.0","1","N","N","N","0","","1","0","0","","0","N","","2","1","0","0","0","0","0","2","1","2","03","","","N","","","","","","","","","",""
"2024020189","0100","2","0","0","0","0","0","0","0","0","6","0","","02","3","2024","7","40.503142","-80.073142","0058","11","0","0","0","0","0","0","0","0","","0","0","0","","","0","N","0","","40 30:11.310","7","0","80 04:23.310","0","0","0","0","2402","0","0","0","N","0","0","0","1","02402","0","","6.0","147.0","9","N","N","N","0","","0","0","0","","0","Y","","2","0","0","0","0","0","0","2","0","2","07","","","N","","","","","","","","","",""
"2024021748","1424","1","0","0","0","0","0","0","0","0","1","0","","02","3","2024","1","40.373766","-80.006356","1422","11","0","1","0","0","0","1","1","0","","0","0","0","","","6","","1","","40 22:25.556","2","0","80 00:22.883","4","0","0","0","2416","0","0","0","N","0","0","0","8","02416","1","","1.0","1450.0","1","N","N","N","0","","0","0","3","","2","N","","4","6","0","0","0","5","0","2","0","4","03","03","","N","","","","","","","","","",""
"2024036583","2302","0","0","0","0","0","0","0","0","0","7","0","","02","4","2024","7","40.424837","-80.14497","2256","11","0","0","0","0","0","0","1","0","","1","0","0","","","0","N","0","","40 25:29.412","5","0","80 08:41.891","1","0","0","0","2102","0","0","0","N","0","0","0","1","02102","0","2","5.0","126.0","1","N","N","N","1","0","0","0","0","","0","N","","1","0","1","1","0","0","0","2","0","1","03","","","N","","","","","","","","","",""