"CRN","ARRIVAL_TM","AUTOMOBILE_COUNT","BELTED_DEATH_COUNT","BELTED_SUSP_SERIOUS_INJ_COUNT","BICYCLE_COUNT","BICYCLE_DEATH_COUNT","BICYCLE_SUSP_SERIOUS_INJ_COUNT","BUS_COUNT","CHLDPAS_DEATH_COUNT","CHLDPAS_SUSP_SERIOUS_INJ_COUNT","COLLISION_TYPE","COMM_VEH_COUNT","CONS_ZONE_SPD_LIM","COUNTY","CRASH_MONTH","CRASH_YEAR","DAY_OF_WEEK","DEC_LATITUDE","DEC_LONGITUDE","DISPATCH_TM","DISTRICT","DRIVER_COUNT_16YR","DRIVER_COUNT_17YR","DRIVER_COUNT_18YR","DRIVER_COUNT_19YR","DRIVER_COUNT_20YR","DRIVER_COUNT_50_64YR","DRIVER_COUNT_65_74YR","DRIVER_COUNT_75PLUS","EST_HRS_CLOSED","FATAL_COUNT","HEAVY_TRUCK_COUNT","HORSE_BUGGY_COUNT","HOUR_OF_DAY","ILLUMINATION","INJURY_COUNT","INTERSECTION_RELATED","INTERSECT_TYPE","LANE_CLOSED","LATITUDE","LN_CLOSE_DIR","LOCATION_TYPE","LONGITUDE","MAX_SEVERITY_LEVEL","MCYCLE_DEATH_COUNT","MCYCLE_SUSP_SERIOUS_INJ_COUNT","MOTORCYCLE_COUNT","MUNICIPALITY","NONMOTR_COUNT","NONMOTR_DEATH_COUNT","NONMOTR_SUSP_SERIOUS_INJ_COUNT","NTFY_HIWY_MAINT","PED_COUNT","PED_DEATH_COUNT","PED_SUSP_SERIOUS_INJ_COUNT","PERSON_COUNT","POLICE_AGCY","POSSIBLE_INJ_COUNT","RDWY_SURF_TYPE_CD","RELATION_TO_ROAD","ROADWAY_CLEARED","ROAD_CONDITION","SCH_BUS_IND","SCH_ZONE_IND","SECONDARY_CRASH","SMALL_TRUCK_COUNT","SPEC_JURIS_CD","SUSP_MINOR_INJ_COUNT","SUSP_SERIOUS_INJ_COUNT","SUV_COUNT","TCD_FUNC_CD","TCD_TYPE","TFC_DETOUR_IND","TIME_OF_DAY","TOTAL_UNITS","TOT_INJ_COUNT","UNBELTED_OCC_COUNT","UNB_DEATH_COUNT","UNB_SUSP_SERIOUS_INJ_COUNT","UNK_INJ_DEG_COUNT","UNK_INJ_PER_COUNT","URBAN_RURAL","VAN_COUNT","VEHICLE_COUNT","WEATHER1","WEATHER2","WORKERS_PRES","WORK_ZONE_IND","WORK_ZONE_LOC","WORK_ZONE_TYPE","WZ_CLOSE_DETOUR","WZ_FLAGGER","WZ_LAW_OFFCR_IND","WZ_LN_CLOSURE","WZ_MOVING","WZ_OTHER","WZ_SHLDER_MDN","WZ_WORKERS_INJ_KILLED"
"2024026633","1441","0","0","0","0","0","0","0","0","0","1","0","","02","3","2024","2","40.570438","-80.105122","1438","11","1","0","0","0","0","1","0","0","","0","0","0","","","1","","2","","40 34:13.575","1","0","80 06:18.438","8","0","0","0","2481","0","0","0","N","0","0","0","3","02481","0","","1.0","1500.0","1","N","N","N","1","","0","0","1","","0","N","","2","1","1","0","0","1","0","2","0","2","03","03","","N","","","","","","","","","",""
"2024035959","0446","1","0","0","0","0","0","0","0","0","1","1","","02","4","2024","1","40.423853","-80.110686","0439","11","0","0","0","0","0","1","0","0","","0","1","0","","","0","N","0","","40 25:25.870","","2","80 06:38.470","0","0","0","0","2115","0","0","0","N","0","0","0","2","68B03","0","","1.0","","1","N","N","N","0","","0","0","0","","0","","","2","0","0","0","0","0","0","2","0","2","03","","","N","","","","","","","","","",""
"2024035362","1801","1","0","0","0","0","0","0","0","0","1","1","45","02","4","2024","3","40.475591","-80.119099","1739","11","0","0","0","0","0","0","0","0","","0","1","0","","","0","N","0","","40 28:32.129","","0","80 07:08.757","0","0","0","0","2115","0","0","0","N","0","0","0","4","68B03","0","","1.0","","1","N","N","N","0","","0","0","1","","0","","","3","0","0","0","0","0","0","2","0","3","03","","N","Y","4","1","","","N","Y","","","Y","N"
"2024029557","0310","0","0","0","0","0","0","0","0","0","7","0","","02","2","2024","4","40.40983","-79.825924","0251","11","0","0","0","0","0","0","0","0","","0","0","0","","","0","N","0","","40 24:35.387","","0","79 49:33.326","0","0","0","0","2467","0","0","0","N","0","0","0","1","68B03","0","","4.0","","9","N","N","N","0","","0","0","1","","0","","","1","0","0","0","0","0","0","2","0","1","07","04","","N","","","","","","","","","",""
"2024036175","1059","2","0","0","0","0","0","0","0","0","1","0","","02","4","2024","5","40.428228","-79.927039","1059","11","0","0","0","0","1","0","1","0","","0","0","0","","","1","N","0","","40 25:41.621","","0","79 55:37.340","3","0","0","0","2301","0","0","0","N","0","0","0","3","68B03","0","","1.0","","1","N","N","N","0","","1","0","0","","0","","","2","1","0","0","0","0","0","2","0","2","03","","","N","","","","","","","","","",""
"2024036299","0117","1","0","0","0","0","0","0","0","0","98","0","","02","4","2024","2","40.655283","-80.073359","0056","11","0","0","0","0","0","0","0","0","","0","0","0","","","0","N","0","","40 39:19.017","3","5","80 04:24.092","0","0","0","0","2212","0","0","0","N","0","0","0","1","68T02","0","","1.0","139.0","1","N","N","N","0","","0","0","0","","0","N","","1","0","0","0","0","0","0","2","0","1","03","","","N","","","","","","","","","",""
"2024035107","1844","1","0","0","0","0","0","0","0","0","4","0","","02","4","2024","1","40.592036","-80.01446","1837","11","0","0","1","0","0","0","0","0","","0","0","0","","","1","N","1","","40 35:31.328","1","0","80 00:52.056","8","0","0","0","2108","0","0","0","N","0","0","0","2","02501","0","","1.0","1930.0","1","N","N","N","0","","0","0","1","","2","Y","","2","1","0","0","0","1","0","2","0","2","03","03","","N","","","","","","","","","",""
"2024035073","1616","1","0","0","0","0","0","0","0","0","5","0","","02","4","2024","5","40.441946","-79.80062","1505","11","0","0","0","0","0","0","0","0","","0","0","0","","","0","N","0","","40 26:31.005","3","0","79 48:02.231","9","0","0","0","2113","0","0","0","N","0","0","0","2","68B03","0","","1.0","1616.0","1","N","N","N","0","","0","0","0","","0","N","","2","0","0","0","0","0","1","2","0","2","03","","","N","","","","","","","","","",""
"2024020250","1817","2","0","0","0","0","0","0","0","0","4","0","","02","2","2024","2","40.343389","-79.940667","1742","11","0","0","0","0","0","1","0","0","","0","0","0","","","0","","2","","40 20:36.200","","7","79 56:26.400","0","0","0","0","2473","0","0","0","N","0","0","0","2","02473","0","","1.0","","1","N","N","N","0","","0","0","0","","3","","","2","0","0","0","0","0","0","2","0","2","03","03","","N","","","","","","","","","",""
"2024028500","1513","1","0","0","0","0","0","0","0","0","4","0","","02","3","2024","4","40.367131","-79.964044","1508","11","0","0","0","1","0","0","0","0","","0","0","0","","","1","","1","","40 22:01.670","","0","79 57:50.557","3","0","0","0","2476","0","0","0","N","0","0","0","4","02476","0","","1.0","","9","N","N","N","0","","1","0","1","","3","","","2","1","0","0","0","0","0","2","0","2","07","","","N","","","","","","","","","",""
"2024020191","0229","1","0","0","0","0","0","0","0","0","7","0","","02","3","2024","6","40.47246","-79.973088","0227","11","0","0","0","0","0","0","0","0","","0","0","0","","","0","N","0","","40 28:20.857","2","0","79 58:23.117","0","0","0","0","2445","0","0","0","N","0","0","0","1","02445","0","","2.0","330.0","1","N","N","N","0","","0","0","0","","0","Y","","1","0","0","0","0","0","0","2","0","1","03","","","N","","","","","","","","","",""
"2024021495","0939","0","0","0","0","0","0","0","0","0","4","0","","02","2","2024","3","40.633613","-79.938655","0935","11","0","0","0","0","0","0","0","1","","0","0","0","","","0","","1","","40 38:01.006","6","0","79 56:19.159","0","0","0","0","2217","0","0","0","N","0","0","0","2","02505","0","","1.0","1014.0","1","N","N","N","0","","0","0","1","","3","N","","2","0","0","0","0","0","0","2","1","2","03","","","N","","","","","","","","","",""
"2024020366","2055","1","0","0","0","0","0","0","0","0","5","0","","02","3","2024","7","40.468892","-79.840369","2045","11","0","0","0","0","0","0","0","0","","0","0","0","","","1","N","0","","40 28:08.011","6","0","79 50:25.329","8","0","0","0","2113","0","0","0","N","0","0","0","1","02113","0","","6.0","2147.0","1","N","N","N","0","","0","0","1","","0","N","","2","1","1","0","0","1","0","2","0","2","03","03","","N","","","","","","","","","",""
"2024022955","2023","1","0","0","0","0","0","0","0","0","4","0","","02","3","2024","3","40.586551","-79.950374","2017","11","0","0","0","0","0","0","0","0","","0","0","0","","","1","","2","","40 35:11.584","","0","79 57:01.345","3","0","0","0","2207","0","0","0","N","0","0","0","7","02207","0","","1.0","","9","N","N","N","0","","1","0","0","","0","","","2","1","0","0","0","0","0","2","1","2","07","","","N","","","","","","","","","",""
"2024033913","0809","0","0","1","0","0","0","0","0","0","2","0","","02","4","2024","4","40.563562","-80.208264","0805","11","0","0","0","0","0","0","0","1","","1","0","0","","","1","N","0","","40 33:48.824","2","0","80 12:29.752","1","0","0","0","2441","0","0","0","N","0","0","0","2","02501","0","2","1.0","1053.0","1","N","N","N","1","0","0","1","1","","0","Y","","2","1","1","1","0","0","0","2","0","2","03","03","","N","","","","","","","","","",""
"2024024985","1020","1","0","0","0","0","0","0","0","0","8","0","","02","3","2024","4","40.446525","-79.951884","1017","11","0","0","0","0","0","0","0","0","","0","0","0","","","1","","1","","40 26:47.490","","0","79 57:06.781","3","0","0","0","2301","1","0","0","N","1","0","0","2","02506","0","","1.0","","9","N","N","N","0","","1","0","0","","2","","","2","1","1","0","0","0","0","2","0","1","07","04","","N","","","","","","","","","",""
"2024020289","1223","1","0","0","0","0","0","0","0","0","4","0","","02","3","2024","6","40.533808","-80.071184","1223","11","0","0","0","0","0","0","2","0","","0","0","0","","","1","","2","","40 32:01.710","4","0","80 04:16.261","8","0","0","0","2215","0","0","0","N","0","0","0","2","02215","0","","1.0","1245.0","1","N","N","N","0","","0","0","1","","2","N","","2","1","0","0","0","1","0","2","0","2","03","03","","N","","","","","","","","","",""
"2024021389","0804","2","0","0","0","0","0","0","0","0","1","0","","02","3","2024","2","40.424233","-80.111334","0757","11","0","0","0","0","0","1","0","0","","0","0","0","","","0","N","0","","40 25:27.237","3","0","80 06:40.801","0","0","0","0","2115","0","0","0","N","0","0","0","6","68B03","0","","1.0","825.0","1","Y","N","N","1","","0","0","1","","0","N","","5","0","0","0","0","0","0","2","1","5","03","","","N","","","","","","","","","",""
"2024009320","1346","0","0","0","0","0","0","0","0","0","4","0","","02","1","2024","4","40.448936","-80.162794","1345","11","0","0","0","0","0","1","0","0","","0","0","0","","","0","N","0","","40 26:56.170","2","7","80 09:46.060","0","0","0","0","2115","0","0","0","N","0","0","0","2","02115","0","","1.0","1420.0","9","N","N","N","0","","0","0","2","","0","N","","2","0","0","0","0","0","0","2","0","2","07","","","N","","","","","","","","","",""
"2024020491","0818","0","0","0","0","0","0","0","0","0","4","0","","02","2","2024","5","40.239115","-79.86633","0812","11","0","0","0","0","0","1","0","0","","0","0","0","","","2","","1","","40 14:20.813","3","0","79 51:58.787","3","0","0","0","2204","0","0","0","N","0","0","0","2","02105","1","","1.0","907.0","1","N","N","N","1","","1","0","1","","0","Y","","2","2","0","0","0","0","0","1","0","2","03","03","","N","","","","","","","","","",""
"2024031300","1321","0","0","0","0","0","0","0","0","0","4","0","","02","4","2024","2","40.424146","-80.043428","1318","11","0","0","0","0","0","1","1","0","","0","0","0","","","0","","1","","40 25:26.926","","0","80 02:36.342","0","0","0","0","2435","0","0","0","N","0","0","0","2","02435","0","","1.0","","1","N","N","N","0","","0","0","1","","8","","","2","0","0","0","0","0","0","2","1","2","03","","","N","","","","","","","","","",""
"2024020317","1808","1","0","0","0","0","0","0","0","0","4","0","","02","3","2024","7","40.460185","-79.866421","1754","11","0","0","0","0","0","0","0","0","","0","0","0","","","1","N","0","","40 27:36.665","1","0","79 51:59.116","3","0","0","0","2113","0","0","0","N","0","0","0","3","02113","0","","1.0","1835.0","1","N","N","N","0","","1","0","1","","0","Y","","2","1","0","0","0","0","0","2","0","2","03","04","","N","","","","","","","","","",""
"2024035702","2335","0","0","0","0","0","0","0","0","0","7","0","","02","1","2024","6","40.405303","-79.990867","2335","11","0","0","0","0","0","0","0","0","","0","0","0","","","0","","2","","40 24:19.089","","0","79 59:27.120","9","0","0","0","2301","0","0","0","N","0","0","0","1","02301","0","","4.0","","99","N","N","N","0","","0","0","1","","0","","","1","0","0","0","0","0","1","2","0","1","99","","","N","","","","","","","","","",""
"2024008805","1411","0","0","0","0","0","0","0","0","0","7","0","","02","1","2024","1","40.375796","-79.896986","1407","11","0","0","0","0","0","0","0","0","","0","0","0","","","0","N","0","","40 22:32.866","6","0","79 53:49.148","0","0","0","0","2448","0","0","0","N","0","0","0","2","02448","0","","4.0","1456.0","1","N","N","Y","1","","0","0","0","","0","Y","","1","0","0","0","0","0","0","2","0","1","03","03","","N","","","","","","","","","",""
"2024017792","0242","0","0","0","0","0","0","0","0","0","6","0","","02","2","2024","5","40.471986","-79.810102","0238","11","0","0","0","0","0","0","0","0","","0","0","0","","","0","N","0","","40 28:19.150","","0","79 48:36.368","0","0","0","0","2113","0","0","0","N","0","0","0","1","02113","0","","6.0","","1","N","N","N","0","","0","0","2","","0","","","2","0","0","0","0","0","0","2","0","2","03","03","","N","","","","","","","","","",""
"2024015368","0835","0","0","0","0","0","0","0","0","0","1","1","","02","2","2024","4","40.535888","-80.194735","0830","11","0","0","0","0","0","1","1","0","","0","1","0","","","1","N","0","","40 32:09.197","","0","80 11:41.046","3","0","0","0","2213","0","0","0","N","0","0","0","2","02213","0","","1.0","","1","N","N","N","0","","1","0","1","","0","","","2","1","0","0","0","0","0","2","0","2","03","","","N","","","","","","","","","",""
"2024015952","0652","0","0","0","0","0","0","0","0","0","1","0","","02","2","2024","6","40.621409","-79.943726","0635","11","0","0","0","0","0","2","1","0","","0","0","0","","","0","Y","0","","40 37:17.072","2","0","79 56:37.414","0","0","0","0","2217","0","0","0","N","0","0","0","5","02505","0","","1.0","720.0","1","N","N","N","1","","0","0","2","","2","N","","4","0","1","0","0","0","0","2","1","4","03","","","N","","","","","","","","","",""
"2024019009","2340","1","0","0","0","0","0","0","0","0","7","0","","02","2","2024","2","40.353794","-79.888657","2337","11","0","0","0","0","0","0","0","0","","0","0","0","","","0","","2","","40 21:13.660","6","0","79 53:19.166","0","0","0","0","2423","0","0","0","N","0","0","0","1","02304","0","","4.0","15.0","1","N","N","N","0","","0","0","0","","3","Y","","1","0","0","0","0","0","0","2","0","1","03","03","","N","","","","","","","","","",""
"2024015356","0950","2","0","0","0","0","0","0","0","0","4","0","","02","2","2024","4","40.405276","-79.82719","0950","11","0","1","0","0","0","0","0","1","","0","0","0","","","0","","3","","40 24:18.994","","0","79 49:37.884","0","0","0","0","2467","0","0","0","N","0","0","0","2","02467","0","","1.0","","1","N","N","N","0","","0","0","0","","3","","","2","0","0","0","0","0","0","2","0","2","03","","","N","","","","","","","","","",""
"2024011749","0211","1","0","0","0","0","0","0","0","0","6","0","","02","2","2024","5","40.380559","-79.876988","0210","11","0","0","0","0","0","0","0","0","","0","0","0","","","0","N","0","","40 22:50.012","7","0","79 52:37.157","0","0","0","0","2473","0","0","0","N","0","0","0","2","02473","0","","1.0","240.0","1","N","N","N","0","","0","0","1","","0","N","","2","0","1","0","0","0","0","2","0","2","03","03","","N","","","","","","","","","",""
"2024029559","2137","0","0","0","0","0","0","0","0","0","1","0","","02","3","2024","1","40.45018","-80.16802","2126","11","0","0","0","0","0","0","0","0","","0","0","0","","","4","N","0","","40 27:00.647","4","0","80 10:04.873","3","0","0","0","2115","0","0","0","N","0","0","0","4","68B03","0","","1.0","2218.0","1","N","N","N","0","","4","0","2","","0","N","","2","4","0","0","0","0","0","2","0","2","03","","","N","","","","","","","","","",""
"2024017088","1739","0","0","0","0","0","0","0","0","0","1","0","","02","2","2024","2","40.614159","-80.099303","1739","11","0","0","0","0","0","0","1","0","","0","0","0","","","1","Y","0","","40 36:50.972","4","0","80 05:57.492","3","0","0","0","2481","0","0","0","N","0","0","0","2","02481","0","","1.0","1745.0","1","N","N","N","0","","1","0","2","","0","N","","2","1","0","0","0","0","0","1","0","2","03","03","","N","","","","","","","","","",""
"2024011933","1933","1","0","0","0","0","0","0","0","0","4","0","","02","1","2024","3","40.427708","-79.720438","1923","11","0","0","0","0","0","0","0","0","","0","0","0","","","0","N","0","","40 25:39.749","","7","79 43:13.575","0","0","0","0","2446","0","0","0","N","0","0","0","2","02446","0","","1.0","","9","N","N","Y","0","","0","0","1","","0","","","2","0","0","0","0","0","0","2","0","2","03","03","","N","","","","","","","","","",""
"2024016546","1619","0","0","0","0","0","0","0","0","0","1","0","","02","2","2024","1","40.407209","-79.913765","1613","11","0","0","0","0","0","1","0","0","","0","0","0","","","3","Y","0","","40 24:25.954","1","3","79 54:49.555","8","0","0","0","2438","0","0","0","N","0","0","0","4","02438","0","","1.0","1652.0","1","N","N","N","0","","0","0","2","","2","N","","2","3","0","0","0","3","1","2","0","2","03","","","N","","","","","","","","","",""
"2024012131","1031","1","0","0","0","0","0","0","0","0","4","0","","02","1","2024","7","40.427431","-79.721496","1026","11","0","0","0","0","0","1","0","0","","0","0","0","","","1","","1","","40 25:38.750","","0","79 43:17.387","4","0","0","0","2446","0","0","0","N","0","0","0","2","02446","1","","1.0","","1","N","N","N","0","","0","0","1","","2","","","2","1","0","0","0","0","0","2","0","2","03","03","","N","","","","","","","","","",""
"2024012817","1531","1","0","0","0","0","0","0","0","0","1","0","","02","2","2024","7","40.362483","-79.931917","1531","11","0","0","0","0","0","0","0","1","","0","0","0","","","1","Y","0","","40 21:44.940","2","0","79 55:54.902","8","0","0","0","2473","0","0","0","N","0","0","0","4","02473","0","","1.0","1550.0","1","N","N","N","0","","0","0","1","","0","Y","","2","1","1","0","0","1","1","2","0","2","03","03","","N","","","","","","","","","",""
"2024010188","1155","1","0","0","0","0","0","0","0","0","4","0","","02","1","2024","7","40.552139","-80.023336","1146","11","0","0","0","0","0","0","0","0","","0","0","0","","","1","","2","","40 33:07.701","","7","80 01:24.009","3","0","0","0","2116","0","0","0","N","0","0","0","2","02116","0","","1.0","","1","N","N","N","0","","1","0","1","","0","","","2","1","0","0","0","0","0","2","0","2","03","03","","N","","","","","","","","","",""
"2024018519","1713","2","0","0","0","0","0","0","0","0","6","0","","02","2","2024","6","40.451191","-80.108757","1708","11","0","0","0","0","0","1","0","0","","0","0","0","","","1","N","0","","40 27:04.287","","0","80 06:31.525","4","0","0","0","2126","0","0","0","N","0","0","0","3","02126","1","","1.0","","1","N","N","N","0","","0","0","0","","0","","","2","1","0","0","0","0","0","2","0","2","03","03","","N","","","","","","","","","",""
"2024023639","1234","1","0","0","0","0","0","0","0","0","7","0","","02","1","2024","6","40.442037","-79.824794","1221","11","0","1","0","0","0","0","0","0","","0","0","0","","","0","N","0","","40 26:31.332","3","0","79 49:29.257","0","0","0","0","2124","0","0","0","N","0","0","0","1","68B03","0","","3.0","1245.0","6","N","N","N","0","","0","0","0","","0","N","","1","0","0","0","0","0","0","2","0","1","10","04","","N","","","","","","","","","",""
"2024034519","1331","1","0","0","0","0","0","0","0","0","4","0","","02","4","2024","4","40.600371","-79.888671","1322","11","0","0","0","0","0","0","1","0","","0","0","0","","","1","","3","","40 36:01.334","3","0","79 53:19.217","3","0","0","0","2220","0","0","0","Y","0","0","0","2","02220","0","","1.0","1350.0","1","N","N","N","0","","1","0","1","","0","N","","2","1","0","0","0","0","0","2","0","2","03","03","","N","","","","","","","","","",""
"2024018020","1931","0","0","0","0","0","0","0","0","0","6","0","","02","2","2024","5","40.611369","-80.04667","1927","11","0","0","1","0","0","0","0","0","","0","0","0","","","0","N","0","","40 36:40.928","5","0","80 02:48.011","0","0","0","0","2108","0","0","0","N","0","0","0","1","02108","0","","6.0","2018.0","9","N","N","N","0","","0","0","2","","0","N","","2","0","0","0","0","0","0","2","0","2","05","07","","N","","","","","","","","","",""
"2024017495","1623","1","0","0","0","0","0","0","0","0","8","0","","02","2","2024","3","40.351667","-79.856361","1621","11","0","0","0","0","0","0","0","1","","0","0","0","","","1","N","0","","40 21:06.000","6","0","79 51:22.900","8","0","0","0","2304","1","0","0","N","1","0","0","2","02304","0","","1.0","1700.0","1","N","N","N","0","","0","0","0","","0","Y","","2","1","0","0","0","1","0","2","0","1","03","03","","N","","","","","","","","","",""
"2024016825","1750","1","0","0","0","0","0","0","0","0","4","0","","02","2","2024","2","40.447693","-80.164354","1745","11","0","0","0","0","0","0","1","0","","0","0","0","","","2","","2","","40 26:51.693","4","2","80 09:51.676","3","0","0","0","2115","0","0","0","N","0","0","0","2","02115","1","","1.0","1825.0","1","N","N","N","0","","1","0","1","","2","N","","2","2","0","0","0","0","0","2","0","2","03","03","","N","","","","","","","","","",""
"2024033314","1945","2","0","0","0","0","0","0","0","0","4","0","","02","4","2024","6","40.518336","-80.219044","1941","11","0","0","0","1","0","0","0","0","","0","0","0","","","1","N","0","","40 31:06.009","","7","80 13:08.559","3","0","0","0","2213","0","0","0","N","0","0","0","3","02213","0","","1.0","","9","N","N","N","0","","1","0","0","","0","","","2","1","0","0","0","0","0","2","0","2","07","07","","N","","","","","","","","","",""
"2024020076","1635","2","0","0","0","0","0","0","0","0","1","0","","02","2","2024","5","40.403857","-79.952832","1635","11","0","0","0","1","0","0","0","0","","0","0","0","","","2","N","0","","40 24:13.885","","0","79 57:10.196","4","0","0","0","2403","0","0","0","N","0","0","0","6","02403","1","","1.0","","9","N","N","N","0","","0","0","1","","0","","","3","2","0","0","0","1","1","2","0","3","07","","","N","","","","","","","","","",""
"2024019930","2133","1","0","0","0","0","0","0","0","0","4","0","","02","2","2024","6","40.482161","-79.972845","2136","11","0","1","0","0","0","0","0","0","","0","0","0","","","0","N","0","","40 28:55.778","6","0","79 58:22.241","0","0","0","0","2445","0","0","0","N","0","0","0","2","02445","0","","1.0","2159.0","7","N","N","N","0","","0","0","1","","0","Y","","2","0","0","0","0","0","0","2","0","2","10","02","","N","","","","","","","","","",""
"2024009722","1704","2","0","0","0","0","0","0","0","0","1","0","","02","1","2024","5","40.398718","-79.820857","1700","11","0","0","0","0","0","1","1","1","","0","0","0","","","1","","2","","40 23:55.384","2","7","79 49:15.086","3","0","0","0","2111","0","0","0","N","0","0","0","3","02111","0","","1.0","1730.0","1","N","N","N","0","","1","0","0","","0","Y","","3","1","1","0","0","0","0","2","1","3","03","03","","N","","","","","","","","","",""
"2024007791","2233","1","0","0","0","0","0","0","0","0","7","0","","02","1","2024","6","40.451027","-80.29795","2227","11","0","0","0","0","0","0","0","0","","0","0","0","","","0","N","0","","40 27:03.697","7","0","80 17:52.621","0","0","0","0","2203","0","0","0","N","0","0","0","2","02203","0","","4.0","158.0","7","N","N","N","0","","0","0","0","","0","Y","","1","0","0","0","0","0","0","1","0","1","10","","","N","","","","","","","","","",""
"2024020462","0950","1","0","0","0","0","0","0","0","0","7","0","","02","3","2024","1","40.422404","-79.885866","0948","11","0","0","0","0","0","0","0","1","","0","0","0","","","1","","2","","40 25:20.653","","0","79 53:09.116","3","0","0","0","2463","0","0","0","N","0","0","0","1","02463","0","","4.0","","1","N","N","N","0","","1","0","0","","2","","","1","1","0","0","0","0","0","2","0","1","03","03","","N","","","","","","","","","",""
"2024034502","1101","1","0","0","0","0","0","0","0","0","7","0","","02","4","2024","3","40.429437","-79.876262","1035","11","0","0","0","0","0","0","0","0","","0","0","0","","","0","N","0","","40 25:45.974","3","0","79 52:34.544","0","0","0","0","2426","0","0","0","N","0","0","0","1","68B03","0","","4.0","1148.0","9","N","N","N","0","","0","0","0","","0","N","","1","0","0","0","0","0","0","2","0","1","07","07","","N","","","","","","","","","",""
"2024013458","1637","1","0","0","0","0","0","0","0","0","7","0","","02","2","2024","5","40.390491","-79.948885","1634","11","0","0","0","0","0","0","0","0","","0","0","0","","","1","N","0","","40 23:25.767","6","0","79 56:55.986","4","0","0","0","2403","0","0","0","N","0","0","0","4","02403","1","","4.0","1734.0","1","N","N","N","0","","0","0","1","","0","Y","","2","1","0","0","0","0","0","2","0","2","03","03","","N","","","","","","","","","",""
"2024014303","1500","1","0","0","0","0","0","0","0","0","4","0","","02","2","2024","6","40.43865","-79.747143","1455","11","0","0","0","0","0","1","0","0","","0","0","0","","","4","N","0","","40 26:19.141","6","7","79 44:49.713","3","0","0","0","2446","0","0","0","N","0","0","0","4","02446","0","","1.0","1552.0","1","N","N","N","0","","4","0","1","","2","Y","","2","4","0","0","0","0","0","2","0","2","03","03","","N","","","","","","","","","",""
"2024034562","1730","1","0","0","0","0","0","0","0","0","1","0","","02","4","2024","2","40.333393","-80.071139","1717","11","0","0","0","0","0","0","0","0","","0","0","0","","","0","Y","0","","40 20:00.214","","0","80 04:16.101","0","0","0","0","2123","0","0","0","N","0","0","0","2","02123","0","","1.0","","1","N","N","N","0","","0","0","1","","2","","","2","0","0","0","0","0","0","2","0","2","03","","","N","","","","","","","","","",""
"2024009538","0802","1","0","0","0","0","0","0","0","0","5","0","","02","1","2024","2","40.531334","-80.173466","0757","11","0","0","0","0","0","0","0","0","","0","0","0","","","0","N","0","","40 31:52.801","1","0","80 10:24.476","0","0","0","0","2452","0","0","0","N","0","0","0","2","02458","0","","1.0","835.0","9","N","N","N","0","","0","0","0","","0","N","","2","0","0","0","0","0","0","2","1","2","03","03","","N","","","","","","","","","",""
"2024015367","1751","1","0","0","0","0","0","0","0","0","7","0","","02","2","2024","2","40.355469","-80.119938","1743","11","0","0","0","0","0","0","0","0","","0","0","0","","","0","N","0","","40 21:19.690","","7","80 07:11.776","0","0","0","0","2119","0","0","0","N","0","0","0","1","02119","0","","2.0","","1","N","N","N","0","","0","0","0","","0","","","1","0","0","0","0","0","0","2","0","1","03","03","","N","","","","","","","","","",""
"2024028214","0311","2","0","0","0","0","0","0","0","0","7","0","","02","1","2024","4","40.36302","-79.825376","0308","11","0","0","0","0","0","0","0","0","","0","0","0","","","1","N","0","","40 21:46.871","","0","79 49:31.352","3","0","0","0","2111","0","0","0","N","0","0","0","1","02111","0","","2.0","","9","N","N","N","0","","1","0","0","","0","","","2","1","0","0","0","0","0","2","0","2","03","03","","N","","","","","","","","","",""
"2024028068","0803","1","0","0","0","0","0","0","0","0","1","1","","02","3","2024","5","40.538535","-79.830681","0753","11","0","0","0","0","0","1","0","0","","0","1","0","","","0","Y","0","","40 32:18.726","1","0","79 49:50.452","0","0","0","0","2208","0","0","0","N","0","0","0","2","02208","0","","1.0","845.0","1","N","N","N","0","","0","0","0","","2","Y","","2","0","0","0","0","0","0","2","0","2","03","03","","N","","","","","","","","","",""
"2024007380","0849","1","0","0","0","0","0","0","0","0","4","0","","02","1","2024","6","40.423714","-79.883049","0847","11","0","0","0","0","0","1","1","0","","0","0","0","","","0","","1","","40 25:25.372","","0","79 52:58.975","0","0","0","0","2463","0","0","0","N","0","0","0","2","02463","0","","1.0","","9","N","N","N","0","","0","0","1","","3","","","2","0","0","0","0","0","0","2","0","2","02","02","","N","","","","","","","","","",""
"2024018238","2043","1","0","0","0","0","0","0","0","0","5","0","","02","2","2024","4","40.541791","-80.179961","2042","11","0","0","0","0","0","0","0","0","","0","0","0","","","0","N","0","","40 32:30.446","","0","80 10:47.859","0","0","0","0","2458","0","0","0","N","0","0","0","1","02458","0","","6.0","","1","N","N","N","1","","0","0","1","","0","","","3","0","0","0","0","0","0","2","0","3","03","03","","N","","","","","","","","","",""
"2024012458","0757","1","0","0","0","0","0","0","0","0","7","0","","02","2","2024","7","40.344103","-79.971829","0754","11","0","0","0","0","0","0","0","0","","0","0","0","","","1","N","0","","40 20:38.771","2","0","79 58:18.585","3","0","0","0","2403","0","0","0","N","0","0","0","1","02403","0","","5.0","830.0","2","N","N","N","0","","1","0","0","","0","Y","","1","1","0","0","0","0","0","2","0","1","03","03","","N","","","","","","","","","",""