"CRN","ARRIVAL_TM","AUTOMOBILE_COUNT","BELTED_DEATH_COUNT","BELTED_SUSP_SERIOUS_INJ_COUNT","BICYCLE_COUNT","BICYCLE_DEATH_COUNT","BICYCLE_SUSP_SERIOUS_INJ_COUNT","BUS_COUNT","CHLDPAS_DEATH_COUNT","CHLDPAS_SUSP_SERIOUS_INJ_COUNT","COLLISION_TYPE","COMM_VEH_COUNT","CONS_ZONE_SPD_LIM","COUNTY","CRASH_MONTH","CRASH_YEAR","DAY_OF_WEEK","DEC_LATITUDE","DEC_LONGITUDE","DISPATCH_TM","DISTRICT","DRIVER_COUNT_16YR","DRIVER_COUNT_17YR","DRIVER_COUNT_18YR","DRIVER_COUNT_19YR","DRIVER_COUNT_20YR","DRIVER_COUNT_50_64YR","DRIVER_COUNT_65_74YR","DRIVER_COUNT_75PLUS","EST_HRS_CLOSED","FATAL_COUNT","HEAVY_TRUCK_COUNT","HORSE_BUGGY_COUNT","HOUR_OF_DAY","ILLUMINATION","INJURY_COUNT","INTERSECTION_RELATED","INTERSECT_TYPE","LANE_CLOSED","LATITUDE","LN_CLOSE_DIR","LOCATION_TYPE","LONGITUDE","MAX_SEVERITY_LEVEL","MCYCLE_DEATH_COUNT","MCYCLE_SUSP_SERIOUS_INJ_COUNT","MOTORCYCLE_COUNT","MUNICIPALITY","NONMOTR_COUNT","NONMOTR_DEATH_COUNT","NONMOTR_SUSP_SERIOUS_INJ_COUNT","NTFY_HIWY_MAINT","PED_COUNT","PED_DEATH_COUNT","PED_SUSP_SERIOUS_INJ_COUNT","PERSON_COUNT","POLICE_AGCY","POSSIBLE_INJ_COUNT","RDWY_SURF_TYPE_CD","RELATION_TO_ROAD","ROADWAY_CLEARED","ROAD_CONDITION","SCH_BUS_IND","SCH_ZONE_IND","SECONDARY_CRASH","SMALL_TRUCK_COUNT","SPEC_JURIS_CD","SUSP_MINOR_INJ_COUNT","SUSP_SERIOUS_INJ_COUNT","SUV_COUNT","TCD_FUNC_CD","TCD_TYPE","TFC_DETOUR_IND","TIME_OF_DAY","TOTAL_UNITS","TOT_INJ_COUNT","UNBELTED_OCC_COUNT","UNB_DEATH_COUNT","UNB_SUSP_SERIOUS_INJ_COUNT","UNK_INJ_DEG_COUNT","UNK_INJ_PER_COUNT","URBAN_RURAL","VAN_COUNT","VEHICLE_COUNT","WEATHER1","WEATHER2","WORKERS_PRES","WORK_ZONE_IND","WORK_ZONE_LOC","WORK_ZONE_TYPE","WZ_CLOSE_DETOUR","WZ_FLAGGER","WZ_LAW_OFFCR_IND","WZ_LN_CLOSURE","WZ_MOVING","WZ_OTHER","WZ_SHLDER_MDN","WZ_WORKERS_INJ_KILLED"
"2024014316","1556","1","0","0","0","0","0","0","0","0","8","0","","02","2","2024","6","40.493363","-79.975389","1552","11","0","0","0","0","0","0","0","0","","0","0","0","","","2","","3","","40 29:36.108","","0","79 58:31.399","3","0","0","0","2445","1","0","0","N","1","0","0","3","02445","1","","1.0","","1","N","N","N","0","","1","0","1","","2","","","3","2","0","0","0","0","0","2","0","2","03","03","","N","","","","","","","","","",""
"2024013563","1457","0","0","0","0","0","0","0","0","0","1","0","","02","2","2024","4","40.664118","-80.017158","1450","11","0","2","1","0","0","0","0","0","","0","0","0","","","0","N","0","","40 39:50.825","4","7","80 01:01.770","0","0","0","0","2216","0","0","0","N","0","0","0","5","02505","0","","1.0","1530.0","1","N","N","N","0","","0","0","3","","0","N","","3","0","0","0","0","0","0","2","0","3","03","","","N","","","","","","","","","",""
"2024018995","1542","0","0","0","0","0","0","0","0","0","7","0","","02","2","2024","2","40.358955","-80.059733","1541","11","0","0","0","0","0","1","0","1","","0","0","0","","","1","Y","0","","40 21:32.238","","0","80 03:35.037","3","0","0","0","2109","0","0","0","N","0","0","0","4","02109","0","","4.0","","1","N","N","N","0","","1","0","1","","0","","","2","1","0","0","0","0","0","2","1","2","03","03","","N","","","","","","","","","",""
"2024039799","1551","1","0","0","0","0","0","0","0","0","7","0","","02","5","2024","5","40.396224","-79.945358","1526","11","0","0","0","0","0","0","0","1","","0","0","0","","","0","N","0","","40 23:46.408","4","0","79 56:43.290","0","0","0","0","2301","0","0","0","N","0","0","0","1","02301","0","","1.0","1700.0","1","N","N","N","0","","0","0","0","","0","N","","1","0","0","0","0","0","0","2","0","1","03","03","","N","","","","","","","","","",""
"2024037945","1812","0","0","0","0","0","0","0","0","0","7","0","","02","4","2024","3","40.464028","-79.858611","1806","11","0","0","0","0","0","0","0","0","","0","0","0","","","0","N","0","","40 27:50.500","","0","79 51:31.000","0","0","0","0","2113","0","0","0","N","0","0","0","1","02113","0","","4.0","","1","N","N","N","0","","0","0","1","","0","","","1","0","0","0","0","0","0","2","0","1","","","","N","","","","","","","","","",""
"2024010160","0152","1","0","0","0","0","0","0","0","0","7","0","","02","1","2024","7","40.464631","-79.85265","0151","11","0","1","0","0","0","0","0","0","","0","0","0","","","1","N","0","","40 27:52.673","","0","79 51:09.539","3","0","0","0","2113","0","0","0","N","0","0","0","1","02113","0","","4.0","","9","N","N","N","0","","1","0","0","","0","","","2","1","0","0","0","0","0","2","1","2","03","03","","N","","","","","","","","","",""
"2024025008","2025","1","0","0","0","0","0","0","0","0","5","0","","02","2","2024","3","40.396439","-79.818812","2019","11","0","0","0","0","0","0","1","0","","0","0","0","","","0","N","0","","40 23:47.179","6","0","79 49:07.724","0","0","0","0","2111","0","0","0","N","0","0","0","1","02111","0","","6.0","2059.0","1","N","N","N","0","","0","0","1","","0","N","","2","0","0","0","0","0","0","2","0","2","03","03","","N","","","","","","","","","",""
"2024031085","1900","0","0","0","0","0","0","0","0","0","7","0","","02","4","2024","3","40.439439","-80.010225","1852","11","0","0","0","0","0","0","0","0","","0","0","0","","","0","","7","","40 26:21.982","","8","80 00:36.809","0","0","0","0","2301","0","0","0","Y","0","0","0","1","68B03","0","","7.0","","1","N","N","N","0","","0","0","1","","0","","","1","0","0","0","0","0","0","2","0","1","03","","","N","","","","","","","","","",""
"2024014847","2150","1","0","0","0","0","0","0","0","0","1","0","","02","1","2024","7","40.452988","-79.907078","2146","11","0","0","0","0","0","1","0","0","","0","0","0","","","0","N","0","","40 27:10.758","2","0","79 54:25.481","0","0","0","0","2301","0","0","0","N","0","0","0","1","02301","0","","6.0","2228.0","9","N","N","N","1","","0","0","1","","0","N","","3","0","0","0","0","0","0","2","0","3","07","","","N","","","","","","","","","",""
"2024030684","1756","1","0","0","1","0","1","0","0","0","8","0","","02","4","2024","7","40.592036","-80.01446","1756","11","0","0","0","0","0","0","1","0","","0","0","0","","","1","","1","","40 35:31.328","","0","80 00:52.056","2","0","0","0","2108","1","0","1","N","0","0","0","2","02501","0","","1.0","","1","N","N","N","0","","0","1","0","","2","","","2","1","0","0","0","0","0","1","0","1","03","03","","N","","","","","","","","","",""
"2024009384","1927","0","0","0","0","0","0","0","0","0","4","0","","02","1","2024","6","40.400766","-79.905681","1924","11","0","0","0","0","0","0","0","0","","0","0","0","","","1","","2","","40 24:02.756","","0","79 54:20.452","4","0","0","0","2438","0","0","0","N","0","0","0","3","02438","1","","1.0","","1","N","N","N","0","","0","0","2","","0","","","2","1","0","0","0","0","0","2","0","2","03","","","N","","","","","","","","","",""
"2024031313","1511","0","0","0","0","0","0","0","0","0","1","0","","02","4","2024","5","40.583906","-80.028594","1508","11","0","0","0","0","0","0","0","0","","0","0","0","","","0","","6","","40 35:02.062","","2","80 01:42.938","0","0","0","0","2108","0","0","0","N","0","0","0","2","02108","0","","7.0","","9","N","N","N","0","","0","0","2","","4","","","2","0","0","0","0","0","0","2","0","2","04","07","","N","","","","","","","","","",""
"2024011943","2130","0","0","0","0","0","0","0","0","0","7","0","","02","1","2024","4","40.522066","-79.911119","2123","11","0","0","0","0","0","0","0","0","","0","0","0","","","1","","1","","40 31:19.436","7","0","79 54:40.028","4","0","0","0","2432","0","0","0","N","0","0","0","1","02432","1","","2.0","2247.0","1","N","N","N","1","","0","0","0","","0","Y","","1","1","0","0","0","0","0","2","0","1","03","03","","N","","","","","","","","","",""
"2024015914","1545","0","0","0","0","0","0","0","0","0","7","0","","02","2","2024","3","40.667929","-80.020443","1537","11","0","0","0","0","0","0","1","0","","0","0","0","","","0","N","0","","40 40:04.546","","0","80 01:13.595","0","0","0","0","2216","0","0","0","N","0","0","0","2","02505","0","","4.0","","1","N","N","N","0","","0","0","1","","0","","","1","0","0","0","0","0","0","2","0","1","04","","","N","","","","","","","","","",""
"2024045011","1230","2","0","0","0","0","0","0","0","0","4","0","","02","5","2024","1","40.362042","-80.011212","1228","11","0","0","0","0","0","0","1","1","","0","0","0","","","2","","1","","40 21:43.351","3","0","80 00:40.363","8","0","0","0","2416","0","0","0","N","0","0","0","2","02416","0","","1.0","1300.0","1","N","N","N","0","","0","0","0","","8","N","","2","2","0","0","0","2","0","2","0","2","03","03","","N","","","","","","","","","",""
"2024023809","1126","0","0","0","0","0","0","0","0","0","7","0","","02","3","2024","5","40.646131","-79.930386","1124","11","0","0","0","0","0","0","0","0","","0","0","0","","","0","","11","","40 38:46.071","","0","79 55:49.391","0","0","0","0","2217","0","0","0","N","0","0","0","1","02505","0","","5.0","","1","N","N","N","0","","0","0","0","","0","","","1","0","1","0","0","0","0","2","1","1","03","04","","N","","","","","","","","","",""
"2024009618","0810","1","0","0","0","0","0","0","0","0","4","0","","02","1","2024","5","40.288497","-80.026556","0805","11","0","0","0","0","0","0","1","0","","0","0","0","","","1","N","0","","40 17:18.588","1","7","80 01:35.601","8","0","0","0","2219","0","0","0","N","0","0","0","3","02219","0","","1.0","848.0","9","N","N","N","0","","0","0","1","","0","N","","2","1","0","0","0","1","0","2","0","2","04","07","","N","","","","","","","","","",""
"2024015965","1742","0","0","0","0","0","0","0","0","0","4","0","","02","2","2024","7","40.514219","-80.155635","1740","11","0","0","0","0","0","0","0","0","","0","0","0","","","2","","1","","40 30:51.189","","0","80 09:20.286","3","0","0","0","2420","0","0","0","N","0","0","0","5","02420","0","","1.0","","1","N","N","N","0","","2","0","2","","2","","","2","2","1","0","0","0","0","2","0","2","03","03","","N","","","","","","","","","",""
"2024020874","0307","0","0","0","0","0","0","0","0","0","7","0","","02","2","2024","6","40.522133","-79.940726","0258","11","0","0","0","0","0","0","0","0","","0","0","0","","","0","N","0","","40 31:19.679","","0","79 56:26.612","0","0","0","0","2118","0","0","0","N","0","0","0","1","02118","0","","2.0","","1","N","N","N","1","","0","0","0","","0","","","1","0","0","0","0","0","0","2","0","1","03","","","N","","","","","","","","","",""
"2024010479","2107","1","0","0","0","0","0","0","0","0","4","0","","02","1","2024","2","40.617332","-79.833764","2102","11","0","0","0","0","0","0","0","0","","0","0","0","","","0","","2","","40 37:02.394","5","0","79 50:01.551","0","0","0","0","2220","0","0","0","N","0","0","0","5","02220","0","","1.0","2200.0","2","N","N","N","1","","0","0","0","","0","N","","2","0","0","0","0","0","0","2","0","2","07","","","N","","","","","","","","","",""
"2024019434","0706","0","0","0","0","0","0","0","0","0","7","0","","02","2","2024","7","40.512418","-80.135164","0650","11","0","0","0","0","0","0","0","0","","0","0","0","","","0","N","0","","40 30:44.705","2","3","80 08:06.592","0","0","0","0","2110","0","0","0","N","0","0","0","1","68B03","0","","3.0","740.0","9","N","N","N","0","","0","0","1","","0","N","","1","0","0","0","0","0","0","2","0","1","03","","","N","","","","","","","","","",""
"2024028822","1550","3","0","0","0","0","0","0","0","0","1","0","","02","4","2024","2","40.425813","-79.910903","1509","11","0","0","0","1","0","0","0","0","","0","0","0","","","1","N","0","","40 25:32.926","4","0","79 54:39.252","3","0","0","0","2301","0","0","0","N","0","0","0","4","68B03","0","","1.0","1556.0","1","N","N","N","0","","1","0","0","","0","N","","3","1","0","0","0","0","0","2","0","3","03","04","","N","","","","","","","","","",""
"2024011891","1225","2","0","0","0","0","0","0","0","0","3","0","","02","2","2024","5","40.585528","-79.777694","1223","11","0","0","0","0","0","0","0","1","","0","0","0","","","0","N","0","","40 35:07.900","","0","79 46:39.700","0","0","0","0","2104","0","0","0","N","0","0","0","1","02514","0","","1.0","","1","","","Y","0","","0","0","0","","3","","","2","0","0","0","0","0","0","2","0","2","03","","","N","","","","","","","","","",""
"2024046753","0015","0","0","0","0","0","0","0","0","0","2","0","","02","5","2024","7","40.366364","-79.968131","0011","11","0","0","0","0","0","0","0","0","","0","0","0","","","0","N","0","","40 21:58.910","","0","79 58:05.270","0","0","0","0","2476","0","0","0","N","0","0","0","2","02476","0","","1.0","","9","N","N","N","0","","0","0","2","","0","","","2","0","0","0","0","0","0","2","0","2","07","","","N","","","","","","","","","",""
"2024030262","1110","2","0","1","0","0","0","0","0","0","4","0","","02","4","2024","5","40.380134","-79.809034","1105","11","0","0","0","0","0","0","0","0","","0","0","0","","","3","","2","","40 22:48.482","3","0","79 48:32.521","2","0","0","0","2424","0","0","0","N","0","0","0","3","02424","0","","1.0","1146.0","1","N","N","N","0","","1","1","0","","2","N","","2","3","0","0","0","1","0","2","0","2","03","03","","N","","","","","","","","","",""
"2024029760","1426","1","0","0","0","0","0","0","0","0","1","0","","02","4","2024","6","40.34837","-79.944808","1423","11","0","0","0","0","0","1","0","0","","0","0","0","","","1","","1","","40 20:54.133","1","2","79 56:41.310","3","0","0","0","2473","0","0","0","N","0","0","0","3","02473","0","","1.0","1437.0","1","N","N","N","0","","1","0","1","","4","N","","2","1","0","0","0","0","0","2","0","2","03","","","N","","","","","","","","","",""
"2024011751","0457","1","0","0","0","0","0","0","0","0","7","0","","02","2","2024","5","40.417342","-79.84848","0453","11","0","0","0","0","0","1","0","0","","0","0","0","","","0","","5","","40 25:02.430","4","0","79 50:54.529","0","0","0","0","2431","0","0","0","N","0","0","0","1","02431","0","","3.0","538.0","1","N","N","N","0","","0","0","0","","2","N","","1","0","1","0","0","0","0","2","0","1","03","","","N","","","","","","","","","",""
"2024009108","0238","0","0","0","0","0","0","0","0","0","7","0","","02","1","2024","3","40.307374","-80.035513","0238","11","0","0","0","0","0","1","0","0","","0","0","0","","","0","N","0","","40 18:26.545","","0","80 02:07.845","0","0","0","0","2407","0","0","0","N","0","0","0","1","02407","0","","4.0","","9","N","N","N","0","","0","0","1","","0","","","1","0","0","0","0","0","0","2","0","1","03","","","N","","","","","","","","","",""
"2024013838","1639","0","0","0","0","0","0","0","0","0","98","0","","02","2","2024","4","40.609186","-80.110302","1620","11","0","0","0","0","0","1","0","0","","0","0","0","","","0","N","0","","40 36:33.068","","0","80 06:37.088","0","0","0","0","2481","0","0","0","N","0","0","0","1","02481","0","","1.0","","1","N","N","N","0","","0","0","2","","0","","","2","0","0","0","0","0","0","1","0","2","03","","","N","","","","","","","","","",""
"2024011189","1547","2","0","0","0","0","0","0","0","0","6","0","","02","1","2024","3","40.302094","-80.071041","1542","11","0","0","0","0","0","0","1","0","","0","0","0","","","2","N","0","","40 18:07.537","5","0","80 04:15.749","8","0","0","0","2407","0","0","0","N","0","0","0","3","02407","0","","1.0","1700.0","9","N","N","Y","0","","0","0","1","","0","Y","","3","2","0","0","0","2","0","2","0","3","07","","","N","","","","","","","","","",""
"2024013700","1752","0","0","0","0","0","0","0","0","0","1","0","","02","2","2024","6","40.396012","-79.944851","1741","11","0","0","0","0","0","0","0","0","","0","0","0","","","0","N","0","","40 23:45.643","6","0","79 56:41.463","0","0","0","0","2403","0","0","0","N","0","0","0","2","02403","0","","1.0","1822.0","1","N","N","N","0","","0","0","2","","0","N","","2","0","0","0","0","0","0","2","0","2","03","03","","N","","","","","","","","","",""
"2024012982","1812","0","0","0","0","0","0","0","0","0","4","0","","02","1","2024","4","40.292148","-80.030541","1808","11","0","0","0","0","0","0","0","0","","0","0","0","","","0","","2","","40 17:31.733","","0","80 01:49.947","0","0","0","0","2407","0","0","0","N","0","0","0","5","02407","0","","1.0","","1","N","N","N","0","","0","0","2","","0","","","2","0","0","0","0","0","0","2","0","2","03","","","N","","","","","","","","","",""
"2024011121","0832","0","0","0","0","0","0","0","0","0","7","0","","02","1","2024","6","40.528873","-80.240029","0823","11","0","0","0","0","0","0","0","0","","0","0","0","","","1","N","0","","40 31:43.942","3","0","80 14:24.104","3","0","0","0","2213","0","0","0","N","0","0","0","3","02213","0","","2.0","923.0","1","N","N","N","1","","1","0","0","","0","N","","1","1","0","0","0","0","0","2","0","1","03","","","N","","","","","","","","","",""
"2024017177","1054","0","0","0","0","0","0","0","0","0","4","0","","02","2","2024","2","40.420755","-80.046391","1053","11","0","0","0","0","0","0","0","2","","0","0","0","","","2","","2","","40 25:14.717","2","2","80 02:47.006","4","0","0","0","2435","0","0","0","N","0","0","0","2","02435","2","","1.0","1148.0","1","N","N","N","0","","0","0","2","","2","N","","2","2","0","0","0","0","0","2","0","2","03","","","N","","","","","","","","","",""
"2024014838","0816","1","0","0","0","0","0","0","0","0","1","0","","02","2","2024","3","40.451502","-79.908158","0812","11","0","0","0","0","0","0","0","0","","0","0","0","","","0","","1","","40 27:05.406","3","0","79 54:29.369","0","0","0","0","2301","0","0","0","N","0","0","0","2","02301","0","","1.0","900.0","1","N","N","N","0","","0","0","1","","2","N","","2","0","0","0","0","0","0","2","0","2","03","","","N","","","","","","","","","",""
"2024012997","1913","1","0","0","0","0","0","0","0","0","2","0","","02","2","2024","2","40.492333","-79.828944","1905","11","0","0","0","0","0","0","0","0","","0","0","0","","","1","N","0","","40 29:32.400","","0","79 49:44.200","3","0","0","0","2113","0","0","0","N","0","0","0","1","02113","0","","6.0","","1","N","N","N","0","","1","0","1","","0","","","2","1","0","0","0","0","0","2","0","2","03","","","N","","","","","","","","","",""
"2024016395","2205","1","0","0","0","0","0","0","0","0","5","0","","02","2","2024","7","40.48827","-80.056894","2203","11","0","0","0","0","0","1","0","0","","0","0","0","","","3","N","0","","40 29:17.773","1","0","80 03:24.817","3","0","0","0","2404","0","0","0","N","0","0","0","5","02404","1","","1.0","2233.0","1","N","N","N","1","","2","0","0","","0","Y","","2","3","0","0","0","0","0","2","0","2","03","","","N","","","","","","","","","",""
"2024018996","0722","0","0","0","0","0","0","0","0","0","4","0","","02","2","2024","5","40.367254","-80.013774","0719","11","0","0","0","0","0","0","0","0","","0","0","0","","","1","N","0","","40 22:02.113","5","7","80 00:49.585","4","0","0","0","2416","0","0","0","N","0","0","0","2","02416","1","","1.0","748.0","1","N","N","N","0","","0","0","1","","0","N","","2","1","0","0","0","0","0","2","1","2","04","","","N","","","","","","","","","",""
"2024019486","1118","1","0","0","0","0","0","0","0","0","1","0","","02","2","2024","7","40.345469","-80.154704","1116","11","0","0","0","0","0","1","0","0","","0","0","0","","","1","","1","","40 20:43.687","","0","80 09:16.933","8","0","0","0","2119","0","0","0","N","0","0","0","5","02119","0","","1.0","","1","N","N","N","0","","0","0","0","","2","","","2","1","0","0","0","1","0","2","1","2","04","04","","N","","","","","","","","","",""
"2024016661","0101","1","0","0","0","0","0","0","0","0","7","0","","02","2","2024","7","40.53245","-79.713961","0055","11","0","0","0","0","0","0","0","0","","0","0","0","","","0","N","0","","40 31:56.820","2","0","79 42:50.260","0","0","0","0","2466","0","0","0","N","0","0","0","1","02466","0","","4.0","136.0","7","N","N","N","0","","0","0","0","","0","N","","1","0","0","0","0","0","0","1","0","1","10","","","N","","","","","","","","","",""
"2024011944","1534","0","0","0","0","0","0","0","0","0","4","0","","02","2","2024","5","40.27482","-79.893758","1534","11","0","0","0","0","0","0","0","0","","0","0","0","","","1","N","6","","40 16:29.351","7","2","79 53:37.529","3","0","0","0","2471","0","0","0","N","0","0","0","3","02105","0","","1.0","1400.0","1","N","N","N","0","","1","0","2","","4","N","","2","1","0","0","0","0","0","2","0","2","03","","","N","","","","","","","","","",""
"2024042841","1445","1","0","0","0","0","0","0","0","0","4","0","","02","4","2024","6","40.501579","-80.221984","1440","11","0","0","0","1","0","0","0","0","","0","0","0","","","1","N","0","","40 30:05.684","","7","80 13:19.143","3","0","0","0","2213","0","0","0","N","0","0","0","2","02213","0","","1.0","","1","N","N","N","0","","1","0","1","","0","","","2","1","0","0","0","0","0","2","0","2","03","03","","N","","","","","","","","","",""
"2024040031","0014","2","0","0","0","0","0","0","0","0","4","0","","02","4","2024","1","40.424902","-79.888209","0012","11","0","0","0","0","0","0","0","0","","0","0","0","","","0","","2","","40 25:29.647","2","0","79 53:17.553","0","0","0","0","2463","0","0","0","N","0","0","0","2","02463","0","","1.0","47.0","1","N","N","N","0","","0","0","0","","0","N","","2","0","0","0","0","0","0","2","0","2","03","03","","N","","","","","","","","","",""
"2024044866","1321","0","0","0","0","0","0","0","0","0","4","1","","02","5","2024","4","40.35628","-80.118821","1312","11","0","0","0","0","0","0","0","0","","0","1","0","","","0","","6","","40 21:22.608","","2","80 07:07.754","0","0","0","0","2119","0","0","0","N","0","0","0","2","02119","0","","1.0","","1","N","N","N","0","","0","0","1","","4","","","2","0","0","0","0","0","0","2","0","2","03","","","N","","","","","","","","","",""
"2024027577","1125","0","0","0","0","0","0","0","0","0","5","0","","02","3","2024","5","40.52185","-80.005206","1118","11","0","0","0","0","0","1","0","0","","0","0","0","","","1","","1","","40 31:18.661","3","0","80 00:18.743","8","0","0","0","2116","0","0","0","N","0","0","0","6","02116","0","","1.0","1200.0","1","N","N","N","0","","0","0","2","","2","N","","2","1","0","0","0","1","0","2","0","2","03","03","","N","","","","","","","","","",""
"2024034509","0900","1","0","0","0","0","0","0","0","0","4","0","","02","4","2024","5","40.590323","-80.097432","0840","11","0","0","0","0","0","0","1","0","","0","0","0","","","1","N","0","","40 35:25.163","","0","80 05:50.754","8","0","0","0","2481","0","0","0","N","0","0","0","3","68B03","0","","1.0","","1","N","N","N","0","","0","0","1","","0","","","2","1","0","0","0","1","0","2","0","2","07","07","","N","","","","","","","","","",""
"2024029000","0923","0","0","0","0","0","0","0","0","0","4","0","","02","4","2024","4","40.561326","-80.013073","0916","11","0","0","0","0","0","1","0","0","","0","0","0","","","0","","1","","40 33:40.772","3","0","80 00:47.064","0","0","0","0","2108","0","0","0","N","0","0","0","4","02108","0","","1.0","947.0","9","N","N","N","0","","0","0","2","","2","N","","2","0","0","0","0","0","0","2","0","2","07","07","","N","","","","","","","","","",""
"2024012132","0745","0","0","0","0","0","0","0","0","0","1","0","","02","1","2024","2","40.489489","-79.953241","0734","11","0","0","0","0","0","0","0","0","","0","0","0","","","0","N","0","","40 29:22.161","","0","79 57:11.669","0","0","0","0","2118","0","0","0","N","0","0","0","2","02118","0","","1.0","","1","N","N","N","1","","0","0","1","","0","","","2","0","0","0","0","0","0","2","0","2","03","","","N","","","","","","","","","",""
"2024016281","1737","1","0","0","0","0","0","0","0","0","4","0","","02","2","2024","3","40.593442","-79.947831","1734","11","0","0","0","0","0","1","0","0","","0","0","0","","","1","N","0","","40 35:36.391","5","7","79 56:52.190","8","0","0","0","2207","0","0","0","N","0","0","0","3","02207","0","","1.0","1810.0","1","N","N","N","1","","0","0","1","","0","N","","3","1","0","0","0","1","0","2","0","3","03","","","N","","","","","","","","","",""
"2024013873","1647","0","0","0","0","0","0","0","0","0","98","1","","02","2","2024","1","40.344083","-79.805667","1647","11","0","0","0","0","0","0","0","0","","0","1","0","","","0","N","0","","40 20:38.700","","7","79 48:20.400","0","0","0","0","2477","0","0","0","N","0","0","0","1","02477","0","","5.0","","1","N","N","N","0","","0","0","1","","0","","","2","0","0","0","0","0","0","2","0","2","03","03","","N","","","","","","","","","",""
"2024014661","1324","1","0","0","0","0","0","0","0","0","4","0","","02","2","2024","1","40.487706","-80.056103","1320","11","0","0","0","0","0","1","0","0","","0","0","0","","","3","N","0","","40 29:15.740","1","7","80 03:21.971","4","0","0","0","2404","0","0","0","N","0","0","0","4","02404","3","","1.0","1415.0","1","N","N","Y","0","","0","0","2","","0","N","","3","3","0","0","0","0","0","2","0","3","03","03","","N","","","","","","","","","",""
"2024008325","1932","0","0","0","0","0","0","0","0","0","7","0","","02","1","2024","6","40.436478","-80.001401","1917","11","0","0","0","0","0","1","0","0","","0","0","0","","","1","N","0","","40 26:11.319","","0","80 00:05.045","3","0","0","0","2301","0","0","0","N","0","0","0","1","68B03","0","","2.0","","6","N","N","N","1","","1","0","0","","0","","","1","1","0","0","0","0","0","2","0","1","03","02","","N","","","","","","","","","",""
"2024013341","0402","0","0","0","0","0","0","0","0","0","7","0","","02","2","2024","1","40.437164","-79.835976","0357","11","0","0","0","0","0","0","0","0","","0","0","0","","","0","N","0","","40 26:13.791","1","0","79 50:09.513","0","0","0","0","2419","0","0","0","N","0","0","0","1","02419","0","","4.0","425.0","1","N","N","N","0","","0","0","1","","0","N","","1","0","0","0","0","0","0","2","0","1","03","","","N","","","","","","","","","",""
"2024021238","1316","1","0","0","0","0","0","0","0","0","4","0","","02","2","2024","4","40.399296","-79.835427","1302","11","0","0","0","0","0","0","0","0","","0","0","0","","","1","","1","","40 23:57.464","","0","79 50:07.537","8","0","0","0","2425","0","0","0","N","0","0","0","3","68B03","0","","1.0","","1","N","N","N","1","","0","0","0","","2","","","2","1","1","0","0","1","0","2","0","2","03","03","","N","","","","","","","","","",""
"2024015342","0811","1","0","0","0","0","0","0","0","0","4","0","","02","2","2024","4","40.470655","-80.091271","0810","11","0","0","0","0","0","1","0","0","","0","0","0","","","0","","2","","40 28:14.359","4","0","80 05:28.576","0","0","0","0","2126","0","0","0","N","0","0","0","2","02126","0","","1.0","847.0","1","N","N","N","0","","0","0","1","","3","N","","2","0","0","0","0","0","0","2","0","2","03","","","N","","","","","","","","","",""
"2024010569","0438","1","0","0","0","0","0","0","0","0","5","0","","02","1","2024","1","40.329861","-79.890361","0433","11","0","0","0","0","0","0","0","0","","0","0","0","","","1","N","0","","40 19:47.500","2","0","79 53:25.300","3","0","0","0","2433","0","0","0","N","0","0","0","1","02433","0","","6.0","540.0","9","N","N","Y","0","","1","0","1","","0","Y","","2","1","0","0","0","0","0","2","0","2","07","07","","N","","","","","","","","","",""
"2024030424","1011","0","0","0","0","0","0","0","0","0","7","0","","02","4","2024","1","40.367767","-80.067853","1005","11","0","0","0","0","0","0","0","1","","0","0","0","","","0","N","0","","40 22:03.960","","0","80 04:04.270","0","0","0","0","2109","0","0","0","N","0","0","0","1","02109","0","","4.0","","1","N","N","N","0","","0","0","1","","0","","","1","0","0","0","0","0","0","2","0","1","03","","","N","","","","","","","","","",""
"2024018177","1444","0","0","0","0","0","0","0","0","0","7","0","","02","2","2024","2","40.439811","-79.876304","1440","11","0","0","0","0","0","0","0","0","","0","0","0","","","0","N","0","","40 26:23.319","","0","79 52:34.693","0","0","0","0","2478","0","0","0","N","0","0","0","1","02478","0","","5.0","","1","N","N","N","0","","0","0","1","","0","","","1","0","0","0","0","0","0","2","0","1","03","","","N","","","","","","","","","",""
"2024025837","1059","2","0","0","0","0","0","0","0","0","4","0","","02","3","2024","5","40.554609","-79.971182","1053","11","0","0","0","0","0","2","0","0","","1","0","0","","","1","N","0","","40 33:16.594","5","7","79 58:16.254","1","0","0","0","2207","0","0","0","N","0","0","0","3","02207","0","2","1.0","1413.0","1","N","N","N","0","0","1","0","0","","0","Y","","2","1","1","0","0","0","0","2","0","2","03","03","","N","","","","","","","","","",""
"2024034350","0555","0","0","0","0","0","0","0","0","0","98","0","","02","4","2024","4","40.459501","-79.999417","0535","11","0","0","0","0","0","0","1","0","","0","0","0","","","0","N","0","","40 27:34.204","","0","79 59:57.901","0","0","0","0","2301","0","0","0","N","0","0","0","2","68B03","0","","1.0","","9","N","N","N","0","","0","0","1","","0","","","1","0","0","0","0","0","0","2","0","1","07","","","N","","","","","","","","","",""