"CRN","ARRIVAL_TM","AUTOMOBILE_COUNT","BELTED_DEATH_COUNT","BELTED_SUSP_SERIOUS_INJ_COUNT","BICYCLE_COUNT","BICYCLE_DEATH_COUNT","BICYCLE_SUSP_SERIOUS_INJ_COUNT","BUS_COUNT","CHLDPAS_DEATH_COUNT","CHLDPAS_SUSP_SERIOUS_INJ_COUNT","COLLISION_TYPE","COMM_VEH_COUNT","CONS_ZONE_SPD_LIM","COUNTY","CRASH_MONTH","CRASH_YEAR","DAY_OF_WEEK","DEC_LATITUDE","DEC_LONGITUDE","DISPATCH_TM","DISTRICT","DRIVER_COUNT_16YR","DRIVER_COUNT_17YR","DRIVER_COUNT_18YR","DRIVER_COUNT_19YR","DRIVER_COUNT_20YR","DRIVER_COUNT_50_64YR","DRIVER_COUNT_65_74YR","DRIVER_COUNT_75PLUS","EST_HRS_CLOSED","FATAL_COUNT","HEAVY_TRUCK_COUNT","HORSE_BUGGY_COUNT","HOUR_OF_DAY","ILLUMINATION","INJURY_COUNT","INTERSECTION_RELATED","INTERSECT_TYPE","LANE_CLOSED","LATITUDE","LN_CLOSE_DIR","LOCATION_TYPE","LONGITUDE","MAX_SEVERITY_LEVEL","MCYCLE_DEATH_COUNT","MCYCLE_SUSP_SERIOUS_INJ_COUNT","MOTORCYCLE_COUNT","MUNICIPALITY","NONMOTR_COUNT","NONMOTR_DEATH_COUNT","NONMOTR_SUSP_SERIOUS_INJ_COUNT","NTFY_HIWY_MAINT","PED_COUNT","PED_DEATH_COUNT","PED_SUSP_SERIOUS_INJ_COUNT","PERSON_COUNT","POLICE_AGCY","POSSIBLE_INJ_COUNT","RDWY_SURF_TYPE_CD","RELATION_TO_ROAD","ROADWAY_CLEARED","ROAD_CONDITION","SCH_BUS_IND","SCH_ZONE_IND","SECONDARY_CRASH","SMALL_TRUCK_COUNT","SPEC_JURIS_CD","SUSP_MINOR_INJ_COUNT","SUSP_SERIOUS_INJ_COUNT","SUV_COUNT","TCD_FUNC_CD","TCD_TYPE","TFC_DETOUR_IND","TIME_OF_DAY","TOTAL_UNITS","TOT_INJ_COUNT","UNBELTED_OCC_COUNT","UNB_DEATH_COUNT","UNB_SUSP_SERIOUS_INJ_COUNT","UNK_INJ_DEG_COUNT","UNK_INJ_PER_COUNT","URBAN_RURAL","VAN_COUNT","VEHICLE_COUNT","WEATHER1","WEATHER2","WORKERS_PRES","WORK_ZONE_IND","WORK_ZONE_LOC","WORK_ZONE_TYPE","WZ_CLOSE_DETOUR","WZ_FLAGGER","WZ_LAW_OFFCR_IND","WZ_LN_CLOSURE","WZ_MOVING","WZ_OTHER","WZ_SHLDER_MDN","WZ_WORKERS_INJ_KILLED"
"2024017134","0207","0","0","0","0","0","0","0","0","0","7","0","","02","2","2024","1","40.490729","-79.882029","0147","11","0","0","0","0","0","0","0","0","","0","0","0","","","1","N","0","","40 29:26.624","1","3","79 52:55.306","3","0","0","0","2112","0","0","0","N","0","0","0","2","68D02","0","","2.0","303.0","1","N","N","N","0","","1","0","1","","0","Y","","1","1","2","0","0","0","0","2","0","1","03","","","N","","","","","","","","","",""
"2024044389","1711","1","0","0","0","0","0","0","0","0","1","0","","02","4","2024","2","40.356596","-80.118673","1705","11","1","0","0","0","0","1","1","0","","0","0","0","","","6","N","0","","40 21:23.746","2","3","80 07:07.222","3","0","0","0","2119","0","0","0","N","0","0","0","6","68B03","3","","1.0","1800.0","1","N","N","N","0","","3","0","2","","0","Y","","3","6","0","0","0","0","0","2","0","3","03","","","N","","","","","","","","","",""
"2024025918","1511","1","0","0","0","0","0","0","0","0","4","0","","02","3","2024","2","40.52723","-79.950448","1507","11","0","0","0","0","0","0","1","0","","0","0","0","","","1","","1","","40 31:38.029","","0","79 57:01.614","4","0","0","0","2118","0","0","0","N","0","0","0","2","02118","1","","1.0","","1","N","N","N","0","","0","0","1","","0","","","2","1","0","0","0","0","0","2","0","2","04","04","","N","","","","","","","","","",""
"2024013143","1624","0","0","0","0","0","0","0","0","0","5","0","","02","2","2024","6","40.365329","-80.017473","1620","11","0","0","0","0","0","1","1","0","","0","0","0","","","1","N","0","","40 21:55.183","","0","80 01:02.904","4","0","0","0","2416","0","0","0","N","0","0","0","3","02416","1","","1.0","","1","N","N","N","0","","0","0","2","","0","","","2","1","0","0","0","0","0","2","0","2","03","03","","N","","","","","","","","","",""
"2024012890","1519","0","0","0","0","0","0","0","0","0","4","0","","02","2","2024","1","40.40542","-79.911406","1513","11","0","0","0","0","0","0","0","0","","0","0","0","","","0","","1","","40 24:19.512","2","0","79 54:41.060","0","0","0","0","2438","0","0","0","N","0","0","0","2","02438","0","","1.0","1541.0","1","N","N","N","0","","0","0","2","","3","Y","","2","0","0","0","0","0","0","2","0","2","03","","","N","","","","","","","","","",""
"2024012567","1700","1","0","1","0","0","0","0","0","0","1","0","","02","1","2024","2","40.432378","-79.80059","1655","11","0","0","0","0","0","0","0","0","","0","0","0","","","4","Y","0","","40 25:56.560","3","3","79 48:02.124","2","0","0","0","2446","0","0","0","N","0","0","0","5","02446","2","","1.0","1736.0","1","N","N","N","0","","1","1","1","","2","Y","","2","4","0","0","0","0","0","2","0","2","03","04","","N","","","","","","","","","",""
"2024009586","2315","1","0","0","0","0","0","0","0","0","7","0","","02","1","2024","7","40.66556","-79.743528","2301","11","0","0","0","0","0","0","0","0","","0","0","0","","","0","N","0","","40 39:56.016","","0","79 44:36.700","0","0","0","0","2202","0","0","0","N","0","0","0","1","68D02","0","","4.0","","2","N","N","N","0","","0","0","0","","0","","","1","0","0","0","0","0","0","1","0","1","03","","","N","","","","","","","","","",""
"2024008840","0724","2","0","0","0","0","0","0","0","0","1","0","","02","1","2024","3","40.301548","-79.995178","0718","11","1","1","0","0","0","0","0","0","","0","0","0","","","2","Y","0","","40 18:05.574","2","0","79 59:42.640","3","0","0","0","2219","0","0","0","N","0","0","0","6","02219","0","","1.0","730.0","1","N","N","N","0","","2","0","1","","2","Y","","3","2","0","0","0","0","0","2","0","3","04","10","","N","","","","","","","","","",""
"2024013641","1735","0","0","0","0","0","0","0","0","0","7","0","","02","1","2024","4","40.404806","-79.832639","1732","11","0","0","0","0","0","0","0","0","","0","0","0","","","0","N","0","","40 24:17.300","3","0","79 49:57.500","0","0","0","0","2467","0","0","0","N","0","0","0","1","02467","0","","4.0","9999.0","1","N","N","N","0","","0","0","1","","0","N","","1","0","0","0","0","0","0","2","0","1","03","03","","N","","","","","","","","","",""
"2024016256","0910","1","0","0","0","0","0","0","0","0","7","0","","02","2","2024","7","40.463222","-79.843642","0909","11","0","0","0","0","0","0","0","0","","0","0","0","","","1","N","0","","40 27:47.599","","0","79 50:37.112","3","0","0","0","2113","0","0","0","Y","0","0","0","1","02113","0","","2.0","","2","N","N","N","0","","1","0","0","","0","","","1","1","1","0","0","0","0","2","0","1","02","","","N","","","","","","","","","",""
"2024037708","1145","1","0","0","0","0","0","0","0","0","7","0","","02","4","2024","3","40.449973","-79.809995","1140","11","0","0","0","0","0","0","0","0","","0","0","0","","","0","N","0","","40 26:59.902","","0","79 48:35.982","0","0","0","0","2113","0","0","0","N","0","0","0","1","02113","0","","4.0","","1","N","N","N","0","","0","0","0","","0","","","1","0","0","0","0","0","0","2","0","1","03","","","N","","","","","","","","","",""
"2024033317","1521","1","0","0","0","0","0","0","0","0","4","0","","02","4","2024","2","40.526452","-80.22543","1516","11","0","0","0","0","0","0","0","1","","0","0","0","","","0","","2","","40 31:35.228","4","0","80 13:31.547","0","0","0","0","2213","0","0","0","N","0","0","0","3","02213","0","","1.0","1545.0","1","N","N","N","0","","0","0","1","","3","N","","2","0","1","0","0","0","0","2","0","2","03","98","","N","","","","","","","","","",""
"2024033252","0840","0","0","0","0","0","0","0","0","0","7","1","45","02","4","2024","3","40.474637","-80.118606","0835","11","0","0","0","0","0","0","1","0","","0","1","0","","","1","N","0","","40 28:28.694","2","0","80 07:06.982","4","0","0","0","2115","0","0","0","Y","0","0","0","1","68B03","1","","4.0","1007.0","9","N","N","N","0","","0","0","0","","0","Y","","1","1","0","0","0","0","0","2","0","1","07","","N","Y","4","1","","","N","Y","","","","N"
"2024009997","1135","1","0","0","0","0","0","0","0","0","1","0","","02","1","2024","6","40.554806","-80.021574","1131","11","0","0","0","0","0","1","0","0","","0","0","0","","","2","Y","0","","40 33:17.303","2","0","80 01:17.666","3","0","0","0","2108","0","0","0","N","0","0","0","3","02108","0","","1.0","1200.0","1","N","N","N","0","","2","0","2","","2","N","","3","2","0","0","0","0","0","2","0","3","04","","","N","","","","","","","","","",""
"2024008624","0242","1","0","0","0","0","0","0","0","0","7","0","","02","1","2024","1","40.425114","-79.888515","0237","11","0","0","0","0","0","0","0","0","","0","0","0","","","1","N","0","","40 25:30.411","2","0","79 53:18.654","8","0","0","0","2463","0","0","0","N","0","0","0","1","02463","0","","4.0","322.0","7","N","N","N","0","","0","0","0","","0","N","","1","1","0","0","0","1","0","2","0","1","02","10","","N","","","","","","","","","",""
"2024010237","0932","1","0","0","0","0","0","0","0","0","4","0","","02","1","2024","7","40.445797","-79.828013","0926","11","0","0","0","0","0","0","1","0","","0","0","0","","","1","N","0","","40 26:44.869","","7","79 49:40.846","4","0","0","0","2113","0","0","0","N","0","0","0","2","02113","1","","1.0","","9","N","N","N","0","","0","0","1","","0","","","2","1","0","0","0","0","0","2","0","2","07","","","N","","","","","","","","","",""
"2024013210","1555","1","0","0","0","0","0","0","0","0","1","0","","02","2","2024","3","40.533028","-80.018667","1548","11","0","0","0","0","0","0","0","0","","0","0","0","","","0","N","0","","40 31:58.900","","0","80 01:07.200","0","0","0","0","2116","0","0","0","N","0","0","0","2","02116","0","","1.0","","1","N","N","N","0","","0","0","1","","0","","","2","0","0","0","0","0","0","2","0","2","03","03","","N","","","","","","","","","",""
"2024015110","1710","2","0","0","0","0","0","0","0","0","4","0","","02","2","2024","3","40.343738","-79.856905","1706","11","0","0","0","0","0","1","0","1","","0","0","0","","","0","","1","","40 20:37.457","","0","79 51:24.857","0","0","0","0","2304","0","0","0","N","0","0","0","4","02304","0","","1.0","","1","N","N","N","0","","0","0","0","","3","","","2","0","0","0","0","0","0","2","0","2","04","04","","N","","","","","","","","","",""
"2024038328","0241","1","0","0","0","0","0","0","0","0","6","0","","02","5","2024","4","40.510753","-79.808836","0235","11","0","0","0","0","0","0","0","0","","0","0","0","","","0","N","0","","40 30:38.711","","0","79 48:31.809","0","0","0","0","2113","0","0","0","N","0","0","0","1","02113","0","","6.0","","1","N","N","N","0","","0","0","1","","0","","","2","0","0","0","0","0","0","2","0","2","03","03","","N","","","","","","","","","",""
"2024033773","1842","0","0","0","0","0","0","0","0","0","1","0","","02","4","2024","1","40.361359","-79.93264","1842","11","0","0","0","0","0","0","0","0","","0","0","0","","","1","N","0","","40 21:40.891","","0","79 55:57.503","4","0","0","0","2473","0","0","0","N","0","0","0","5","02473","1","","1.0","","1","N","N","N","0","","0","0","2","","2","","","2","1","0","0","0","0","0","2","0","2","03","03","","N","","","","","","","","","",""
"2024010038","1822","1","0","0","0","0","0","0","0","0","1","0","","02","1","2024","6","40.673753","-80.098501","1814","11","0","0","0","0","0","1","0","0","","0","0","0","","","1","N","0","","40 40:25.511","1","0","80 05:54.603","8","0","0","0","2212","0","0","0","N","0","0","0","4","02505","0","","1.0","1853.0","9","N","N","N","1","","0","0","0","","2","Y","","2","1","0","0","0","1","0","2","0","2","07","07","","N","","","","","","","","","",""
"2024016105","1848","0","0","0","0","0","0","0","0","0","8","0","","02","2","2024","6","40.415429","-79.83859","1847","11","0","0","0","0","0","0","0","0","","0","0","0","","","2","","3","","40 24:55.543","5","0","79 50:18.923","3","0","0","0","2431","2","0","0","N","2","0","0","4","02431","0","","1.0","1905.0","9","N","N","N","0","","2","0","1","","0","N","","2","2","0","0","0","0","0","2","0","1","10","02","","N","","","","","","","","","",""
"2024033912","1548","0","0","0","0","0","0","0","0","0","4","0","","02","4","2024","4","40.578874","-79.953149","1548","11","0","0","0","0","0","0","0","1","","0","0","0","","","0","","2","","40 34:43.946","1","0","79 57:11.335","0","0","0","0","2207","0","0","0","N","0","0","0","2","02207","0","","1.0","1615.0","1","N","N","N","1","","0","0","1","","3","N","","2","0","0","0","0","0","0","2","0","2","03","","","N","","","","","","","","","",""
"2024015102","1620","0","0","0","0","0","0","0","0","0","8","0","","02","2","2024","3","40.376567","-79.890354","1617","11","0","0","0","0","0","0","0","0","","0","0","0","","","1","N","0","","40 22:35.640","7","7","79 53:25.273","3","0","0","0","2473","1","0","0","N","1","0","0","1","02473","0","","5.0","1700.0","1","N","N","N","1","","1","0","0","","0","Y","","2","1","0","0","0","0","0","2","0","1","03","03","","N","","","","","","","","","",""
"2024039738","1031","0","0","0","0","0","0","0","0","0","7","0","","02","5","2024","2","40.400222","-79.82175","1030","11","0","0","0","0","0","0","0","0","","0","0","0","","","1","N","0","","40 24:00.800","1","0","79 49:18.300","8","0","0","0","2111","0","0","0","N","0","0","0","1","02111","0","","2.0","1107.0","1","N","N","N","0","","0","0","1","","0","N","","1","1","0","0","0","1","0","2","0","1","03","03","","N","","","","","","","","","",""
"2024043931","0649","1","0","0","0","0","0","0","0","0","7","0","","02","5","2024","7","40.596007","-79.915683","0642","11","0","0","0","0","0","0","0","0","","0","0","0","","","0","N","0","","40 35:45.626","3","0","79 54:56.460","0","0","0","0","2209","0","0","0","N","0","0","0","1","68T02","0","","3.0","655.0","8","N","N","N","0","","0","0","0","","0","N","","1","0","0","0","0","0","0","1","0","1","07","","","N","","","","","","","","","",""
"2024039059","2351","2","0","0","0","0","0","0","0","0","4","0","","02","5","2024","5","40.448006","-79.947688","2348","11","0","0","0","0","0","0","0","0","","0","0","0","","","1","","2","","40 26:52.820","1","0","79 56:51.677","8","0","0","0","2301","0","0","0","N","0","0","0","5","02301","0","","1.0","30.0","1","N","N","N","0","","0","0","0","","3","N","","2","1","0","0","0","1","0","2","0","2","03","03","","N","","","","","","","","","",""
"2024039260","2209","0","0","0","0","0","0","0","0","0","5","0","","02","5","2024","5","40.466361","-79.904583","2202","11","0","0","0","0","0","1","0","0","","0","0","0","","","0","N","0","","40 27:58.900","3","0","79 54:16.500","0","0","0","0","2301","0","0","0","N","0","0","0","2","02301","0","","6.0","2230.0","1","N","N","Y","1","","0","0","1","","0","N","","2","0","0","0","0","0","0","2","0","2","03","03","","N","","","","","","","","","",""
"2024038637","1951","2","0","0","0","0","0","0","0","0","5","0","","02","4","2024","1","40.343391","-80.060348","1948","11","0","0","0","0","0","1","0","0","","0","0","0","","","1","","1","","40 20:36.208","","0","80 03:37.252","8","0","0","0","2123","0","0","0","N","0","0","0","6","02123","0","","1.0","","1","N","N","N","0","","0","0","1","","2","","","3","1","0","0","0","1","0","2","0","3","03","98","","N","","","","","","","","","",""
"2024038134","1001","1","0","0","0","0","0","0","0","0","7","0","","02","4","2024","1","40.531616","-79.93999","0957","11","0","0","0","0","0","0","0","0","","0","0","0","","","0","N","0","","40 31:53.816","6","0","79 56:23.964","0","0","0","0","2118","0","0","0","N","0","0","0","1","02118","0","","4.0","1145.0","1","N","N","N","0","","0","0","0","","0","N","","1","0","0","0","0","0","0","2","0","1","03","","","N","","","","","","","","","",""
"2024041163","1203","0","0","0","0","0","0","0","0","0","1","0","","02","5","2024","6","40.367587","-79.780296","1158","11","0","0","0","0","0","0","1","0","","0","0","0","","","0","","2","","40 22:03.312","","0","79 46:49.064","0","0","0","0","2111","0","0","0","N","0","0","0","3","02111","0","","1.0","","1","N","N","N","0","","0","0","3","","0","","","3","0","0","0","0","0","0","2","0","3","04","04","","N","","","","","","","","","",""
"2024044725","1750","1","0","0","0","0","0","0","0","0","1","0","","02","4","2024","3","40.438269","-80.012355","1741","11","0","0","0","0","1","0","1","0","","0","0","0","","","0","N","0","","40 26:17.768","3","3","80 00:44.478","0","0","0","0","2301","0","0","0","N","0","0","0","5","68B03","0","","1.0","1820.0","1","N","N","N","0","","0","0","3","","0","N","","4","0","0","0","0","0","0","2","0","4","03","","","N","","","","","","","","","",""
"2024039620","1612","2","0","0","0","0","0","0","0","0","1","0","","02","4","2024","3","40.350079","-79.894125","1605","11","0","0","0","1","0","0","0","0","","0","0","0","","","0","","2","","40 21:00.285","3","0","79 53:38.851","0","0","0","0","2423","0","0","0","N","0","0","0","3","02304","0","","1.0","1636.0","1","N","N","N","0","","0","0","0","","1","N","","2","0","0","0","0","0","0","2","0","2","03","03","","N","","","","","","","","","",""
"2024038339","0430","1","0","0","0","0","0","0","0","0","7","0","","02","5","2024","4","40.337681","-79.951406","0428","11","0","0","0","0","1","0","0","0","","0","0","0","","","1","N","0","","40 20:15.652","3","7","79 57:05.063","3","0","0","0","2473","0","0","0","N","0","0","0","1","02473","0","","3.0","500.0","3","N","N","N","0","","1","0","0","","2","N","","1","1","0","0","0","0","0","2","0","1","03","03","","N","","","","","","","","","",""
"2024039767","1151","2","0","0","0","0","0","0","0","0","1","0","","02","5","2024","4","40.4257","-80.019682","1136","11","0","0","0","0","0","0","0","0","","0","0","0","","","0","N","0","","40 25:32.521","","0","80 01:10.855","0","0","0","0","2301","0","0","0","N","0","0","0","3","02301","0","","1.0","","1","N","N","N","0","","0","0","1","","2","","","3","0","0","0","0","0","0","2","0","3","03","03","","N","","","","","","","","","",""
"2024038773","1140","0","0","0","0","0","0","0","0","0","1","0","","02","5","2024","4","40.414602","-80.009226","1130","11","0","0","0","0","0","0","2","0","","0","0","0","","","1","N","0","","40 24:52.567","1","4","80 00:33.214","3","0","0","0","2301","0","0","0","N","0","0","0","3","02301","0","","1.0","1155.0","1","N","N","N","0","","1","0","2","","0","N","","3","1","0","0","0","0","0","2","1","3","03","03","","N","","","","","","","","","",""
"2024038625","2208","0","0","0","0","0","0","0","0","0","1","0","","02","5","2024","5","40.582307","-80.041198","2202","11","0","1","0","0","0","1","0","0","","0","0","0","","","0","N","0","","40 34:56.304","","0","80 02:28.311","0","0","0","0","2108","0","0","0","N","0","0","0","3","02108","0","","1.0","","1","N","N","N","0","","0","0","2","","0","","","2","0","0","0","0","0","0","2","0","2","03","03","","N","","","","","","","","","",""
"2024043832","1549","1","0","0","0","0","0","0","0","0","4","1","","02","5","2024","6","40.399958","-79.834765","1537","11","0","0","0","0","0","1","0","0","","0","1","0","","","1","","1","","40 23:59.850","1","0","79 50:05.155","3","0","0","0","2449","0","0","0","N","0","0","0","2","02515","0","","1.0","1537.0","1","N","N","N","0","","1","0","0","","2","N","","2","1","0","0","0","0","0","2","0","2","03","03","","N","","","","","","","","","",""
"2024042840","1414","0","0","0","0","0","0","0","0","0","4","0","","02","5","2024","4","40.491558","-80.061268","1410","11","0","0","0","0","0","1","1","0","","0","0","0","","","4","","1","","40 29:29.609","","0","80 03:40.563","8","0","0","0","2404","0","0","0","N","0","0","0","6","02404","0","","1.0","","1","Y","N","N","0","","0","0","2","","2","","","3","4","3","0","0","4","0","2","1","3","03","03","","N","","","","","","","","","",""
"2024046659","1617","2","0","0","0","0","0","0","0","0","1","0","","02","5","2024","4","40.418104","-80.054763","1603","11","0","0","0","0","0","0","0","0","","0","0","0","","","0","N","0","","40 25:05.175","","0","80 03:17.145","0","0","0","0","2435","0","0","0","N","0","0","0","2","68B03","0","","1.0","","1","N","N","N","0","","0","0","0","","0","","","2","0","0","0","0","0","0","2","0","2","03","03","","N","","","","","","","","","",""
"2024043807","1548","1","0","0","0","0","0","0","0","0","1","0","","02","5","2024","6","40.586537","-79.950407","1544","11","0","0","1","0","0","1","0","0","","0","0","0","","","0","","2","","40 35:11.533","2","0","79 57:01.466","0","0","0","0","2207","0","0","0","N","0","0","0","2","02207","0","","1.0","1620.0","9","N","N","N","1","","0","0","0","","0","N","","2","0","1","0","0","0","0","2","0","2","04","07","","N","","","","","","","","","",""
"2024043683","1722","1","0","0","0","0","0","0","0","0","4","1","","02","5","2024","5","40.455232","-79.997353","1709","11","0","0","0","0","1","1","0","0","","0","1","0","","","0","N","0","","40 27:18.836","1","3","79 59:50.471","0","0","0","0","2301","0","0","0","N","0","0","0","2","68B03","0","","1.0","1946.0","9","N","N","Y","0","","0","0","0","","0","N","","2","0","0","0","0","0","0","2","0","2","07","","","N","","","","","","","","","",""
"2024043666","1734","0","0","0","0","0","0","0","0","0","1","0","","02","4","2024","3","40.455101","-79.997309","1725","11","0","0","0","0","0","0","1","0","","0","0","0","","","0","N","0","","40 27:18.364","1","3","79 59:50.312","0","0","0","0","2301","0","0","0","N","0","0","0","2","68B03","0","","1.0","1800.0","1","N","N","N","0","","0","0","2","","0","N","","2","0","0","0","0","0","0","2","0","2","03","03","","N","","","","","","","","","",""
"2024035717","1446","0","0","0","0","0","0","0","0","0","7","0","","02","4","2024","6","40.369674","-80.222096","1446","11","0","0","0","0","0","1","0","0","","0","0","0","","","0","N","0","","40 22:10.825","","0","80 13:19.547","0","0","0","0","2119","0","0","0","N","0","0","0","1","62422","0","","5.0","","9","N","N","N","0","","0","0","1","","0","","","1","0","0","0","0","0","0","2","0","1","07","07","","N","","","","","","","","","",""
"2024041271","1725","2","0","0","0","0","0","0","0","0","1","0","","02","5","2024","6","40.405418","-79.832415","1723","11","0","0","0","0","0","0","0","0","","0","0","0","","","0","N","0","","40 24:19.503","6","0","79 49:56.693","0","0","0","1","2467","0","0","0","N","0","0","0","1","02467","0","","6.0","1805.0","1","N","N","Y","1","","0","0","1","","0","Y","","5","0","1","0","0","0","0","2","0","5","03","03","","N","","","","","","","","","",""
"2024041859","1134","1","0","0","0","0","0","0","0","0","1","0","","02","5","2024","1","40.360929","-80.127571","1134","11","0","0","0","0","0","1","0","0","","0","0","0","","","1","","3","","40 21:39.345","6","0","80 07:39.254","8","0","0","0","2119","0","0","0","N","0","0","0","2","02119","0","","1.0","1211.0","1","N","N","N","0","","0","0","1","","0","N","","2","1","0","0","0","1","0","2","0","2","04","","","N","","","","","","","","","",""
"2024043633","1739","1","0","0","0","0","0","0","0","0","4","0","","02","5","2024","5","40.537508","-80.021218","1735","11","0","1","0","0","0","0","0","0","","0","0","0","","","1","","1","","40 32:15.028","3","0","80 01:16.384","3","0","0","0","2116","0","0","0","N","0","0","0","2","02116","0","","1.0","1820.0","1","N","N","N","1","","1","0","0","","3","Y","","2","1","1","0","0","0","0","2","0","2","03","03","","N","","","","","","","","","",""
"2024044488","0727","1","0","0","0","0","0","0","0","0","7","0","","02","1","2024","3","40.429478","-79.889111","0721","11","0","0","0","0","0","0","0","0","","0","0","0","","","0","N","0","","40 25:46.120","6","0","79 53:20.800","0","0","0","0","2426","0","0","0","N","0","0","0","1","02426","0","","5.0","751.0","7","N","N","N","0","","0","0","0","","0","N","","1","0","0","0","0","0","0","2","0","1","10","10","","N","","","","","","","","","",""
"2024038760","1714","0","0","0","0","0","0","0","0","0","4","0","","02","4","2024","3","40.332239","-80.129629","1714","11","0","0","0","0","0","0","0","0","","0","0","0","","","0","","2","","40 19:56.060","","0","80 07:46.663","0","0","0","0","2119","0","0","0","N","0","0","0","3","02119","0","","1.0","","1","N","N","N","1","","0","0","1","","3","","","2","0","0","0","0","0","0","2","0","2","03","","","N","","","","","","","","","",""
"2024041755","1304","1","0","0","0","0","0","0","0","0","1","0","","02","5","2024","1","40.450776","-80.138859","1303","11","0","0","0","0","0","0","0","2","","0","0","0","","","0","Y","0","","40 27:02.793","","0","80 08:19.892","9","0","0","0","2115","0","0","0","N","0","0","0","3","02115","0","","1.0","","1","N","N","N","0","","0","0","1","","0","","","2","0","0","0","0","0","2","2","0","2","03","03","","N","","","","","","","","","",""
"2024044811","0655","1","0","0","0","0","0","0","0","0","7","0","","02","4","2024","6","40.392678","-80.066918","0647","11","0","0","0","0","0","0","0","0","","0","0","0","","","0","N","0","","40 23:33.642","4","0","80 04:00.904","0","0","0","0","2109","0","0","0","N","0","0","0","1","02109","0","","4.0","735.0","1","N","N","N","0","","0","0","0","","0","Y","","1","0","0","0","0","0","0","2","0","1","03","03","","N","","","","","","","","","",""
"2024041029","0411","0","0","0","0","0","0","0","0","0","7","0","","02","4","2024","5","40.401304","-80.022691","0404","11","0","0","0","0","0","0","0","0","","0","0","0","","","0","N","0","","40 24:04.695","6","0","80 01:21.687","9","0","0","0","2301","0","0","0","N","0","0","0","1","02301","0","","2.0","515.0","1","N","N","N","0","","0","0","1","","0","N","","1","0","0","0","0","0","1","2","0","1","03","","","N","","","","","","","","","",""
"2024042306","1649","0","0","0","0","0","0","0","0","0","1","0","","02","5","2024","3","40.427431","-79.721496","1647","11","0","0","0","0","0","1","1","0","","0","0","0","","","3","N","1","","40 25:38.750","4","0","79 43:17.387","3","0","0","0","2446","0","0","0","N","0","0","0","3","02446","0","","1.0","1720.0","1","N","N","N","0","","3","0","2","","2","Y","","2","3","0","0","0","0","0","2","0","2","03","03","","N","","","","","","","","","",""
"2024046568","1450","1","0","0","0","0","0","0","0","0","7","0","","02","5","2024","2","40.384794","-79.87377","1443","11","0","0","0","0","0","0","1","0","","0","0","0","","","1","N","2","","40 23:05.259","","0","79 52:25.573","4","0","0","0","2473","0","0","0","Y","0","0","0","2","02473","1","","5.0","","1","N","N","N","0","","0","0","0","","0","","","1","1","2","0","0","0","0","2","0","1","03","03","","N","","","","","","","","","",""
"2024036626","2140","1","0","0","0","0","0","0","0","0","4","0","","02","4","2024","5","40.434486","-79.847948","2137","11","0","0","0","0","0","1","0","0","","0","0","0","","","0","","2","","40 26:04.151","","0","79 50:52.612","0","0","0","0","2419","0","0","0","N","0","0","0","2","02419","0","","1.0","","1","N","N","N","1","","0","0","0","","0","","","2","0","0","0","0","0","0","2","0","2","03","98","","N","","","","","","","","","",""
"2024044406","0715","1","0","0","0","0","0","0","0","0","7","0","","02","5","2024","5","40.443689","-79.780054","0659","11","0","1","0","0","0","0","0","0","","0","0","0","","","0","N","0","","40 26:37.281","4","0","79 46:48.193","0","0","0","0","2446","0","0","0","N","0","0","0","1","68B03","0","","4.0","815.0","1","N","N","N","0","","0","0","0","","0","N","","1","0","0","0","0","0","0","2","0","1","03","","","N","","","","","","","","","",""
"2024044485","1549","0","0","0","0","0","0","0","0","0","4","0","","02","4","2024","1","40.429868","-79.875568","1547","11","0","0","0","0","0","0","0","0","","0","0","0","","","0","","3","","40 25:47.523","","0","79 52:32.046","0","0","0","0","2426","0","0","0","N","0","0","0","2","02426","0","","1.0","","1","N","N","N","0","","0","0","2","","0","","","2","0","0","0","0","0","0","2","0","2","03","03","","N","","","","","","","","","",""
"2024017881","0853","1","0","0","0","0","0","0","0","0","4","0","","02","2","2024","3","40.423473","-79.896605","0853","11","0","0","0","0","0","1","0","0","","0","0","0","","","0","","1","","40 25:24.504","","0","79 53:47.779","0","0","0","0","2463","0","0","0","N","0","0","0","2","02463","0","","1.0","","1","N","N","N","0","","0","0","1","","3","","","2","0","1","0","0","0","0","2","0","2","03","","","N","","","","","","","","","",""
"2024036684","1515","0","0","0","0","0","0","0","0","0","4","0","","02","4","2024","2","40.405734","-79.823651","1512","11","0","0","0","0","0","1","1","0","","0","0","0","","","1","","1","","40 24:20.641","1","0","79 49:25.145","3","0","0","0","2467","0","0","0","N","0","0","0","2","02467","0","","1.0","1524.0","99","N","N","N","1","","1","0","1","","2","Y","","2","1","0","0","0","0","0","2","0","2","99","","","N","","","","","","","","","",""
"2024043055","1608","0","0","0","0","0","0","0","0","0","7","0","","02","5","2024","6","40.537953","-80.200066","1603","11","0","1","0","0","0","0","0","0","","0","0","0","","","1","","3","","40 32:16.629","","0","80 12:00.237","3","0","0","0","2213","0","0","0","N","0","0","0","1","02213","0","","4.0","","9","N","N","N","1","","1","0","0","","0","","","1","1","0","0","0","0","0","2","0","1","07","04","","N","","","","","","","","","",""
"2024043345","1733","1","0","0","0","0","0","0","0","0","4","0","","02","5","2024","1","40.422826","-80.002811","1719","11","0","0","0","0","0","0","1","0","","0","0","0","","","0","","2","","40 25:22.173","","0","80 00:10.119","9","0","0","0","2301","0","0","0","N","0","0","0","3","02301","0","","1.0","","1","N","N","N","0","","0","0","1","","0","","","2","0","0","0","0","0","1","2","0","2","03","","","N","","","","","","","","","",""