"CRN","ARRIVAL_TM","AUTOMOBILE_COUNT","BELTED_DEATH_COUNT","BELTED_SUSP_SERIOUS_INJ_COUNT","BICYCLE_COUNT","BICYCLE_DEATH_COUNT","BICYCLE_SUSP_SERIOUS_INJ_COUNT","BUS_COUNT","CHLDPAS_DEATH_COUNT","CHLDPAS_SUSP_SERIOUS_INJ_COUNT","COLLISION_TYPE","COMM_VEH_COUNT","CONS_ZONE_SPD_LIM","COUNTY","CRASH_MONTH","CRASH_YEAR","DAY_OF_WEEK","DEC_LATITUDE","DEC_LONGITUDE","DISPATCH_TM","DISTRICT","DRIVER_COUNT_16YR","DRIVER_COUNT_17YR","DRIVER_COUNT_18YR","DRIVER_COUNT_19YR","DRIVER_COUNT_20YR","DRIVER_COUNT_50_64YR","DRIVER_COUNT_65_74YR","DRIVER_COUNT_75PLUS","EST_HRS_CLOSED","FATAL_COUNT","HEAVY_TRUCK_COUNT","HORSE_BUGGY_COUNT","HOUR_OF_DAY","ILLUMINATION","INJURY_COUNT","INTERSECTION_RELATED","INTERSECT_TYPE","LANE_CLOSED","LATITUDE","LN_CLOSE_DIR","LOCATION_TYPE","LONGITUDE","MAX_SEVERITY_LEVEL","MCYCLE_DEATH_COUNT","MCYCLE_SUSP_SERIOUS_INJ_COUNT","MOTORCYCLE_COUNT","MUNICIPALITY","NONMOTR_COUNT","NONMOTR_DEATH_COUNT","NONMOTR_SUSP_SERIOUS_INJ_COUNT","NTFY_HIWY_MAINT","PED_COUNT","PED_DEATH_COUNT","PED_SUSP_SERIOUS_INJ_COUNT","PERSON_COUNT","POLICE_AGCY","POSSIBLE_INJ_COUNT","RDWY_SURF_TYPE_CD","RELATION_TO_ROAD","ROADWAY_CLEARED","ROAD_CONDITION","SCH_BUS_IND","SCH_ZONE_IND","SECONDARY_CRASH","SMALL_TRUCK_COUNT","SPEC_JURIS_CD","SUSP_MINOR_INJ_COUNT","SUSP_SERIOUS_INJ_COUNT","SUV_COUNT","TCD_FUNC_CD","TCD_TYPE","TFC_DETOUR_IND","TIME_OF_DAY","TOTAL_UNITS","TOT_INJ_COUNT","UNBELTED_OCC_COUNT","UNB_DEATH_COUNT","UNB_SUSP_SERIOUS_INJ_COUNT","UNK_INJ_DEG_COUNT","UNK_INJ_PER_COUNT","URBAN_RURAL","VAN_COUNT","VEHICLE_COUNT","WEATHER1","WEATHER2","WORKERS_PRES","WORK_ZONE_IND","WORK_ZONE_LOC","WORK_ZONE_TYPE","WZ_CLOSE_DETOUR","WZ_FLAGGER","WZ_LAW_OFFCR_IND","WZ_LN_CLOSURE","WZ_MOVING","WZ_OTHER","WZ_SHLDER_MDN","WZ_WORKERS_INJ_KILLED"
"2024044734","1000","1","0","0","0","0","0","0","0","0","7","0","","02","5","2024","2","40.441709","-79.762053","0929","11","0","0","0","0","0","1","0","0","","0","0","0","","","1","N","0","","40 26:30.154","","0","79 45:43.392","3","0","0","0","2446","0","0","0","N","0","0","0","2","68B03","0","","4.0","","1","N","N","N","0","","1","0","0","","0","","","1","1","0","0","0","0","0","2","0","1","03","03","","N","","","","","","","","","",""
"2024040785","1751","1","0","0","0","0","0","0","0","0","1","0","","02","5","2024","4","40.33608","-79.810578","1751","11","0","0","0","0","0","0","0","0","","0","0","0","","","1","N","0","","40 20:09.888","7","0","79 48:38.080","2","0","1","1","2477","0","0","0","N","0","0","0","2","02477","0","","1.0","1825.0","1","N","N","N","0","","0","1","0","","0","Y","","2","1","1","0","0","0","0","2","0","2","03","03","","N","","","","","","","","","",""
"2024036724","1609","1","0","0","0","0","0","0","0","0","4","0","","02","4","2024","6","40.343211","-79.829161","1603","11","0","0","1","0","0","0","0","0","","0","0","0","","","2","","2","","40 20:35.561","6","0","79 49:44.978","3","0","0","0","2304","0","0","0","N","0","0","0","2","02304","0","","1.0","1640.0","1","N","N","N","0","","2","0","1","","3","Y","","2","2","0","0","0","0","0","2","0","2","03","03","","N","","","","","","","","","",""
"2024035129","2058","0","0","0","0","0","0","0","0","0","4","0","","02","4","2024","2","40.635345","-79.941585","2056","11","0","0","0","0","0","0","0","0","","0","0","0","","","3","N","0","","40 38:07.242","6","7","79 56:29.705","3","0","0","0","2217","0","0","0","N","0","0","0","4","02505","0","","1.0","2200.0","1","N","N","N","1","","1","0","1","","0","Y","","2","3","0","0","0","2","0","2","0","2","03","03","","N","","","","","","","","","",""
"2024045646","1720","0","0","0","0","0","0","0","0","0","4","0","","02","5","2024","2","40.351589","-80.052378","1712","11","0","0","0","0","0","0","0","0","","0","0","0","","","0","Y","0","","40 21:05.720","","7","80 03:08.560","0","0","0","0","2123","0","0","0","N","0","0","0","3","02123","0","","1.0","","1","N","N","N","0","","0","0","2","","3","","","2","0","0","0","0","0","0","2","0","2","03","","","N","","","","","","","","","",""
"2024043498","1701","1","0","0","0","0","0","0","0","0","4","0","","02","4","2024","2","40.35016","-79.976498","1701","11","0","0","0","0","1","0","0","0","","0","0","0","","","1","","2","","40 21:00.577","","0","79 58:35.392","3","0","0","0","2476","0","0","0","N","0","0","0","2","02476","0","","1.0","","1","N","N","N","0","","1","0","0","","3","","","2","1","0","0","0","0","0","2","1","2","03","","","N","","","","","","","","","",""
"2024044486","1233","1","0","0","0","0","0","0","0","0","4","0","","02","4","2024","4","40.426806","-79.889189","1229","11","0","0","0","0","0","1","0","0","","0","0","0","","","1","N","0","","40 25:36.502","","7","79 53:21.081","8","0","0","0","2426","0","0","0","N","0","0","0","3","02426","0","","1.0","","1","N","N","N","0","","0","0","1","","3","","","2","1","0","0","0","1","0","2","0","2","04","04","","N","","","","","","","","","",""
"2024039467","1324","1","0","0","0","0","0","0","0","0","7","0","","02","5","2024","1","40.272095","-79.885166","1324","11","0","0","0","0","1","0","0","0","","0","0","0","","","0","N","0","","40 16:19.543","1","2","79 53:06.596","0","0","0","0","2428","0","0","0","N","0","0","0","1","02105","0","","2.0","1402.0","1","N","N","N","0","","0","0","0","","0","Y","","1","0","0","0","0","0","0","2","0","1","04","04","","N","","","","","","","","","",""
"2024045480","1347","2","0","0","0","0","0","0","0","0","4","0","","02","5","2024","1","40.322194","-80.056713","1340","11","0","0","0","0","0","0","1","2","","0","0","0","","","0","","1","","40 19:19.900","","0","80 03:24.166","0","0","0","0","2407","0","0","0","N","0","0","0","3","02407","0","","1.0","","1","N","N","Y","1","","0","0","0","","3","","","3","0","0","0","0","0","0","2","0","3","04","","","N","","","","","","","","","",""
"2024044741","0859","0","0","0","0","0","0","0","0","0","1","1","","02","5","2024","4","40.467127","-80.00126","0813","11","0","0","0","0","0","2","0","0","","0","1","0","","","0","N","0","","40 28:01.656","","0","80 00:04.535","0","0","0","0","2301","0","0","0","N","0","0","0","2","68B03","0","","1.0","","1","N","N","N","0","","0","0","1","","0","","","2","0","0","0","0","0","0","2","0","2","03","03","","N","","","","","","","","","",""
"2024039843","1405","0","0","0","0","0","0","0","0","0","1","0","","02","5","2024","4","40.373548","-80.006573","1405","11","0","0","0","0","0","0","1","0","","0","0","0","","","0","Y","0","","40 22:24.773","","0","80 00:23.664","0","0","0","0","2416","0","0","0","N","0","0","0","2","02416","0","","1.0","","1","N","N","N","0","","0","0","2","","0","","","2","0","0","0","0","0","0","2","0","2","03","03","","N","","","","","","","","","",""
"2024037037","2325","1","0","0","0","0","0","0","0","0","4","0","","02","4","2024","7","40.558164","-80.023396","2319","11","0","0","0","0","0","0","0","0","","0","0","0","","","2","","1","","40 33:29.390","1","0","80 01:24.225","8","0","0","0","2108","0","0","0","N","0","0","0","2","02108","0","","1.0","10.0","1","N","N","N","0","","0","0","1","","2","N","","2","2","0","0","0","2","0","2","0","2","03","03","","N","","","","","","","","","",""
"2024039266","0005","1","0","0","0","0","0","0","0","0","4","0","","02","4","2024","3","40.310221","-79.937336","0000","11","0","0","0","1","0","0","0","0","","0","0","0","","","0","N","0","","40 18:36.796","1","7","79 56:14.409","0","0","0","0","2440","0","0","0","Y","0","0","0","2","02440","0","","1.0","47.0","1","N","N","N","0","","0","0","1","","0","N","","2","0","0","0","0","0","0","2","0","2","03","03","","N","","","","","","","","","",""
"2024041309","1620","2","0","0","0","0","0","0","0","0","4","0","","02","4","2024","2","40.36825","-79.994139","1617","11","0","0","0","0","0","0","0","0","","0","0","0","","","0","N","0","","40 22:05.700","","0","79 59:38.900","0","0","0","0","2476","0","0","0","N","0","0","0","1","02476","0","","4.0","","1","N","N","N","0","","0","0","0","","0","","","2","0","0","0","0","0","0","2","0","2","03","03","","N","","","","","","","","","",""
"2024037763","0731","0","0","0","0","0","0","0","0","0","4","0","","02","4","2024","2","40.295917","-79.932944","0727","11","0","1","0","0","0","0","0","0","","0","0","0","","","0","N","0","","40 17:45.300","5","0","79 55:58.600","0","0","0","0","2440","0","0","0","N","0","0","0","3","02440","0","","1.0","820.0","1","N","Y","N","0","","0","0","1","","8","N","","2","0","1","0","0","0","0","2","1","2","03","","","N","","","","","","","","","",""
"2024043999","1210","0","0","0","0","0","0","0","0","0","4","1","","02","5","2024","7","40.356111","-79.833952","1210","11","0","0","0","0","0","1","0","0","","0","1","0","","","0","N","0","","40 21:21.999","","7","79 50:02.228","0","0","0","0","2304","0","0","0","N","0","0","0","3","02304","0","","1.0","","9","N","N","Y","0","","0","0","2","","0","","","3","0","0","0","0","0","0","2","0","3","07","04","","N","","","","","","","","","",""
"2024038492","1213","1","0","0","0","0","0","0","0","0","1","0","","02","4","2024","6","40.427879","-79.726217","1206","11","0","0","0","0","0","0","0","0","","0","0","0","","","1","N","0","","40 25:40.364","3","0","79 43:34.381","8","0","0","0","2446","0","0","0","N","0","0","0","4","02446","0","","1.0","1245.0","1","N","N","N","1","","0","0","0","","0","N","","2","1","1","0","0","1","0","2","0","2","03","03","","N","","","","","","","","","",""
"2024038912","1306","2","0","0","0","0","0","0","0","0","1","0","","02","5","2024","6","40.474325","-79.821925","1304","11","0","0","0","0","0","0","0","0","","0","0","0","","","0","","1","","40 28:27.571","","0","79 49:18.931","0","0","0","0","2113","0","0","0","N","0","0","0","3","02113","0","","1.0","","1","N","N","N","0","","0","0","0","","2","","","2","0","0","0","0","0","0","2","0","2","03","03","","N","","","","","","","","","",""
"2024039348","0938","0","0","0","0","0","0","0","0","0","4","0","","02","5","2024","5","40.447921","-80.142682","0933","11","0","0","0","0","0","0","1","0","","0","0","0","","","1","N","0","","40 26:52.517","4","7","80 08:33.655","8","0","0","0","2115","0","0","0","N","0","0","0","2","02115","0","","1.0","945.0","1","N","N","N","0","","0","0","2","","0","N","","2","1","1","0","0","1","0","2","0","2","03","03","","N","","","","","","","","","",""
"2024045010","1545","1","0","0","0","0","0","0","0","0","4","0","","02","4","2024","3","40.458907","-80.172043","1535","11","0","0","0","0","0","2","0","0","","0","0","0","","","0","","1","","40 27:32.065","","0","80 10:19.355","0","0","0","0","2213","0","0","0","N","0","0","0","2","02213","0","","1.0","","1","N","N","N","0","","0","0","1","","2","","","2","0","0","0","0","0","0","2","0","2","03","","","N","","","","","","","","","",""
"2024038630","1852","1","0","0","0","0","0","0","0","0","4","0","","02","5","2024","5","40.594604","-79.947812","1849","11","0","0","0","0","0","0","0","1","","0","0","0","","","1","","3","","40 35:40.576","2","0","79 56:52.124","8","0","0","1","2207","0","0","0","N","0","0","0","2","02207","0","","1.0","1930.0","1","N","N","N","0","","0","0","0","","0","N","","2","1","0","0","0","1","0","2","0","2","03","03","","N","","","","","","","","","",""
"2024046446","1520","0","0","0","0","0","0","0","0","0","7","0","","02","3","2024","4","40.374815","-80.102723","1503","11","0","0","0","0","0","1","0","0","","0","0","0","","","0","N","0","","40 22:29.335","","0","80 06:09.801","0","0","0","0","2102","0","0","0","Y","0","0","0","1","68B03","0","","3.0","","9","N","N","N","0","","0","0","1","","0","","","1","0","0","0","0","0","0","2","0","1","07","07","","N","","","","","","","","","",""
"2024040332","1757","1","0","0","0","0","0","0","0","0","98","0","55","02","4","2024","1","40.441933","-79.803021","1726","11","0","0","0","0","0","0","1","0","","0","0","0","","","0","N","0","","40 26:30.959","","0","79 48:10.877","0","0","0","0","2113","0","0","0","N","0","0","0","2","68B03","0","","1.0","","1","N","N","N","0","","0","0","1","","0","","","3","0","0","0","0","0","0","2","0","2","03","","N","Y","4","1","","","N","","","Y","","N"
"2024038813","0737","1","0","0","0","0","0","0","0","0","4","0","","02","5","2024","5","40.40755","-79.900932","0733","11","0","0","0","0","0","0","0","0","","0","0","0","","","0","","1","","40 24:27.179","","0","79 54:03.356","0","0","0","0","2448","0","0","0","N","0","0","0","2","02448","0","","1.0","","1","N","N","N","0","","0","0","1","","3","","","2","0","0","0","0","0","0","2","0","2","03","","","N","","","","","","","","","",""
"2024040878","1623","2","0","0","0","0","0","0","0","0","4","0","","02","5","2024","5","40.333619","-79.960578","1618","11","0","0","0","0","1","0","0","0","","0","0","0","","","0","","1","","40 20:01.028","7","0","79 57:38.080","0","0","0","0","2454","0","0","0","N","0","0","0","2","02454","0","","1.0","1701.0","1","N","N","N","0","","0","0","0","","3","Y","","2","0","0","0","0","0","0","2","0","2","03","03","","N","","","","","","","","","",""
"2024040352","2219","1","0","0","0","0","0","0","0","0","7","0","","02","5","2024","4","40.354088","-80.119216","2205","11","0","0","0","1","0","0","0","0","","0","0","0","","","1","N","0","","40 21:14.716","","2","80 07:09.179","3","0","0","0","2119","0","0","0","N","0","0","0","1","68B03","0","","3.0","","1","N","N","N","0","","1","0","0","","0","","","1","1","0","0","0","0","0","2","0","1","03","","","N","","","","","","","","","",""
"2024040735","1612","1","0","0","0","0","0","0","0","0","1","0","","02","4","2024","2","40.582156","-80.097786","1529","11","0","0","0","0","0","0","0","0","","0","0","0","","","0","N","0","","40 34:55.761","","0","80 05:52.029","0","0","0","0","2481","0","0","0","Y","0","0","0","2","68B03","0","","2.0","","1","N","N","N","1","","0","0","0","","0","","","2","0","0","0","0","0","0","2","0","2","03","","","N","","","","","","","","","",""
"2024038767","1510","1","0","0","0","0","0","0","0","0","1","0","","02","4","2024","3","40.556817","-80.022529","1510","11","0","0","0","0","0","0","0","0","","0","0","0","","","0","N","0","","40 33:24.542","1","0","80 01:21.105","0","0","0","0","2116","0","0","0","N","0","0","0","2","02116","0","","1.0","1530.0","1","N","N","N","0","","0","0","1","","0","N","","2","0","0","0","0","0","0","2","0","2","03","03","","N","","","","","","","","","",""
"2024041260","1830","1","0","0","0","0","0","0","0","0","4","0","","02","5","2024","6","40.370212","-80.100779","1824","11","0","0","0","0","1","0","0","0","","0","0","0","","","0","","2","","40 22:12.763","","0","80 06:02.806","0","0","0","0","2102","0","0","0","N","0","0","0","3","02102","0","","1.0","","1","N","N","Y","1","","0","0","1","","2","","","3","0","0","0","0","0","0","2","0","3","03","03","","N","","","","","","","","","",""
"2024038613","1900","0","0","0","0","0","0","0","0","0","1","0","","02","5","2024","5","40.466333","-79.823361","1856","11","0","0","0","0","0","1","0","0","","0","0","0","","","0","N","0","","40 27:58.800","","0","79 49:24.100","0","0","0","0","2113","0","0","0","N","0","0","0","1","02113","0","","2.0","","1","N","N","N","1","","0","0","1","","0","","","2","0","0","0","0","0","0","2","0","2","03","","","N","","","","","","","","","",""
"2024044458","0708","1","0","0","0","0","0","1","0","0","1","1","","02","5","2024","3","40.362079","-79.866904","0658","11","0","0","0","0","0","0","0","0","","0","0","0","","","1","","1","","40 21:43.486","6","0","79 52:00.853","3","0","0","0","2473","0","0","0","N","0","0","0","16","02473","0","","1.0","745.0","1","Y","N","N","0","","1","0","0","","8","Y","","2","1","0","0","0","0","0","2","0","2","03","03","","N","","","","","","","","","",""
"2024044002","1019","0","0","0","0","0","0","1","0","0","0","1","45","02","4","2024","5","40.493476","-80.126468","1009","11","0","0","0","0","0","0","1","0","","0","0","0","","","1","N","0","","40 29:36.514","2","0","80 07:35.284","2","0","0","0","2115","0","0","0","N","0","0","0","1","68B03","0","","2.0","1100.0","1","Y","N","N","0","","0","1","0","","0","N","","1","1","0","0","0","0","0","2","0","1","03","","N","Y","4","1","","","N","","","","Y","N"
"2024039449","1315","1","0","0","0","0","0","0","0","0","4","0","","02","4","2024","2","40.412911","-79.908486","1311","11","0","0","0","0","0","0","0","0","","0","0","0","","","1","N","0","","40 24:46.478","3","7","79 54:30.549","3","0","0","0","2438","0","0","0","N","0","0","0","2","02438","0","","1.0","1341.0","1","N","N","N","0","","1","0","1","","3","Y","","2","1","1","0","0","0","0","2","0","2","03","03","","N","","","","","","","","","",""
"2024040495","1518","1","0","0","0","0","0","0","0","0","4","0","","02","5","2024","4","40.354888","-80.115788","1507","11","0","0","0","0","0","2","0","0","","0","0","0","","","0","","6","","40 21:17.598","","2","80 06:56.837","0","0","0","0","2119","0","0","0","N","0","0","0","2","02119","0","","1.0","","1","N","N","N","0","","0","0","1","","4","","","2","0","0","0","0","0","0","2","0","2","03","03","","N","","","","","","","","","",""
"2024042693","0332","1","0","0","0","0","0","0","0","0","7","0","","02","4","2024","1","40.323207","-79.838646","0319","11","0","0","0","0","0","0","0","0","","0","0","0","","","0","N","0","","40 19:23.546","","0","79 50:19.127","9","0","0","0","2304","0","0","0","N","0","0","0","1","02304","0","","2.0","","1","N","N","N","0","","0","0","0","","0","","","1","0","0","0","0","0","1","2","0","1","03","03","","N","","","","","","","","","",""
"2024044751","0804","0","0","0","0","0","0","0","0","0","7","2","","02","5","2024","7","40.477623","-79.768353","0804","11","0","0","0","0","0","1","0","0","","0","2","0","","","2","N","0","","40 28:39.442","4","0","79 46:06.072","3","0","0","0","2466","0","0","0","N","0","0","0","3","68T02","0","","4.0","1030.0","8","N","N","N","0","","2","0","1","","0","N","","3","2","0","0","0","0","0","2","0","3","07","","","N","","","","","","","","","",""
"2024044907","1001","1","0","0","0","0","0","0","0","0","1","0","","02","4","2024","2","40.426161","-79.895424","0947","11","0","0","0","0","0","0","0","0","","0","0","0","","","1","N","0","","40 25:34.181","4","0","79 53:43.526","3","0","0","0","2301","0","0","0","N","0","0","0","3","68B03","0","","1.0","1036.0","1","N","N","N","2","","1","0","0","","0","N","","3","1","0","0","0","0","0","2","0","3","03","03","","N","","","","","","","","","",""
"2024044529","1315","1","0","0","0","0","0","0","0","0","8","0","","02","5","2024","7","40.329717","-80.022995","1307","11","0","0","0","0","0","1","0","0","","0","0","0","","","1","N","0","","40 19:46.982","","0","80 01:22.781","3","0","0","0","2407","1","0","0","N","1","0","0","2","02407","0","","1.0","","1","N","N","N","0","","1","0","0","","0","","","2","1","0","0","0","0","0","2","0","1","03","03","","N","","","","","","","","","",""
"2024044731","0939","0","0","0","0","0","0","0","0","0","1","1","","02","5","2024","7","40.417884","-80.055226","0920","11","0","0","0","0","0","0","1","0","","0","1","0","","","1","N","0","","40 25:04.383","3","0","80 03:18.813","3","0","0","0","2435","0","0","0","N","0","0","0","3","68B03","0","","1.0","1027.0","1","N","N","N","0","","1","0","2","","0","N","","3","1","0","0","0","0","0","2","0","3","03","03","","N","","","","","","","","","",""
"2024044979","1821","1","0","0","0","0","0","0","0","0","1","0","","02","5","2024","4","40.461091","-79.866318","1819","11","0","0","0","0","0","0","1","0","","0","0","0","","","1","","2","","40 27:39.926","1","0","79 51:58.745","8","0","0","0","2113","0","0","0","N","0","0","0","4","02113","0","","1.0","1830.0","1","N","N","N","0","","0","0","0","","2","N","","2","1","0","0","0","1","0","2","1","2","03","","","N","","","","","","","","","",""
"2024043499","1654","2","0","0","0","0","0","0","0","0","4","0","","02","5","2024","3","40.352154","-79.977619","1651","11","0","1","0","0","0","1","0","0","","0","0","0","","","0","","1","","40 21:07.754","2","0","79 58:39.430","0","0","0","0","2476","0","0","0","N","0","0","0","2","02476","0","","1.0","1721.0","1","N","N","N","0","","0","0","0","","2","N","","2","0","0","0","0","0","0","2","0","2","03","03","","N","","","","","","","","","",""
"2024041207","2012","0","0","0","0","0","0","0","0","0","7","0","","02","5","2024","5","40.388829","-79.95807","2003","11","0","0","0","0","0","0","0","1","","0","0","0","","","1","N","0","","40 23:19.784","7","0","79 57:29.052","3","0","0","0","2403","0","0","0","N","0","0","0","1","02403","0","","4.0","2300.0","1","N","N","N","0","","1","0","0","","0","N","","1","1","0","0","0","0","0","2","1","1","03","","","N","","","","","","","","","",""
"2024038033","1259","0","0","0","0","0","0","0","0","0","8","0","","02","4","2024","1","40.397445","-79.882949","1258","11","0","0","0","0","0","1","0","0","","0","0","0","","","1","N","0","","40 23:50.802","","0","79 52:58.617","4","0","0","0","2473","1","0","0","N","1","0","0","2","02473","1","","1.0","","1","N","N","N","0","","0","0","1","","0","","","2","1","0","0","0","0","0","2","0","1","03","03","","N","","","","","","","","","",""
"2024039207","1515","0","0","0","0","0","0","0","0","0","4","0","","02","5","2024","7","40.367778","-80.112694","1506","11","0","0","0","0","0","0","0","0","","0","0","0","","","0","","2","","40 22:04.000","","7","80 06:45.700","0","0","0","0","2102","0","0","0","N","0","0","0","3","02102","0","","1.0","","1","N","N","N","1","","0","0","3","","3","","","4","0","0","0","0","0","0","2","0","4","03","03","","N","","","","","","","","","",""
"2024037285","0729","0","0","0","0","0","0","0","0","0","98","0","","02","4","2024","2","40.420664","-80.191837","0729","11","0","0","0","0","0","0","0","0","","0","0","0","","","1","N","0","","40 25:14.390","","0","80 11:30.612","3","0","0","1","2214","0","0","0","N","0","0","0","1","02214","0","","1.0","","1","N","N","N","0","","1","0","0","","0","","","1","1","0","0","0","0","0","2","0","1","03","03","","N","","","","","","","","","",""
"2024038231","1518","0","0","0","0","0","0","0","0","0","4","0","","02","5","2024","4","40.526014","-79.842698","1515","11","0","0","0","1","0","0","0","1","","0","0","0","","","3","","1","","40 31:33.652","","0","79 50:33.713","8","0","0","0","2451","0","0","0","Y","0","0","0","3","02451","0","","1.0","","1","N","N","N","0","","0","0","2","","3","","","2","3","0","0","0","3","0","2","0","2","03","03","","N","","","","","","","","","",""
"2024043526","2347","0","0","0","0","0","0","0","0","0","7","0","","02","5","2024","6","40.493889","-79.746389","2346","11","0","0","0","0","0","0","0","0","","0","0","0","","","0","N","0","","40 29:38.000","5","0","79 44:47.000","0","0","0","0","2466","0","0","0","Y","0","0","0","2","02466","0","","5.0","25.0","9","N","N","N","0","","0","0","1","","0","Y","","1","0","0","0","0","0","0","2","0","1","07","","","N","","","","","","","","","",""
"2024036968","1406","0","0","0","0","0","0","0","0","0","4","0","","02","4","2024","7","40.450755","-80.251057","1402","11","0","0","0","0","0","1","0","0","","0","0","0","","","0","","1","","40 27:02.718","3","0","80 15:03.806","0","0","0","0","2203","0","0","0","N","0","0","0","4","02203","0","","1.0","1415.0","1","N","N","N","1","","0","0","1","","3","N","","2","0","0","0","0","0","0","2","0","2","03","03","","N","","","","","","","","","",""
"2024041611","0340","0","0","0","0","0","0","0","0","0","7","0","","02","5","2024","1","40.429248","-79.931573","0316","11","0","0","0","0","0","0","0","0","","0","0","0","","","0","N","0","","40 25:45.292","","2","79 55:53.662","9","0","0","0","2301","0","0","0","N","0","0","0","1","02301","0","","1.0","","1","N","N","N","0","","0","0","1","","0","","","1","0","0","0","0","0","1","2","0","1","03","","","N","","","","","","","","","",""
"2024044723","1111","0","0","0","0","0","0","0","0","0","1","0","","02","4","2024","2","40.427886","-79.925978","1109","11","0","0","0","0","0","1","0","0","","0","0","0","","","0","N","0","","40 25:40.391","","4","79 55:33.522","0","0","0","0","2301","0","0","0","N","0","0","0","2","68B03","0","","1.0","","1","N","N","N","1","","0","0","1","","0","","","2","0","0","0","0","0","0","2","0","2","03","","","N","","","","","","","","","",""
"2024037031","2125","1","0","0","0","0","0","0","0","0","98","0","","02","4","2024","7","40.565442","-80.091395","2112","11","0","0","0","0","0","1","0","0","","0","0","0","","","1","N","0","","40 33:55.591","1","0","80 05:29.021","4","0","0","0","2481","0","0","0","N","0","0","0","1","02481","1","","1.0","2212.0","1","N","N","N","0","","0","0","0","","0","N","","1","1","0","0","0","0","0","2","0","1","03","03","","N","","","","","","","","","",""
"2024042117","1649","1","0","0","0","0","0","0","0","0","4","0","","02","5","2024","2","40.437769","-79.977687","1645","11","0","0","0","0","0","0","0","0","","0","0","0","","","0","","2","","40 26:15.970","","0","79 58:39.672","0","0","0","0","2301","0","0","0","N","0","0","0","2","02301","0","","1.0","","1","N","N","N","0","","0","0","1","","3","","","2","0","0","0","0","0","0","2","0","2","03","","","N","","","","","","","","","",""
"2024038544","1020","0","0","0","0","0","0","0","0","0","4","0","","02","5","2024","4","40.408649","-79.912547","1017","11","0","0","0","0","0","0","0","1","","0","0","0","","","0","","3","","40 24:31.136","","0","79 54:45.169","0","0","0","0","2438","0","0","0","N","0","0","0","2","02438","0","","1.0","","1","N","N","N","0","","0","0","2","","3","","","2","0","0","0","0","0","0","2","0","2","03","","","N","","","","","","","","","",""
"2024041527","2203","2","0","0","0","0","0","0","0","0","4","0","","02","5","2024","4","40.315374","-79.831016","2200","11","0","0","0","0","0","0","0","0","","0","0","0","","","4","","2","","40 18:55.346","5","0","79 49:51.658","3","0","0","0","2469","0","0","0","N","0","0","0","5","02469","0","","1.0","2300.0","1","N","N","N","0","","4","0","0","","2","Y","","2","4","0","0","0","0","0","2","0","2","03","03","","N","","","","","","","","","",""
"2024042434","1309","0","0","0","0","0","0","0","0","0","7","0","","02","5","2024","3","40.348901","-79.890811","1308","11","0","0","0","0","0","0","0","0","","0","0","0","","","1","","1","","40 20:56.045","2","0","79 53:26.920","4","0","0","0","2423","0","0","0","N","0","0","0","1","02304","1","","2.0","1340.0","1","N","N","N","0","","0","0","1","","3","N","","1","1","1","0","0","0","0","2","0","1","03","03","","N","","","","","","","","","",""
"2024036469","2044","1","0","0","0","0","0","0","0","0","4","0","","02","4","2024","5","40.449806","-80.107333","2042","11","0","0","0","0","0","0","1","0","","0","0","0","","","0","N","0","","40 26:59.300","2","7","80 06:26.400","0","0","0","0","2115","0","0","0","N","0","0","0","2","02115","0","","1.0","2109.0","1","N","N","N","0","","0","0","1","","0","N","","2","0","0","0","0","0","0","2","0","2","03","","","N","","","","","","","","","",""
"2024036830","2345","1","0","0","0","0","0","0","0","0","7","0","","02","4","2024","5","40.406321","-79.893334","2339","11","0","0","0","0","0","0","0","0","","0","0","0","","","1","N","0","","40 24:22.756","","0","79 53:36.004","4","0","0","0","2448","0","0","0","N","0","0","0","1","02448","1","","4.0","","1","","","N","0","","0","0","0","","3","N","","1","1","1","0","0","0","0","2","0","1","03","03","","N","","","","","","","","","",""
"2024037141","1554","1","0","0","0","0","0","0","0","0","4","0","","02","4","2024","6","40.651861","-80.079167","1553","11","0","0","1","0","0","0","0","0","","0","0","0","","","0","N","0","","40 39:06.700","1","7","80 04:45.000","0","0","0","0","2212","0","0","0","N","0","0","0","2","02505","0","","1.0","1614.0","1","N","N","N","1","","0","0","0","","0","N","","2","0","0","0","0","0","0","2","0","2","03","03","","N","","","","","","","","","",""
"2024041887","2354","0","0","0","0","0","0","0","0","0","7","0","","02","5","2024","6","40.442611","-80.071444","2349","11","0","0","0","0","0","0","0","0","","0","0","0","","","0","N","0","","40 26:33.400","4","0","80 04:17.200","9","0","0","0","2439","0","0","0","N","0","0","0","2","02439","0","","4.0","29.0","9","N","N","N","0","","0","0","1","","0","N","","1","0","2","0","0","0","1","2","0","1","04","","","N","","","","","","","","","",""
"2024040664","0518","0","0","0","0","0","0","0","0","0","7","0","","02","5","2024","1","40.460028","-79.833933","0513","11","0","0","0","0","0","1","0","0","","0","0","0","","","0","N","0","","40 27:36.101","7","0","79 50:02.157","0","0","0","0","2113","0","0","0","N","0","0","0","2","02113","0","","4.0","900.0","1","N","N","N","0","","0","0","1","","0","Y","","1","0","2","0","0","0","0","2","0","1","03","","","N","","","","","","","","","",""