"CRN","ARRIVAL_TM","AUTOMOBILE_COUNT","BELTED_DEATH_COUNT","BELTED_SUSP_SERIOUS_INJ_COUNT","BICYCLE_COUNT","BICYCLE_DEATH_COUNT","BICYCLE_SUSP_SERIOUS_INJ_COUNT","BUS_COUNT","CHLDPAS_DEATH_COUNT","CHLDPAS_SUSP_SERIOUS_INJ_COUNT","COLLISION_TYPE","COMM_VEH_COUNT","CONS_ZONE_SPD_LIM","COUNTY","CRASH_MONTH","CRASH_YEAR","DAY_OF_WEEK","DEC_LATITUDE","DEC_LONGITUDE","DISPATCH_TM","DISTRICT","DRIVER_COUNT_16YR","DRIVER_COUNT_17YR","DRIVER_COUNT_18YR","DRIVER_COUNT_19YR","DRIVER_COUNT_20YR","DRIVER_COUNT_50_64YR","DRIVER_COUNT_65_74YR","DRIVER_COUNT_75PLUS","EST_HRS_CLOSED","FATAL_COUNT","HEAVY_TRUCK_COUNT","HORSE_BUGGY_COUNT","HOUR_OF_DAY","ILLUMINATION","INJURY_COUNT","INTERSECTION_RELATED","INTERSECT_TYPE","LANE_CLOSED","LATITUDE","LN_CLOSE_DIR","LOCATION_TYPE","LONGITUDE","MAX_SEVERITY_LEVEL","MCYCLE_DEATH_COUNT","MCYCLE_SUSP_SERIOUS_INJ_COUNT","MOTORCYCLE_COUNT","MUNICIPALITY","NONMOTR_COUNT","NONMOTR_DEATH_COUNT","NONMOTR_SUSP_SERIOUS_INJ_COUNT","NTFY_HIWY_MAINT","PED_COUNT","PED_DEATH_COUNT","PED_SUSP_SERIOUS_INJ_COUNT","PERSON_COUNT","POLICE_AGCY","POSSIBLE_INJ_COUNT","RDWY_SURF_TYPE_CD","RELATION_TO_ROAD","ROADWAY_CLEARED","ROAD_CONDITION","SCH_BUS_IND","SCH_ZONE_IND","SECONDARY_CRASH","SMALL_TRUCK_COUNT","SPEC_JURIS_CD","SUSP_MINOR_INJ_COUNT","SUSP_SERIOUS_INJ_COUNT","SUV_COUNT","TCD_FUNC_CD","TCD_TYPE","TFC_DETOUR_IND","TIME_OF_DAY","TOTAL_UNITS","TOT_INJ_COUNT","UNBELTED_OCC_COUNT","UNB_DEATH_COUNT","UNB_SUSP_SERIOUS_INJ_COUNT","UNK_INJ_DEG_COUNT","UNK_INJ_PER_COUNT","URBAN_RURAL","VAN_COUNT","VEHICLE_COUNT","WEATHER1","WEATHER2","WORKERS_PRES","WORK_ZONE_IND","WORK_ZONE_LOC","WORK_ZONE_TYPE","WZ_CLOSE_DETOUR","WZ_FLAGGER","WZ_LAW_OFFCR_IND","WZ_LN_CLOSURE","WZ_MOVING","WZ_OTHER","WZ_SHLDER_MDN","WZ_WORKERS_INJ_KILLED"
"2024039178","1122","1","0","0","0","0","0","0","0","0","4","0","","02","4","2024","2","40.539836","-80.012091","1117","11","0","0","0","0","0","0","1","0","","0","0","0","","","0","N","0","","40 32:23.410","2","7","80 00:43.526","0","0","0","0","2116","0","0","0","N","0","0","0","3","02116","0","","1.0","1218.0","1","N","N","N","0","","0","0","1","","0","N","","2","0","0","0","0","0","0","2","0","2","03","03","","N","","","","","","","","","",""
"2024043384","1651","2","0","0","0","0","0","0","0","0","4","0","","02","5","2024","5","40.455299","-79.717443","1651","11","0","0","2","0","0","0","0","0","","0","0","0","","","1","","3","","40 27:19.078","1","0","79 43:02.794","3","0","0","0","2466","0","0","0","N","0","0","0","3","02466","0","","1.0","1720.0","1","N","N","N","0","","1","0","0","","3","N","","2","1","0","0","0","0","0","2","0","2","03","03","","N","","","","","","","","","",""
"2024016647","2315","1","0","0","0","0","0","0","0","0","7","0","","02","2","2024","1","40.360356","-79.845381","2312","11","0","0","0","0","0","0","0","0","","0","0","0","","","0","N","0","","40 21:37.280","1","3","79 50:43.373","9","0","0","0","2303","0","0","0","N","0","0","0","1","02303","0","","3.0","2351.0","1","N","N","N","0","","0","0","0","","0","N","","1","0","0","0","0","0","1","2","0","1","03","03","","N","","","","","","","","","",""
"2024040175","0132","2","0","0","0","0","0","0","0","0","5","0","","02","5","2024","3","40.605252","-79.745734","0127","11","0","0","0","0","0","0","0","0","","0","0","0","","","0","N","0","","40 36:18.907","","0","79 44:44.644","9","0","0","0","2409","0","0","0","N","0","0","0","1","02464","0","","6.0","","1","N","N","N","0","","0","0","0","","0","","","2","0","0","0","0","0","1","2","0","2","03","","","N","","","","","","","","","",""
"2024044399","0436","1","0","0","0","0","0","0","0","0","1","1","","02","5","2024","3","40.439176","-79.861458","0430","11","0","0","0","0","0","1","0","0","","0","1","0","","","0","N","0","","40 26:21.032","","0","79 51:41.248","0","0","0","0","2419","0","0","0","N","0","0","0","2","68B03","0","","1.0","","1","N","N","N","0","","0","0","0","","0","","","2","0","0","0","0","0","0","2","0","2","03","","","N","","","","","","","","","",""
"2024045144","1815","4","0","0","0","0","0","0","0","0","1","0","","02","5","2024","4","40.499335","-79.853096","1809","11","0","0","0","0","0","1","0","0","","0","0","0","","","1","N","0","","40 29:57.606","6","0","79 51:11.144","4","0","0","0","2112","0","0","0","N","0","0","0","7","02301","1","","1.0","1915.0","1","N","N","N","0","","0","0","2","","0","N","","6","1","0","0","0","0","0","2","0","6","04","04","","N","","","","","","","","","",""
"2024042475","1551","0","0","0","0","0","0","0","0","0","5","1","","02","5","2024","3","40.352547","-79.838692","1546","11","0","0","0","0","0","1","0","0","","0","0","0","","","0","","2","","40 21:09.170","","0","79 50:19.291","0","0","0","0","2304","0","0","0","N","0","0","0","3","02304","0","","1.0","","1","N","N","N","0","","0","0","1","","4","","","2","0","0","0","0","0","0","2","1","2","03","03","","N","","","","","","","","","",""
"2024041849","1641","1","0","0","0","0","0","0","0","0","4","0","","02","5","2024","4","40.475003","-80.099285","1638","11","0","0","0","0","1","0","0","0","","0","0","0","","","0","N","0","","40 28:30.012","6","7","80 05:57.427","0","0","0","0","2126","0","0","0","N","0","0","0","3","02126","0","","1.0","1710.0","1","N","N","N","0","","0","0","1","","0","N","","2","0","0","0","0","0","0","2","0","2","03","03","","N","","","","","","","","","",""
"2024039371","1719","1","0","0","0","0","0","0","0","0","7","0","","02","4","2024","4","40.288526","-79.884656","1717","11","0","0","0","0","0","0","0","0","","0","0","0","","","0","","3","","40 17:18.692","2","0","79 53:04.761","9","0","0","0","2302","0","0","0","N","0","0","0","1","02302","0","","4.0","1745.0","1","N","N","N","0","","0","0","0","","0","N","","1","0","1","0","0","0","1","2","0","1","03","","","N","","","","","","","","","",""
"2024039188","1054","0","0","0","0","0","0","0","0","0","4","0","","02","5","2024","7","40.541093","-79.80147","1054","11","0","0","0","0","0","0","1","0","","0","0","0","","","0","N","0","","40 32:27.933","1","7","79 48:05.293","0","0","0","0","2418","0","0","0","N","0","0","0","2","02514","0","","1.0","1130.0","1","N","N","N","1","","0","0","1","","0","Y","","2","0","0","0","0","0","0","2","0","2","03","03","","N","","","","","","","","","",""
"2024044655","2046","0","0","0","0","0","0","0","0","0","4","0","","02","5","2024","1","40.536029","-80.231486","2042","11","0","1","0","0","0","0","0","0","","0","0","0","","","2","N","0","","40 32:09.704","6","0","80 13:53.351","3","0","0","0","2213","0","0","0","N","0","0","0","3","02213","0","","1.0","950.0","1","N","N","N","1","","2","0","1","","0","N","","2","2","0","0","0","0","0","2","0","2","03","03","","N","","","","","","","","","",""
"2024043543","0112","1","0","0","0","0","0","0","0","0","7","0","","02","5","2024","5","40.318028","-79.813472","0107","11","0","0","0","0","0","0","0","0","","0","0","0","","","0","N","0","","40 19:04.900","2","0","79 48:48.500","9","0","0","0","2105","0","0","0","Y","0","0","0","1","02105","0","","4.0","455.0","1","","","N","0","","0","0","0","","0","N","","1","0","0","0","0","0","1","2","0","1","03","","","N","","","","","","","","","",""
"2024038192","1838","1","0","0","0","0","0","0","0","0","6","0","","02","4","2024","1","40.327328","-79.887348","1836","11","0","0","0","0","0","0","0","0","","0","0","0","","","0","N","0","","40 19:38.379","7","0","79 53:14.453","0","0","0","0","2433","0","0","0","N","0","0","0","1","02433","0","","6.0","1945.0","1","N","N","N","0","","0","0","1","","0","Y","","2","0","0","0","0","0","0","2","0","2","03","","","N","","","","","","","","","",""
"2024045190","1459","0","0","0","0","0","0","0","0","0","7","0","","02","5","2024","4","40.335272","-79.896355","1455","11","0","0","0","0","0","0","0","0","","0","0","0","","","1","N","0","","40 20:06.978","5","0","79 53:46.878","3","0","0","0","2473","0","0","0","N","0","0","0","1","02473","0","","1.0","1554.0","1","N","N","N","0","","1","0","1","","0","N","","1","1","0","0","0","0","0","2","0","1","03","03","","N","","","","","","","","","",""
"2024045913","0953","0","0","0","0","0","0","0","0","0","7","0","","02","5","2024","4","40.438154","-79.741144","0946","11","0","0","0","0","0","0","0","0","","0","0","0","","","0","N","0","","40 26:17.356","","0","79 44:28.118","0","0","0","0","2446","0","0","0","Y","0","0","0","1","02446","0","","4.0","","1","N","N","N","0","","0","0","0","","0","","","1","0","0","0","0","0","0","2","1","1","03","03","","N","","","","","","","","","",""
"2024042780","1927","0","0","0","0","0","0","0","0","0","4","0","","02","5","2024","1","40.214682","-79.826941","1919","11","0","0","0","0","0","0","0","0","","0","0","0","","","1","","3","","40 12:52.855","3","0","79 49:36.988","3","0","0","2","2105","0","0","0","N","0","0","0","2","02105","0","","1.0","2037.0","1","N","N","N","0","","1","0","0","","0","Y","","2","1","0","0","0","0","0","1","0","2","03","03","","N","","","","","","","","","",""
"2024052147","0302","0","0","0","0","0","0","0","0","0","7","0","","02","6","2024","6","40.443576","-79.797578","0253","11","0","0","0","0","0","0","0","0","","0","0","0","","","1","","3","","40 26:36.873","","0","79 47:51.280","3","0","0","0","2113","0","0","0","N","0","0","0","1","02113","0","","5.0","","1","N","N","N","0","","1","0","1","","0","","","1","1","1","0","0","0","0","2","0","1","03","","","N","","","","","","","","","",""
"2024016145","2240","1","0","0","0","0","0","0","0","0","99","0","","02","2","2024","6","40.369447","-79.872399","2234","11","0","0","0","0","0","0","0","0","","0","0","0","","","0","N","0","","40 22:10.008","1","0","79 52:20.637","0","0","0","0","2473","0","0","0","N","0","0","0","1","02473","0","","9.0","2300.0","7","N","N","N","0","","0","0","0","","0","N","","1","0","0","0","0","0","0","2","0","1","10","10","","N","","","","","","","","","",""
"2024046576","1823","0","0","0","0","0","0","0","0","0","1","0","","02","5","2024","4","40.635098","-79.943784","1814","11","0","0","0","0","0","1","0","0","","0","0","0","","","1","N","0","","40 38:06.353","3","0","79 56:37.621","8","0","0","0","2217","0","0","0","N","0","0","0","4","02505","0","","1.0","1847.0","1","N","N","N","0","","0","0","2","","0","N","","2","1","0","0","0","1","0","2","0","2","03","03","","N","","","","","","","","","",""
"2024042787","0705","2","0","0","0","0","0","0","0","0","4","0","","02","5","2024","4","40.615993","-80.093241","0641","11","0","0","0","0","0","2","0","0","","0","0","0","","","0","","1","","40 36:57.574","","0","80 05:35.667","0","0","0","0","2212","0","0","0","N","0","0","0","2","02505","0","","1.0","","1","N","N","N","0","","0","0","0","","2","","","2","0","0","0","0","0","0","2","0","2","03","03","","N","","","","","","","","","",""
"2024045555","2105","1","0","0","0","0","0","0","0","0","4","0","","02","5","2024","4","40.417943","-79.887962","2100","11","0","0","0","0","0","0","0","0","","0","0","0","","","0","N","3","","40 25:04.594","","0","79 53:16.663","0","0","0","0","2463","0","0","0","N","0","0","0","2","02463","0","","1.0","","1","N","N","N","0","","0","0","1","","3","","","2","0","0","0","0","0","0","2","0","2","03","03","","N","","","","","","","","","",""
"2024047908","0941","0","0","0","0","0","0","0","0","0","7","0","","02","5","2024","6","40.543183","-80.013801","0941","11","0","0","0","0","0","0","0","0","","0","0","0","","","0","N","0","","40 32:35.457","","0","80 00:49.685","0","0","0","0","2116","0","0","0","N","0","0","0","1","02116","0","","4.0","","1","N","N","N","1","","0","0","1","","0","","","2","0","0","0","0","0","0","2","0","2","03","03","","N","","","","","","","","","",""
"2024043638","2134","1","0","0","0","0","0","0","0","0","4","0","","02","5","2024","4","40.372984","-80.099321","2131","11","0","0","0","0","0","2","0","0","","0","0","0","","","0","","2","","40 22:22.744","1","2","80 05:57.554","0","0","0","0","2102","0","0","0","N","0","0","0","2","02102","0","","1.0","2143.0","1","N","N","N","0","","0","0","1","","2","N","","2","0","0","0","0","0","0","2","0","2","03","03","","N","","","","","","","","","",""
"2024043689","1858","2","0","0","0","0","0","0","0","0","4","0","","02","5","2024","2","40.432326","-79.960121","1848","11","0","0","0","0","0","0","0","0","","0","0","0","","","0","N","0","","40 25:56.375","4","0","79 57:36.435","0","0","0","0","2301","0","0","0","N","0","0","0","2","68B03","0","","4.0","1915.0","1","N","N","N","0","","0","0","0","","0","N","","2","0","0","0","0","0","0","2","0","2","03","","","N","","","","","","","","","",""
"2024041497","1723","0","0","0","0","0","0","0","0","0","7","0","","02","5","2024","5","40.275385","-79.880391","1723","11","0","0","0","1","0","0","0","0","","0","0","0","","","0","N","0","","40 16:31.385","4","0","79 52:49.408","0","0","0","0","2428","0","0","0","N","0","0","0","1","02105","0","","4.0","1822.0","9","N","N","N","0","","0","0","1","","0","Y","","1","0","0","0","0","0","0","2","0","1","07","07","","N","","","","","","","","","",""
"2024048785","2330","1","0","0","0","0","0","0","0","0","5","0","","02","5","2024","3","40.445885","-80.030513","2323","11","0","0","0","0","0","0","0","0","","0","0","0","","","2","Y","0","","40 26:45.187","4","0","80 01:49.848","8","0","0","0","2301","0","0","0","N","0","0","0","2","02301","0","","1.0","35.0","1","N","N","N","0","","0","0","1","","0","N","","2","2","0","0","0","2","0","2","0","2","03","","","N","","","","","","","","","",""
"2024042842","1439","0","0","0","0","0","0","0","0","0","4","0","","02","4","2024","1","40.510496","-80.222756","1439","11","1","0","0","0","0","0","1","0","","0","0","0","","","2","N","0","","40 30:37.787","5","7","80 13:21.920","3","0","0","1","2213","0","0","0","N","0","0","0","3","02213","0","","1.0","15.0","1","N","N","N","0","","2","0","1","","0","N","","2","2","0","0","0","0","0","2","0","2","03","","","N","","","","","","","","","",""
"2024041022","0410","4","0","0","0","0","0","0","0","0","1","0","","02","5","2024","7","40.471528","-80.009083","0408","11","0","0","0","0","0","0","0","0","","0","0","0","","","0","N","0","","40 28:17.500","","0","80 00:32.700","0","0","0","0","2301","0","0","0","N","0","0","0","1","02301","0","","6.0","","9","N","N","N","0","","0","0","0","","0","","","4","0","0","0","0","0","0","2","0","4","07","07","","N","","","","","","","","","",""
"2024042038","1550","2","0","0","0","0","0","0","0","0","4","0","","02","5","2024","6","40.344889","-79.946194","1541","11","0","0","0","0","0","1","0","1","","0","0","0","","","0","N","0","","40 20:41.600","","7","79 56:46.300","0","0","0","0","2473","0","0","0","N","0","0","0","2","02473","0","","1.0","","1","N","N","N","0","","0","0","0","","0","","","2","0","0","0","0","0","0","2","0","2","03","","","N","","","","","","","","","",""
"2024044136","1313","2","0","0","0","0","0","0","0","0","1","0","","02","5","2024","2","40.452942","-79.920603","1311","11","0","0","0","0","0","0","0","0","","0","0","0","","","1","N","0","","40 27:10.590","4","0","79 55:14.170","3","0","0","0","2301","0","0","0","N","0","0","0","2","02301","0","","1.0","100.0","1","N","N","N","0","","1","0","0","","0","N","","2","1","0","0","0","0","0","2","0","2","03","","","N","","","","","","","","","",""
"2024043748","0304","1","0","0","0","0","0","0","0","0","7","0","","02","5","2024","1","40.467881","-80.033032","0249","11","0","0","0","0","0","0","0","0","","0","0","0","","","0","N","0","","40 28:04.372","","0","80 01:58.914","9","0","0","0","2301","0","0","0","N","0","0","0","1","02301","0","","4.0","","1","N","N","N","0","","0","0","0","","0","","","1","0","0","0","0","0","1","2","0","1","03","","","N","","","","","","","","","",""
"2024043685","1423","2","0","0","0","0","0","0","0","0","1","0","","02","5","2024","7","40.517296","-80.053099","1400","11","0","0","1","0","0","0","0","0","","0","0","0","","","0","N","0","","40 31:02.267","1","0","80 03:11.158","0","0","0","0","2116","0","0","0","Y","0","0","0","2","68B03","0","","1.0","1510.0","9","N","N","Y","0","","0","0","0","","0","N","","2","0","0","0","0","0","0","2","0","2","07","","","N","","","","","","","","","",""
"2024037962","0759","1","0","0","0","0","0","0","0","0","4","0","","02","4","2024","5","40.348925","-80.073983","0756","11","0","1","0","0","0","0","0","1","","0","0","0","","","3","","3","","40 20:56.129","","0","80 04:26.339","4","0","0","0","2123","0","0","0","N","0","0","0","3","02123","2","","1.0","","1","N","N","N","0","","0","0","0","","3","","","2","3","0","0","0","1","0","2","1","2","03","03","","N","","","","","","","","","",""
"2024044484","2030","1","0","0","0","0","0","0","0","0","7","0","","02","3","2024","6","40.432991","-79.884774","2028","11","0","0","0","0","0","0","0","0","","0","0","0","","","1","","3","","40 25:58.766","6","0","79 53:05.188","3","0","0","0","2426","0","0","0","N","0","0","0","2","02426","0","","5.0","2200.0","9","N","N","N","0","","1","0","0","","2","Y","","1","1","0","0","0","0","0","2","0","1","07","","","N","","","","","","","","","",""
"2024041802","1744","0","0","0","0","0","0","0","0","0","7","0","","02","5","2024","1","40.338454","-79.898579","1740","11","0","0","0","0","0","1","0","0","","0","0","0","","","1","N","0","","40 20:18.434","6","0","79 53:54.884","8","0","0","0","2473","0","0","0","N","0","0","0","1","02473","0","","4.0","1815.0","1","N","N","N","0","","0","0","1","","0","N","","1","1","1","0","0","1","0","2","0","1","03","03","","N","","","","","","","","","",""
"2024047146","1755","1","0","0","0","0","0","0","0","0","4","0","","02","5","2024","6","40.522434","-80.221065","1748","11","0","0","0","0","0","0","0","0","","0","0","0","","","0","N","0","","40 31:20.762","","7","80 13:15.834","0","0","0","0","2213","0","0","0","N","0","0","0","2","02213","0","","1.0","","1","N","N","N","0","","0","0","1","","0","","","2","0","0","0","0","0","0","2","0","2","04","","","N","","","","","","","","","",""
"2024048878","0740","0","0","0","0","0","0","0","0","0","8","0","","02","5","2024","5","40.415441","-79.876803","0733","11","0","0","0","0","0","0","0","0","","0","0","0","","","1","","1","","40 24:55.589","","0","79 52:36.492","8","0","0","0","2463","1","0","0","N","1","0","0","2","02463","0","","1.0","","1","N","N","N","0","","0","0","1","","2","","","2","1","0","0","0","1","0","2","0","1","03","03","","N","","","","","","","","","",""
"2024037689","1408","0","0","0","0","0","0","0","0","0","1","0","","02","4","2024","2","40.497199","-80.069102","1407","11","0","0","1","0","0","0","0","0","","0","0","0","","","0","N","0","","40 29:49.918","1","0","80 04:08.767","0","0","0","0","2402","0","0","0","N","0","0","0","3","02402","0","","1.0","1430.0","1","N","N","N","1","","0","0","2","","0","N","","3","0","0","0","0","0","0","2","0","3","03","03","","N","","","","","","","","","",""
"2024046950","1839","2","0","0","0","0","0","0","0","0","6","0","","02","5","2024","3","40.384683","-80.025656","1836","11","0","0","0","0","0","0","0","0","","0","0","0","","","0","N","0","","40 23:04.860","","0","80 01:32.360","0","0","0","0","2109","0","0","0","N","0","0","0","4","02109","0","","1.0","","1","N","N","N","0","","0","0","0","","0","","","2","0","0","0","0","0","0","2","0","2","03","","","N","","","","","","","","","",""
"2024038665","2026","0","0","0","0","0","0","0","0","0","1","0","","02","5","2024","5","40.476194","-79.924194","2024","11","0","0","0","0","0","0","0","0","","0","0","0","","","0","N","0","","40 28:34.300","1","0","79 55:27.100","0","0","0","0","2301","0","0","0","N","0","0","0","2","02301","0","","6.0","2056.0","1","N","N","N","0","","0","0","2","","0","N","","2","0","0","0","0","0","0","2","0","2","03","03","","N","","","","","","","","","",""
"2024041876","1729","1","0","0","0","0","0","0","0","0","1","0","","02","5","2024","4","40.448212","-79.98687","1718","11","0","0","0","0","0","1","1","0","","0","0","0","","","1","","2","","40 26:53.562","4","0","79 59:12.733","8","0","0","0","2301","0","0","0","N","0","0","0","3","02301","0","","1.0","1800.0","1","N","N","N","0","","0","0","1","","2","N","","2","1","0","0","0","1","0","2","0","2","03","","","N","","","","","","","","","",""
"2024044057","1944","0","1","0","0","0","0","0","0","0","4","0","","02","5","2024","6","40.546763","-79.961164","1943","11","0","0","0","0","0","0","1","0","","1","0","0","","","0","N","0","","40 32:48.348","5","7","79 57:40.190","1","0","0","0","2118","0","0","0","N","0","0","0","2","02501","0","2","1.0","2346.0","9","N","N","N","1","0","0","0","1","","0","Y","","2","0","0","0","0","0","0","2","0","2","07","","","N","","","","","","","","","",""
"2024039259","1845","1","0","0","0","0","0","0","0","0","4","0","","02","5","2024","5","40.367629","-80.104327","1837","11","0","0","0","0","0","0","1","0","","0","0","0","","","0","N","0","","40 22:03.464","","7","80 06:15.578","0","0","0","0","2102","0","0","0","N","0","0","0","3","02102","0","","1.0","","1","N","N","Y","0","","0","0","1","","0","","","2","0","0","0","0","0","0","2","0","2","03","03","","N","","","","","","","","","",""
"2024037050","1941","0","0","0","0","0","0","0","0","0","7","0","","02","4","2024","6","40.409235","-79.963583","1935","11","0","0","0","0","0","0","0","0","","0","0","0","","","1","N","0","","40 24:33.246","6","0","79 57:48.899","4","0","0","0","2403","0","0","0","N","0","0","0","1","02403","1","","4.0","2143.0","1","N","N","N","2","","0","0","1","","0","Y","","3","1","0","0","0","0","0","2","0","3","03","","","N","","","","","","","","","",""
"2024039514","0614","1","0","0","0","0","0","0","0","0","7","0","","02","5","2024","6","40.344555","-79.941809","0611","11","0","0","0","0","0","0","0","0","","0","0","0","","","1","N","0","","40 20:40.397","2","7","79 56:30.511","3","0","0","0","2473","0","0","0","N","0","0","0","1","02473","0","","4.0","645.0","3","N","N","N","0","","1","0","0","","0","N","","1","1","0","0","0","0","0","2","0","1","03","03","","N","","","","","","","","","",""
"2024038835","0932","1","0","0","0","0","0","0","0","0","7","0","","02","5","2024","4","40.548476","-80.069998","0924","11","0","0","0","0","0","0","0","0","","0","0","0","","","0","N","0","","40 32:54.513","","0","80 04:11.991","0","0","0","0","2481","0","0","0","N","0","0","0","4","02481","0","","4.0","","1","N","N","Y","0","","0","0","1","","3","","","2","0","0","0","0","0","0","2","0","2","03","03","","N","","","","","","","","","",""
"2024039183","1601","1","0","0","0","0","0","0","0","0","7","0","","02","5","2024","5","40.413569","-79.883849","1559","11","0","0","0","0","1","0","0","0","","0","0","0","","","0","","11","","40 24:48.848","","0","79 53:01.857","0","0","0","0","2456","0","0","0","N","0","0","0","1","02515","0","","2.0","","1","N","N","N","0","","0","0","0","","0","N","","1","0","0","0","0","0","0","2","0","1","03","","","N","","","","","","","","","",""
"2024044722","0647","1","0","0","0","0","0","0","0","0","1","0","55","02","4","2024","2","40.442594","-79.786899","0623","11","0","0","0","0","0","2","1","0","","0","0","0","","","0","N","0","","40 26:33.340","","0","79 47:12.836","0","0","0","0","2446","0","0","0","N","0","0","0","3","68B03","0","","1.0","","1","N","N","N","1","","0","0","1","","0","","","3","0","0","0","0","0","0","2","0","3","03","","Y","Y","2","1","N","N","N","N","N","N","Y","N"
"2024044081","1141","0","1","0","0","0","0","0","0","0","7","0","","02","5","2024","7","40.354513","-79.836272","1139","11","0","0","0","0","0","0","1","0","","1","0","0","","","0","N","0","","40 21:16.247","4","0","79 50:10.579","1","0","0","0","2304","0","0","0","N","0","0","0","1","02304","0","1","4.0","1215.0","1","N","N","N","0","0","0","0","1","","0","Y","","1","0","0","0","0","0","0","2","0","1","03","03","","N","","","","","","","","","",""
"2024037127","1640","2","0","0","0","0","0","0","0","0","1","0","","02","4","2024","5","40.47589","-79.9702","1640","11","0","0","0","0","0","0","1","0","","0","0","0","","","0","N","0","","40 28:33.205","2","0","79 58:12.720","0","0","0","0","2445","0","0","0","N","0","0","0","4","02445","0","","1.0","1730.0","1","N","N","N","0","","0","0","1","","0","N","","3","0","1","0","0","0","0","2","0","3","03","","","N","","","","","","","","","",""
"2024041196","1420","0","0","0","0","0","0","0","0","0","8","0","","02","5","2024","5","40.391559","-80.038683","1419","11","0","0","0","0","0","0","0","0","","0","0","0","","","1","","2","","40 23:29.611","1","0","80 02:19.257","8","0","0","0","2422","1","0","0","N","1","0","0","2","02422","0","","1.0","1445.0","1","N","N","N","0","","0","0","1","","2","N","","2","1","0","0","0","1","0","2","0","1","04","","","N","","","","","","","","","",""
"2024045152","1318","0","0","0","0","0","0","0","0","0","4","0","","02","5","2024","6","40.362926","-80.084651","1313","11","0","0","0","0","0","0","1","1","","0","0","0","","","1","N","0","","40 21:46.533","","7","80 05:04.743","3","0","0","0","2123","0","0","0","N","0","0","0","3","02123","0","","1.0","","1","N","N","N","2","","1","0","3","","0","","","5","1","0","0","0","0","0","2","0","5","03","03","","N","","","","","","","","","",""
"2024040841","0806","1","0","0","0","0","0","1","0","0","1","1","","02","5","2024","2","40.444437","-79.948662","0759","11","0","0","0","0","1","0","0","0","","0","0","0","","","0","","2","","40 26:39.974","3","0","79 56:55.182","0","0","0","0","2301","0","0","0","N","0","0","0","2","02503","0","","1.0","824.0","1","N","N","N","0","","0","0","0","","0","N","","2","0","0","0","0","0","0","2","0","2","03","03","","N","","","","","","","","","",""
"2024040440","0755","0","0","0","0","0","0","0","0","0","7","0","","02","5","2024","4","40.438982","-80.073087","0753","11","0","0","0","0","0","0","0","0","","0","0","0","","","0","N","0","","40 26:20.336","","0","80 04:23.112","0","0","0","0","2421","0","0","0","N","0","0","0","1","02421","0","","4.0","","1","N","N","N","0","","0","0","1","","0","","","1","0","0","0","0","0","0","2","0","1","03","03","","N","","","","","","","","","",""
"2024040892","1759","0","0","0","0","0","0","0","0","0","4","0","","02","5","2024","5","40.438442","-80.069999","1757","11","0","0","0","0","0","0","1","0","","0","0","0","","","1","N","0","","40 26:18.391","4","7","80 04:11.996","8","0","0","0","2421","0","0","0","N","0","0","0","2","02421","0","","1.0","1833.0","9","N","N","N","0","","0","0","2","","0","N","","2","1","0","0","0","1","0","2","0","2","07","","","N","","","","","","","","","",""
"2024049767","0107","0","0","0","0","0","0","0","0","0","4","0","","02","6","2024","1","40.467635","-79.928205","0107","11","0","0","0","0","0","1","0","0","","0","0","0","","","1","","2","","40 28:03.486","","0","79 55:41.537","3","0","0","1","2301","0","0","0","N","0","0","0","2","02301","0","","1.0","","1","N","N","N","0","","1","0","1","","2","","","2","1","0","0","0","0","0","2","0","2","03","03","","N","","","","","","","","","",""
"2024037097","1435","0","0","0","0","0","0","0","0","0","7","0","","02","4","2024","7","40.657529","-79.96548","1429","11","0","0","0","0","0","0","1","0","","0","0","0","","","0","N","0","","40 39:27.106","4","0","79 57:55.727","0","0","0","0","2217","0","0","0","N","0","0","0","1","02505","0","","4.0","1510.0","1","N","N","N","0","","0","0","1","","0","N","","1","0","0","0","0","0","0","2","0","1","03","","","N","","","","","","","","","",""
"2024037479","1808","1","0","0","0","0","0","0","0","0","7","0","","02","4","2024","2","40.503012","-79.806751","1805","11","0","0","0","0","0","1","0","0","","0","0","0","","","0","N","0","","40 30:10.844","6","0","79 48:24.305","0","0","0","0","2113","0","0","0","N","0","0","0","2","02113","0","","4.0","1840.0","1","N","N","N","0","","0","0","0","","0","Y","","1","0","0","0","0","0","0","2","0","1","03","03","","N","","","","","","","","","",""
"2024039182","1747","1","0","0","0","0","0","0","0","0","4","0","","02","4","2024","2","40.336396","-79.977183","1744","11","0","0","0","0","0","0","1","0","","0","0","0","","","0","N","0","","40 20:11.026","","7","79 58:37.857","0","0","0","0","2403","0","0","0","N","0","0","0","4","02403","0","","1.0","","1","N","N","N","0","","0","0","1","","2","","","2","0","0","0","0","0","0","2","0","2","03","","","N","","","","","","","","","",""
"2024037046","1842","1","0","0","0","0","0","0","0","0","5","0","","02","4","2024","6","40.50257","-80.054949","1841","11","0","0","0","0","0","0","0","0","","0","0","0","","","1","N","0","","40 30:09.253","7","0","80 03:17.816","3","0","0","0","2404","0","0","0","N","0","0","0","1","02404","0","","6.0","1931.0","1","N","N","N","0","","1","0","1","","0","Y","","2","1","0","0","0","0","0","2","0","2","03","03","","N","","","","","","","","","",""