"CRN","ARRIVAL_TM","AUTOMOBILE_COUNT","BELTED_DEATH_COUNT","BELTED_SUSP_SERIOUS_INJ_COUNT","BICYCLE_COUNT","BICYCLE_DEATH_COUNT","BICYCLE_SUSP_SERIOUS_INJ_COUNT","BUS_COUNT","CHLDPAS_DEATH_COUNT","CHLDPAS_SUSP_SERIOUS_INJ_COUNT","COLLISION_TYPE","COMM_VEH_COUNT","CONS_ZONE_SPD_LIM","COUNTY","CRASH_MONTH","CRASH_YEAR","DAY_OF_WEEK","DEC_LATITUDE","DEC_LONGITUDE","DISPATCH_TM","DISTRICT","DRIVER_COUNT_16YR","DRIVER_COUNT_17YR","DRIVER_COUNT_18YR","DRIVER_COUNT_19YR","DRIVER_COUNT_20YR","DRIVER_COUNT_50_64YR","DRIVER_COUNT_65_74YR","DRIVER_COUNT_75PLUS","EST_HRS_CLOSED","FATAL_COUNT","HEAVY_TRUCK_COUNT","HORSE_BUGGY_COUNT","HOUR_OF_DAY","ILLUMINATION","INJURY_COUNT","INTERSECTION_RELATED","INTERSECT_TYPE","LANE_CLOSED","LATITUDE","LN_CLOSE_DIR","LOCATION_TYPE","LONGITUDE","MAX_SEVERITY_LEVEL","MCYCLE_DEATH_COUNT","MCYCLE_SUSP_SERIOUS_INJ_COUNT","MOTORCYCLE_COUNT","MUNICIPALITY","NONMOTR_COUNT","NONMOTR_DEATH_COUNT","NONMOTR_SUSP_SERIOUS_INJ_COUNT","NTFY_HIWY_MAINT","PED_COUNT","PED_DEATH_COUNT","PED_SUSP_SERIOUS_INJ_COUNT","PERSON_COUNT","POLICE_AGCY","POSSIBLE_INJ_COUNT","RDWY_SURF_TYPE_CD","RELATION_TO_ROAD","ROADWAY_CLEARED","ROAD_CONDITION","SCH_BUS_IND","SCH_ZONE_IND","SECONDARY_CRASH","SMALL_TRUCK_COUNT","SPEC_JURIS_CD","SUSP_MINOR_INJ_COUNT","SUSP_SERIOUS_INJ_COUNT","SUV_COUNT","TCD_FUNC_CD","TCD_TYPE","TFC_DETOUR_IND","TIME_OF_DAY","TOTAL_UNITS","TOT_INJ_COUNT","UNBELTED_OCC_COUNT","UNB_DEATH_COUNT","UNB_SUSP_SERIOUS_INJ_COUNT","UNK_INJ_DEG_COUNT","UNK_INJ_PER_COUNT","URBAN_RURAL","VAN_COUNT","VEHICLE_COUNT","WEATHER1","WEATHER2","WORKERS_PRES","WORK_ZONE_IND","WORK_ZONE_LOC","WORK_ZONE_TYPE","WZ_CLOSE_DETOUR","WZ_FLAGGER","WZ_LAW_OFFCR_IND","WZ_LN_CLOSURE","WZ_MOVING","WZ_OTHER","WZ_SHLDER_MDN","WZ_WORKERS_INJ_KILLED"
"2024047521","0638","0","0","0","0","0","0","0","0","0","4","1","","02","5","2024","3","40.368357","-79.816666","0635","11","0","0","0","0","0","0","0","0","","0","1","0","","","0","","3","","40 22:06.085","7","0","79 48:59.996","0","0","0","0","2111","0","0","0","N","0","0","0","2","02111","0","","1.0","800.0","1","N","N","N","1","","0","0","0","","3","N","","2","0","0","0","0","0","0","2","0","2","03","03","","N","","","","","","","","","",""
"2024043359","0905","0","0","0","0","0","0","0","0","0","7","0","","02","5","2024","6","40.3444","-79.985144","0901","11","0","0","0","0","0","0","0","0","","0","0","0","","","1","N","0","","40 20:39.841","","0","79 59:06.519","3","0","0","0","2403","0","0","0","N","0","0","0","2","02403","0","","4.0","","1","N","N","N","0","","1","0","1","","0","","","1","1","0","0","0","0","0","2","0","1","04","","","N","","","","","","","","","",""
"2024050619","1411","1","0","0","0","0","0","0","0","0","4","1","","02","6","2024","6","40.650054","-79.799059","1411","11","0","0","0","0","0","0","0","0","","0","1","0","","","0","","1","","40 39:00.194","6","0","79 47:56.612","0","0","0","0","2202","0","0","0","N","0","0","0","2","02202","0","","1.0","1433.0","1","N","N","Y","0","","0","0","0","","3","N","","2","0","0","0","0","0","0","1","0","2","03","","","N","","","","","","","","","",""
"2024044849","2135","0","0","0","0","0","0","0","0","0","4","0","","02","5","2024","1","40.388659","-79.830256","2133","11","0","0","0","0","0","0","0","0","","1","0","0","","","0","","3","","40 23:19.174","7","0","79 49:48.922","1","1","0","1","2111","0","0","0","N","0","0","0","3","02501","0","2","1.0","43.0","1","N","N","N","0","0","0","0","0","","2","Y","","2","0","1","0","0","0","0","2","1","2","03","03","","N","","","","","","","","","",""
"2024045867","0900","0","0","0","0","0","0","0","0","0","4","0","","02","5","2024","3","40.348426","-79.945392","0857","11","0","0","0","0","0","1","0","0","","0","0","0","","","2","","3","","40 20:54.333","","0","79 56:43.410","4","0","0","0","2473","0","0","0","N","0","0","0","5","02473","2","","1.0","","1","N","N","N","0","","0","0","2","","0","","","2","2","0","0","0","0","0","2","0","2","03","","","N","","","","","","","","","",""
"2024049227","1632","1","0","0","0","0","0","0","0","0","2","0","","02","5","2024","3","40.445333","-79.915155","1630","11","0","0","0","0","0","1","0","0","","0","0","0","","","0","N","0","","40 26:43.200","","0","79 54:54.557","0","0","0","0","2301","0","0","0","N","0","0","0","1","02301","0","","6.0","","1","N","N","N","0","","0","0","1","","0","","","2","0","0","0","0","0","0","2","0","2","03","","","N","","","","","","","","","",""
"2024047035","1839","1","0","0","0","0","0","0","0","0","2","0","","02","5","2024","4","40.491601","-80.061176","1839","11","0","0","0","0","0","0","0","0","","0","0","0","","","1","","1","","40 29:29.763","","0","80 03:40.233","4","0","0","0","2404","0","0","0","N","0","0","0","6","02404","1","","1.0","","1","N","N","N","1","","0","0","0","","2","","","2","1","0","0","0","0","0","2","0","2","04","04","","N","","","","","","","","","",""
"2024046722","1919","1","0","0","0","0","0","0","0","0","7","0","","02","5","2024","5","40.407753","-79.84166","1915","11","0","0","0","0","0","0","0","0","","0","0","0","","","0","N","0","","40 24:27.910","","0","79 50:29.976","0","0","0","0","2425","0","0","0","N","0","0","0","3","02515","0","","2.0","","1","N","N","N","0","","0","0","0","","0","N","","1","0","0","0","0","0","0","2","0","1","03","","","N","","","","","","","","","",""
"2024046148","0136","1","0","0","0","0","0","0","0","0","7","0","","02","5","2024","2","40.376531","-80.097595","0136","11","0","0","0","0","0","0","0","0","","0","0","0","","","1","","2","","40 22:35.511","4","0","80 05:51.342","3","0","0","0","2102","0","0","0","N","0","0","0","1","02102","0","","2.0","230.0","1","N","N","N","0","","1","0","0","","0","Y","","1","1","0","0","0","0","0","2","0","1","03","03","","N","","","","","","","","","",""
"2024043137","0252","0","0","0","0","0","0","0","0","0","7","0","","02","5","2024","5","40.661331","-80.110138","0245","11","0","0","0","0","0","0","1","0","","0","0","0","","","1","N","0","","40 39:40.791","6","0","80 06:36.497","4","0","0","0","2212","0","0","0","N","0","0","0","1","02505","1","","4.0","343.0","9","N","N","N","0","","0","0","0","","0","N","","1","1","0","0","0","0","0","2","1","1","07","","","N","","","","","","","","","",""
"2024044846","1158","1","0","0","0","0","0","0","0","0","1","0","","02","5","2024","4","40.355104","-80.116113","1157","11","0","0","0","0","0","0","0","0","","0","0","0","","","0","","2","","40 21:18.376","3","2","80 06:58.008","0","0","0","0","2119","0","0","0","N","0","0","0","2","02119","0","","1.0","1157.0","1","N","N","N","0","","0","0","1","","0","N","","2","0","0","0","0","0","0","2","0","2","03","03","","N","","","","","","","","","",""
"2024043865","1933","0","0","0","0","0","0","0","0","0","98","0","","02","5","2024","7","40.337025","-79.821556","1927","11","0","0","0","0","0","0","1","0","","0","0","0","","","1","N","0","","40 20:13.289","3","0","79 49:17.601","8","0","0","1","2304","0","0","0","N","0","0","0","1","02304","0","","1.0","2010.0","1","N","N","N","0","","0","0","0","","0","Y","","1","1","0","0","0","1","0","2","0","1","03","","","N","","","","","","","","","",""
"2024043867","1537","1","0","0","0","0","0","0","0","0","5","0","","02","5","2024","6","40.0","-79.0","1535","11","0","0","0","0","0","2","0","0","","0","0","0","","","0","N","0","","40 00:00.000","4","0","79 00:00.000","0","0","0","0","2449","0","0","0","N","0","0","0","2","02515","0","","1.0","1537.0","1","N","N","N","1","","0","0","0","","2","N","","2","0","0","0","0","0","0","1","0","2","99","","","N","","","","","","","","","",""
"2024025820","0808","0","0","0","0","0","0","0","0","0","4","0","","02","3","2024","6","40.391123","-80.072897","0806","11","0","0","0","0","0","1","0","0","","0","0","0","","","1","N","0","","40 23:28.042","","7","80 04:22.429","3","0","0","0","2117","0","0","0","N","0","0","0","2","02117","0","","1.0","","1","N","N","N","0","","1","0","2","","0","","","2","1","0","0","0","0","0","2","0","2","03","03","","N","","","","","","","","","",""
"2024046554","1630","1","0","0","0","0","0","0","0","0","5","0","99","02","5","2024","6","40.430169","-79.709601","1625","11","0","0","0","0","0","0","0","0","","0","0","0","","","1","N","0","","40 25:48.608","3","0","79 42:34.563","3","0","0","0","2446","0","0","0","N","0","0","0","3","02446","0","","1.0","1700.0","9","N","N","N","1","","1","0","1","","0","N","","3","1","0","0","0","0","0","2","0","3","03","03","N","Y","8","8","","","N","","","","","N"
"2024044785","2320","0","0","0","0","0","0","0","0","0","1","0","","02","5","2024","3","40.463778","-79.807167","2314","11","0","0","0","0","0","0","0","0","","0","0","0","","","0","N","0","","40 27:49.600","","0","79 48:25.800","0","0","0","0","2113","0","0","0","N","0","0","0","1","02113","0","","6.0","","1","N","N","N","0","","0","0","2","","0","","","2","0","0","0","0","0","0","2","0","2","03","03","","N","","","","","","","","","",""
"2024043038","0848","0","0","0","0","0","0","0","0","0","4","0","","02","5","2024","5","40.323117","-79.943153","0847","11","0","0","0","1","0","0","0","0","","0","0","0","","","1","N","0","","40 19:23.220","2","7","79 56:35.350","8","0","0","0","2454","0","0","0","N","0","0","0","3","02454","0","","1.0","927.0","1","N","N","N","0","","0","0","2","","0","N","","2","1","0","0","0","1","0","2","0","2","03","03","","N","","","","","","","","","",""
"2024043979","1306","1","0","0","0","0","0","0","0","0","4","0","","02","5","2024","7","40.339866","-79.953381","1304","11","0","0","0","0","0","1","0","0","","0","0","0","","","0","N","0","","40 20:23.516","","7","79 57:12.171","0","0","0","0","2473","0","0","0","N","0","0","0","4","02473","0","","1.0","","1","N","N","N","0","","0","0","1","","0","","","2","0","0","0","0","0","0","2","0","2","03","03","","N","","","","","","","","","",""
"2024027816","1631","2","0","0","0","0","0","0","0","0","1","0","","02","3","2024","6","40.578583","-80.037544","1629","11","0","0","0","0","0","1","0","0","","0","0","0","","","2","N","0","","40 34:42.898","1","0","80 02:15.159","8","0","0","0","2108","0","0","0","N","0","0","0","2","02108","0","","1.0","1708.0","1","N","N","N","0","","0","0","0","","0","N","","2","2","1","0","0","2","0","2","0","2","03","03","","N","","","","","","","","","",""
"2024043621","1150","0","0","0","0","0","0","0","0","0","7","0","","02","5","2024","7","40.349672","-79.859515","1147","11","0","0","0","0","0","1","0","0","","0","0","0","","","0","","1","","40 20:58.819","","0","79 51:34.255","0","0","0","0","2304","0","0","0","N","0","0","0","3","02304","0","","2.0","","1","N","N","N","0","","0","0","2","","0","","","2","0","0","0","0","0","0","2","0","2","03","","","N","","","","","","","","","",""
"2024044370","0344","2","0","0","0","0","0","0","0","0","4","0","","02","5","2024","3","40.46364","-79.833089","0338","11","0","0","0","0","0","0","0","0","","0","0","0","","","0","N","0","","40 27:49.105","","0","79 49:59.122","0","0","0","0","2113","0","0","0","N","0","0","0","1","02113","0","","4.0","","1","N","N","N","0","","0","0","0","","0","","","2","0","0","0","0","0","0","2","0","2","03","","","N","","","","","","","","","",""
"2024046809","1040","0","0","0","0","0","0","0","0","0","2","1","","02","5","2024","4","40.386488","-80.092468","1036","11","0","0","0","0","0","0","1","0","","0","1","0","","","1","N","2","","40 23:11.355","","0","80 05:32.884","4","0","0","0","2117","0","0","0","N","0","0","0","2","02117","1","","1.0","","1","N","N","N","0","","0","0","1","","2","","","2","1","0","0","0","0","0","2","0","2","03","","","N","","","","","","","","","",""
"2024049353","1058","0","0","0","0","0","0","0","0","0","4","0","","02","4","2024","7","40.443849","-79.920578","1058","11","0","0","0","0","0","1","0","0","","0","0","0","","","0","","1","","40 26:37.855","3","0","79 55:14.081","0","0","0","0","2301","0","0","0","N","0","0","0","2","02301","0","","1.0","1120.0","1","N","N","N","0","","0","0","2","","2","N","","2","0","0","0","0","0","0","2","0","2","03","","","N","","","","","","","","","",""
"2024043412","1521","1","0","0","0","0","0","0","0","0","7","0","","02","5","2024","6","40.609883","-79.893856","1511","11","1","0","0","0","0","0","0","0","","0","0","0","","","0","N","0","","40 36:35.580","6","0","79 53:37.883","0","0","0","0","2220","0","0","0","Y","0","0","0","1","02220","0","","2.0","1540.0","9","N","N","N","0","","0","0","0","","0","N","","1","0","0","0","0","0","0","1","0","1","07","","","N","","","","","","","","","",""
"2024030942","1127","1","0","0","0","0","0","0","0","0","4","0","","02","4","2024","6","40.303641","-79.963227","1127","11","0","0","0","0","0","0","0","0","","0","0","0","","","0","","2","","40 18:13.107","","0","79 57:47.617","0","0","0","0","2440","0","0","0","N","0","0","0","2","02440","0","","1.0","","9","N","N","N","0","","0","0","1","","3","","","2","0","1","0","0","0","0","2","0","2","04","","","N","","","","","","","","","",""
"2024048220","1218","0","0","0","0","0","0","0","0","0","98","0","","02","5","2024","6","40.667316","-79.933609","1157","11","0","0","0","0","0","0","0","0","","0","0","0","","","1","N","0","","40 40:02.339","4","0","79 56:00.991","8","0","0","0","2217","0","0","0","N","0","0","0","2","02505","0","","1.0","1239.0","1","N","N","N","0","","0","0","1","","0","N","","1","1","0","0","0","1","0","1","0","1","03","03","","N","","","","","","","","","",""
"2024025672","1729","0","0","0","0","0","0","0","0","0","8","0","","02","3","2024","5","40.395356","-80.030725","1727","11","0","0","0","0","0","1","0","0","","0","0","0","","","1","","2","","40 23:43.281","","0","80 01:50.611","3","0","0","0","2422","2","0","0","N","2","0","0","3","02422","0","","1.0","","1","N","N","N","0","","1","0","1","","3","","","3","1","0","0","0","0","1","2","0","1","03","03","","N","","","","","","","","","",""
"2024042832","1904","1","0","0","0","0","0","0","0","0","1","0","","02","5","2024","4","40.476999","-79.759843","1902","11","0","1","0","0","0","0","0","0","","0","0","0","","","1","","2","","40 28:37.195","6","0","79 45:35.436","3","0","0","0","2466","0","0","0","N","0","0","0","3","02466","0","","1.0","1936.0","1","N","N","N","0","","1","0","1","","0","N","","2","1","0","0","0","0","0","2","0","2","04","04","","N","","","","","","","","","",""
"2024048952","1601","1","0","0","0","0","0","0","0","0","4","0","","02","5","2024","5","40.446861","-79.894235","1558","11","0","0","0","0","0","1","1","0","","0","0","0","","","4","","2","","40 26:48.700","3","0","79 53:39.245","3","0","0","0","2301","0","0","0","N","0","0","0","6","02301","1","","1.0","1635.0","1","N","N","N","1","","1","0","0","","0","N","","2","4","0","0","0","2","0","2","0","2","03","","","N","","","","","","","","","",""
"2024046802","0246","1","0","0","0","0","0","0","0","0","7","0","","02","5","2024","7","40.32526","-80.028838","0245","11","0","0","0","0","0","0","0","0","","0","0","0","","","0","","2","","40 19:30.936","7","0","80 01:43.818","0","0","0","0","2407","0","0","0","Y","0","0","0","1","02407","0","","4.0","930.0","9","N","N","N","0","","0","0","0","","0","Y","","1","0","0","0","0","0","0","2","0","1","07","","","N","","","","","","","","","",""
"2024034790","1348","0","0","0","0","0","0","0","0","0","4","1","","02","4","2024","5","40.537129","-79.962528","1344","11","0","0","0","0","0","2","0","0","","0","1","0","","","0","N","0","","40 32:13.665","2","3","79 57:45.100","0","0","0","0","2118","0","0","0","N","0","0","0","2","02118","0","","1.0","1413.0","9","N","N","N","1","","0","0","0","","0","N","","2","0","0","0","0","0","0","2","0","2","07","","","N","","","","","","","","","",""
"2024045236","1621","1","0","0","0","0","0","0","0","0","1","0","","02","5","2024","5","40.4968","-79.844407","1611","11","0","0","0","0","0","0","0","0","","0","0","0","","","2","N","0","","40 29:48.481","6","7","79 50:39.866","3","0","0","0","2113","0","0","0","N","0","0","0","2","02113","0","","1.0","1648.0","1","N","N","N","0","","2","0","1","","2","N","","2","2","0","0","0","0","0","2","0","2","03","","","N","","","","","","","","","",""
"2024047964","1406","0","0","0","0","0","0","0","0","0","4","0","","02","5","2024","6","40.59586","-79.947746","1404","11","0","0","0","0","0","1","0","0","","0","0","0","","","0","N","0","","40 35:45.096","2","7","79 56:51.885","0","0","0","0","2207","0","0","0","N","0","0","0","2","02207","0","","1.0","1440.0","1","N","N","N","0","","0","0","1","","0","N","","2","0","0","0","0","0","0","2","1","2","03","03","","N","","","","","","","","","",""
"2024048980","0659","1","0","0","0","0","0","0","0","0","4","0","","02","5","2024","2","40.435115","-79.956409","0631","11","0","0","0","0","0","0","0","0","","0","0","0","","","0","","1","","40 26:06.415","","0","79 57:23.074","0","0","0","0","2301","0","0","0","N","0","0","0","2","02301","0","","1.0","","1","N","N","N","0","","0","0","0","","2","","","2","0","0","0","0","0","0","2","1","2","03","","","N","","","","","","","","","",""
"2024045939","1352","0","0","1","0","0","0","0","0","0","7","0","","02","5","2024","7","40.366455","-80.072024","1346","11","0","0","0","0","0","1","0","0","","0","0","0","","","2","N","0","","40 21:59.237","5","0","80 04:19.287","2","0","0","0","2109","0","0","0","N","0","0","0","2","02109","0","","4.0","1700.0","1","N","N","N","1","","0","2","0","","0","Y","","1","2","1","0","1","0","0","2","0","1","03","03","","N","","","","","","","","","",""
"2024045781","1436","0","0","0","0","0","0","0","0","0","1","1","","02","5","2024","5","40.62997","-79.968716","1433","11","0","0","0","0","0","2","1","0","","0","1","0","","","1","","2","","40 37:47.892","","0","79 58:07.379","8","0","0","1","2217","0","0","0","N","0","0","0","3","02505","0","","1.0","","1","N","N","Y","1","","0","0","0","","0","","","3","1","0","0","0","1","0","2","0","3","03","03","","N","","","","","","","","","",""
"2024038507","1120","1","0","0","0","0","0","0","0","0","4","0","","02","1","2024","2","40.467722","-79.958028","1107","11","0","0","0","0","0","2","0","1","","0","0","0","","","0","","1","","40 28:03.800","","0","79 57:28.900","0","0","0","0","2301","0","0","0","N","0","0","0","3","02301","0","","1.0","","6","N","N","N","1","","0","0","1","","0","","","3","0","0","0","0","0","0","2","0","3","04","98","","N","","","","","","","","","",""
"2024043739","0158","0","0","0","0","0","0","0","0","0","1","0","","02","5","2024","1","40.48378","-79.853552","0152","11","0","0","0","0","0","0","0","0","","0","0","0","","","0","N","0","","40 29:01.609","","0","79 51:12.786","0","0","0","0","2113","0","0","0","N","0","0","0","1","02113","0","","2.0","","1","N","N","N","0","","0","0","2","","0","","","2","0","1","0","0","0","0","2","0","2","03","","","N","","","","","","","","","",""
"2024049237","1709","1","0","0","0","0","0","0","0","0","4","0","","02","5","2024","5","40.490502","-79.877286","1701","11","0","0","0","0","0","1","0","0","","0","0","0","","","1","N","0","","40 29:25.808","1","0","79 52:38.230","3","0","0","0","2112","0","0","0","Y","0","0","0","2","68D02","0","","1.0","1752.0","9","N","N","N","1","","1","0","0","","0","Y","","2","1","0","0","0","0","0","2","0","2","07","07","","N","","","","","","","","","",""
"2024045066","2131","1","0","0","0","0","0","0","0","0","2","0","","02","5","2024","1","40.394542","-79.970058","2127","11","0","1","0","0","0","0","0","0","","0","0","0","","","0","","2","","40 23:40.352","4","0","79 58:12.208","0","0","0","0","2403","0","0","0","N","0","0","0","2","02403","0","","1.0","2243.0","1","N","N","N","0","","0","0","1","","0","N","","2","0","0","0","0","0","0","2","0","2","03","03","","N","","","","","","","","","",""
"2024046794","0709","1","0","0","0","0","0","0","0","0","7","0","","02","5","2024","1","40.472202","-79.787683","0705","11","0","0","0","0","0","0","0","0","","0","0","0","","","1","N","0","","40 28:19.927","7","0","79 47:15.659","3","0","0","0","2113","0","0","0","Y","0","0","0","1","02113","0","","4.0","801.0","1","N","N","N","0","","1","0","0","","0","Y","","1","1","0","0","0","0","0","2","0","1","03","03","","N","","","","","","","","","",""
"2024048187","1435","1","0","0","0","0","0","0","0","0","1","0","","02","5","2024","4","40.319505","-80.026949","1432","11","0","0","0","0","0","0","2","0","","0","0","0","","","1","","1","","40 19:10.219","","0","80 01:37.018","4","0","0","0","2407","0","0","0","N","0","0","0","3","02407","1","","1.0","","1","N","N","N","0","","0","0","1","","0","","","2","1","0","0","0","0","0","2","0","2","03","03","","N","","","","","","","","","",""
"2024052189","1951","1","0","0","0","0","0","0","0","0","1","0","55","02","5","2024","5","40.451239","-80.11119","1945","11","0","1","0","0","0","1","0","0","","0","0","0","","","0","N","0","","40 27:04.461","2","0","80 06:40.284","0","0","0","0","2115","0","0","0","N","0","0","0","3","68B03","0","","1.0","100.0","1","N","N","N","0","","0","0","2","","0","N","","3","0","0","0","0","0","0","2","0","3","03","","Y","Y","3","1","N","N","Y","Y","N","N","Y","N"
"2024039817","1718","1","0","0","0","0","0","0","0","0","7","0","","02","5","2024","2","40.494935","-79.80856","1413","11","0","0","0","0","0","0","0","0","","0","0","0","","","1","N","3","","40 29:41.767","2","0","79 48:30.816","4","0","0","0","2113","0","0","0","N","0","0","0","2","02113","1","","5.0","1747.0","1","N","N","N","0","","0","0","0","","3","N","","1","1","0","0","0","0","0","2","0","1","03","","","N","","","","","","","","","",""
"2024046795","2231","1","0","0","0","0","0","0","0","0","1","0","","02","5","2024","1","40.305631","-79.889801","2228","11","0","0","0","0","0","1","0","0","","0","0","0","","","0","","1","","40 18:20.270","","0","79 53:23.284","0","0","0","0","2302","0","0","0","N","0","0","0","1","02302","0","","6.0","","1","N","N","N","1","","0","0","0","","3","","","2","0","0","0","0","0","0","2","0","2","03","03","","N","","","","","","","","","",""
"2024022835","1623","0","0","0","0","0","0","0","0","0","4","0","","02","3","2024","2","40.545279","-80.030775","1620","11","0","0","0","0","0","1","1","0","","0","0","0","","","1","","3","","40 32:43.003","2","7","80 01:50.789","3","0","0","0","2116","0","0","0","N","0","0","0","2","02116","0","","1.0","1646.0","1","N","N","N","1","","1","0","1","","2","Y","","2","1","0","0","0","0","0","2","0","2","03","03","","N","","","","","","","","","",""
"2024024162","1920","2","0","0","0","0","0","0","0","0","5","0","","02","3","2024","6","40.349201","-79.892188","1913","11","0","0","0","0","0","1","0","0","","0","0","0","","","1","","1","","40 20:57.125","3","0","79 53:31.876","3","0","0","0","2423","0","0","0","N","0","0","0","2","02304","0","","1.0","2000.0","1","N","N","N","0","","1","0","0","","0","N","","2","1","0","0","0","0","0","2","0","2","03","03","","N","","","","","","","","","",""
"2024044801","1611","0","0","0","0","0","0","0","0","0","4","0","","02","5","2024","1","40.362373","-79.826135","1605","11","0","0","0","0","0","0","0","1","","1","0","0","","","2","","1","","40 21:44.541","7","0","79 49:34.085","1","1","0","1","2111","0","0","0","N","0","0","0","5","02501","0","2","1.0","1943.0","1","N","N","N","0","0","2","0","0","","2","Y","","2","2","0","0","0","0","0","2","1","2","03","03","","N","","","","","","","","","",""
"2024049262","2034","1","0","0","0","0","0","0","0","0","7","0","","02","5","2024","3","40.561155","-79.800444","2016","11","0","0","0","1","0","0","0","0","","0","0","0","","","0","N","0","","40 33:40.157","1","0","79 48:01.597","0","0","0","0","2121","0","0","0","Y","0","0","0","1","68D02","0","","2.0","2111.0","9","N","N","N","0","","0","0","0","","0","N","","1","0","0","0","0","0","0","2","0","1","07","07","","N","","","","","","","","","",""
"2024048987","1830","1","0","0","0","0","0","0","0","0","7","0","","02","6","2024","3","40.425278","-80.246667","1827","11","0","1","0","0","0","0","0","0","","0","0","0","","","2","N","0","","40 25:31.000","5","0","80 14:48.000","3","0","0","0","2214","0","0","0","N","0","0","0","2","02214","0","","5.0","1910.0","1","N","N","Y","0","","2","0","0","","0","N","","1","2","0","0","0","0","0","1","0","1","04","","","N","","","","","","","","","",""
"2024045756","0643","1","0","0","0","0","0","0","0","0","7","0","","02","5","2024","6","40.314935","-79.988808","0635","11","0","0","0","0","0","1","0","0","","0","0","0","","","1","N","0","","40 18:53.765","3","0","79 59:19.709","3","0","0","0","2219","0","0","0","N","0","0","0","1","02219","0","","4.0","728.0","1","N","N","N","0","","1","0","0","","0","N","","1","1","1","0","0","0","0","2","0","1","03","03","","N","","","","","","","","","",""
"2024044892","1653","0","0","0","0","0","0","0","0","0","7","0","","02","5","2024","4","40.494215","-79.896143","1647","11","0","0","0","0","0","1","0","0","","0","0","0","","","0","","3","","40 29:39.173","3","0","79 53:46.114","0","0","0","0","2432","0","0","0","N","0","0","0","3","02432","0","","4.0","1743.0","1","N","N","N","0","","0","0","0","","0","N","","1","0","1","0","0","0","0","2","1","1","03","","","N","","","","","","","","","",""
"2024049220","1737","1","0","0","0","0","0","0","0","0","5","0","","02","4","2024","3","40.43048","-79.915175","1730","11","0","0","0","0","0","1","1","0","","0","0","0","","","1","N","0","","40 25:49.729","","0","79 54:54.630","4","0","0","0","2301","0","0","0","N","0","0","0","3","02301","1","","1.0","","1","N","N","N","0","","0","0","2","","3","","","3","1","0","0","0","0","0","2","0","3","03","","","N","","","","","","","","","",""
"2024048897","1406","0","0","0","0","0","0","0","0","0","8","0","","02","5","2024","6","40.349389","-80.046417","1402","11","0","0","0","0","0","0","0","1","","0","0","0","","","1","N","0","","40 20:57.800","","0","80 02:47.100","8","0","0","0","2407","1","0","0","N","1","0","0","3","02407","0","","1.0","","1","N","N","N","0","","0","0","1","","0","","","2","1","1","0","0","1","0","2","0","1","03","03","","N","","","","","","","","","",""
"2024023153","1623","1","0","0","1","0","0","0","0","0","8","0","","02","3","2024","3","40.269164","-79.887736","1616","11","0","0","0","0","0","0","0","0","","0","0","0","","","1","","2","","40 16:08.991","7","0","79 53:15.848","8","0","0","0","2428","1","0","0","N","0","0","0","3","02105","0","","1.0","1638.0","1","N","N","N","0","","0","0","0","","0","Y","","2","1","0","0","0","1","0","2","0","1","03","03","","N","","","","","","","","","",""
"2024049241","1553","1","0","0","0","0","0","0","0","0","7","0","","02","5","2024","3","40.490888","-79.88644","1528","11","0","0","1","0","0","0","0","0","","0","0","0","","","0","N","0","","40 29:27.198","","2","79 53:11.183","0","0","0","0","2401","0","0","0","Y","0","0","0","1","68D02","0","","4.0","","9","N","N","N","0","","0","0","0","","0","","","1","0","0","0","0","0","0","2","0","1","07","07","","N","","","","","","","","","",""
"2024043819","1100","1","0","0","0","0","0","0","0","0","1","0","","02","5","2024","6","40.575578","-79.983112","1055","11","0","0","0","0","0","0","0","1","","0","0","0","","","0","Y","0","","40 34:32.079","3","7","79 58:59.204","0","0","0","0","2207","0","0","0","N","0","0","0","2","02207","0","","1.0","1127.0","9","N","N","N","0","","0","0","1","","0","N","","2","0","0","0","0","0","0","1","0","2","07","","","N","","","","","","","","","",""
"2024029838","2135","0","0","0","0","0","0","0","0","0","7","0","","02","3","2024","7","40.440293","-80.008958","2132","11","0","0","0","0","0","0","0","0","","0","0","0","","","0","N","0","","40 26:25.056","","3","80 00:32.247","0","0","0","0","2301","0","0","0","N","0","0","0","1","68B03","0","","2.0","","9","N","N","N","0","","0","0","1","","0","","","1","0","1","0","0","0","0","2","0","1","03","","","N","","","","","","","","","",""
"2024027001","1348","2","0","0","0","0","0","0","0","0","3","0","","02","3","2024","2","40.450722","-79.953806","1333","11","0","0","0","0","0","0","0","0","","0","0","0","","","2","N","0","","40 27:02.600","","0","79 57:13.700","3","0","0","0","2301","0","0","0","N","0","0","0","3","02301","0","","1.0","","1","N","N","N","0","","2","0","0","","0","","","2","2","0","0","0","0","0","2","0","2","03","","","N","","","","","","","","","",""
"2024044890","1547","1","0","0","0","0","0","0","0","0","7","0","","02","5","2024","4","40.520945","-79.971589","1542","11","0","0","0","0","0","0","0","0","","0","0","0","","","0","N","0","","40 31:15.401","","0","79 58:17.721","0","0","0","0","2118","0","0","0","N","0","0","0","1","02118","0","","4.0","","1","N","N","N","0","","0","0","0","","0","","","1","0","0","0","0","0","0","2","0","1","03","","","N","","","","","","","","","",""