"CRN","ARRIVAL_TM","AUTOMOBILE_COUNT","BELTED_DEATH_COUNT","BELTED_SUSP_SERIOUS_INJ_COUNT","BICYCLE_COUNT","BICYCLE_DEATH_COUNT","BICYCLE_SUSP_SERIOUS_INJ_COUNT","BUS_COUNT","CHLDPAS_DEATH_COUNT","CHLDPAS_SUSP_SERIOUS_INJ_COUNT","COLLISION_TYPE","COMM_VEH_COUNT","CONS_ZONE_SPD_LIM","COUNTY","CRASH_MONTH","CRASH_YEAR","DAY_OF_WEEK","DEC_LATITUDE","DEC_LONGITUDE","DISPATCH_TM","DISTRICT","DRIVER_COUNT_16YR","DRIVER_COUNT_17YR","DRIVER_COUNT_18YR","DRIVER_COUNT_19YR","DRIVER_COUNT_20YR","DRIVER_COUNT_50_64YR","DRIVER_COUNT_65_74YR","DRIVER_COUNT_75PLUS","EST_HRS_CLOSED","FATAL_COUNT","HEAVY_TRUCK_COUNT","HORSE_BUGGY_COUNT","HOUR_OF_DAY","ILLUMINATION","INJURY_COUNT","INTERSECTION_RELATED","INTERSECT_TYPE","LANE_CLOSED","LATITUDE","LN_CLOSE_DIR","LOCATION_TYPE","LONGITUDE","MAX_SEVERITY_LEVEL","MCYCLE_DEATH_COUNT","MCYCLE_SUSP_SERIOUS_INJ_COUNT","MOTORCYCLE_COUNT","MUNICIPALITY","NONMOTR_COUNT","NONMOTR_DEATH_COUNT","NONMOTR_SUSP_SERIOUS_INJ_COUNT","NTFY_HIWY_MAINT","PED_COUNT","PED_DEATH_COUNT","PED_SUSP_SERIOUS_INJ_COUNT","PERSON_COUNT","POLICE_AGCY","POSSIBLE_INJ_COUNT","RDWY_SURF_TYPE_CD","RELATION_TO_ROAD","ROADWAY_CLEARED","ROAD_CONDITION","SCH_BUS_IND","SCH_ZONE_IND","SECONDARY_CRASH","SMALL_TRUCK_COUNT","SPEC_JURIS_CD","SUSP_MINOR_INJ_COUNT","SUSP_SERIOUS_INJ_COUNT","SUV_COUNT","TCD_FUNC_CD","TCD_TYPE","TFC_DETOUR_IND","TIME_OF_DAY","TOTAL_UNITS","TOT_INJ_COUNT","UNBELTED_OCC_COUNT","UNB_DEATH_COUNT","UNB_SUSP_SERIOUS_INJ_COUNT","UNK_INJ_DEG_COUNT","UNK_INJ_PER_COUNT","URBAN_RURAL","VAN_COUNT","VEHICLE_COUNT","WEATHER1","WEATHER2","WORKERS_PRES","WORK_ZONE_IND","WORK_ZONE_LOC","WORK_ZONE_TYPE","WZ_CLOSE_DETOUR","WZ_FLAGGER","WZ_LAW_OFFCR_IND","WZ_LN_CLOSURE","WZ_MOVING","WZ_OTHER","WZ_SHLDER_MDN","WZ_WORKERS_INJ_KILLED"
"2024058650","1443","1","0","0","0","0","0","0","0","0","4","0","","02","7","2024","3","40.56796","-80.049493","1438","11","0","0","0","0","0","1","0","0","","0","0","0","","","0","","1","","40 34:04.655","1","0","80 02:58.174","0","0","0","0","2108","0","0","0","N","0","0","0","3","02108","0","","1.0","1532.0","1","N","N","N","1","","0","0","0","","3","N","","2","0","0","0","0","0","0","2","0","2","03","03","","N","","","","","","","","","",""
"2024024866","0300","0","0","0","0","0","0","0","0","0","1","0","","02","3","2024","3","40.339019","-79.957471","0255","11","0","0","0","0","0","1","0","0","","0","0","0","","","1","N","0","","40 20:20.467","","0","79 57:26.894","3","0","0","0","2454","0","0","0","N","0","0","0","2","02454","0","","1.0","","7","N","N","N","1","","1","0","1","","0","","","2","1","0","0","0","0","1","2","0","2","10","","","N","","","","","","","","","",""
"2024023247","1732","2","0","0","0","0","0","0","0","0","1","0","","02","3","2024","3","40.444639","-79.828282","1730","11","0","0","0","0","0","0","1","0","","0","0","0","","","0","Y","0","","40 26:40.699","","0","79 49:41.816","0","0","0","0","2419","0","0","0","N","0","0","0","2","02419","0","","1.0","","1","N","N","N","0","","0","0","0","","2","","","2","0","0","0","0","0","0","2","0","2","03","03","","N","","","","","","","","","",""
"2024034524","1006","1","0","0","0","0","0","0","0","0","4","1","","02","4","2024","2","40.315426","-79.93884","0955","11","0","0","0","0","0","0","0","0","","0","1","0","","","0","N","0","","40 18:55.535","","7","79 56:19.823","0","0","0","0","2440","0","0","0","N","0","0","0","2","02440","0","","1.0","","1","N","N","N","0","","0","0","0","","0","","","2","0","0","0","0","0","0","2","0","2","03","03","","N","","","","","","","","","",""
"2024024195","0315","0","0","0","0","0","0","0","0","0","7","0","","02","3","2024","7","40.306664","-79.82535","0312","11","0","0","0","0","0","0","0","0","","0","0","0","","","0","N","0","","40 18:23.992","2","0","79 49:31.260","9","0","0","0","2105","0","0","0","Y","0","0","0","1","02105","0","","4.0","345.0","1","N","N","N","0","","0","0","1","","0","N","","2","0","0","0","0","0","1","2","1","2","03","","","N","","","","","","","","","",""
"2024026619","1414","1","0","0","0","0","0","0","0","0","1","0","","02","3","2024","7","40.63338","-80.059541","1414","11","0","1","0","0","0","1","0","0","","0","0","0","","","0","","1","","40 38:00.167","1","0","80 03:34.346","0","0","0","0","2216","0","0","0","N","0","0","0","2","02505","0","","1.0","1445.0","1","N","N","N","0","","0","0","1","","2","N","","2","0","0","0","0","0","0","1","0","2","03","03","","N","","","","","","","","","",""
"2024023537","1522","0","0","0","0","0","0","0","0","0","7","0","","02","3","2024","1","40.624066","-79.921582","1519","11","0","0","0","0","0","0","0","0","","0","0","0","","","0","N","0","","40 37:26.639","5","0","79 55:17.694","0","0","0","0","2217","0","0","0","N","0","0","0","2","02505","0","","4.0","1605.0","9","N","N","N","0","","0","0","1","","0","Y","","1","0","0","0","0","0","0","2","0","1","07","09","","N","","","","","","","","","",""
"2024024300","1449","0","0","0","0","0","0","0","0","0","7","0","","02","3","2024","7","40.304408","-79.960252","1447","11","0","1","0","0","0","0","0","0","","0","0","0","","","0","N","0","","40 18:15.867","6","0","79 57:36.908","0","0","0","0","2440","0","0","0","N","0","0","0","1","02440","0","","4.0","1523.0","1","N","N","N","1","","0","0","0","","0","Y","","1","0","0","0","0","0","0","2","0","1","03","","","N","","","","","","","","","",""
"2024063335","2312","1","0","0","0","0","0","0","0","0","4","0","","02","7","2024","7","40.439408","-79.843784","2309","11","0","0","0","0","0","0","0","0","","0","0","0","","","0","","1","","40 26:21.867","","0","79 50:37.624","0","0","0","0","2419","0","0","0","N","0","0","0","2","02419","0","","1.0","","1","N","N","N","0","","0","0","1","","0","","","2","0","0","0","0","0","0","2","0","2","03","03","","N","","","","","","","","","",""
"2024027695","0425","0","0","0","0","0","0","0","0","0","7","0","","02","3","2024","7","40.55875","-80.124778","0524","11","0","0","0","0","0","0","0","0","","0","0","0","","","1","N","0","","40 33:31.500","5","0","80 07:29.200","3","0","0","0","2460","0","0","0","N","0","0","0","1","02215","0","","4.0","540.0","1","N","N","N","0","","1","0","1","","0","Y","","1","1","0","0","0","0","0","1","0","1","99","","","N","","","","","","","","","",""
"2024025021","2015","2","0","0","0","0","0","0","0","0","1","0","","02","3","2024","5","40.357925","-80.122514","2015","11","0","0","0","0","0","0","0","1","","0","0","0","","","0","Y","0","","40 21:28.529","3","0","80 07:21.051","0","0","0","0","2119","0","0","0","N","0","0","0","4","02119","0","","1.0","2052.0","1","N","N","N","0","","0","0","0","","0","Y","","2","0","0","0","0","0","0","2","0","2","03","03","","N","","","","","","","","","",""
"2024024685","1505","0","0","0","0","0","0","0","0","0","7","0","","02","3","2024","2","40.532732","-79.9586","1503","11","0","0","0","0","0","0","0","0","","0","0","0","","","0","","2","","40 31:57.836","1","0","79 57:30.959","0","0","0","0","2118","0","0","0","N","0","0","0","2","02118","0","","2.0","1534.0","1","N","N","N","0","","0","0","1","","3","N","","1","0","0","0","0","0","0","2","0","1","03","03","","N","","","","","","","","","",""
"2024024031","1000","1","0","0","0","0","0","0","0","0","4","0","","02","3","2024","6","40.426417","-79.889806","0956","11","0","0","0","0","0","1","0","0","","0","0","0","","","0","N","0","","40 25:35.100","","7","79 53:23.300","0","0","0","0","2463","0","0","0","N","0","0","0","3","02463","0","","1.0","","9","N","N","N","0","","0","0","2","","3","","","3","0","0","0","0","0","0","2","0","3","07","07","","N","","","","","","","","","",""
"2024037963","0745","1","0","0","0","0","0","0","0","0","1","0","","02","4","2024","3","40.365041","-80.018689","0745","11","0","0","0","0","0","1","0","0","","0","0","0","","","0","N","0","","40 21:54.146","","0","80 01:07.282","0","0","0","0","2416","0","0","0","N","0","0","0","3","02416","0","","1.0","","1","N","N","N","2","","0","0","0","","2","","","3","0","0","0","0","0","0","2","0","3","03","03","","N","","","","","","","","","",""
"2024056181","1716","1","0","0","0","0","0","0","0","0","1","0","","02","6","2024","1","40.34889","-79.939012","1714","11","0","0","0","0","0","0","0","0","","0","0","0","","","1","","2","","40 20:56.003","","0","79 56:20.443","3","0","0","0","2473","0","0","0","N","0","0","0","5","02473","0","","1.0","","1","N","N","N","0","","1","0","1","","2","","","2","1","0","0","0","0","0","2","0","2","03","03","","N","","","","","","","","","",""
"2024028739","2304","1","0","0","0","0","0","0","0","0","1","0","","02","2","2024","1","40.452332","-79.997436","2234","11","0","0","0","0","0","0","0","0","","0","0","0","","","0","","3","","40 27:08.395","2","2","79 59:50.770","0","0","0","0","2301","0","0","0","N","0","0","0","2","68B03","0","","1.0","2308.0","1","N","N","N","1","","0","0","0","","0","N","","2","0","0","0","0","0","0","2","0","2","03","","","N","","","","","","","","","",""
"2024024931","1513","1","0","0","0","0","0","0","0","0","4","0","","02","3","2024","5","40.290034","-80.027929","1507","11","0","0","0","0","0","0","1","1","","0","0","0","","","1","N","0","","40 17:24.121","","7","80 01:40.546","3","0","0","0","2219","0","0","0","N","0","0","0","2","02219","0","","1.0","","1","N","N","N","0","","1","0","1","","0","","","2","1","0","0","0","0","0","2","0","2","03","03","","N","","","","","","","","","",""
"2024022812","0025","1","0","0","0","0","0","0","0","0","7","0","","02","3","2024","7","40.626888","-79.832767","0018","11","0","0","0","0","0","0","0","0","","0","0","0","","","0","N","0","","40 37:36.796","1","0","79 49:57.960","0","0","0","0","2220","0","0","0","N","0","0","0","1","02220","0","","4.0","107.0","9","","","N","0","","0","0","0","","0","N","","1","0","0","0","0","0","0","2","0","1","07","04","","N","","","","","","","","","",""
"2024025201","2101","1","0","0","0","0","0","0","0","0","6","0","","02","3","2024","2","40.381126","-79.811894","2100","11","0","0","0","0","0","0","0","0","","0","0","0","","","0","","1","","40 22:52.053","","0","79 48:42.818","0","0","0","0","2424","0","0","0","N","0","0","0","3","02424","0","","1.0","","1","N","N","N","0","","0","0","1","","2","","","2","0","0","0","0","0","0","2","0","2","03","03","","N","","","","","","","","","",""
"2024025775","1642","0","0","0","0","0","0","0","0","0","4","0","","02","3","2024","3","40.576898","-80.055891","1637","11","0","0","0","0","0","0","0","1","","0","0","0","","","2","","1","","40 34:36.833","7","0","80 03:21.209","8","0","0","0","2108","0","0","0","N","0","0","0","2","02108","0","","1.0","1729.0","1","N","N","N","0","","0","0","1","","3","Y","","2","2","0","0","0","2","0","2","1","2","04","","","N","","","","","","","","","",""
"2024026366","1856","0","0","0","0","0","0","0","0","0","4","0","","02","3","2024","7","40.5034","-80.025118","1849","11","0","0","0","0","0","0","0","0","","0","0","0","","","0","","1","","40 30:12.241","","0","80 01:30.426","0","0","0","0","2116","0","0","0","N","0","0","0","3","02116","0","","1.0","","9","N","N","N","1","","0","0","1","","2","","","2","0","0","0","0","0","0","2","0","2","07","","","N","","","","","","","","","",""
"2024057357","1245","1","0","0","0","0","0","0","0","0","1","0","","02","6","2024","5","40.540127","-79.824566","1237","11","0","0","0","0","1","1","0","0","","0","0","0","","","1","N","0","","40 32:24.457","1","0","79 49:28.436","8","0","0","0","2208","0","0","0","N","0","0","0","3","02208","0","","1.0","1320.0","1","N","N","N","1","","0","0","0","","0","Y","","2","1","0","0","0","1","0","2","0","2","03","03","","N","","","","","","","","","",""
"2024022752","0913","1","0","0","0","0","0","0","0","0","4","0","","02","3","2024","2","40.434071","-79.764413","0910","11","0","0","0","0","0","0","1","0","","0","0","0","","","0","","2","","40 26:02.654","3","0","79 45:51.887","0","0","0","0","2446","0","0","0","N","0","0","0","3","02446","0","","1.0","945.0","1","N","N","N","0","","0","0","2","","2","N","","3","0","0","0","0","0","0","2","0","3","03","03","","N","","","","","","","","","",""
"2024028139","2223","1","0","0","0","0","0","0","0","0","7","0","","02","3","2024","1","40.541996","-79.774646","2220","11","0","0","0","0","0","0","1","0","","0","0","0","","","1","N","0","","40 32:31.185","2","0","79 46:28.725","3","0","0","0","2462","0","0","0","N","0","0","0","1","02462","0","","5.0","2259.0","1","","","N","0","","1","0","0","","0","N","","1","1","0","0","0","0","0","2","0","1","03","","","N","","","","","","","","","",""
"2024036605","1730","2","0","0","0","0","0","0","0","0","1","0","","02","3","2024","3","40.4356","-79.980515","1708","11","0","0","0","0","0","1","0","0","","0","0","0","","","0","N","0","","40 26:08.160","4","0","79 58:49.853","0","0","0","0","2301","0","0","0","N","0","0","0","2","68B03","0","","1.0","1817.0","1","N","N","N","0","","0","0","0","","0","N","","2","0","0","0","0","0","0","2","0","2","03","","","N","","","","","","","","","",""
"2024023647","2013","1","0","0","0","0","0","0","0","0","5","0","","02","3","2024","4","40.60982","-79.733296","2013","11","0","0","0","0","0","0","0","0","","0","0","0","","","0","N","0","","40 36:35.351","2","0","79 43:59.866","0","0","0","0","2106","0","0","0","N","0","0","0","1","02106","0","","6.0","2037.0","1","N","N","N","0","","0","0","1","","0","N","","2","0","0","0","0","0","0","2","0","2","03","","","N","","","","","","","","","",""
"2024022517","1554","0","0","0","0","0","0","0","0","0","7","0","","02","3","2024","1","40.429333","-79.756139","1548","11","0","0","0","0","0","1","0","0","","0","0","0","","","0","N","0","","40 25:45.600","6","7","79 45:22.100","0","0","0","0","2446","0","0","0","N","0","0","0","1","02446","0","","4.0","1630.0","9","N","N","N","0","","0","0","1","","0","N","","1","0","0","0","0","0","0","2","0","1","04","10","","N","","","","","","","","","",""
"2024024352","1727","0","0","0","0","0","0","0","0","0","7","0","","02","3","2024","7","40.519472","-79.762528","1723","11","0","0","0","0","0","0","0","0","","0","0","0","","","1","N","0","","40 31:10.100","4","7","79 45:45.100","3","0","0","0","2466","0","0","0","N","0","0","0","3","02466","0","","4.0","1800.0","1","N","N","Y","0","","1","0","1","","0","N","","2","1","0","0","0","0","0","2","1","2","03","03","","N","","","","","","","","","",""
"2024023798","1043","0","0","0","0","0","0","0","0","0","7","0","","02","3","2024","5","40.477543","-79.799584","1042","11","0","0","0","0","0","1","0","0","","0","0","0","","","0","","2","","40 28:39.154","6","0","79 47:58.504","0","0","0","0","2113","0","0","0","N","0","0","0","1","02113","0","","4.0","1052.0","1","N","N","N","1","","0","0","0","","0","Y","","1","0","0","0","0","0","0","2","0","1","03","03","","N","","","","","","","","","",""
"2024026981","0836","1","0","0","0","0","0","0","0","0","4","0","","02","3","2024","1","40.417298","-80.005892","0832","11","0","0","0","0","0","0","0","0","","0","0","0","","","0","","1","","40 25:02.273","","0","80 00:21.211","0","0","0","0","2301","0","0","0","N","0","0","0","1","02301","0","","1.0","","1","N","N","N","0","","0","0","1","","3","","","2","0","0","0","0","0","0","2","0","2","03","","","N","","","","","","","","","",""
"2024022565","2038","1","0","0","0","0","0","0","0","0","4","0","","02","3","2024","7","40.353367","-79.837319","2035","11","0","0","0","0","0","1","0","0","","0","0","0","","","0","","2","","40 21:12.122","4","0","79 50:14.347","0","0","0","0","2304","0","0","0","N","0","0","0","4","02304","0","","1.0","2056.0","9","N","N","N","0","","0","0","1","","2","N","","2","0","0","0","0","0","0","2","0","2","07","07","","N","","","","","","","","","",""
"2024027139","0620","1","0","0","0","0","0","0","0","0","1","0","","02","3","2024","3","40.351635","-80.011723","0614","11","0","0","0","0","0","1","0","0","","0","0","0","","","0","N","0","","40 21:05.886","3","0","80 00:42.201","0","0","0","0","2407","0","0","0","N","0","0","0","2","02407","0","","1.0","715.0","2","N","N","N","1","","0","0","0","","2","N","","2","0","0","0","0","0","0","2","0","2","10","98","","N","","","","","","","","","",""
"2024034173","0547","1","0","0","0","0","0","1","0","0","4","1","","02","4","2024","5","40.440296","-80.006994","0544","11","0","0","0","0","0","1","0","0","","0","0","0","","","1","","1","","40 26:25.066","7","2","80 00:25.180","3","0","0","0","2301","0","0","0","N","0","0","0","2","02503","0","","1.0","630.0","1","N","N","N","0","","1","0","0","","2","N","","2","1","0","0","0","0","0","2","0","2","04","","","N","","","","","","","","","",""
"2024037679","1627","0","0","0","0","0","0","0","0","0","7","0","","02","4","2024","6","40.538585","-79.830396","1627","11","0","0","0","0","0","1","0","0","","1","0","0","","","0","","2","","40 32:18.906","3","0","79 49:49.425","1","1","0","1","2208","0","0","0","N","0","0","0","1","02501","0","2","3.0","2000.0","1","N","N","N","0","0","0","0","0","","2","Y","","1","0","0","0","0","0","0","2","0","1","03","","","N","","","","","","","","","",""
"2024037025","1704","0","0","0","0","0","0","0","0","0","1","0","","02","4","2024","4","40.325256","-80.080842","1658","11","0","0","0","0","0","1","0","0","","0","0","0","","","1","Y","0","","40 19:30.922","2","0","80 04:51.030","3","0","0","0","2123","0","0","0","N","0","0","0","2","02123","0","","1.0","1736.0","1","N","N","N","0","","1","0","2","","2","N","","2","1","0","0","0","0","0","2","0","2","03","04","","N","","","","","","","","","",""
"2024031290","1153","0","0","0","0","0","0","0","0","0","4","1","","02","1","2024","1","40.460633","-79.842534","1150","11","0","0","0","0","0","2","0","0","","0","1","0","","","0","Y","0","","40 27:38.280","5","7","79 50:33.122","0","0","0","0","2113","0","0","0","N","0","0","0","4","02113","0","","1.0","1200.0","1","N","N","Y","0","","0","0","1","","0","N","","2","0","0","0","0","0","0","2","0","2","03","03","","N","","","","","","","","","",""
"2024023694","0400","0","0","0","0","0","0","0","0","0","7","0","","02","3","2024","3","40.420363","-79.792796","0352","11","0","0","0","0","0","0","0","0","","0","0","0","","","0","N","0","","40 25:13.306","6","0","79 47:34.065","9","0","0","0","2446","0","0","0","N","0","0","0","1","02446","0","","4.0","900.0","1","N","N","N","0","","0","0","2","","0","Y","","2","0","0","0","0","0","1","2","0","2","03","03","","N","","","","","","","","","",""
"2024029726","0523","1","0","0","0","0","0","0","0","0","7","0","","02","3","2024","3","40.494408","-80.012333","0523","11","0","0","0","0","0","1","0","0","","0","0","0","","","0","N","0","","40 29:39.868","2","3","80 00:44.400","0","0","0","0","2301","0","0","0","N","0","0","0","2","68B03","0","","3.0","100.0","2","N","N","N","0","","0","0","0","","0","N","","2","0","0","0","0","0","0","2","1","2","10","10","","N","","","","","","","","","",""
"2024036948","1436","0","0","0","0","0","0","0","0","0","4","0","","02","4","2024","7","40.464002","-79.855177","1433","11","0","0","0","0","0","1","0","0","","0","0","0","","","1","N","2","","40 27:50.407","3","0","79 51:18.637","4","0","0","0","2113","0","0","0","N","0","0","0","4","02113","1","","1.0","1500.0","1","N","N","N","0","","0","0","2","","3","N","","2","1","0","0","0","0","0","2","0","2","03","","","N","","","","","","","","","",""
"2024023526","0754","1","0","0","0","0","0","0","0","0","5","0","","02","3","2024","4","40.367611","-79.978361","0752","11","0","0","0","0","0","0","0","0","","0","0","0","","","1","N","0","","40 22:03.400","1","0","79 58:42.100","4","0","0","0","2413","0","0","0","N","0","0","0","1","02413","1","","6.0","829.0","1","N","N","Y","1","","0","0","1","","0","Y","","3","1","1","0","0","0","0","2","0","3","03","","","N","","","","","","","","","",""
"2024023445","0830","1","0","0","0","0","0","0","0","0","4","0","","02","3","2024","3","40.341576","-79.985086","0827","11","0","0","0","0","0","0","2","0","","0","0","0","","","0","","2","","40 20:29.672","3","0","79 59:06.308","0","0","0","0","2403","0","0","0","N","0","0","0","2","02403","0","","1.0","900.0","1","N","N","N","0","","0","0","1","","0","Y","","2","0","0","0","0","0","0","2","0","2","03","03","","N","","","","","","","","","",""
"2024023703","1245","0","0","0","0","0","0","0","0","0","7","0","","02","3","2024","4","40.438959","-80.073009","1238","11","0","0","0","0","0","1","0","0","","0","0","0","","","1","","2","","40 26:20.252","3","0","80 04:22.832","8","0","0","0","2421","0","0","0","N","0","0","0","1","02421","0","","4.0","1300.0","1","N","N","N","0","","0","0","1","","2","Y","","1","1","0","0","0","1","0","2","0","1","03","","","N","","","","","","","","","",""
"2024036735","2121","2","0","0","0","0","0","0","0","0","5","0","","02","3","2024","7","40.427892","-79.949294","2113","11","0","0","0","0","0","0","0","0","","0","0","0","","","0","N","0","","40 25:40.410","4","3","79 56:57.457","0","0","0","0","2301","0","0","0","N","0","0","0","6","68B03","0","","1.0","2213.0","9","N","N","N","0","","0","0","0","","0","N","","2","0","1","0","0","0","0","2","0","2","07","","","N","","","","","","","","","",""
"2024037678","1412","0","0","0","0","0","0","0","0","0","4","0","","02","4","2024","2","40.332422","-79.933883","1412","11","0","0","0","0","0","1","0","0","","0","0","0","","","0","","1","","40 19:56.719","","0","79 56:01.978","0","0","0","0","2473","0","0","0","N","0","0","0","2","02473","0","","1.0","","1","N","N","N","0","","0","0","2","","2","","","2","0","0","0","0","0","0","2","0","2","03","03","","N","","","","","","","","","",""
"2024024316","1517","0","0","0","0","0","0","0","0","0","98","0","","02","3","2024","4","40.383444","-79.894778","1516","11","0","0","0","0","0","0","0","0","","0","0","0","","","0","N","0","","40 23:00.400","","0","79 53:41.200","0","0","0","0","2448","0","0","0","N","0","0","0","1","02448","0","","1.0","","1","N","N","N","0","","0","0","0","","0","","","1","0","0","0","0","0","0","2","1","1","03","03","","N","","","","","","","","","",""
"2024036933","1201","0","0","0","0","0","0","0","0","0","4","0","","02","4","2024","7","40.548051","-80.036936","1150","11","0","0","0","0","1","0","0","0","","0","0","0","","","2","Y","0","","40 32:52.985","1","7","80 02:12.968","3","0","0","0","2116","0","0","0","N","0","0","0","3","02116","0","","1.0","1226.0","1","N","N","N","0","","2","0","2","","2","N","","2","2","0","0","0","0","0","2","0","2","03","03","","N","","","","","","","","","",""
"2024037950","2033","0","0","0","0","0","0","0","0","0","4","0","","02","4","2024","3","40.485183","-79.856869","2029","11","0","0","0","0","0","0","0","0","","0","0","0","","","3","","2","","40 29:06.657","","0","79 51:24.730","8","0","0","0","2113","0","0","0","N","0","0","0","4","02113","0","","1.0","","1","N","N","N","0","","0","0","0","","2","","","2","3","1","0","0","3","0","2","2","2","03","03","","N","","","","","","","","","",""
"2024026180","1116","1","0","0","0","0","0","0","0","0","4","0","","02","3","2024","6","40.355632","-80.029649","1105","11","0","0","0","0","0","0","0","1","","0","0","0","","","1","","2","","40 21:20.274","","0","80 01:46.737","3","0","0","0","2407","0","0","0","N","0","0","0","2","02407","0","","1.0","","1","N","N","N","0","","1","0","1","","3","","","2","1","0","0","0","0","0","2","0","2","03","","","N","","","","","","","","","",""
"2024034261","0925","0","0","0","0","0","0","0","0","0","4","1","","02","4","2024","3","40.544896","-79.838441","0918","11","0","0","0","0","0","0","1","0","","0","1","0","","","0","","2","","40 32:41.627","","2","79 50:18.387","0","0","0","0","2208","0","0","0","N","0","0","0","2","02208","0","","1.0","","1","N","N","N","0","","0","0","1","","2","","","2","0","0","0","0","0","0","2","0","2","03","03","","N","","","","","","","","","",""
"2024037128","1303","2","0","0","0","0","0","0","0","0","4","0","","02","4","2024","1","40.566658","-80.03793","1303","11","1","0","0","0","0","0","0","0","","0","0","0","","","3","","1","","40 33:59.969","2","0","80 02:16.548","8","0","0","0","2108","0","0","0","N","0","0","0","3","02108","0","","1.0","1338.0","1","N","N","N","0","","0","0","0","","2","N","","2","3","0","0","0","3","0","2","0","2","04","","","N","","","","","","","","","",""
"2024057279","0843","1","0","0","0","0","0","0","0","0","1","0","","02","7","2024","2","40.535935","-80.18307","0840","11","0","0","0","0","0","1","0","0","","0","0","0","","","0","","5","","40 32:09.367","4","0","80 10:59.052","9","0","0","0","2458","0","0","0","N","0","0","0","2","02458","0","","1.0","915.0","1","N","N","N","0","","0","0","1","","2","N","","2","0","1","0","0","0","1","2","0","2","03","03","","N","","","","","","","","","",""
"2024025843","0733","0","0","0","0","0","0","0","0","0","7","0","","02","3","2024","3","40.393546","-79.833547","0729","11","0","0","0","0","0","0","0","0","","0","0","0","","","1","N","0","","40 23:36.766","2","0","79 50:00.768","4","0","0","0","2111","0","0","0","Y","0","0","0","1","02111","1","","2.0","812.0","2","N","N","N","0","","0","0","1","","0","N","","1","1","0","0","0","0","0","2","0","1","04","","","N","","","","","","","","","",""
"2024026941","2309","0","0","0","0","0","0","0","0","0","7","0","","02","3","2024","7","40.377444","-80.212056","2302","11","0","0","0","0","0","1","0","0","","0","0","0","","","1","N","0","","40 22:38.800","5","0","80 12:43.400","8","0","0","0","2119","0","0","0","N","0","0","0","1","02119","0","","4.0","26.0","1","N","N","N","1","","0","0","0","","0","Y","","1","1","0","0","0","1","0","2","0","1","03","","","N","","","","","","","","","",""
"2024023248","1835","0","0","0","0","0","0","0","0","0","5","0","","02","3","2024","3","40.390429","-80.040234","1830","11","0","0","0","0","0","0","0","0","","0","0","0","","","0","N","0","","40 23:25.543","","0","80 02:24.842","0","0","0","0","2422","0","0","0","N","0","0","0","1","02422","0","","6.0","","1","N","N","N","0","","0","0","2","","0","","","2","0","0","0","0","0","0","2","0","2","03","03","","N","","","","","","","","","",""
"2024055771","1702","1","0","0","0","0","0","0","0","0","4","0","","02","6","2024","3","40.45535","-79.95421","1647","11","0","0","0","0","0","0","0","0","","0","0","0","","","0","N","0","","40 27:19.259","","7","79 57:15.155","0","0","0","0","2301","0","0","0","N","0","0","0","2","02301","0","","1.0","","1","N","N","N","0","","0","0","1","","0","","","2","0","0","0","0","0","0","2","0","2","03","03","","N","","","","","","","","","",""
"2024022494","2145","1","0","0","0","0","0","0","0","0","7","0","","02","3","2024","7","40.413183","-79.845068","2143","11","0","0","0","0","0","0","0","0","","0","0","0","","","0","","2","","40 24:47.458","4","0","79 50:42.243","0","0","0","0","2431","0","0","0","N","0","0","0","1","02431","0","","3.0","2215.0","9","N","N","N","0","","0","0","0","","2","N","","1","0","0","0","0","0","0","2","0","1","07","","","N","","","","","","","","","",""
"2024055781","1536","0","0","0","0","0","0","0","0","0","5","3","","02","5","2024","2","40.44498","-79.844484","1521","11","0","0","0","0","0","2","0","0","","0","3","0","","","0","N","0","","40 26:41.929","","0","79 50:40.142","0","0","0","0","2419","0","0","0","N","0","0","0","5","68B03","0","","1.0","","1","N","N","N","2","","0","0","0","","0","","","5","0","0","0","0","0","0","2","0","5","03","","","N","","","","","","","","","",""
"2024056659","1259","0","0","0","0","0","0","0","0","0","4","0","","02","6","2024","5","40.457837","-79.974199","1249","11","0","0","0","0","0","2","0","0","","0","0","0","","","0","","1","","40 27:28.213","2","0","79 58:27.116","0","0","0","0","2301","0","0","0","N","0","0","0","2","02301","0","","1.0","1318.0","1","N","N","N","0","","0","0","2","","3","N","","2","0","0","0","0","0","0","2","0","2","03","","","N","","","","","","","","","",""
"2024056383","2232","2","0","0","0","0","0","0","0","0","4","0","","02","6","2024","5","40.43199","-80.144926","2222","11","0","0","0","0","0","0","0","0","","0","0","0","","","0","","1","","40 25:55.163","","0","80 08:41.733","9","0","0","0","2115","0","0","0","Y","0","0","0","2","02115","0","","1.0","","1","N","N","N","0","","0","0","0","","3","","","2","0","0","0","0","0","1","2","0","2","03","","","N","","","","","","","","","",""
"2024056261","2016","1","0","0","0","0","0","0","0","0","4","0","","02","6","2024","6","40.346389","-80.054417","2010","11","0","0","0","0","0","1","0","0","","0","0","0","","","1","N","0","","40 20:47.000","4","7","80 03:15.900","3","0","0","0","2407","0","0","0","N","0","0","0","2","02407","0","","1.0","2040.0","1","N","N","N","0","","1","0","1","","0","N","","2","1","0","0","0","0","0","2","0","2","03","03","","N","","","","","","","","","",""