"CRN","ARRIVAL_TM","AUTOMOBILE_COUNT","BELTED_DEATH_COUNT","BELTED_SUSP_SERIOUS_INJ_COUNT","BICYCLE_COUNT","BICYCLE_DEATH_COUNT","BICYCLE_SUSP_SERIOUS_INJ_COUNT","BUS_COUNT","CHLDPAS_DEATH_COUNT","CHLDPAS_SUSP_SERIOUS_INJ_COUNT","COLLISION_TYPE","COMM_VEH_COUNT","CONS_ZONE_SPD_LIM","COUNTY","CRASH_MONTH","CRASH_YEAR","DAY_OF_WEEK","DEC_LATITUDE","DEC_LONGITUDE","DISPATCH_TM","DISTRICT","DRIVER_COUNT_16YR","DRIVER_COUNT_17YR","DRIVER_COUNT_18YR","DRIVER_COUNT_19YR","DRIVER_COUNT_20YR","DRIVER_COUNT_50_64YR","DRIVER_COUNT_65_74YR","DRIVER_COUNT_75PLUS","EST_HRS_CLOSED","FATAL_COUNT","HEAVY_TRUCK_COUNT","HORSE_BUGGY_COUNT","HOUR_OF_DAY","ILLUMINATION","INJURY_COUNT","INTERSECTION_RELATED","INTERSECT_TYPE","LANE_CLOSED","LATITUDE","LN_CLOSE_DIR","LOCATION_TYPE","LONGITUDE","MAX_SEVERITY_LEVEL","MCYCLE_DEATH_COUNT","MCYCLE_SUSP_SERIOUS_INJ_COUNT","MOTORCYCLE_COUNT","MUNICIPALITY","NONMOTR_COUNT","NONMOTR_DEATH_COUNT","NONMOTR_SUSP_SERIOUS_INJ_COUNT","NTFY_HIWY_MAINT","PED_COUNT","PED_DEATH_COUNT","PED_SUSP_SERIOUS_INJ_COUNT","PERSON_COUNT","POLICE_AGCY","POSSIBLE_INJ_COUNT","RDWY_SURF_TYPE_CD","RELATION_TO_ROAD","ROADWAY_CLEARED","ROAD_CONDITION","SCH_BUS_IND","SCH_ZONE_IND","SECONDARY_CRASH","SMALL_TRUCK_COUNT","SPEC_JURIS_CD","SUSP_MINOR_INJ_COUNT","SUSP_SERIOUS_INJ_COUNT","SUV_COUNT","TCD_FUNC_CD","TCD_TYPE","TFC_DETOUR_IND","TIME_OF_DAY","TOTAL_UNITS","TOT_INJ_COUNT","UNBELTED_OCC_COUNT","UNB_DEATH_COUNT","UNB_SUSP_SERIOUS_INJ_COUNT","UNK_INJ_DEG_COUNT","UNK_INJ_PER_COUNT","URBAN_RURAL","VAN_COUNT","VEHICLE_COUNT","WEATHER1","WEATHER2","WORKERS_PRES","WORK_ZONE_IND","WORK_ZONE_LOC","WORK_ZONE_TYPE","WZ_CLOSE_DETOUR","WZ_FLAGGER","WZ_LAW_OFFCR_IND","WZ_LN_CLOSURE","WZ_MOVING","WZ_OTHER","WZ_SHLDER_MDN","WZ_WORKERS_INJ_KILLED"
"2024057241","0809","0","0","0","0","0","0","0","0","0","4","0","","02","6","2024","6","40.63195","-79.732901","0806","11","0","0","0","0","0","1","0","0","","0","0","0","","","0","","1","","40 37:55.020","","2","79 43:58.443","0","0","0","0","2106","0","0","0","N","0","0","0","2","02106","0","","1.0","","1","N","N","N","0","","0","0","2","","3","","","2","0","0","0","0","0","0","2","0","2","03","","","N","","","","","","","","","",""
"2024055367","2156","1","0","0","0","0","0","0","0","0","1","0","","02","4","2024","6","40.540009","-80.08061","2131","11","0","0","0","0","0","0","0","0","","0","0","0","","","0","N","0","","40 32:24.032","","0","80 04:50.197","0","0","0","0","2215","0","0","0","N","0","0","0","2","68B03","0","","1.0","","1","N","N","N","0","","0","0","0","","0","","","2","0","0","0","0","0","0","2","1","2","03","03","","N","","","","","","","","","",""
"2024055775","1542","0","0","0","0","0","0","0","0","0","7","0","","02","6","2024","3","40.460971","-79.869197","1536","11","0","0","0","0","0","1","0","0","","0","0","0","","","0","N","0","","40 27:39.495","","0","79 52:09.109","0","0","0","0","2113","0","0","0","N","0","0","0","1","02113","0","","4.0","","1","N","N","N","0","","0","0","1","","0","","","1","0","0","0","0","0","0","2","0","1","03","","","N","","","","","","","","","",""
"2024056846","1923","1","0","0","0","0","0","0","0","0","4","0","","02","6","2024","7","40.464996","-79.824006","1920","11","0","0","0","0","0","0","0","0","","0","0","0","","","1","","2","","40 27:53.985","","0","79 49:26.421","4","0","0","0","2113","0","0","0","N","0","0","0","5","02113","1","","1.0","","1","N","N","N","0","","0","0","1","","0","","","2","1","0","0","0","0","0","2","0","2","03","03","","N","","","","","","","","","",""
"2024053066","1534","0","0","0","0","0","0","0","0","0","4","0","","02","6","2024","2","40.402971","-79.881646","1521","11","0","0","0","0","0","1","0","0","","0","0","0","","","1","","5","","40 24:10.695","","1","79 52:53.925","3","0","0","0","2475","0","0","0","N","0","0","0","5","02475","0","","1.0","","1","N","N","N","1","","1","0","1","","4","","","2","1","0","0","0","0","0","2","0","2","03","03","","N","","","","","","","","","",""
"2024050872","1605","0","0","0","0","0","0","0","0","0","4","0","","02","6","2024","2","40.440519","-80.238536","1601","11","0","0","0","0","0","0","0","0","","0","0","0","","","0","","1","","40 26:25.870","4","0","80 14:18.731","0","0","0","0","2214","0","0","0","N","0","0","0","3","02214","0","","1.0","1646.0","1","N","N","N","0","","0","0","2","","0","N","","2","0","0","0","0","0","0","2","0","2","04","","","N","","","","","","","","","",""
"2024055573","1433","1","0","0","0","0","0","0","0","0","4","0","","02","5","2024","2","40.618013","-80.055695","1421","11","0","0","0","0","0","1","0","1","","0","0","0","","","0","","2","","40 37:04.846","2","0","80 03:20.502","0","0","0","0","2216","0","0","0","N","0","0","0","2","02505","0","","1.0","1459.0","1","N","N","N","0","","0","0","1","","3","N","","2","0","0","0","0","0","0","2","0","2","03","","","N","","","","","","","","","",""
"2024063966","1231","0","0","0","0","0","0","0","0","0","7","0","","02","5","2024","1","40.443557","-80.009077","1215","11","0","0","0","0","0","0","0","0","","0","0","0","","","0","","3","","40 26:36.804","","8","80 00:32.678","0","0","0","0","2301","0","0","0","N","0","0","0","1","68B03","0","","7.0","","1","N","N","N","0","","0","0","1","","0","","","1","0","0","0","0","0","0","2","0","1","03","03","","N","","","","","","","","","",""
"2024054881","1932","1","0","0","0","0","0","1","0","0","4","1","","02","6","2024","1","40.439994","-80.083972","1916","11","0","0","0","0","0","0","0","0","","0","0","0","","","0","N","3","","40 26:23.977","","0","80 05:02.300","0","0","0","0","2115","0","0","0","N","0","0","0","2","02503","0","","1.0","","9","N","N","N","0","","0","0","0","","0","","","2","0","0","0","0","0","0","2","0","2","07","07","","N","","","","","","","","","",""
"2024036223","2031","0","0","0","0","0","0","0","0","0","2","0","","02","4","2024","4","40.505565","-80.028902","2022","11","0","0","1","0","0","1","0","0","","0","0","0","","","0","N","2","","40 30:20.033","","0","80 01:44.048","0","0","0","0","2474","0","0","0","N","0","0","0","2","02474","0","","1.0","","1","N","N","N","0","","0","0","2","","3","","","2","0","0","0","0","0","0","2","0","2","03","03","","N","","","","","","","","","",""
"2024059515","0707","1","0","0","0","0","0","0","0","0","1","0","","02","6","2024","5","40.517228","-80.128449","0646","11","0","0","0","0","0","0","0","0","","0","0","0","","","1","","6","","40 31:02.019","","2","80 07:42.416","3","0","0","0","2434","0","0","0","N","0","0","0","4","68B03","0","","1.0","","1","N","N","N","0","","1","0","1","","0","","","2","1","0","0","0","0","0","2","0","2","03","","","N","","","","","","","","","",""
"2024056634","1909","1","0","0","0","0","0","0","0","0","7","0","","02","6","2024","3","40.221923","-79.848434","1852","11","0","0","0","0","0","0","0","0","","0","0","0","","","0","N","0","","40 13:18.921","1","0","79 50:54.362","0","0","0","0","2105","0","0","0","Y","0","0","0","1","02105","0","","3.0","1909.0","1","N","N","N","0","","0","0","0","","0","Y","","1","0","0","0","0","0","0","2","0","1","03","03","","N","","","","","","","","","",""
"2024053613","0030","1","0","0","0","0","0","0","0","0","7","0","","02","6","2024","4","40.305611","-79.825547","0023","11","0","0","0","0","0","0","0","0","","0","0","0","","","0","N","0","","40 18:20.201","","0","79 49:31.969","0","0","0","0","2105","0","0","0","N","0","0","0","1","02105","0","","5.0","","1","N","N","N","0","","0","0","0","","0","","","1","0","0","0","0","0","0","2","0","1","03","03","","N","","","","","","","","","",""
"2024055277","1654","1","0","0","0","0","0","0","0","0","4","0","","02","6","2024","1","40.332423","-80.070328","1649","11","0","1","1","0","0","0","0","0","","0","0","0","","","0","","1","","40 19:56.721","6","0","80 04:13.179","0","0","0","0","2123","0","0","0","N","0","0","0","3","02123","0","","1.0","1724.0","1","N","N","N","0","","0","0","1","","2","N","","2","0","0","0","0","0","0","2","0","2","03","04","","N","","","","","","","","","",""
"2024056656","1638","2","0","0","0","0","0","0","0","0","4","0","","02","6","2024","4","40.360542","-80.015031","1634","11","0","0","0","0","0","0","0","1","","0","0","0","","","0","","3","","40 21:37.951","","0","80 00:54.110","0","0","0","0","2416","0","0","0","N","0","0","0","2","02416","0","","1.0","","1","N","N","N","0","","0","0","0","","3","","","2","0","0","0","0","0","0","2","0","2","03","03","","N","","","","","","","","","",""
"2024058622","1033","1","0","0","0","0","0","0","0","0","1","0","45","02","6","2024","4","40.470537","-80.11508","0958","11","0","0","0","0","0","1","0","0","","0","0","0","","","1","N","0","","40 28:13.933","","0","80 06:54.289","3","0","0","0","2126","0","0","0","N","0","0","0","2","68B03","0","","1.0","","1","N","N","N","1","","1","0","0","","0","","","2","1","0","0","0","0","0","2","0","2","03","03","Y","Y","4","1","N","N","Y","Y","N","N","Y","N"
"2024061243","1701","2","0","0","0","0","0","0","0","0","1","0","","02","7","2024","4","40.435626","-80.146489","1652","11","0","0","0","1","0","0","0","0","","0","0","0","","","0","N","0","","40 26:08.252","3","0","80 08:47.360","9","0","0","0","2115","0","0","0","N","0","0","0","5","68B03","0","","1.0","1732.0","1","N","N","N","0","","0","0","2","","0","N","","4","0","0","0","0","0","1","2","0","4","03","","","N","","","","","","","","","",""
"2024055571","1433","0","0","0","0","0","0","0","0","0","4","0","","02","6","2024","3","40.620276","-80.054835","1428","11","0","0","0","0","0","0","0","0","","0","0","0","","","0","N","0","","40 37:12.993","","7","80 03:17.407","0","0","0","0","2216","0","0","0","N","0","0","0","3","02505","0","","1.0","","1","N","N","N","0","","0","0","2","","0","","","2","0","0","0","0","0","0","1","0","2","03","03","","N","","","","","","","","","",""
"2024058927","1927","1","0","0","0","0","0","0","0","0","4","0","","02","7","2024","3","40.390791","-79.882553","1925","11","0","0","0","0","0","0","0","0","","0","0","0","","","1","","3","","40 23:26.846","5","0","79 52:57.189","3","0","0","0","2473","0","0","0","N","0","0","0","2","02473","0","","1.0","2027.0","1","N","N","N","0","","1","0","1","","0","Y","","2","1","0","0","0","0","0","2","0","2","03","98","","N","","","","","","","","","",""
"2024063092","1752","0","0","0","0","0","0","0","0","0","1","0","","02","6","2024","6","40.43484","-80.14494","1746","11","0","0","0","0","0","1","0","0","","0","0","0","","","1","N","0","","40 26:05.424","3","0","80 08:41.783","3","0","0","0","2115","0","0","0","N","0","0","0","4","68B03","0","","1.0","1830.0","1","N","N","N","0","","1","0","2","","0","N","","2","1","0","0","0","0","0","2","0","2","03","","","N","","","","","","","","","",""
"2024064366","1801","1","0","0","0","0","0","0","0","0","4","0","","02","6","2024","2","40.399297","-79.835426","1657","11","0","0","0","0","0","1","0","0","","0","0","0","","","0","","1","","40 23:57.468","","0","79 50:07.534","0","0","0","0","2425","0","0","0","N","0","0","0","2","68B03","0","","1.0","","1","N","N","N","0","","0","0","1","","2","","","2","0","0","0","0","0","0","2","0","2","03","","","N","","","","","","","","","",""
"2024051011","1414","0","0","0","0","0","0","0","0","0","1","0","","02","6","2024","2","40.341241","-79.965346","1411","11","0","0","0","0","0","1","0","0","","0","0","0","","","1","Y","0","","40 20:28.466","2","0","79 57:55.246","8","0","0","0","2454","0","0","0","N","0","0","0","3","02454","0","","1.0","1454.0","1","N","N","N","0","","0","0","2","","0","N","","2","1","0","0","0","1","0","2","0","2","04","","","N","","","","","","","","","",""
"2024055129","1359","0","0","0","0","0","0","0","0","0","5","0","","02","6","2024","3","40.44716","-79.895144","1359","11","0","0","0","0","0","0","0","0","","0","0","0","","","0","N","0","","40 26:49.777","6","0","79 53:42.517","0","0","0","0","2301","0","0","0","N","0","0","0","2","02301","0","","1.0","1430.0","1","N","N","N","1","","0","0","1","","0","N","","2","0","0","0","0","0","0","2","0","2","03","","","N","","","","","","","","","",""
"2024051710","1812","0","0","0","0","0","0","0","0","0","1","0","","02","6","2024","2","40.351649","-80.024069","1812","11","0","0","0","0","0","0","1","0","","0","0","0","","","1","N","0","","40 21:05.935","","7","80 01:26.647","3","0","0","0","2407","0","0","0","N","0","0","0","3","02407","0","","1.0","","1","N","N","N","0","","1","0","2","","0","","","2","1","0","0","0","0","0","2","0","2","03","03","","N","","","","","","","","","",""
"2024039176","2000","0","0","0","0","0","0","0","0","0","1","0","","02","4","2024","4","40.551708","-80.10226","1945","11","1","1","0","0","0","0","0","0","","0","0","0","","","0","","1","","40 33:06.149","","0","80 06:08.135","0","0","0","0","2215","0","0","0","N","0","0","0","6","02215","0","","1.0","","9","","","N","0","","0","0","1","","2","","","2","0","0","0","0","0","0","2","1","2","99","98","","N","","","","","","","","","",""
"2024055780","0827","1","0","0","0","0","0","0","0","0","1","0","","02","4","2024","6","40.421085","-80.042957","0817","11","0","0","0","0","0","0","0","0","","0","0","0","","","0","N","0","","40 25:15.907","","0","80 02:34.646","0","0","0","0","2435","0","0","0","N","0","0","0","4","68B03","0","","1.0","","1","N","N","N","0","","0","0","2","","0","","","3","0","0","0","0","0","0","2","0","3","03","","","N","","","","","","","","","",""
"2024055595","2235","1","0","0","0","0","0","0","0","0","0","0","","02","5","2024","3","40.438002","-80.197671","2233","11","0","0","0","1","0","1","0","0","","0","0","0","","","0","N","0","","40 26:16.806","","0","80 11:51.616","0","0","0","0","2214","0","0","0","N","0","0","0","4","68B03","0","","1.0","","1","N","N","N","1","","0","0","2","","0","","","4","0","0","0","0","0","0","2","0","4","03","","","N","","","","","","","","","",""
"2024062421","1757","2","0","0","0","0","0","0","0","0","4","0","","02","7","2024","4","40.383827","-79.822855","1755","11","0","0","0","0","0","0","0","0","","0","0","0","","","2","","2","","40 23:01.776","4","0","79 49:22.279","3","0","0","0","2111","0","0","0","N","0","0","0","2","02111","0","","1.0","1845.0","1","N","N","N","0","","2","0","0","","2","Y","","2","2","1","0","0","0","0","2","0","2","03","03","","N","","","","","","","","","",""
"2024048541","0954","0","0","0","0","0","0","0","0","0","1","1","","02","5","2024","5","40.514881","-80.004318","0943","11","0","0","0","0","0","1","0","0","","0","1","0","","","6","","3","","40 30:53.571","2","2","80 00:15.544","3","0","0","0","2116","0","0","0","N","0","0","0","11","02116","0","","1.0","1050.0","1","N","N","N","0","","6","0","0","","3","N","","2","6","4","0","0","0","0","2","1","2","03","03","","N","","","","","","","","","",""
"2024052898","1612","0","0","0","0","0","0","0","0","0","4","0","","02","6","2024","5","40.311794","-80.032629","1610","11","0","0","0","0","0","0","0","1","","0","0","0","","","2","N","0","","40 18:42.458","5","7","80 01:57.466","3","0","0","0","2407","0","0","0","N","0","0","0","2","02407","0","","1.0","1710.0","1","N","N","N","0","","2","0","2","","0","Y","","2","2","0","0","0","0","0","2","0","2","03","","","N","","","","","","","","","",""
"2024057347","1829","1","0","0","0","0","0","0","0","0","4","0","","02","6","2024","4","40.363772","-79.899273","1826","11","0","0","0","0","0","1","0","0","","0","0","0","","","2","N","0","","40 21:49.579","7","7","79 53:57.384","3","0","0","0","2473","0","0","0","N","0","0","0","2","02473","1","","1.0","1900.0","1","N","N","N","0","","1","0","0","","0","Y","","2","2","0","0","0","0","0","2","1","2","03","03","","N","","","","","","","","","",""
"2024055437","1611","1","0","0","0","0","0","0","0","0","2","0","","02","6","2024","1","40.430037","-79.883731","1535","11","0","0","0","0","0","0","0","0","","0","0","0","","","0","N","0","","40 25:48.132","","0","79 53:01.431","0","0","0","0","2426","0","0","0","N","0","0","0","2","68B03","0","","1.0","","1","N","N","N","1","","0","0","0","","0","","","2","0","0","0","0","0","0","2","0","2","03","","","N","","","","","","","","","",""
"2024055934","1805","0","0","0","0","0","0","0","0","0","7","0","","02","5","2024","7","40.519902","-80.138934","1803","11","0","0","0","0","0","1","0","0","","0","0","0","","","0","N","0","","40 31:11.647","2","0","80 08:20.162","0","0","0","0","2434","0","0","0","Y","0","0","0","3","68B03","0","","2.0","1835.0","9","N","N","N","0","","0","0","1","","0","Y","","1","0","0","0","0","0","0","2","0","1","07","","","N","","","","","","","","","",""
"2024060638","1758","1","0","0","0","0","0","0","0","0","4","0","","02","7","2024","5","40.661378","-80.00516","1754","11","0","0","0","0","1","0","0","0","","0","0","0","","","0","N","0","","40 39:40.960","3","7","80 00:18.577","0","0","0","0","2216","0","0","0","N","0","0","0","2","02505","0","","1.0","1824.0","1","N","N","N","0","","0","0","1","","3","N","","2","0","0","0","0","0","0","2","0","2","03","03","","N","","","","","","","","","",""
"2024054403","1458","1","0","1","0","0","0","0","0","0","7","0","","02","6","2024","6","40.558008","-80.016228","1457","11","0","0","0","0","0","0","1","0","","0","0","0","","","2","N","2","","40 33:28.828","6","0","80 00:58.422","2","0","0","0","2108","0","0","0","N","0","0","0","2","02108","0","","2.0","1800.0","1","N","N","N","0","","0","1","0","","3","Y","","1","2","0","0","0","1","0","2","0","1","03","03","","N","","","","","","","","","",""
"2024054788","1508","0","0","0","0","0","0","0","0","0","1","0","","02","6","2024","6","40.418225","-80.049217","1508","11","1","0","0","0","0","0","0","0","","0","0","0","","","1","","1","","40 25:05.609","","0","80 02:57.181","3","0","0","0","2435","0","0","0","N","0","0","0","2","02435","0","","1.0","","1","N","N","N","0","","1","0","2","","3","","","2","1","0","0","0","0","0","2","0","2","","","","N","","","","","","","","","",""
"2024062985","0954","2","0","0","0","0","0","0","0","0","1","0","","02","7","2024","3","40.5985","-80.093315","0954","11","0","0","0","0","0","0","0","0","","0","0","0","","","1","N","0","","40 35:54.600","","0","80 05:35.935","3","0","0","0","2481","0","0","0","N","0","0","0","2","68B03","0","","1.0","","1","N","N","N","0","","1","0","0","","0","","","2","1","0","0","0","0","0","2","0","2","03","","","N","","","","","","","","","",""
"2024062229","1924","1","0","0","0","0","0","0","0","0","1","0","","02","6","2024","4","40.385389","-79.976472","1915","11","0","0","0","0","0","1","1","0","","0","0","0","","","2","","2","","40 23:07.400","","0","79 58:35.300","4","0","0","0","2301","0","0","0","N","0","0","0","3","02301","1","","1.0","","1","N","N","N","0","","0","0","1","","3","","","2","2","0","0","0","1","0","2","0","2","04","","","N","","","","","","","","","",""
"2024054714","2240","0","0","0","0","0","0","0","0","0","98","0","","02","5","2024","3","40.659912","-79.727923","2217","11","0","0","0","0","0","0","0","0","","0","0","0","","","1","N","0","","40 39:35.684","","0","79 43:40.522","4","0","0","0","2202","0","0","0","N","0","0","0","1","68D02","1","","1.0","","1","N","N","N","0","","0","0","1","","0","","","1","1","0","0","0","0","0","2","0","1","03","","","N","","","","","","","","","",""
"2024054908","1835","0","0","0","0","0","0","0","0","0","7","0","","02","6","2024","1","40.352523","-79.842451","1835","11","0","0","0","0","0","0","0","0","","0","0","0","","","1","","1","","40 21:09.083","6","0","79 50:32.823","3","0","0","0","2304","0","0","0","N","0","0","0","1","02304","0","","5.0","1901.0","9","N","N","N","0","","1","0","1","","2","Y","","1","1","1","0","0","0","0","2","0","1","07","06","","N","","","","","","","","","",""
"2024055936","2208","1","0","0","0","0","0","0","0","0","1","0","55","02","5","2024","3","40.430759","-79.957808","2200","11","0","0","0","0","0","0","0","0","","0","0","0","","","0","N","0","","40 25:50.734","4","0","79 57:28.109","0","0","0","0","2301","0","0","0","N","0","0","0","2","68B03","0","","1.0","2245.0","1","N","N","Y","1","","0","0","0","","0","Y","","2","0","0","0","0","0","0","2","0","2","03","","Y","Y","2","1","N","N","Y","Y","N","N","N","N"
"2024063330","1749","1","0","0","0","0","0","0","0","0","4","0","","02","6","2024","1","40.622586","-79.978139","1738","11","0","0","0","0","0","0","0","0","","0","0","0","","","1","","2","","40 37:21.311","","0","79 58:41.299","3","0","0","0","2217","0","0","0","N","0","0","0","2","02505","0","","1.0","","1","N","N","N","0","","1","0","0","","3","","","2","1","0","0","0","0","0","2","1","2","03","03","","N","","","","","","","","","",""
"2024045931","1440","0","0","0","0","0","0","0","0","0","4","1","","02","5","2024","7","40.492576","-79.862625","1434","11","0","0","0","0","0","0","0","0","","0","1","0","","","0","Y","0","","40 29:33.272","","7","79 51:45.451","0","0","0","0","2408","0","0","0","N","0","0","0","1","02408","0","","6.0","","9","N","N","N","0","","0","0","1","","3","","","2","0","0","0","0","0","0","2","0","2","07","07","","N","","","","","","","","","",""
"2024055390","1632","0","0","0","0","0","0","0","0","0","2","0","","02","6","2024","5","40.437787","-80.004048","1622","11","0","0","0","0","0","1","0","0","","0","0","0","","","0","N","0","","40 26:16.032","4","0","80 00:14.572","0","0","0","0","2301","0","0","0","N","0","0","0","2","68B03","0","","1.0","1704.0","9","N","N","N","1","","0","0","1","","0","N","","2","0","0","0","0","0","0","2","0","2","03","","","N","","","","","","","","","",""
"2024052986","1341","1","0","0","0","0","0","0","0","0","1","1","","02","6","2024","4","40.378328","-80.096551","1336","11","0","0","0","0","0","1","0","0","","0","1","0","","","1","N","0","","40 22:41.982","","0","80 05:47.582","4","0","0","0","2102","0","0","0","N","0","0","0","3","02102","1","","1.0","","1","N","N","N","0","","0","0","1","","0","","","3","1","0","0","0","0","0","2","0","3","03","03","","N","","","","","","","","","",""
"2024052794","1743","0","0","0","0","0","0","0","0","0","7","0","30","02","6","2024","6","40.435508","-79.788227","1741","11","0","0","0","0","0","0","0","0","","0","0","0","","","0","N","0","","40 26:07.829","","7","79 47:17.617","0","0","0","0","2446","0","0","0","N","0","0","0","2","02446","0","","3.0","","1","N","N","N","0","","0","0","1","","0","","","1","0","0","0","0","0","0","2","0","1","03","","N","Y","4","1","Y","","N","Y","Y","","","N"
"2024052983","1139","1","0","0","0","0","0","0","0","0","4","1","","02","6","2024","6","40.607136","-79.850479","1136","11","0","0","0","1","0","1","0","0","","0","1","0","","","0","","1","","40 36:25.689","7","0","79 51:01.726","0","0","0","0","2220","0","0","0","N","0","0","0","2","02220","0","","1.0","1208.0","1","N","N","N","0","","0","0","0","","3","Y","","2","0","0","0","0","0","0","2","0","2","03","03","","N","","","","","","","","","",""
"2024057334","1546","1","0","0","0","0","0","0","0","0","4","0","","02","7","2024","2","40.346889","-79.950222","1543","11","0","0","0","0","0","0","0","0","","0","0","0","","","1","N","0","","40 20:48.800","1","7","79 57:00.800","3","0","0","0","2473","0","0","0","N","0","0","0","2","02473","0","","1.0","1600.0","1","N","N","N","1","","1","0","0","","0","Y","","2","1","0","0","0","0","0","2","0","2","03","03","","N","","","","","","","","","",""
"2024055417","1508","0","0","0","0","0","0","0","0","0","2","0","","02","6","2024","3","40.420493","-80.039167","1446","11","0","0","0","0","0","3","0","0","","0","0","0","","","0","N","0","","40 25:13.776","","0","80 02:21.002","0","0","0","0","2301","0","0","0","N","0","0","0","3","68B03","0","","1.0","","1","N","N","N","0","","0","0","2","","0","","","3","0","0","0","0","0","0","2","1","3","03","","","N","","","","","","","","","",""
"2024055120","0731","1","0","0","0","0","0","0","0","0","1","0","","02","6","2024","2","40.452778","-80.039639","0713","11","0","0","0","0","0","0","0","0","","0","0","0","","","1","N","0","","40 27:10.000","","4","80 02:22.700","4","0","0","0","2301","0","0","0","N","0","0","0","2","02301","1","","1.0","","1","N","N","N","0","","0","0","1","","2","","","2","1","0","0","0","0","0","2","0","2","03","03","","N","","","","","","","","","",""
"2024055675","1950","1","0","0","0","0","0","0","0","0","5","0","","02","6","2024","3","40.475529","-79.848493","1947","11","0","0","0","0","0","0","0","0","","0","0","0","","","1","","1","","40 28:31.904","","0","79 50:54.576","8","0","0","0","2113","0","0","0","N","0","0","0","3","02113","0","","1.0","","1","N","N","N","0","","0","0","1","","0","","","2","1","0","0","0","1","0","2","0","2","03","03","","N","","","","","","","","","",""
"2024045895","0402","2","0","0","0","0","0","0","0","0","5","0","","02","5","2024","7","40.421056","-80.002139","0400","11","0","0","0","0","0","0","0","0","","0","0","0","","","0","N","0","","40 25:15.800","","0","80 00:07.700","0","0","0","0","2301","0","0","0","N","0","0","0","2","02301","0","","6.0","","1","N","N","N","0","","0","0","0","","0","","","2","0","0","0","0","0","0","2","0","2","03","03","","N","","","","","","","","","",""
"2024056206","0723","1","0","0","0","0","0","0","0","0","7","0","","02","6","2024","5","40.405031","-79.804295","0713","11","0","0","0","0","0","0","0","0","","0","0","0","","","0","N","0","","40 24:18.113","1","0","79 48:15.461","0","0","0","0","2446","0","0","0","N","0","0","0","1","02446","0","","4.0","800.0","1","N","N","N","0","","0","0","0","","0","N","","1","0","0","0","0","0","0","2","0","1","03","03","","N","","","","","","","","","",""
"2024055791","1545","1","0","0","0","0","0","0","0","0","7","0","","02","5","2024","7","40.484175","-80.2642","1537","11","0","0","0","0","0","0","0","0","","0","0","0","","","0","N","0","","40 29:03.030","","0","80 15:51.120","0","0","0","0","2203","0","0","0","Y","0","0","0","1","68B03","0","","2.0","","9","N","N","N","0","","0","0","0","","0","","","1","0","0","0","0","0","0","2","0","1","07","","","N","","","","","","","","","",""
"2024046341","1953","2","0","0","0","0","0","0","0","0","4","0","","02","5","2024","7","40.349106","-80.049963","1951","11","0","0","0","2","0","0","0","0","","0","0","0","","","0","","2","","40 20:56.783","","0","80 02:59.866","0","0","0","0","2407","0","0","0","N","0","0","0","5","02407","0","","1.0","","1","N","N","N","0","","0","0","0","","2","","","2","0","0","0","0","0","0","2","0","2","03","03","","N","","","","","","","","","",""
"2024049887","0145","1","0","0","0","0","0","0","0","0","5","0","","02","6","2024","5","40.39631","-79.793903","0137","11","0","0","0","0","0","0","0","0","","0","0","0","","","0","N","0","","40 23:46.715","","0","79 47:38.051","0","0","0","0","2446","0","0","0","N","0","0","0","1","02446","0","","2.0","","9","N","N","Y","1","","0","0","0","","0","","","2","0","0","0","0","0","0","2","0","2","07","04","","N","","","","","","","","","",""
"2024028491","0605","1","0","0","0","0","0","0","0","0","1","0","","02","3","2024","3","40.530735","-80.069733","0557","11","0","0","0","0","0","0","1","0","","0","0","0","","","0","","2","","40 31:50.647","","99","80 04:11.039","0","0","0","0","2215","0","0","0","N","0","0","0","2","02215","0","","1.0","","99","N","N","N","0","","0","0","1","","4","","","2","0","0","0","0","0","0","2","0","2","99","98","","N","","","","","","","","","",""
"2024050927","1408","0","0","0","0","0","0","0","0","0","1","1","","02","6","2024","6","40.531976","-80.188928","1403","11","0","0","0","0","0","0","0","0","","0","1","0","","","4","N","0","","40 31:55.115","","3","80 11:20.142","3","0","0","0","2213","0","0","0","N","0","0","0","6","02213","0","","1.0","","1","N","N","N","1","","4","0","0","","0","","","2","4","0","0","0","0","0","2","0","2","03","","","N","","","","","","","","","",""
"2024047733","1218","1","0","0","0","0","0","0","0","0","8","1","","02","5","2024","6","40.341048","-80.122576","1215","11","0","0","0","0","0","0","1","0","","0","1","0","","","1","N","0","","40 20:27.772","5","0","80 07:21.272","8","0","0","0","2119","1","0","0","N","1","0","0","2","02119","0","","1.0","1327.0","1","N","N","N","0","","0","0","0","","0","Y","","3","1","0","0","0","1","0","2","0","2","03","03","","N","","","","","","","","","",""
"2024045940","1755","1","0","0","0","0","0","0","0","0","4","0","","02","5","2024","3","40.35518","-80.048445","1747","11","1","0","0","0","0","0","1","0","","0","0","0","","","1","N","0","","40 21:18.648","","7","80 02:54.402","4","0","0","0","2109","0","0","0","N","0","0","0","2","02109","1","","1.0","","1","N","N","N","0","","0","0","1","","0","","","2","1","0","0","0","0","0","2","0","2","03","03","","N","","","","","","","","","",""
"2024039431","1101","2","0","0","0","0","0","0","0","0","1","0","","02","5","2024","1","40.473064","-79.972292","1054","11","0","0","0","0","0","0","0","0","","0","0","0","","","0","","7","","40 28:23.032","1","2","79 58:20.250","0","0","0","0","2445","0","0","0","N","0","0","0","3","02445","0","","1.0","1141.0","1","N","N","N","0","","0","0","1","","0","N","","3","0","0","0","0","0","0","2","0","3","03","04","","N","","","","","","","","","",""