"CRN","ARRIVAL_TM","AUTOMOBILE_COUNT","BELTED_DEATH_COUNT","BELTED_SUSP_SERIOUS_INJ_COUNT","BICYCLE_COUNT","BICYCLE_DEATH_COUNT","BICYCLE_SUSP_SERIOUS_INJ_COUNT","BUS_COUNT","CHLDPAS_DEATH_COUNT","CHLDPAS_SUSP_SERIOUS_INJ_COUNT","COLLISION_TYPE","COMM_VEH_COUNT","CONS_ZONE_SPD_LIM","COUNTY","CRASH_MONTH","CRASH_YEAR","DAY_OF_WEEK","DEC_LATITUDE","DEC_LONGITUDE","DISPATCH_TM","DISTRICT","DRIVER_COUNT_16YR","DRIVER_COUNT_17YR","DRIVER_COUNT_18YR","DRIVER_COUNT_19YR","DRIVER_COUNT_20YR","DRIVER_COUNT_50_64YR","DRIVER_COUNT_65_74YR","DRIVER_COUNT_75PLUS","EST_HRS_CLOSED","FATAL_COUNT","HEAVY_TRUCK_COUNT","HORSE_BUGGY_COUNT","HOUR_OF_DAY","ILLUMINATION","INJURY_COUNT","INTERSECTION_RELATED","INTERSECT_TYPE","LANE_CLOSED","LATITUDE","LN_CLOSE_DIR","LOCATION_TYPE","LONGITUDE","MAX_SEVERITY_LEVEL","MCYCLE_DEATH_COUNT","MCYCLE_SUSP_SERIOUS_INJ_COUNT","MOTORCYCLE_COUNT","MUNICIPALITY","NONMOTR_COUNT","NONMOTR_DEATH_COUNT","NONMOTR_SUSP_SERIOUS_INJ_COUNT","NTFY_HIWY_MAINT","PED_COUNT","PED_DEATH_COUNT","PED_SUSP_SERIOUS_INJ_COUNT","PERSON_COUNT","POLICE_AGCY","POSSIBLE_INJ_COUNT","RDWY_SURF_TYPE_CD","RELATION_TO_ROAD","ROADWAY_CLEARED","ROAD_CONDITION","SCH_BUS_IND","SCH_ZONE_IND","SECONDARY_CRASH","SMALL_TRUCK_COUNT","SPEC_JURIS_CD","SUSP_MINOR_INJ_COUNT","SUSP_SERIOUS_INJ_COUNT","SUV_COUNT","TCD_FUNC_CD","TCD_TYPE","TFC_DETOUR_IND","TIME_OF_DAY","TOTAL_UNITS","TOT_INJ_COUNT","UNBELTED_OCC_COUNT","UNB_DEATH_COUNT","UNB_SUSP_SERIOUS_INJ_COUNT","UNK_INJ_DEG_COUNT","UNK_INJ_PER_COUNT","URBAN_RURAL","VAN_COUNT","VEHICLE_COUNT","WEATHER1","WEATHER2","WORKERS_PRES","WORK_ZONE_IND","WORK_ZONE_LOC","WORK_ZONE_TYPE","WZ_CLOSE_DETOUR","WZ_FLAGGER","WZ_LAW_OFFCR_IND","WZ_LN_CLOSURE","WZ_MOVING","WZ_OTHER","WZ_SHLDER_MDN","WZ_WORKERS_INJ_KILLED"
"2024021346","1628","0","0","0","0","0","0","0","0","0","1","0","","02","2","2024","5","40.433235","-79.962221","1546","11","0","0","0","0","0","0","0","0","","0","0","0","","","0","N","0","","40 25:59.645","","0","79 57:43.994","0","0","0","0","2301","0","0","0","N","0","0","0","2","68B03","0","","1.0","","1","N","N","N","1","","0","0","1","","0","","","2","0","0","0","0","0","0","2","0","2","03","03","","N","","","","","","","","","",""
"2024016178","2302","1","0","0","0","0","0","0","0","0","7","0","","02","2","2024","2","40.316947","-79.978436","2255","11","0","0","0","0","0","0","0","0","","0","0","0","","","0","N","9","","40 19:01.009","5","0","79 58:42.368","0","0","0","0","2440","0","0","0","N","0","0","0","1","02440","0","","4.0","15.0","7","N","N","N","0","","0","0","0","","0","Y","","1","0","0","0","0","0","0","2","0","1","10","","","N","","","","","","","","","",""
"2024011342","1035","0","0","1","0","0","0","0","0","0","4","0","","02","1","2024","3","40.375327","-80.07","1033","11","0","0","0","0","0","0","0","1","","0","0","0","","","2","N","0","","40 22:31.177","4","7","80 04:12.001","2","0","0","0","2109","0","0","0","N","0","0","0","4","02109","0","","1.0","1120.0","1","N","N","N","0","","1","1","2","","0","N","","2","2","1","0","0","0","0","2","0","2","04","","","N","","","","","","","","","",""
"2024026156","1034","0","0","0","0","0","0","0","0","0","4","0","","02","3","2024","6","40.542214","-79.964238","1031","11","0","0","0","0","0","1","0","0","","0","0","0","","","0","","2","","40 32:31.969","1","0","79 57:51.258","0","0","0","0","2118","0","0","0","N","0","0","0","2","02118","0","","1.0","1111.0","1","N","N","N","2","","0","0","0","","2","N","","2","0","0","0","0","0","0","2","0","2","03","","","N","","","","","","","","","",""
"2024012344","1814","1","0","1","0","0","0","0","0","0","4","0","","02","2","2024","6","40.275642","-79.87982","1814","11","0","0","0","0","0","1","0","0","","0","0","0","","","3","","2","","40 16:32.311","7","0","79 52:47.352","2","0","0","0","2105","0","0","0","N","0","0","0","4","02105","0","","1.0","1911.0","1","N","N","N","0","","2","1","1","","3","Y","","2","3","0","0","0","0","0","2","0","2","03","03","","N","","","","","","","","","",""
"2024016040","1255","1","0","0","0","0","0","0","0","0","4","0","","02","2","2024","6","40.553462","-80.022026","1250","11","0","0","0","0","0","0","1","0","","0","0","0","","","1","N","0","","40 33:12.462","","7","80 01:19.294","3","0","0","0","2116","0","0","0","N","0","0","0","2","02116","0","","1.0","","1","N","N","N","0","","1","0","1","","0","","","2","1","0","0","0","0","0","2","0","2","03","","","N","","","","","","","","","",""
"2024018548","0253","3","0","0","0","0","0","0","0","0","4","0","","02","2","2024","7","40.465868","-79.838654","0253","11","0","0","0","0","0","0","0","0","","0","0","0","","","1","N","0","","40 27:57.123","4","0","79 50:19.154","4","0","0","0","2113","0","0","0","N","0","0","0","1","02113","1","","4.0","336.0","1","N","N","N","0","","0","0","1","","0","N","","4","1","0","0","0","0","0","2","0","4","03","03","","N","","","","","","","","","",""
"2024017345","2000","0","0","0","0","0","0","0","0","0","7","0","","02","2","2024","3","40.460937","-79.867046","1954","11","0","0","0","0","0","0","0","0","","0","0","0","","","0","N","0","","40 27:39.373","","0","79 52:01.367","9","0","0","0","2113","0","0","0","N","0","0","0","1","02113","0","","4.0","","1","N","N","N","0","","0","0","1","","0","","","1","0","0","0","0","0","1","2","0","1","03","03","","N","","","","","","","","","",""
"2024030126","2106","1","0","0","0","0","0","0","0","0","99","0","","02","3","2024","6","40.305161","-80.069837","2100","11","0","0","0","0","0","0","0","0","","0","0","0","","","0","","2","","40 18:18.580","7","0","80 04:11.413","0","0","0","0","2407","0","0","0","N","0","0","0","1","02407","0","","2.0","2215.0","9","N","N","N","0","","0","0","0","","0","Y","","1","0","0","0","0","0","0","2","0","1","","","","N","","","","","","","","","",""
"2024022629","1503","1","0","0","0","0","0","0","0","0","1","0","","02","2","2024","1","40.417416","-80.056213","1445","11","0","0","0","0","1","0","0","0","","0","0","0","","","0","N","0","","40 25:02.698","3","0","80 03:22.366","0","0","0","0","2435","0","0","0","N","0","0","0","4","68B03","0","","1.0","1530.0","1","N","N","N","0","","0","0","2","","0","N","","3","0","0","0","0","0","0","2","0","3","03","","","N","","","","","","","","","",""
"2024014376","0126","1","0","0","0","0","0","0","0","0","7","0","","02","2","2024","7","40.631667","-80.058026","0126","11","0","0","0","0","0","0","0","0","","0","0","0","","","0","N","0","","40 37:54.002","","7","80 03:28.892","0","0","0","0","2216","0","0","0","Y","0","0","0","1","02505","0","","2.0","","1","N","N","N","0","","0","0","0","","3","","","1","0","0","0","0","0","0","2","0","1","03","03","","N","","","","","","","","","",""
"2024019169","1619","1","0","0","0","0","0","0","0","0","5","0","","02","2","2024","2","40.581248","-79.778887","1619","11","0","0","0","0","0","0","0","0","","0","0","0","","","0","","1","","40 34:52.491","","0","79 46:43.992","0","0","0","0","2104","0","0","0","N","0","0","0","2","02514","0","","1.0","","1","","","N","1","","0","0","0","","0","","","2","0","0","0","0","0","0","2","0","2","03","","","N","","","","","","","","","",""
"2024016135","2222","1","0","0","0","0","0","0","0","0","7","0","","02","2","2024","6","40.448321","-79.804067","2213","11","0","0","0","0","0","0","0","0","","0","0","0","","","0","N","0","","40 26:53.954","","0","79 48:14.641","0","0","0","0","2113","0","0","0","N","0","0","0","1","02113","0","","2.0","","9","N","N","N","0","","0","0","0","","0","","","1","0","0","0","0","0","0","2","0","1","10","02","","N","","","","","","","","","",""
"2024028504","1650","0","0","0","0","0","0","0","0","0","1","0","","02","3","2024","4","40.360889","-79.993918","1643","11","0","0","0","0","0","0","1","0","","0","0","0","","","1","","2","","40 21:39.202","","0","79 59:38.104","8","0","0","0","2476","0","0","0","N","0","0","0","2","02476","0","","1.0","","1","N","N","N","0","","0","0","2","","0","","","2","1","0","0","0","1","0","2","0","2","03","","","N","","","","","","","","","",""
"2024014664","0835","1","0","0","0","0","0","0","0","0","7","0","","02","2","2024","2","40.561828","-80.059626","0831","11","0","0","0","0","0","0","0","0","","0","0","0","","","0","N","0","","40 33:42.579","","0","80 03:34.654","0","0","0","0","2108","0","0","0","Y","0","0","0","1","02108","0","","2.0","","1","N","N","N","0","","0","0","0","","0","","","1","0","0","0","0","0","0","2","0","1","03","03","","N","","","","","","","","","",""
"2024029566","0341","1","0","0","0","0","0","0","0","0","7","0","","02","3","2024","3","40.550744","-80.086778","0330","11","0","0","0","0","0","0","0","0","","0","0","0","","","1","N","0","","40 33:02.678","","3","80 05:12.399","4","0","0","0","2215","0","0","0","N","0","0","0","1","68B03","1","","2.0","","7","N","N","N","0","","0","0","0","","0","","","1","1","0","0","0","0","0","2","0","1","10","","","N","","","","","","","","","",""
"2024015561","2125","1","0","0","0","0","0","0","0","0","0","0","","02","2","2024","4","40.452572","-79.795317","2119","11","0","0","0","0","0","0","0","0","","0","0","0","","","0","N","0","","40 27:09.259","2","0","79 47:43.141","0","0","0","0","2113","0","0","0","N","0","0","0","1","02113","0","","1.0","2205.0","2","N","N","N","0","","0","0","0","","0","Y","","1","0","0","0","0","0","0","2","0","1","03","","","N","","","","","","","","","",""
"2024012727","1844","1","0","0","1","0","0","0","0","0","8","0","","02","2","2024","1","40.481826","-80.109754","1842","11","0","0","0","1","0","0","0","0","","0","0","0","","","1","","2","","40 28:54.574","7","0","80 06:35.113","3","0","0","0","2126","1","0","0","N","0","0","0","2","02126","0","","1.0","1948.0","1","N","N","N","0","","1","0","0","","0","Y","","2","1","0","0","0","0","0","2","0","1","03","","","N","","","","","","","","","",""
"2024009518","1230","1","0","0","0","0","0","0","0","0","5","0","","02","1","2024","7","40.352113","-79.89679","1226","11","0","0","0","0","0","1","0","0","","0","0","0","","","1","N","0","","40 21:07.608","","0","79 53:48.443","3","0","0","0","2423","0","0","0","N","0","0","0","3","02304","0","","1.0","","1","N","N","N","0","","1","0","1","","0","","","2","1","0","0","0","0","0","2","0","2","03","03","","N","","","","","","","","","",""
"2024028503","2112","1","0","0","0","0","0","0","0","0","7","0","","02","3","2024","1","40.360553","-80.009906","2108","11","0","0","0","0","0","0","0","0","","0","0","0","","","0","N","0","","40 21:37.990","","0","80 00:35.660","0","0","0","0","2476","0","0","0","N","0","0","0","1","02476","0","","5.0","","1","N","N","N","0","","0","0","0","","0","","","1","0","0","0","0","0","0","2","0","1","03","","","N","","","","","","","","","",""
"2024011840","2158","0","0","0","0","0","0","0","0","0","7","0","","02","1","2024","3","40.360248","-80.09221","2148","11","0","0","0","0","0","1","0","0","","0","0","0","","","0","N","0","","40 21:36.892","","0","80 05:31.955","0","0","0","0","2414","0","0","0","N","0","0","0","1","02123","0","","3.0","","1","N","N","N","0","","0","0","1","","0","","","1","0","0","0","0","0","0","2","0","1","03","03","","N","","","","","","","","","",""
"2024015856","2105","1","0","0","0","0","0","0","0","0","7","0","","02","2","2024","6","40.527606","-80.037503","2101","11","1","0","0","0","0","0","0","0","","0","0","0","","","0","N","0","","40 31:39.383","7","0","80 02:15.009","0","0","0","0","2116","0","0","0","N","0","0","0","2","02116","0","","4.0","2130.0","1","N","N","N","0","","0","0","0","","0","Y","","1","0","0","0","0","0","0","2","0","1","03","03","","N","","","","","","","","","",""
"2024029560","2352","1","0","0","0","0","0","0","0","0","7","1","","02","3","2024","1","40.492669","-80.010662","2329","11","0","0","0","0","0","3","0","0","","0","1","0","","","0","N","0","","40 29:33.608","2","2","80 00:38.384","0","0","0","0","2301","0","0","0","N","0","0","0","5","68B03","0","","3.0","100.0","2","N","N","N","2","","0","0","1","","0","Y","","5","0","1","0","0","0","0","2","0","5","98","","","N","","","","","","","","","",""
"2024012595","0930","1","0","0","0","0","0","0","0","0","4","0","","02","1","2024","2","40.395205","-79.83863","0924","11","0","0","0","0","0","2","0","0","","0","0","0","","","2","N","0","","40 23:42.739","6","0","79 50:19.067","4","0","0","0","2425","0","0","0","N","0","0","0","4","68B03","2","","1.0","30.0","1","N","N","N","0","","0","0","2","","0","Y","","3","2","1","0","0","0","0","2","0","3","03","","","N","","","","","","","","","",""
"2024016379","1847","2","0","0","0","0","0","0","0","0","1","0","","02","2","2024","7","40.366813","-80.105623","1845","11","0","0","0","0","0","0","0","0","","0","0","0","","","1","N","0","","40 22:00.528","","0","80 06:20.244","4","0","0","0","2102","0","0","0","N","0","0","0","2","02102","1","","1.0","","1","N","N","N","0","","0","0","0","","0","","","2","1","0","0","0","0","0","2","0","2","03","03","","N","","","","","","","","","",""
"2024015889","0529","1","0","0","0","0","0","0","0","0","4","0","","02","2","2024","1","40.537712","-80.036308","0523","11","0","0","0","0","0","0","0","0","","0","0","0","","","0","N","0","","40 32:15.764","2","0","80 02:10.710","9","0","0","0","2116","0","0","0","N","0","0","0","1","02116","0","","6.0","638.0","1","N","N","N","0","","0","0","1","","0","N","","2","0","0","0","0","0","1","2","0","2","03","03","","N","","","","","","","","","",""
"2024010611","1414","0","0","0","0","0","0","0","0","0","4","0","","02","1","2024","3","40.448439","-79.761164","1411","11","0","0","0","0","0","0","1","0","","0","0","0","","","1","","1","","40 26:54.379","7","0","79 45:40.191","8","0","0","0","2446","0","0","0","N","0","0","0","3","02446","0","","1.0","1500.0","1","N","N","N","0","","0","0","2","","3","N","","2","1","0","0","0","1","0","2","0","2","04","04","","N","","","","","","","","","",""
"2024013222","1700","1","0","0","0","0","0","0","0","0","4","0","","02","2","2024","3","40.339716","-79.877695","1655","11","0","0","0","0","0","0","1","0","","0","0","0","","","0","","2","","40 20:22.978","6","0","79 52:39.701","0","0","0","0","2455","0","0","0","Y","0","0","0","2","02455","0","","1.0","1735.0","1","N","N","N","0","","0","0","1","","3","Y","","2","0","0","0","0","0","0","2","0","2","","","","N","","","","","","","","","",""
"2024016542","1830","0","0","0","0","0","0","0","0","0","4","0","","02","2","2024","6","40.397336","-79.902711","1830","11","0","0","1","0","0","0","0","0","","0","0","0","","","0","","2","","40 23:50.411","","0","79 54:09.758","0","0","0","0","2448","0","0","0","N","0","0","0","2","02448","0","","1.0","","7","N","N","N","0","","0","0","2","","3","","","2","0","0","0","0","0","0","2","0","2","10","","","N","","","","","","","","","",""
"2024022523","2154","1","0","0","0","0","0","0","0","0","1","0","","02","1","2024","7","40.518277","-80.024698","2152","11","0","0","0","0","0","0","0","0","","0","0","0","","","0","N","0","","40 31:05.797","","0","80 01:28.912","0","0","0","0","2474","0","0","0","N","0","0","0","1","02474","0","","6.0","","9","N","N","Y","1","","0","0","1","","0","","","3","0","0","0","0","0","0","2","0","3","10","06","","N","","","","","","","","","",""
"2024009161","1239","1","0","0","0","0","0","0","0","0","7","0","","02","1","2024","6","40.521015","-80.06471","1233","11","0","0","0","0","0","1","0","0","","0","0","0","","","0","N","0","","40 31:15.655","","0","80 03:52.957","0","0","0","0","2215","0","0","0","Y","0","0","0","1","68B03","0","","3.0","","6","N","N","N","0","","0","0","0","","0","","","1","0","0","0","0","0","0","2","0","1","10","","","N","","","","","","","","","",""
"2024014021","0711","3","0","0","0","0","0","0","0","0","1","0","","02","2","2024","6","40.515707","-79.953409","0706","11","0","0","0","0","0","2","0","0","","0","0","0","","","1","N","0","","40 30:56.545","5","7","79 57:12.273","4","0","0","0","2118","0","0","0","N","0","0","0","3","02118","1","","1.0","800.0","9","N","N","N","0","","0","0","0","","0","N","","3","1","0","0","0","0","0","2","0","3","04","","","N","","","","","","","","","",""
"2024027146","2120","0","0","0","0","0","0","0","0","0","7","1","","02","3","2024","4","40.357155","-79.832751","2120","11","0","0","0","0","0","0","0","0","","0","1","0","","","0","","3","","40 21:25.758","6","0","79 49:57.902","9","0","0","0","2304","0","0","0","N","0","0","0","1","02304","0","","4.0","2319.0","1","N","N","Y","0","","0","0","0","","0","Y","","1","0","0","0","0","0","1","2","0","1","03","03","","N","","","","","","","","","",""
"2024029743","0050","2","0","0","0","0","0","0","0","0","1","0","","02","3","2024","6","40.439263","-80.008097","0031","11","0","0","0","0","1","1","0","0","","0","0","0","","","1","N","0","","40 26:21.346","4","0","80 00:29.149","3","0","0","0","2301","0","0","0","N","0","0","0","3","68B03","0","","1.0","122.0","1","N","N","N","0","","1","0","0","","0","N","","2","1","1","0","0","0","0","2","0","2","03","03","","N","","","","","","","","","",""
"2024014301","1338","1","0","0","0","0","0","0","0","0","4","0","","02","2","2024","7","40.612379","-80.054387","1336","11","0","0","0","0","0","1","0","1","","0","0","0","","","2","","2","","40 36:44.566","1","7","80 03:15.792","8","0","0","0","2108","0","0","0","N","0","0","0","2","02108","0","","1.0","1415.0","1","N","N","N","0","","0","0","1","","2","N","","2","2","0","0","0","2","0","2","0","2","04","","","N","","","","","","","","","",""
"2024011114","0855","1","0","0","0","0","0","0","0","0","4","0","","02","1","2024","3","40.417143","-79.88097","0852","11","0","0","0","0","0","1","0","0","","0","0","0","","","1","","1","","40 25:01.713","","0","79 52:51.491","8","0","0","0","2463","0","0","0","N","0","0","0","3","02463","0","","1.0","","1","N","N","N","1","","0","0","0","","3","","","2","1","0","0","0","1","2","2","0","2","03","03","","N","","","","","","","","","",""
"2024033236","1925","1","0","0","0","0","0","0","0","0","7","0","","02","3","2024","6","40.631833","-80.097412","1908","11","0","0","0","0","0","0","0","0","","0","0","0","","","0","N","0","","40 37:54.599","1","0","80 05:50.682","0","0","0","0","2212","0","0","0","Y","0","0","0","1","68B03","0","","4.0","2035.0","9","N","N","N","0","","0","0","0","","0","N","","1","0","0","0","0","0","0","2","0","1","07","","","N","","","","","","","","","",""
"2024012278","1427","0","0","0","0","0","0","0","0","0","7","0","","02","1","2024","3","40.310553","-79.826666","1422","11","0","0","0","0","0","0","0","0","","0","0","0","","","0","","5","","40 18:37.992","2","3","79 49:35.996","0","0","0","0","2105","0","0","0","N","0","0","0","1","02105","0","","2.0","1500.0","1","N","N","N","0","","0","0","1","","2","N","","1","0","0","0","0","0","0","2","0","1","03","03","","N","","","","","","","","","",""
"2024012614","0855","1","0","0","0","0","0","0","0","0","1","0","","02","2","2024","1","40.481511","-79.879446","0850","11","0","0","0","0","0","0","1","0","","0","0","0","","","1","N","0","","40 28:53.439","","0","79 52:46.006","3","0","0","0","2113","0","0","0","Y","0","0","0","2","02113","0","","1.0","","1","N","N","Y","0","","1","0","1","","0","","","2","1","0","0","0","0","0","2","0","2","03","","","N","","","","","","","","","",""
"2024014587","0151","0","0","0","0","0","0","0","0","0","7","0","","02","2","2024","1","40.587071","-80.042112","0146","11","0","0","0","0","0","0","0","0","","0","0","0","","","0","N","0","","40 35:13.457","1","0","80 02:31.603","0","0","0","0","2108","0","0","0","Y","0","0","0","1","02108","0","","2.0","242.0","1","N","N","N","0","","0","0","1","","0","N","","1","0","0","0","0","0","0","2","0","1","","","","N","","","","","","","","","",""
"2024012297","1405","2","0","0","0","0","0","0","0","0","4","0","","02","2","2024","5","40.406406","-79.910169","1405","11","0","0","0","0","0","1","0","0","","0","0","0","","","0","","1","","40 24:23.063","","0","79 54:36.607","0","0","0","0","2438","0","0","0","N","0","0","0","4","02438","0","","1.0","","1","N","N","N","0","","0","0","0","","3","N","","2","0","0","0","0","0","0","2","0","2","03","03","","N","","","","","","","","","",""
"2024024025","1607","2","0","0","0","0","0","0","0","0","4","0","","02","2","2024","1","40.350101","-79.873345","1603","11","0","0","0","0","0","1","0","0","","0","0","0","","","0","","3","","40 21:00.363","","0","79 52:24.041","0","0","0","0","2304","0","0","0","N","0","0","0","2","02304","0","","1.0","","1","N","N","N","0","","0","0","0","","2","","","2","0","0","0","0","0","0","2","0","2","03","03","","N","","","","","","","","","",""
"2024012158","1455","3","0","0","0","0","0","0","0","0","1","0","","02","1","2024","2","40.478852","-79.966803","1438","11","0","0","0","0","0","1","0","0","","0","0","0","","","0","","6","","40 28:43.866","1","8","79 58:00.489","0","0","0","0","2118","0","0","0","N","0","0","0","3","02118","0","","1.0","1530.0","1","N","N","N","0","","0","0","0","","3","N","","3","0","0","0","0","0","0","2","0","3","03","","","N","","","","","","","","","",""
"2024013557","1403","0","0","0","0","0","0","0","0","0","4","0","","02","2","2024","5","40.487854","-80.052019","1400","11","0","0","0","0","0","0","0","0","","0","0","0","","","0","","1","","40 29:16.276","5","0","80 03:07.269","0","0","0","0","2404","0","0","0","N","0","0","0","2","02404","0","","1.0","1440.0","1","N","N","N","0","","0","0","2","","0","Y","","2","0","0","0","0","0","0","2","0","2","03","","","N","","","","","","","","","",""
"2024016422","2316","0","0","0","0","0","0","0","0","0","7","0","","02","2","2024","6","40.532409","-79.713905","2258","11","0","0","0","0","0","0","0","0","","0","0","0","","","0","N","0","","40 31:56.673","2","0","79 42:50.059","0","0","0","0","2466","0","0","0","N","0","0","0","1","02466","0","","4.0","10.0","7","N","N","N","0","","0","0","1","","0","N","","1","0","0","0","0","0","0","1","0","1","10","","","N","","","","","","","","","",""
"2024009459","1756","1","0","0","0","0","0","0","0","0","1","0","","02","1","2024","3","40.383","-79.875058","1754","11","0","0","0","0","0","0","0","0","","0","0","0","","","0","N","0","","40 22:58.800","3","0","79 52:30.207","0","0","0","0","2473","0","0","0","N","0","0","0","2","02473","0","","1.0","1821.0","1","N","N","N","0","","0","0","1","","0","N","","2","0","0","0","0","0","0","2","0","2","07","07","","N","","","","","","","","","",""
"2024029462","1125","1","0","0","0","0","0","0","0","0","7","0","","02","4","2024","4","40.655135","-80.072094","1055","11","0","0","1","0","0","0","0","0","","0","0","0","","","0","N","0","","40 39:18.487","","5","80 04:19.538","0","0","0","0","2212","0","0","0","N","0","0","0","1","68T02","0","","3.0","","9","N","N","N","0","","0","0","0","","0","","","1","0","0","0","0","0","0","2","0","1","07","","","N","","","","","","","","","",""
"2024015547","1655","1","0","0","0","0","0","0","0","0","4","0","","02","2","2024","4","40.396876","-80.03624","1648","11","0","0","0","0","0","0","0","0","","0","0","0","","","0","","2","","40 23:48.752","","0","80 02:10.464","0","0","0","0","2422","0","0","0","N","0","0","0","2","02422","0","","1.0","","1","N","N","N","0","","0","0","1","","0","","","2","0","2","0","0","0","0","2","0","2","03","03","","N","","","","","","","","","",""
"2024010490","2109","0","0","0","0","0","0","0","0","0","7","0","","02","1","2024","7","40.499194","-80.260556","2107","11","0","0","0","0","0","0","1","0","","0","0","0","","","0","N","0","","40 29:57.100","","7","80 15:38.000","0","0","0","0","2203","0","0","0","N","0","0","0","1","02501","0","","3.0","","9","N","N","N","0","","0","0","1","","0","","","1","0","0","0","0","0","0","2","0","1","07","","","N","","","","","","","","","",""
"2024017745","0739","0","0","0","0","0","0","0","0","0","7","0","","02","2","2024","4","40.475107","-80.058175","0731","11","0","0","0","0","0","0","0","0","","0","0","0","","","0","N","0","","40 28:30.384","","0","80 03:29.429","9","0","0","0","2444","0","0","0","N","0","0","0","1","02444","0","","4.0","","1","N","N","N","0","","0","0","0","","0","","","1","0","0","0","0","0","1","2","1","1","","","","N","","","","","","","","","",""
"2024012823","1140","1","0","0","0","0","0","0","0","0","4","0","","02","1","2024","7","40.365357","-80.108341","1135","11","0","0","0","0","0","2","0","0","","0","0","0","","","0","N","0","","40 21:55.285","2","7","80 06:30.027","0","0","0","0","2102","0","0","0","N","0","0","0","2","02102","0","","1.0","1206.0","1","N","N","N","0","","0","0","1","","2","N","","2","0","0","0","0","0","0","2","0","2","03","03","","N","","","","","","","","","",""
"2024023844","1924","1","0","0","0","0","0","0","0","0","4","0","","02","2","2024","6","40.430054","-79.812073","1924","11","0","0","0","1","0","1","0","0","","0","0","0","","","0","","2","","40 25:48.194","3","7","79 48:43.461","0","0","0","0","2124","0","0","0","N","0","0","0","3","02124","0","","1.0","1955.0","9","N","N","N","0","","0","0","1","","2","N","","2","0","0","0","0","0","0","2","0","2","10","","","N","","","","","","","","","",""
"2024013144","0827","0","0","0","0","0","0","0","0","0","1","0","","02","2","2024","2","40.366923","-80.014141","0827","11","0","0","0","0","0","2","0","0","","0","0","0","","","1","N","0","","40 22:00.924","","0","80 00:50.907","3","0","0","0","2416","0","0","0","N","0","0","0","2","02416","0","","1.0","","1","N","N","N","0","","1","0","1","","0","","","2","1","0","0","0","0","0","2","1","2","03","03","","N","","","","","","","","","",""
"2024009111","0911","0","0","0","0","0","0","0","0","0","4","0","","02","1","2024","2","40.345143","-79.938967","0910","11","0","0","0","0","0","0","0","0","","0","0","0","","","1","N","0","","40 20:42.514","1","7","79 56:20.282","8","0","0","0","2473","0","0","0","N","0","0","0","2","02473","0","","1.0","1000.0","1","N","N","N","0","","0","0","2","","4","N","","2","1","1","0","0","1","0","2","0","2","03","03","","N","","","","","","","","","",""
"2024008662","0725","1","0","0","0","0","0","0","0","0","4","0","","02","1","2024","7","40.460381","-79.866442","0720","11","0","0","0","0","0","1","0","0","","0","0","0","","","0","N","0","","40 27:37.370","","7","79 51:59.190","9","0","0","0","2113","0","0","0","N","0","0","0","2","02113","0","","1.0","","1","N","N","N","0","","0","0","1","","0","","","2","0","0","0","0","0","1","2","0","2","03","03","","N","","","","","","","","","",""
"2024009329","2001","0","0","0","0","0","0","0","0","0","7","0","","02","1","2024","3","40.504581","-79.936326","2000","11","0","0","0","0","0","0","0","0","","0","0","0","","","1","N","0","","40 30:16.493","2","0","79 56:10.775","3","0","0","0","2118","0","0","0","N","0","0","0","1","02118","0","","4.0","2105.0","9","N","N","N","0","","1","0","1","","0","N","","1","1","0","0","0","0","0","2","0","1","03","03","","N","","","","","","","","","",""
"2024015772","2057","2","0","0","0","0","0","0","0","0","4","0","","02","2","2024","3","40.406456","-79.90519","2057","11","0","0","0","0","0","0","0","0","","0","0","0","","","2","N","0","","40 24:23.242","3","0","79 54:18.685","8","0","0","0","2448","0","0","0","N","0","0","0","2","02448","0","","2.0","2124.0","1","N","N","Y","0","","0","0","1","","0","N","","3","2","0","0","0","2","0","2","0","3","03","03","","N","","","","","","","","","",""
"2024029059","1511","0","0","0","0","0","0","0","0","0","7","0","","02","4","2024","4","40.580342","-80.028524","1503","11","1","0","0","0","0","0","0","0","","0","0","0","","","0","N","0","","40 34:49.232","2","3","80 01:42.685","0","0","0","0","2108","0","0","0","Y","0","0","0","1","02108","0","","4.0","1530.0","9","N","N","N","0","","0","0","1","","0","N","","1","0","0","0","0","0","0","2","0","1","07","","","N","","","","","","","","","",""
"2024029296","0817","1","0","0","0","0","0","0","0","0","4","0","","02","4","2024","5","40.499984","-80.052474","0815","11","0","0","0","0","0","0","0","1","","0","0","0","","","0","N","1","","40 29:59.943","","0","80 03:08.908","0","0","0","0","2404","0","0","0","N","0","0","0","3","02404","0","","1.0","","9","N","N","N","0","","0","0","1","","3","","","2","0","0","0","0","0","0","2","0","2","03","","","N","","","","","","","","","",""
"2024011592","1950","1","0","0","0","0","0","0","0","0","7","0","","02","1","2024","3","40.525583","-79.858722","1945","11","0","0","0","0","0","0","1","0","","0","0","0","","","1","N","0","","40 31:32.100","7","0","79 51:31.400","4","0","0","0","2112","0","0","0","N","0","0","0","1","02112","1","","4.0","2030.0","1","N","N","N","0","","0","0","0","","0","N","","1","1","0","0","0","0","0","2","0","1","03","","","N","","","","","","","","","",""
"2024009894","0640","1","0","0","0","0","0","0","0","0","7","0","","02","1","2024","4","40.639876","-80.006856","0628","11","0","0","0","0","0","0","0","0","","0","0","0","","","0","N","0","","40 38:23.553","3","0","80 00:24.682","0","0","0","0","2216","0","0","0","N","0","0","0","1","68T02","0","","2.0","700.0","9","N","N","N","0","","0","0","0","","0","N","","1","0","0","0","0","0","0","2","0","1","03","","","N","","","","","","","","","",""