"CRN","ARRIVAL_TM","AUTOMOBILE_COUNT","BELTED_DEATH_COUNT","BELTED_SUSP_SERIOUS_INJ_COUNT","BICYCLE_COUNT","BICYCLE_DEATH_COUNT","BICYCLE_SUSP_SERIOUS_INJ_COUNT","BUS_COUNT","CHLDPAS_DEATH_COUNT","CHLDPAS_SUSP_SERIOUS_INJ_COUNT","COLLISION_TYPE","COMM_VEH_COUNT","CONS_ZONE_SPD_LIM","COUNTY","CRASH_MONTH","CRASH_YEAR","DAY_OF_WEEK","DEC_LATITUDE","DEC_LONGITUDE","DISPATCH_TM","DISTRICT","DRIVER_COUNT_16YR","DRIVER_COUNT_17YR","DRIVER_COUNT_18YR","DRIVER_COUNT_19YR","DRIVER_COUNT_20YR","DRIVER_COUNT_50_64YR","DRIVER_COUNT_65_74YR","DRIVER_COUNT_75PLUS","EST_HRS_CLOSED","FATAL_COUNT","HEAVY_TRUCK_COUNT","HORSE_BUGGY_COUNT","HOUR_OF_DAY","ILLUMINATION","INJURY_COUNT","INTERSECTION_RELATED","INTERSECT_TYPE","LANE_CLOSED","LATITUDE","LN_CLOSE_DIR","LOCATION_TYPE","LONGITUDE","MAX_SEVERITY_LEVEL","MCYCLE_DEATH_COUNT","MCYCLE_SUSP_SERIOUS_INJ_COUNT","MOTORCYCLE_COUNT","MUNICIPALITY","NONMOTR_COUNT","NONMOTR_DEATH_COUNT","NONMOTR_SUSP_SERIOUS_INJ_COUNT","NTFY_HIWY_MAINT","PED_COUNT","PED_DEATH_COUNT","PED_SUSP_SERIOUS_INJ_COUNT","PERSON_COUNT","POLICE_AGCY","POSSIBLE_INJ_COUNT","RDWY_SURF_TYPE_CD","RELATION_TO_ROAD","ROADWAY_CLEARED","ROAD_CONDITION","SCH_BUS_IND","SCH_ZONE_IND","SECONDARY_CRASH","SMALL_TRUCK_COUNT","SPEC_JURIS_CD","SUSP_MINOR_INJ_COUNT","SUSP_SERIOUS_INJ_COUNT","SUV_COUNT","TCD_FUNC_CD","TCD_TYPE","TFC_DETOUR_IND","TIME_OF_DAY","TOTAL_UNITS","TOT_INJ_COUNT","UNBELTED_OCC_COUNT","UNB_DEATH_COUNT","UNB_SUSP_SERIOUS_INJ_COUNT","UNK_INJ_DEG_COUNT","UNK_INJ_PER_COUNT","URBAN_RURAL","VAN_COUNT","VEHICLE_COUNT","WEATHER1","WEATHER2","WORKERS_PRES","WORK_ZONE_IND","WORK_ZONE_LOC","WORK_ZONE_TYPE","WZ_CLOSE_DETOUR","WZ_FLAGGER","WZ_LAW_OFFCR_IND","WZ_LN_CLOSURE","WZ_MOVING","WZ_OTHER","WZ_SHLDER_MDN","WZ_WORKERS_INJ_KILLED"
"2024026945","1459","1","0","0","0","0","0","0","0","0","1","0","","02","3","2024","2","40.464943","-79.828293","1453","11","0","0","1","0","0","1","0","0","","0","0","0","","","3","N","0","","40 27:53.795","","0","79 49:41.853","4","0","0","0","2113","0","0","0","N","0","0","0","4","02113","3","","1.0","","1","Y","N","N","0","","0","0","0","","2","","","2","3","0","0","0","0","0","2","1","2","03","03","","N","","","","","","","","","",""
"2024061781","1424","2","0","0","0","0","0","0","0","0","4","0","","02","7","2024","5","40.546757","-80.242099","1414","11","0","0","0","0","0","1","0","0","","0","0","0","","","1","","2","","40 32:48.324","","0","80 14:31.555","3","0","0","0","2213","0","0","0","N","0","0","0","2","02213","0","","1.0","","1","N","N","N","0","","1","0","0","","3","","","2","1","0","0","0","0","0","2","0","2","03","03","","N","","","","","","","","","",""
"2024066892","2305","0","0","0","0","0","0","0","0","0","7","0","","02","7","2024","3","40.344139","-79.883944","2305","11","0","0","0","0","0","0","0","0","","0","0","0","","","1","Y","0","","40 20:38.900","7","0","79 53:02.200","8","0","0","0","2433","0","0","0","N","0","0","0","1","02433","0","","3.0","2356.0","1","N","N","N","0","","0","0","1","","3","Y","","1","1","0","0","0","1","0","2","0","1","04","04","","N","","","","","","","","","",""
"2024066129","2216","2","0","0","0","0","0","0","0","0","4","0","","02","7","2024","1","40.329895","-80.051526","2212","11","0","0","0","0","0","0","0","0","","0","0","0","","","0","N","0","","40 19:47.621","5","0","80 03:05.494","0","0","0","0","2407","0","0","0","N","0","0","0","2","02407","0","","4.0","2250.0","1","N","N","N","0","","0","0","0","","0","N","","2","0","1","0","0","0","0","2","0","2","03","","","N","","","","","","","","","",""
"2024058613","1424","1","0","0","0","0","0","0","0","0","5","0","","02","7","2024","5","40.382256","-79.995949","1416","11","0","0","0","0","0","0","0","0","","0","0","0","","","0","","1","","40 22:56.122","","0","79 59:45.415","0","0","0","0","2301","0","0","0","N","0","0","0","2","02301","0","","1.0","","1","N","N","N","0","","0","0","1","","2","","","2","0","0","0","0","0","0","2","0","2","03","","","N","","","","","","","","","",""
"2024025974","1147","0","0","0","0","0","0","0","0","0","4","1","","02","3","2024","6","40.667246","-80.098637","1139","11","0","0","0","0","0","1","0","0","","0","1","0","","","1","N","0","","40 40:02.084","4","0","80 05:55.093","4","0","0","0","2212","0","0","0","N","0","0","0","3","02505","1","","1.0","1215.0","1","N","N","N","0","","0","0","1","","0","N","","2","1","0","0","0","0","0","2","0","2","03","04","","N","","","","","","","","","",""
"2024067264","1249","1","0","0","0","0","0","0","0","0","4","0","","02","8","2024","7","40.497369","-80.019972","1244","11","0","0","0","0","0","0","0","1","","0","0","0","","","1","","1","","40 29:50.527","5","0","80 01:11.900","3","0","0","0","2116","0","0","0","N","0","0","0","3","02116","0","","1.0","1329.0","1","N","N","N","1","","1","0","0","","3","Y","","2","1","0","0","0","0","0","2","0","2","03","03","","N","","","","","","","","","",""
"2024064919","0504","1","0","0","0","0","0","0","0","0","7","0","","02","7","2024","6","40.424417","-80.030209","0501","11","0","0","0","0","0","0","0","0","","0","0","0","","","1","N","0","","40 25:27.902","2","0","80 01:48.751","3","0","0","0","2301","0","0","0","N","0","0","0","1","02301","0","","5.0","550.0","1","N","N","N","0","","1","0","0","","0","N","","1","1","0","0","0","0","0","2","0","1","03","","","N","","","","","","","","","",""
"2024065625","1315","1","0","0","0","0","0","0","0","0","5","0","","02","7","2024","6","40.34088","-79.964848","1313","11","0","0","0","0","0","1","0","0","","0","0","0","","","0","","6","","40 20:27.167","1","2","79 57:53.451","0","0","0","0","2454","0","0","0","N","0","0","0","4","02454","0","","1.0","1330.0","1","N","N","N","0","","0","0","2","","3","N","","3","0","0","0","0","0","0","2","0","3","03","03","","N","","","","","","","","","",""
"2024067321","2106","0","0","0","0","0","0","0","0","0","8","0","","02","7","2024","7","40.454828","-79.932372","2058","11","0","0","0","0","0","1","0","0","","0","0","0","","","1","N","0","","40 27:17.380","6","0","79 55:56.540","3","0","0","0","2301","1","0","0","N","1","0","0","3","02301","0","","1.0","2128.0","1","N","N","N","0","","1","0","1","","2","N","","2","1","0","0","0","0","0","2","0","1","03","","","N","","","","","","","","","",""
"2024011752","1435","0","0","0","0","0","0","0","0","0","7","0","","02","1","2024","1","40.32917","-80.131607","1435","11","0","0","0","0","0","0","1","0","","0","0","0","","","0","N","0","","40 19:45.011","","0","80 07:53.784","0","0","0","0","2119","0","0","0","N","0","0","0","1","02119","0","","4.0","","9","N","N","N","0","","0","0","1","","0","","","1","0","0","0","0","0","0","2","0","1","07","","","N","","","","","","","","","",""
"2024015275","0809","0","0","0","0","0","0","0","0","0","1","0","","02","2","2024","6","40.490889","-79.878226","0803","11","0","0","0","0","1","0","0","0","","0","0","0","","","0","","3","","40 29:27.200","2","0","79 52:41.615","0","0","0","0","2112","0","0","0","N","0","0","0","3","68D02","0","","1.0","900.0","1","N","N","N","0","","0","0","2","","0","N","","2","0","0","0","0","0","0","2","0","2","03","03","","N","","","","","","","","","",""
"2024019567","1755","2","0","0","0","0","0","0","0","0","1","0","","02","2","2024","5","40.361865","-79.82673","1750","11","0","0","0","1","0","0","0","0","","0","0","0","","","0","N","0","","40 21:42.714","","0","79 49:36.229","0","0","0","0","2111","0","0","0","N","0","0","0","2","02111","0","","1.0","","9","N","N","N","0","","0","0","0","","0","","","2","0","0","0","0","0","0","2","0","2","07","07","","N","","","","","","","","","",""
"2024060943","2250","0","0","0","0","0","0","0","0","0","7","0","","02","7","2024","5","40.494133","-79.96253","2247","11","0","0","0","0","0","0","0","0","","0","0","0","","","0","N","0","","40 29:38.879","6","0","79 57:45.108","0","0","0","0","2118","0","0","0","N","0","0","0","1","02118","0","","4.0","2300.0","1","N","N","N","1","","0","0","0","","0","Y","","1","0","0","0","0","0","0","2","0","1","03","03","","N","","","","","","","","","",""
"2024060295","1743","2","0","0","0","0","0","0","0","0","4","0","","02","7","2024","1","40.552132","-80.023336","1740","11","0","0","0","1","0","0","0","0","","0","0","0","","","0","","2","","40 33:07.676","","0","80 01:24.009","0","0","0","0","2116","0","0","0","N","0","0","0","5","02116","0","","1.0","","1","N","N","N","0","","0","0","0","","2","","","2","0","0","0","0","0","0","2","0","2","03","","","N","","","","","","","","","",""
"2024011185","1242","0","0","0","0","0","0","0","0","0","1","0","","02","1","2024","3","40.326794","-79.889586","1238","11","0","0","0","0","0","0","0","0","","0","0","0","","","0","N","0","","40 19:36.459","","0","79 53:22.511","0","0","0","0","2433","0","0","0","N","0","0","0","1","02433","0","","6.0","","1","N","N","N","0","","0","0","3","","0","","","3","0","0","0","0","0","0","2","0","3","03","03","","N","","","","","","","","","",""
"2024066177","0425","1","0","0","0","0","0","0","0","0","7","0","55","02","7","2024","1","40.442064","-79.799075","0425","11","0","0","0","0","0","0","0","0","","0","0","0","","","0","N","0","","40 26:31.430","","0","79 47:56.671","0","0","0","0","2113","0","0","0","N","0","0","0","1","68B03","0","","4.0","","1","N","N","N","0","","0","0","0","","0","","","1","0","0","0","0","0","0","2","0","1","03","","Y","Y","4","1","N","N","Y","Y","N","N","N","N"
"2024065357","0751","0","0","0","0","0","0","0","0","0","1","0","","02","7","2024","3","40.507033","-80.037619","0739","11","0","0","0","0","0","0","0","0","","0","0","0","","","0","N","0","","40 30:25.317","","0","80 02:15.427","0","0","0","0","2116","0","0","0","N","0","0","0","2","68B03","0","","1.0","","1","N","N","N","0","","0","0","1","","0","","","2","0","0","0","0","0","0","2","1","2","03","03","","N","","","","","","","","","",""
"2024028022","2119","0","0","0","0","0","0","0","0","0","7","1","","02","3","2024","7","40.401324","-80.245258","2110","11","0","0","0","0","0","0","0","0","","0","1","0","","","0","","2","","40 24:04.766","","0","80 14:42.930","0","0","0","0","2214","0","0","0","Y","0","0","0","1","02214","0","","2.0","","9","N","N","N","0","","0","0","0","","3","","","1","0","0","0","0","0","0","1","0","1","07","05","","N","","","","","","","","","",""
"2024061695","0934","0","0","0","0","0","0","0","0","0","7","0","","02","7","2024","2","40.44195","-80.060743","0928","11","0","0","0","0","0","0","0","0","","0","0","0","","","0","","3","","40 26:31.019","","0","80 03:38.676","0","0","0","0","2301","0","0","0","N","0","0","0","1","02301","0","","4.0","","1","N","N","N","0","","0","0","1","","0","","","2","0","0","0","0","0","0","2","0","1","03","","","N","","","","","","","","","",""
"2024068557","0435","1","0","0","0","0","0","0","0","0","7","0","","02","8","2024","1","40.291982","-79.880999","0431","11","0","0","0","0","0","0","0","0","","0","0","0","","","0","N","0","","40 17:31.135","4","0","79 52:51.597","9","0","0","0","2302","0","0","0","N","0","0","0","1","02302","0","","5.0","546.0","1","N","N","N","0","","0","0","0","","0","Y","","1","0","0","0","0","0","1","2","0","1","03","04","","N","","","","","","","","","",""
"2024030138","0323","0","0","0","0","0","0","0","0","0","7","1","","02","3","2024","7","40.426695","-79.892457","0321","11","0","0","0","0","0","0","0","0","","0","1","0","","","0","N","0","","40 25:36.101","4","3","79 53:32.845","0","0","0","0","2301","0","0","0","N","0","0","0","1","68B03","0","","3.0","536.0","9","N","N","N","0","","0","0","0","","0","N","","1","0","0","0","0","0","0","2","0","1","07","","","N","","","","","","","","","",""
"2024034410","1150","1","0","0","0","0","0","0","0","0","5","0","","02","1","2024","3","40.525281","-80.212141","1141","11","0","0","0","0","0","0","0","0","","0","0","0","","","0","N","0","","40 31:31.012","1","7","80 12:43.709","0","0","0","0","2213","0","0","0","N","0","0","0","2","02213","0","","1.0","30.0","9","N","N","N","1","","0","0","0","","0","Y","","2","0","0","0","0","0","0","2","0","2","07","","","N","","","","","","","","","",""
"2024067281","1040","1","0","0","0","0","0","0","0","0","5","0","","02","7","2024","7","40.410475","-80.071651","1029","11","0","0","0","0","0","0","0","0","","0","0","0","","","0","N","0","","40 24:37.710","","0","80 04:17.943","0","0","0","0","2117","0","0","0","N","0","0","0","7","68B03","0","","1.0","","1","N","N","N","0","","0","0","0","","0","","","2","0","0","0","0","0","0","2","1","2","03","","","N","","","","","","","","","",""
"2024067001","0055","2","0","0","0","0","0","0","0","0","2","0","","02","8","2024","6","40.45575","-80.017389","0051","11","0","0","0","0","0","1","0","0","","0","0","0","","","2","N","0","","40 27:20.700","","0","80 01:02.600","3","0","0","0","2301","0","0","0","N","0","0","0","2","02301","0","","1.0","","1","N","N","N","0","","2","0","0","","0","","","2","2","0","0","0","0","0","2","0","2","03","","","N","","","","","","","","","",""
"2024065213","2234","0","0","0","0","0","0","0","0","0","7","0","","02","7","2024","6","40.440324","-79.828712","2229","11","0","0","0","0","0","0","0","0","","0","0","0","","","0","N","0","","40 26:25.166","","0","79 49:43.363","0","0","0","0","2419","0","0","0","N","0","0","0","1","02419","0","","3.0","","1","N","N","N","1","","0","0","0","","0","","","1","0","0","0","0","0","0","2","0","1","04","03","","N","","","","","","","","","",""
"2024010173","0254","1","0","0","0","0","0","0","0","0","7","0","","02","1","2024","7","40.353829","-79.881691","0251","11","0","0","0","0","0","0","0","0","","0","0","0","","","0","N","0","","40 21:13.785","5","0","79 52:54.087","0","0","0","0","2423","0","0","0","N","0","0","0","1","02304","0","","4.0","329.0","1","N","N","N","0","","0","0","0","","0","N","","1","0","0","0","0","0","0","2","0","1","04","04","","N","","","","","","","","","",""
"2024065109","1130","1","0","0","0","0","0","0","0","0","1","0","","02","7","2024","7","40.452162","-79.728591","1122","11","0","0","0","0","0","0","0","1","","0","0","0","","","0","N","0","","40 27:07.783","","7","79 43:42.929","0","0","0","0","2466","0","0","0","N","0","0","0","5","02466","0","","1.0","","1","N","N","N","0","","0","0","1","","0","","","2","0","0","0","0","0","0","2","0","2","03","03","","N","","","","","","","","","",""
"2024061346","1122","1","0","0","0","0","0","0","0","0","4","0","","02","7","2024","2","40.377552","-79.814166","1119","11","0","0","0","0","0","1","0","0","","0","0","0","","","0","","2","","40 22:39.188","4","0","79 48:50.999","0","0","0","0","2424","0","0","0","N","0","0","0","2","02424","0","","1.0","1145.0","1","N","N","N","0","","0","0","1","","3","N","","2","0","1","0","0","0","0","2","0","2","03","03","","N","","","","","","","","","",""
"2024018425","1325","1","0","0","0","0","0","0","0","0","7","0","","02","2","2024","2","40.46578","-80.153307","1323","11","0","0","0","0","0","0","0","1","","0","0","0","","","1","N","0","","40 27:56.807","1","0","80 09:11.905","4","0","0","0","2115","0","0","0","N","0","0","0","1","02115","1","","4.0","1400.0","1","N","N","N","0","","0","0","0","","0","N","","1","1","0","0","0","0","0","2","0","1","03","03","","N","","","","","","","","","",""
"2024027201","2351","2","1","0","0","0","0","0","0","0","2","0","","02","3","2024","6","40.438983","-79.762947","2349","11","0","0","0","0","0","0","0","0","","1","0","0","","","1","N","0","","40 26:20.340","6","0","79 45:46.608","1","0","0","0","2446","0","0","0","N","0","0","0","2","02501","0","2","1.0","240.0","9","N","N","N","0","0","1","0","0","","0","Y","","2","1","0","0","0","0","0","2","0","2","07","","","N","","","","","","","","","",""
"2024015750","2330","1","0","0","0","0","0","0","0","0","7","0","","02","1","2024","7","40.562355","-79.773771","2330","11","0","0","0","0","0","0","0","0","","0","0","0","","","1","N","0","","40 33:44.477","","0","79 46:25.575","3","0","0","0","2121","0","0","0","N","0","0","0","1","02514","0","","2.0","","9","N","N","N","0","","1","0","0","","0","","","1","1","0","0","0","0","0","1","0","1","07","","","N","","","","","","","","","",""
"2024029213","0304","0","0","0","0","0","0","0","0","0","7","0","","02","3","2024","7","40.504425","-80.083164","0301","11","0","0","0","0","0","0","0","0","","0","0","0","","","1","N","2","","40 30:15.930","1","0","80 04:59.389","8","0","0","0","2405","0","0","0","N","0","0","0","1","02215","0","","2.0","433.0","1","N","N","N","0","","0","0","1","","0","N","","1","1","1","0","0","1","0","2","0","1","03","03","","N","","","","","","","","","",""
"2024064341","0654","0","0","0","0","0","0","0","0","0","1","1","","02","7","2024","1","40.414218","-80.009576","0648","11","0","0","0","0","0","0","0","0","","0","1","0","","","0","","1","","40 24:51.186","","2","80 00:34.472","9","0","0","0","2301","0","0","0","N","0","0","0","3","02301","0","","1.0","","1","N","N","N","1","","0","0","0","","2","","","2","0","1","0","0","0","1","2","0","2","03","","","N","","","","","","","","","",""
"2024066611","2134","0","0","0","0","0","0","0","0","0","5","0","","02","5","2024","7","40.470229","-80.231324","2125","11","0","0","0","0","0","1","0","0","","0","0","0","","","0","N","0","","40 28:12.826","","0","80 13:52.767","0","0","0","0","2203","0","0","0","Y","0","0","0","4","68B03","0","","1.0","","1","N","N","N","2","","0","0","1","","0","","","3","0","0","0","0","0","0","2","0","3","03","","","N","","","","","","","","","",""
"2024066740","1435","1","0","0","0","0","0","0","0","0","7","0","","02","7","2024","3","40.278918","-79.905283","1429","11","0","0","0","0","0","0","0","0","","0","0","0","","","0","N","0","","40 16:44.106","1","0","79 54:19.020","0","0","0","0","2440","0","0","0","N","0","0","0","1","02440","0","","2.0","1501.0","1","N","N","N","0","","0","0","0","","0","N","","1","0","0","0","0","0","0","2","0","1","03","","","N","","","","","","","","","",""
"2024033313","1435","1","0","0","0","0","0","0","0","0","1","0","","02","3","2024","6","40.526671","-80.208149","1430","11","0","0","0","0","0","0","0","0","","0","0","0","","","1","N","0","","40 31:36.017","","0","80 12:29.336","3","0","0","0","2213","0","0","0","N","0","0","0","2","02213","0","","1.0","","1","N","N","N","0","","1","0","1","","0","","","2","1","0","0","0","0","0","2","0","2","03","","","N","","","","","","","","","",""
"2024018130","0738","1","0","0","0","0","0","0","0","0","7","0","","02","2","2024","6","40.241103","-79.882169","0726","11","0","0","1","0","0","0","0","0","","0","0","0","","","0","N","0","","40 14:27.970","2","0","79 52:55.810","0","0","0","0","2204","0","0","0","N","0","0","0","1","02105","0","","4.0","842.0","9","N","N","N","0","","0","0","0","","0","N","","1","0","0","0","0","0","0","1","0","1","03","03","","N","","","","","","","","","",""
"2024016314","2146","0","0","0","0","0","0","0","0","0","7","0","","02","2","2024","6","40.284618","-79.998843","2142","11","0","0","0","1","0","0","0","0","","0","0","0","","","1","N","0","","40 17:04.623","5","0","79 59:55.834","8","0","0","0","2219","0","0","0","N","0","0","0","1","02219","0","","5.0","2240.0","7","N","N","N","0","","0","0","1","","0","Y","","1","1","0","0","0","1","0","2","0","1","10","","","N","","","","","","","","","",""
"2024015694","1855","0","0","0","0","0","0","0","0","0","1","0","","02","1","2024","4","40.503653","-80.222432","1852","11","0","0","0","0","0","0","0","1","","0","0","0","","","0","","1","","40 30:13.151","1","0","80 13:20.755","0","0","0","0","2213","0","0","0","N","0","0","0","2","02213","0","","1.0","1925.0","1","N","N","N","0","","0","0","1","","2","N","","2","0","0","0","0","0","0","2","1","2","03","03","","N","","","","","","","","","",""
"2024065137","0957","0","0","0","0","0","0","0","0","0","1","0","","02","7","2024","6","40.514308","-79.952102","0952","11","0","0","0","0","0","1","1","0","","0","0","0","","","0","Y","0","","40 30:51.508","","0","79 57:07.568","0","0","0","0","2118","0","0","0","N","0","0","0","2","02118","0","","1.0","","1","N","N","N","0","","0","0","2","","0","","","2","0","0","0","0","0","0","2","0","2","03","03","","N","","","","","","","","","",""
"2024066331","1815","2","0","0","0","0","0","0","0","0","4","0","","02","7","2024","4","40.446082","-79.849557","1815","11","0","0","0","0","0","0","0","0","","0","0","0","","","0","N","0","","40 26:45.895","","0","79 50:58.405","0","0","0","0","2419","0","0","0","N","0","0","0","2","02419","0","","1.0","","1","N","N","N","0","","0","0","0","","0","","","2","0","0","0","0","0","0","2","0","2","03","","","N","","","","","","","","","",""
"2024059655","1852","0","0","0","0","0","0","0","0","0","1","0","","02","7","2024","1","40.438876","-79.993886","1842","11","0","0","0","0","0","0","0","0","","0","0","0","","","1","N","0","","40 26:19.954","2","3","79 59:37.988","3","0","0","0","2301","0","0","0","N","0","0","0","7","02301","0","","1.0","30.0","1","N","N","N","1","","1","0","3","","0","N","","4","1","0","0","0","0","0","2","0","4","03","03","","N","","","","","","","","","",""
"2024009057","1937","1","0","0","0","0","0","0","0","0","7","0","","02","1","2024","3","40.434234","-79.822036","1934","11","0","0","1","0","0","0","0","0","","0","0","0","","","1","","3","","40 26:03.241","","0","79 49:19.330","3","0","0","0","2419","0","0","0","N","0","0","0","4","02419","0","","3.0","","9","N","N","N","0","","1","0","0","","0","","","1","1","0","0","0","0","0","2","0","1","03","98","","N","","","","","","","","","",""
"2024012293","0202","0","0","0","0","0","0","0","0","0","7","0","","02","1","2024","2","40.539306","-79.8522","0158","11","0","0","0","0","0","1","0","0","","0","0","0","","","0","N","0","","40 32:21.500","","0","79 51:07.919","0","0","0","0","2208","0","0","0","N","0","0","0","1","02208","0","","4.0","","1","N","N","N","0","","0","0","1","","0","","","1","0","0","0","0","0","0","2","0","1","03","","","N","","","","","","","","","",""
"2024062498","2314","0","0","0","0","0","0","1","0","0","8","1","","02","7","2024","7","40.428844","-79.982416","2307","11","0","0","0","0","0","0","0","0","","0","0","0","","","1","N","0","","40 25:43.838","5","0","79 58:56.698","2","0","0","0","2301","1","0","1","N","1","0","1","2","02503","0","","1.0","2333.0","1","N","N","N","0","","0","1","0","","0","Y","","2","1","0","0","0","0","0","2","0","1","03","03","","N","","","","","","","","","",""
"2024068252","0806","1","0","0","0","0","0","0","0","0","7","0","","02","7","2024","3","40.427497","-79.950381","0743","11","0","0","0","0","0","0","0","0","","0","0","0","","","1","N","0","","40 25:38.989","3","0","79 57:01.372","3","0","0","0","2301","0","0","0","N","0","0","0","1","68B03","0","","2.0","815.0","9","N","N","N","0","","1","0","0","","0","N","","1","1","0","0","0","0","0","2","0","1","07","","","N","","","","","","","","","",""
"2024063357","1723","1","0","0","0","0","0","0","0","0","4","0","","02","7","2024","2","40.632016","-80.056276","1720","11","0","0","0","0","0","1","0","0","","0","0","0","","","0","N","0","","40 37:55.256","4","7","80 03:22.594","0","0","0","0","2216","0","0","0","N","0","0","0","2","02505","0","","1.0","1758.0","9","N","N","N","0","","0","0","1","","3","Y","","2","0","0","0","0","0","0","2","0","2","04","04","","N","","","","","","","","","",""
"2024068499","1635","0","0","0","0","0","0","0","0","0","8","0","","02","7","2024","3","40.36355","-80.024757","1633","11","0","0","0","0","0","0","0","0","","0","0","0","","","1","N","0","","40 21:48.780","","0","80 01:29.125","8","0","0","0","2416","1","0","0","N","1","0","0","2","02416","0","","1.0","","1","N","N","N","0","","0","0","1","","0","","","2","1","0","0","0","1","0","2","0","1","03","03","","N","","","","","","","","","",""
"2024024534","0700","1","0","0","0","0","0","1","0","0","1","1","","02","2","2024","5","40.434487","-79.989552","0648","11","0","0","0","1","0","0","0","0","","0","0","0","","","0","Y","0","","40 26:04.152","","1","79 59:22.388","0","0","0","0","2301","0","0","0","N","0","0","0","3","02503","0","","1.0","","1","N","N","N","0","","0","0","0","","2","","","2","0","0","0","0","0","0","2","0","2","03","","","N","","","","","","","","","",""
"2024029009","0822","0","0","0","0","0","0","0","0","0","4","0","","02","3","2024","5","40.443621","-79.757456","0820","11","0","0","0","0","0","2","0","0","","0","0","0","","","0","","1","","40 26:37.035","3","0","79 45:26.842","0","0","0","0","2446","0","0","0","N","0","0","0","2","02446","0","","1.0","857.0","1","N","N","N","0","","0","0","2","","2","N","","2","0","0","0","0","0","0","2","0","2","03","","","N","","","","","","","","","",""
"2024065511","1921","2","0","0","0","0","0","0","0","0","4","0","","02","7","2024","5","40.428922","-79.956732","1915","11","0","0","0","0","0","0","0","0","","0","0","0","","","1","N","0","","40 25:44.120","3","7","79 57:24.234","3","0","0","0","2301","0","0","0","N","0","0","0","2","02301","0","","1.0","1950.0","1","N","N","N","0","","1","0","0","","2","N","","2","1","0","0","0","0","0","2","0","2","03","","","N","","","","","","","","","",""
"2024063506","0810","1","0","0","0","0","0","0","0","0","1","0","","02","7","2024","5","40.503733","-79.987788","0800","11","0","0","0","0","0","0","0","2","","0","0","0","","","2","N","0","","40 30:13.440","","0","79 59:16.035","8","0","0","0","2118","0","0","0","N","0","0","0","3","02118","0","","1.0","","1","N","N","N","0","","0","0","0","","3","","","2","2","1","0","0","2","0","2","1","2","03","03","","N","","","","","","","","","",""
"2024068138","1454","2","0","0","0","0","0","0","0","0","1","0","","02","8","2024","5","40.439326","-80.153719","1449","11","0","0","0","0","0","0","0","0","","0","0","0","","","0","N","0","","40 26:21.572","4","0","80 09:13.390","0","0","0","0","2115","0","0","0","N","0","0","0","2","68B03","0","","1.0","1515.0","1","N","N","N","0","","0","0","0","","0","N","","2","0","0","0","0","0","0","2","0","2","03","","","N","","","","","","","","","",""
"2024061967","1629","0","0","0","0","0","0","0","0","0","4","0","","02","7","2024","3","40.403934","-80.09056","1624","11","0","0","0","0","0","0","1","0","","0","0","0","","","0","","1","","40 24:14.164","","0","80 05:26.015","0","0","0","0","2415","0","0","0","N","0","0","0","2","02415","0","","1.0","","1","N","N","N","0","","0","0","1","","3","","","2","0","0","0","0","0","0","2","1","2","03","03","","N","","","","","","","","","",""
"2024066050","1243","1","0","0","0","0","0","0","0","0","7","0","","02","7","2024","3","40.346893","-79.889213","1241","11","0","0","0","0","0","0","0","0","","0","0","0","","","0","N","0","","40 20:48.816","3","3","79 53:21.165","0","0","0","0","2304","0","0","0","N","0","0","0","2","02304","0","","3.0","1306.0","9","N","N","N","0","","0","0","1","","0","N","","2","0","0","0","0","0","0","2","0","2","07","07","","N","","","","","","","","","",""
"2024049696","1311","0","0","0","0","0","0","0","0","0","4","0","","02","6","2024","4","40.551622","-80.102172","1311","11","0","0","1","0","0","0","0","0","","0","0","0","","","1","","1","","40 33:05.839","","0","80 06:07.818","3","0","0","0","2215","0","0","0","N","0","0","0","2","02215","0","","1.0","","1","N","","N","1","","1","0","1","","2","","","2","1","0","0","0","0","0","2","0","2","03","03","","N","","","","","","","","","",""
"2024065658","0839","0","0","0","0","0","0","0","0","0","7","0","","02","7","2024","3","40.594384","-79.895992","0828","11","0","0","0","0","0","0","0","0","","0","0","0","","","0","N","0","","40 35:39.782","","0","79 53:45.572","0","0","0","0","2209","0","0","0","N","0","0","0","1","68T02","0","","3.0","","1","N","N","N","1","","0","0","0","","0","","","1","0","0","0","0","0","0","1","0","1","03","03","","N","","","","","","","","","",""
"2024063135","0740","0","0","0","0","0","0","0","0","0","2","0","","02","7","2024","3","40.413077","-80.084021","0740","11","0","1","0","0","0","0","0","0","","0","0","0","","","2","N","0","","40 24:47.076","6","0","80 05:02.476","4","0","0","0","2415","0","0","0","N","0","0","0","2","02415","2","","4.0","823.0","1","N","N","N","0","","0","0","2","","0","N","","2","2","0","0","0","0","0","2","0","2","03","","","N","","","","","","","","","",""
"2024063492","2231","0","0","0","0","0","0","0","0","0","7","0","","02","7","2024","2","40.404577","-80.091323","2226","11","0","0","0","0","0","0","0","0","","0","0","0","","","1","","2","","40 24:16.477","4","0","80 05:28.764","2","0","0","0","2415","0","0","0","Y","0","0","0","1","02415","0","","2.0","2305.0","1","N","N","N","0","","0","1","1","","2","N","","1","1","0","0","0","0","0","2","0","1","04","98","","N","","","","","","","","","",""
"2024059868","1730","1","0","0","0","0","0","0","0","0","1","0","","02","6","2024","4","40.404101","-79.762716","1719","11","0","0","0","1","0","0","0","0","","0","0","0","","","0","N","0","","40 24:14.764","","0","79 45:45.779","0","0","0","0","2446","0","0","0","N","0","0","0","2","02446","0","","1.0","","1","N","N","N","0","","0","0","1","","0","","","2","0","0","0","0","0","0","2","0","2","03","03","","N","","","","","","","","","",""