"CRN","ARRIVAL_TM","AUTOMOBILE_COUNT","BELTED_DEATH_COUNT","BELTED_SUSP_SERIOUS_INJ_COUNT","BICYCLE_COUNT","BICYCLE_DEATH_COUNT","BICYCLE_SUSP_SERIOUS_INJ_COUNT","BUS_COUNT","CHLDPAS_DEATH_COUNT","CHLDPAS_SUSP_SERIOUS_INJ_COUNT","COLLISION_TYPE","COMM_VEH_COUNT","CONS_ZONE_SPD_LIM","COUNTY","CRASH_MONTH","CRASH_YEAR","DAY_OF_WEEK","DEC_LATITUDE","DEC_LONGITUDE","DISPATCH_TM","DISTRICT","DRIVER_COUNT_16YR","DRIVER_COUNT_17YR","DRIVER_COUNT_18YR","DRIVER_COUNT_19YR","DRIVER_COUNT_20YR","DRIVER_COUNT_50_64YR","DRIVER_COUNT_65_74YR","DRIVER_COUNT_75PLUS","EST_HRS_CLOSED","FATAL_COUNT","HEAVY_TRUCK_COUNT","HORSE_BUGGY_COUNT","HOUR_OF_DAY","ILLUMINATION","INJURY_COUNT","INTERSECTION_RELATED","INTERSECT_TYPE","LANE_CLOSED","LATITUDE","LN_CLOSE_DIR","LOCATION_TYPE","LONGITUDE","MAX_SEVERITY_LEVEL","MCYCLE_DEATH_COUNT","MCYCLE_SUSP_SERIOUS_INJ_COUNT","MOTORCYCLE_COUNT","MUNICIPALITY","NONMOTR_COUNT","NONMOTR_DEATH_COUNT","NONMOTR_SUSP_SERIOUS_INJ_COUNT","NTFY_HIWY_MAINT","PED_COUNT","PED_DEATH_COUNT","PED_SUSP_SERIOUS_INJ_COUNT","PERSON_COUNT","POLICE_AGCY","POSSIBLE_INJ_COUNT","RDWY_SURF_TYPE_CD","RELATION_TO_ROAD","ROADWAY_CLEARED","ROAD_CONDITION","SCH_BUS_IND","SCH_ZONE_IND","SECONDARY_CRASH","SMALL_TRUCK_COUNT","SPEC_JURIS_CD","SUSP_MINOR_INJ_COUNT","SUSP_SERIOUS_INJ_COUNT","SUV_COUNT","TCD_FUNC_CD","TCD_TYPE","TFC_DETOUR_IND","TIME_OF_DAY","TOTAL_UNITS","TOT_INJ_COUNT","UNBELTED_OCC_COUNT","UNB_DEATH_COUNT","UNB_SUSP_SERIOUS_INJ_COUNT","UNK_INJ_DEG_COUNT","UNK_INJ_PER_COUNT","URBAN_RURAL","VAN_COUNT","VEHICLE_COUNT","WEATHER1","WEATHER2","WORKERS_PRES","WORK_ZONE_IND","WORK_ZONE_LOC","WORK_ZONE_TYPE","WZ_CLOSE_DETOUR","WZ_FLAGGER","WZ_LAW_OFFCR_IND","WZ_LN_CLOSURE","WZ_MOVING","WZ_OTHER","WZ_SHLDER_MDN","WZ_WORKERS_INJ_KILLED"
"2024068849","1117","1","0","0","0","0","0","0","0","0","4","0","","02","8","2024","6","40.517071","-80.221467","1114","11","0","0","1","0","0","0","0","1","","0","0","0","","","0","N","0","","40 31:01.454","","0","80 13:17.280","0","0","0","0","2213","0","0","0","N","0","0","0","2","02213","0","","1.0","","1","N","N","N","0","","0","0","1","","0","","","2","0","0","0","0","0","0","2","0","2","04","04","","N","","","","","","","","","",""
"2024066578","2242","1","0","0","0","0","0","0","0","0","1","0","","02","7","2024","7","40.455465","-79.892278","2233","11","0","0","0","0","0","0","0","0","","0","0","0","","","0","","1","","40 27:19.673","","0","79 53:32.200","0","0","0","0","2301","0","0","0","N","0","0","0","3","02301","0","","1.0","","1","N","N","N","0","","0","0","1","","3","","","2","0","0","0","0","0","0","2","0","2","03","","","N","","","","","","","","","",""
"2024068549","0650","1","0","0","0","0","0","0","0","0","4","0","","02","7","2024","3","40.390703","-79.869225","0639","11","0","0","0","0","0","0","1","0","","0","0","0","","","2","","2","","40 23:26.529","1","7","79 52:09.210","2","0","0","0","2473","0","0","0","N","0","0","0","5","02473","0","","1.0","800.0","9","N","N","N","0","","1","1","2","","2","N","","3","2","0","0","0","0","0","2","0","3","07","07","","N","","","","","","","","","",""
"2024066231","1606","1","0","0","0","0","0","0","0","0","7","0","","02","7","2024","3","40.541798","-79.775888","1606","11","0","0","0","0","0","0","0","0","","0","0","0","","","1","","2","","40 32:30.471","1","0","79 46:33.195","8","0","0","0","2462","0","0","0","N","0","0","0","2","02462","0","","4.0","1735.0","1","N","N","N","0","","0","0","0","","0","N","","1","1","0","0","0","1","0","2","0","1","03","","","N","","","","","","","","","",""
"2024060716","1752","2","0","0","0","0","0","0","0","0","4","0","","02","7","2024","6","40.438364","-79.772943","1750","11","0","0","1","0","0","0","0","0","","0","0","0","","","0","N","0","","40 26:18.110","4","7","79 46:22.593","0","0","0","0","2446","0","0","0","N","0","0","0","3","02446","0","","1.0","1810.0","1","N","N","N","0","","0","0","0","","0","N","","2","0","0","0","0","0","0","2","0","2","03","03","","N","","","","","","","","","",""
"2024066871","1448","0","0","0","0","0","0","0","0","0","7","0","","02","8","2024","6","40.567166","-79.997979","1444","11","0","0","0","0","0","0","0","0","","0","0","0","","","0","","2","","40 34:01.798","5","0","79 59:52.723","0","0","0","0","2108","0","0","0","N","0","0","0","1","02108","0","","5.0","1800.0","1","N","N","N","1","","0","0","0","","0","Y","","1","0","0","0","0","0","0","2","0","1","03","03","","N","","","","","","","","","",""
"2024058996","1354","0","0","0","0","0","0","0","0","0","4","0","","02","7","2024","7","40.651387","-80.080612","1346","11","0","0","0","0","0","1","0","0","","0","0","0","","","0","N","0","","40 39:04.994","1","7","80 04:50.203","0","0","0","0","2212","0","0","0","N","0","0","0","3","02505","0","","1.0","1423.0","1","N","N","N","0","","0","0","2","","0","N","","2","0","0","0","0","0","0","2","0","2","03","03","","N","","","","","","","","","",""
"2024067774","1905","0","0","0","0","0","0","0","0","0","7","0","","02","7","2024","1","40.351713","-80.01152","1859","11","0","0","0","0","0","0","0","0","","0","0","0","","","0","","1","","40 21:06.166","1","0","80 00:41.471","0","0","0","0","2476","0","0","0","N","0","0","0","1","02476","0","","4.0","1924.0","1","N","N","N","0","","0","0","1","","2","N","","1","0","0","0","0","0","0","2","0","1","03","03","","N","","","","","","","","","",""
"2024059257","1310","0","0","0","0","0","0","0","0","0","7","0","","02","7","2024","1","40.439861","-80.240111","1310","11","0","0","0","0","0","0","0","1","","0","0","0","","","0","N","0","","40 26:23.500","","7","80 14:24.400","0","0","0","0","2214","0","0","0","N","0","0","0","1","02214","0","","5.0","","1","N","N","N","0","","0","0","1","","0","N","","1","0","0","0","0","0","0","2","0","1","03","","","N","","","","","","","","","",""
"2024068939","0022","1","0","0","0","0","0","0","0","0","5","0","","02","4","2024","2","40.426151","-79.895622","0008","11","0","0","0","0","0","0","0","0","","0","0","0","","","0","N","0","","40 25:34.143","4","0","79 53:44.239","9","0","0","0","2301","0","0","0","N","0","0","0","3","68B03","0","","1.0","49.0","1","N","N","N","0","","0","0","0","","0","N","","2","0","0","0","0","0","1","2","0","2","03","","","N","","","","","","","","","",""
"2024065423","0937","1","0","0","0","0","0","0","0","0","7","0","","02","7","2024","2","40.525665","-80.135174","0932","11","0","0","0","0","0","0","0","0","","0","0","0","","","1","N","0","","40 31:32.393","3","0","80 08:06.625","3","0","0","0","2125","0","0","0","N","0","0","0","1","02215","0","","4.0","955.0","1","N","N","N","0","","1","0","0","","0","N","","1","1","0","0","0","0","0","1","0","1","03","03","","N","","","","","","","","","",""
"2024065976","0428","2","0","2","0","0","0","0","0","0","2","0","","02","7","2024","7","40.468467","-80.234881","0409","11","0","0","0","0","0","1","0","0","","0","0","0","","","5","N","0","","40 28:06.480","4","0","80 14:05.572","2","0","0","0","2203","0","0","0","N","0","0","0","6","68B03","0","","1.0","554.0","1","N","N","N","0","","2","3","1","","0","N","","3","5","2","0","1","0","0","2","0","3","03","","","N","","","","","","","","","",""
"2024065073","2122","1","0","0","0","0","0","0","0","0","7","0","","02","7","2024","7","40.608383","-80.094384","2108","11","0","0","0","0","0","1","0","0","","0","0","0","","","1","N","0","","40 36:30.178","1","0","80 05:39.782","3","0","0","0","2481","0","0","0","Y","0","0","0","1","68B03","0","","2.0","2252.0","1","N","N","N","0","","1","0","0","","0","N","","1","1","0","0","0","0","0","2","0","1","03","","","N","","","","","","","","","",""
"2024065887","1012","0","0","0","0","0","0","0","0","0","4","0","","02","7","2024","4","40.332862","-80.020849","1007","11","0","0","0","0","0","0","1","1","","0","0","0","","","0","N","0","","40 19:58.302","","7","80 01:15.055","0","0","0","0","2407","0","0","0","N","0","0","0","2","02407","0","","1.0","","1","N","N","N","1","","0","0","1","","0","","","2","0","0","0","0","0","0","2","0","2","03","","","N","","","","","","","","","",""
"2024067311","1401","1","0","0","0","0","0","0","0","0","1","0","","02","8","2024","5","40.340699","-79.943131","1359","11","0","0","0","0","0","1","0","0","","0","0","0","","","1","N","0","","40 20:26.516","1","0","79 56:35.271","4","0","0","0","2473","0","0","0","N","0","0","0","2","02473","1","","1.0","1430.0","1","N","N","N","0","","0","0","1","","0","N","","2","1","0","0","0","0","0","2","0","2","03","","","N","","","","","","","","","",""
"2024058340","0116","3","0","0","0","0","0","0","0","0","6","0","","02","7","2024","5","40.352996","-79.828256","0111","11","0","0","0","0","0","1","0","0","","0","0","0","","","0","N","0","","40 21:10.787","","0","79 49:41.722","0","0","0","0","2304","0","0","0","N","0","0","0","1","02304","0","","6.0","","1","N","N","N","0","","0","0","1","","0","","","4","0","0","0","0","0","0","2","0","4","03","03","","N","","","","","","","","","",""
"2024059756","1234","1","0","0","0","0","0","0","0","0","4","0","","02","7","2024","3","40.525657","-79.822904","1224","11","0","0","0","0","0","0","0","1","","0","0","0","","","0","","2","","40 31:32.366","6","0","79 49:22.453","0","0","0","0","2466","0","0","0","N","0","0","0","3","02466","0","","1.0","1306.0","1","N","N","N","0","","0","0","1","","0","Y","","2","0","0","0","0","0","0","2","0","2","03","","","N","","","","","","","","","",""
"2024059480","0031","1","0","0","0","0","0","0","0","0","7","0","","02","6","2024","7","40.59042","-80.159169","0031","11","0","0","0","0","0","0","0","0","","0","0","0","","","1","N","0","","40 35:25.512","6","0","80 09:33.007","3","0","0","0","2480","0","0","0","N","0","0","0","1","02480","0","","4.0","115.0","1","","","N","0","","1","0","0","","0","N","","1","1","0","0","0","0","0","1","0","1","03","","","N","","","","","","","","","",""
"2024063685","1005","2","0","0","0","0","0","0","0","0","4","0","","02","7","2024","3","40.439742","-79.87861","0950","11","0","0","0","0","0","0","0","0","","0","0","0","","","1","","1","","40 26:23.071","3","0","79 52:42.995","4","0","0","0","2478","0","0","0","N","0","0","0","2","02478","1","","1.0","1030.0","1","N","N","N","0","","0","0","0","","2","N","","2","1","0","0","0","0","0","2","0","2","03","","","N","","","","","","","","","",""
"2024062177","1757","2","0","0","0","0","0","0","0","0","4","0","","02","7","2024","3","40.405407","-79.911424","1754","11","0","0","0","2","0","0","0","0","","0","0","0","","","0","","1","","40 24:19.465","7","0","79 54:41.128","9","0","0","0","2438","0","0","0","N","0","0","0","6","02438","0","","1.0","1831.0","1","N","N","N","0","","0","0","0","","3","Y","","2","0","0","0","0","0","6","2","0","2","03","03","","N","","","","","","","","","",""
"2024068708","1530","1","0","0","0","0","0","0","0","0","4","1","","02","8","2024","3","40.487209","-79.885373","1521","11","0","0","0","0","0","0","0","1","","0","1","0","","","1","N","0","","40 29:13.954","","7","79 53:07.343","3","0","0","0","2301","0","0","0","N","0","0","0","2","02301","0","","1.0","","9","N","N","N","0","","1","0","0","","0","","","2","1","0","0","0","0","0","2","0","2","07","","","N","","","","","","","","","",""
"2024064758","1242","1","0","0","0","0","0","0","0","0","4","0","","02","7","2024","6","40.58232","-80.037544","1239","11","0","0","0","0","0","1","0","0","","0","0","0","","","1","N","0","","40 34:56.352","","7","80 02:15.160","8","0","0","0","2108","0","0","0","N","0","0","0","2","02108","0","","1.0","","1","N","N","N","1","","0","0","0","","0","","","2","1","0","0","0","1","0","2","0","2","03","","","N","","","","","","","","","",""
"2024064611","0541","1","0","0","0","0","0","0","0","0","3","0","","02","7","2024","5","40.447421","-79.942434","0536","11","0","0","0","0","0","1","0","0","","0","0","0","","","0","","1","","40 26:50.715","","0","79 56:32.762","0","0","0","0","2301","0","0","0","N","0","0","0","4","02301","0","","1.0","","9","N","N","N","0","","0","0","1","","2","","","2","0","0","0","0","0","0","2","0","2","04","","","N","","","","","","","","","",""
"2024063324","1200","0","0","0","0","0","0","0","0","0","1","0","","02","6","2024","3","40.661752","-79.933841","1154","11","0","0","0","0","0","2","0","0","","0","0","0","","","1","","2","","40 39:42.308","1","0","79 56:01.826","4","0","0","0","2217","0","0","0","N","0","0","0","2","02505","1","","1.0","1220.0","1","N","N","N","1","","0","0","0","","2","Y","","2","1","0","0","0","0","0","2","1","2","03","03","","N","","","","","","","","","",""
"2024065726","1340","2","0","0","0","0","0","0","0","0","4","0","","02","7","2024","5","40.415472","-79.882963","1332","11","0","0","0","0","0","2","0","0","","0","0","0","","","0","","2","","40 24:55.699","5","0","79 52:58.665","0","0","0","0","2456","0","0","0","N","0","0","0","2","02515","0","","1.0","1340.0","1","N","N","N","0","","0","0","0","","0","Y","","2","0","0","0","0","0","0","2","0","2","03","03","","N","","","","","","","","","",""
"2024064595","1307","2","0","0","0","0","0","0","0","0","1","1","","02","7","2024","2","40.527528","-80.185164","1301","11","0","0","0","0","0","1","0","1","","0","1","0","","","1","N","0","","40 31:39.101","4","7","80 11:06.590","8","0","0","0","2213","0","0","0","N","0","0","0","3","02213","0","","1.0","1350.0","1","N","N","N","0","","0","0","0","","2","N","","3","1","0","0","0","1","0","2","0","3","03","","","N","","","","","","","","","",""
"2024067086","1328","1","0","0","0","0","0","0","0","0","2","0","","02","6","2024","7","40.457472","-79.896667","1318","11","0","0","0","0","0","1","0","0","","0","0","0","","","3","N","0","","40 27:26.900","","0","79 53:48.000","3","0","0","0","2301","0","0","0","N","0","0","0","3","02301","0","","1.0","","1","N","N","N","0","","3","0","1","","0","","","2","3","0","0","0","0","0","2","0","2","03","","","N","","","","","","","","","",""
"2024061314","1330","0","0","0","0","0","0","0","0","0","1","0","","02","7","2024","5","40.593896","-79.996907","1327","11","0","0","0","1","0","1","0","0","","0","0","0","","","2","","1","","40 35:38.027","4","0","79 59:48.866","4","0","0","0","2108","0","0","0","N","0","0","0","4","02501","2","","1.0","1400.0","1","N","N","Y","0","","0","0","2","","2","N","","3","2","0","0","0","0","0","2","1","3","03","03","","N","","","","","","","","","",""
"2024068954","1648","1","0","0","0","0","0","0","0","0","5","0","55","02","7","2024","7","40.434936","-79.966162","1643","11","0","0","0","0","0","1","0","1","","0","0","0","","","1","N","0","","40 26:05.768","4","0","79 57:58.183","8","0","0","1","2301","0","0","0","N","0","0","0","2","68B03","0","","1.0","100.0","1","N","N","N","0","","0","0","0","","0","N","","2","1","0","0","0","1","0","2","0","2","03","","N","Y","8","1","","","N","Y","","","","N"
"2024061889","0823","2","0","0","0","0","0","0","0","0","4","0","","02","7","2024","4","40.406439","-79.826839","0819","11","0","0","0","0","0","0","1","0","","0","0","0","","","1","","1","","40 24:23.181","4","0","79 49:36.619","4","0","0","0","2467","0","0","0","N","0","0","0","2","02467","1","","1.0","855.0","1","N","N","N","0","","0","0","0","","2","N","","2","1","0","0","0","0","0","2","0","2","03","","","N","","","","","","","","","",""
"2024065284","0650","1","0","0","0","0","0","0","0","0","7","0","","02","7","2024","1","40.472599","-79.888967","0647","11","0","0","0","0","0","0","0","0","","0","0","0","","","1","N","0","","40 28:21.355","","0","79 53:20.281","4","0","0","0","2301","0","0","0","N","0","0","0","2","02301","1","","4.0","","1","N","N","N","0","","0","0","0","","0","","","1","1","0","0","0","0","0","2","0","1","03","","","N","","","","","","","","","",""
"2024065866","0247","1","0","0","0","0","0","0","0","0","7","0","","02","7","2024","6","40.293003","-79.916436","0242","11","0","0","0","0","0","0","0","0","","0","0","0","","","0","N","0","","40 17:34.810","","0","79 54:59.168","0","0","0","0","2440","0","0","0","N","0","0","0","4","02440","0","","3.0","","1","N","N","N","0","","0","0","0","","0","","","1","0","0","0","0","0","0","2","0","1","03","03","","N","","","","","","","","","",""
"2024062848","0157","1","0","0","0","0","0","0","0","0","2","0","","02","7","2024","7","40.444928","-79.800885","0147","11","0","0","0","0","0","0","0","0","","0","0","0","","","0","N","0","","40 26:41.740","","0","79 48:03.187","0","0","0","0","2113","0","0","0","N","0","0","0","1","02113","0","","6.0","","1","N","N","N","0","","0","0","1","","0","","","2","0","0","0","0","0","0","2","0","2","03","03","","N","","","","","","","","","",""
"2024063056","0718","0","0","0","0","0","0","0","0","0","4","0","","02","7","2024","1","40.475116","-79.769169","0701","11","0","0","0","0","0","1","0","0","","0","0","0","","","0","N","0","","40 28:30.418","1","7","79 46:09.009","0","0","0","0","2466","0","0","0","N","0","0","0","2","02466","0","","1.0","900.0","1","N","N","N","0","","0","0","2","","0","Y","","2","0","0","0","0","0","0","2","0","2","03","03","","N","","","","","","","","","",""
"2024068286","0827","0","0","0","0","0","0","0","0","0","1","0","","02","7","2024","7","40.500033","-79.980405","0824","11","0","0","0","0","0","1","0","0","","0","0","0","","","4","N","0","","40 30:00.119","5","7","79 58:49.459","3","0","0","0","2118","0","0","0","N","0","0","0","5","02118","0","","1.0","915.0","1","N","N","N","2","","4","0","1","","0","N","","3","4","0","0","0","0","0","2","0","3","03","","","N","","","","","","","","","",""
"2024060502","1506","0","0","0","0","0","0","0","0","0","4","0","","02","7","2024","1","40.364741","-80.023129","1503","11","0","0","0","0","0","1","0","1","","0","0","0","","","2","Y","0","","40 21:53.068","6","0","80 01:23.266","8","0","0","0","2416","0","0","0","N","0","0","0","3","02416","0","","1.0","1530.0","1","N","N","N","0","","0","0","2","","2","Y","","2","2","0","0","0","2","0","2","0","2","03","03","","N","","","","","","","","","",""
"2024065412","1548","0","0","0","0","0","0","0","0","0","4","1","","02","7","2024","5","40.667126","-80.102148","1538","11","0","0","0","0","0","0","0","0","","0","1","0","","","0","","1","","40 40:01.654","2","0","80 06:07.732","0","0","0","0","2212","0","0","0","N","0","0","0","2","02505","0","","1.0","1617.0","1","N","N","N","0","","0","0","1","","2","N","","2","0","0","0","0","0","0","2","0","2","03","","","N","","","","","","","","","",""
"2024064350","1430","0","0","0","0","0","0","0","0","0","5","0","","02","7","2024","4","40.519889","-79.763222","1423","11","0","0","0","0","0","1","1","0","","0","0","0","","","1","N","0","","40 31:11.600","6","0","79 45:47.600","3","0","0","0","2466","0","0","0","N","0","0","0","2","02466","0","","1.0","1500.0","1","N","N","N","0","","1","0","1","","0","N","","2","1","0","0","0","0","0","2","1","2","03","04","","N","","","","","","","","","",""
"2024063063","0903","0","0","0","0","0","0","0","0","0","7","0","","02","7","2024","1","40.477861","-79.868778","0852","11","0","0","0","0","0","0","0","0","","0","0","0","","","0","N","0","","40 28:40.300","4","0","79 52:07.600","9","0","0","0","2113","0","0","0","N","0","0","0","1","02113","0","","4.0","920.0","1","N","N","N","0","","0","0","1","","0","N","","1","0","0","0","0","0","1","2","0","1","03","03","","N","","","","","","","","","",""
"2024063695","1428","0","0","0","0","0","0","0","0","0","4","0","","02","7","2024","2","40.54332","-79.993555","1424","11","0","0","0","0","0","1","0","0","","0","0","0","","","0","","2","","40 32:35.953","7","0","79 59:36.798","0","0","0","0","2116","0","0","0","N","0","0","0","2","02116","0","","1.0","1500.0","9","","","N","0","","0","0","1","","0","N","","2","0","0","0","0","0","0","2","1","2","07","07","","N","","","","","","","","","",""
"2024065111","1747","1","0","0","0","0","0","0","0","0","4","0","","02","7","2024","7","40.438042","-79.917722","1745","11","0","0","0","0","0","1","0","0","","0","0","0","","","2","","1","","40 26:16.950","","0","79 55:03.798","3","0","0","0","2301","0","0","0","N","0","0","0","3","02301","1","","1.0","","1","N","N","N","0","","1","0","1","","3","","","2","2","0","0","0","0","0","2","0","2","03","03","","N","","","","","","","","","",""
"2024065367","0953","0","0","0","0","0","0","0","0","0","1","0","","02","7","2024","7","40.433978","-79.994126","0929","11","0","0","0","0","0","0","0","0","","0","0","0","","","0","N","0","","40 26:02.322","4","0","79 59:38.855","9","0","0","0","2301","0","0","0","N","0","0","0","2","68B03","0","","1.0","1100.0","1","N","N","N","2","","0","0","0","","0","N","","2","0","0","0","0","0","1","2","0","2","03","03","","N","","","","","","","","","",""
"2024066226","0802","1","0","0","0","0","0","0","0","0","4","0","","02","7","2024","7","40.422233","-79.815197","0757","11","0","0","0","0","0","0","1","0","","0","0","0","","","1","","2","","40 25:20.040","","0","79 48:54.708","3","0","0","1","2124","0","0","0","N","0","0","0","2","02124","0","","1.0","","1","N","N","N","0","","1","0","0","","0","","","2","1","0","0","0","0","0","2","0","2","03","","","N","","","","","","","","","",""
"2024065187","1210","1","0","0","0","0","0","0","0","0","5","0","","02","7","2024","1","40.451153","-79.907139","1202","11","0","0","0","0","0","0","0","0","","0","0","0","","","2","N","0","","40 27:04.149","1","0","79 54:25.701","3","0","0","0","2301","0","0","0","N","0","0","0","2","02301","0","","1.0","1329.0","1","N","N","N","1","","2","0","0","","0","N","","2","2","0","0","0","0","0","2","0","2","03","","","N","","","","","","","","","",""
"2024066510","0940","0","0","0","0","0","0","0","0","0","4","1","30","02","7","2024","4","40.567658","-79.954526","0934","11","0","0","0","0","0","0","1","0","","0","1","0","","","1","","2","","40 34:03.570","","0","79 57:16.292","8","0","0","0","2207","0","0","0","N","0","0","0","2","02207","0","","1.0","","1","N","N","N","0","","0","0","1","","3","","","2","1","0","0","0","1","0","2","0","2","03","03","N","Y","4","1","","","N","","","","","N"
"2024067643","1716","0","0","0","0","0","0","0","0","0","7","0","","02","8","2024","5","40.377553","-79.921017","1651","11","0","0","0","0","0","0","0","0","","0","0","0","","","0","N","0","","40 22:39.189","1","0","79 55:15.662","0","0","0","0","2301","0","0","0","N","0","0","0","2","02301","0","","4.0","1800.0","1","N","N","N","0","","0","0","1","","0","N","","1","0","0","0","0","0","0","2","0","1","03","","","N","","","","","","","","","",""
"2024061250","1835","2","0","0","0","0","0","0","0","0","1","0","","02","7","2024","1","40.425638","-79.905501","1817","11","0","0","0","1","0","3","0","0","","0","0","0","","","1","N","0","","40 25:32.295","","0","79 54:19.805","3","0","0","0","2301","0","0","0","N","0","0","0","6","68B03","0","","1.0","","1","N","N","N","0","","1","0","3","","0","","","5","1","0","0","0","0","0","2","0","5","03","03","","N","","","","","","","","","",""
"2024065852","1525","1","0","0","0","0","0","0","0","0","1","0","","02","7","2024","7","40.431207","-79.864229","1519","11","0","1","0","0","0","0","0","0","","0","0","0","","","2","N","0","","40 25:52.345","3","0","79 51:51.223","3","0","0","0","2431","0","0","0","N","0","0","0","4","02431","1","","1.0","1630.0","1","N","N","N","0","","1","0","1","","0","N","","2","2","0","0","0","0","0","2","0","2","03","","","N","","","","","","","","","",""
"2024063681","0250","1","0","0","0","0","0","0","0","0","1","0","","02","7","2024","7","40.358995","-80.100569","0247","11","0","0","0","0","0","0","0","0","","0","0","0","","","0","N","0","","40 21:32.383","6","0","80 06:02.048","0","0","0","0","2414","0","0","0","N","0","0","0","2","02414","0","","6.0","345.0","1","N","N","N","1","","0","0","0","","0","Y","","2","0","0","0","0","0","0","2","0","2","03","","","N","","","","","","","","","",""
"2024058724","1737","0","0","0","0","0","0","0","0","0","7","0","","02","7","2024","6","40.405992","-79.893001","1737","11","0","0","0","0","0","0","0","1","","0","0","0","","","0","","3","","40 24:21.571","","0","79 53:34.804","0","0","0","0","2448","0","0","0","N","0","0","0","2","02448","0","","2.0","","1","N","N","N","0","","0","0","1","","0","","","1","0","0","0","0","0","0","2","0","1","04","04","","N","","","","","","","","","",""
"2024067270","0841","1","0","0","0","0","0","0","0","0","7","0","","02","8","2024","6","40.655427","-80.07454","0835","11","0","0","0","0","0","0","0","0","","0","0","0","","","0","N","0","","40 39:19.538","3","0","80 04:28.345","0","0","0","0","2212","0","0","0","N","0","0","0","1","68T02","0","","2.0","855.0","9","N","N","N","0","","0","0","0","","0","N","","1","0","0","0","0","0","0","2","0","1","07","","","N","","","","","","","","","",""
"2024068817","1619","1","0","0","0","0","0","0","0","0","7","1","","02","7","2024","3","40.509314","-79.78961","1536","11","0","0","0","0","0","0","0","0","","0","1","0","","","3","N","0","","40 30:33.529","4","0","79 47:22.596","4","0","0","0","2466","0","0","0","N","0","0","0","4","68T02","2","","3.0","100.0","9","N","N","N","1","","0","0","0","","0","N","","3","3","0","0","0","1","0","2","0","3","07","04","","N","","","","","","","","","",""
"2024053463","1723","1","0","0","0","0","0","0","0","0","7","0","","02","6","2024","3","40.468222","-80.085111","1721","11","0","0","0","0","0","0","0","0","","0","0","0","","","0","N","0","","40 28:05.600","","0","80 05:06.400","0","0","0","0","2126","0","0","0","N","0","0","0","1","02126","0","","2.0","","9","N","N","N","0","","0","0","0","","0","","","1","0","0","0","0","0","0","2","0","1","07","","","N","","","","","","","","","",""
"2024067009","1511","0","0","0","0","0","0","0","0","0","1","1","","02","8","2024","5","40.398109","-79.768655","1505","11","0","0","0","0","0","0","0","0","","0","1","0","","","1","Y","0","","40 23:53.191","","0","79 46:07.157","3","0","0","0","2446","0","0","0","N","0","0","0","3","02446","0","","1.0","","1","N","N","N","1","","1","0","1","","0","","","3","1","0","0","0","0","0","2","0","3","04","","","N","","","","","","","","","",""
"2024061004","1419","1","0","0","0","0","0","0","0","0","1","0","","02","7","2024","7","40.481393","-79.80503","1413","11","0","0","0","0","1","1","0","0","","0","0","0","","","0","N","0","","40 28:53.015","6","0","79 48:18.107","0","0","0","0","2113","0","0","0","N","0","0","0","3","02113","0","","1.0","1539.0","1","N","N","N","1","","0","0","1","","0","N","","3","0","0","0","0","0","0","2","0","3","","","","N","","","","","","","","","",""
"2024059758","1602","1","0","0","0","0","0","0","0","0","1","0","","02","7","2024","1","40.275086","-79.892749","1602","11","0","0","0","1","0","1","0","0","","0","0","0","","","0","","6","","40 16:30.311","2","2","79 53:33.898","0","0","0","0","2440","0","0","0","N","0","0","0","2","02440","0","","1.0","1633.0","1","N","N","N","0","","0","0","1","","3","N","","2","0","0","0","0","0","0","2","0","2","03","","","N","","","","","","","","","",""
"2024065419","1012","0","0","0","0","0","0","0","0","0","4","0","","02","7","2024","2","40.370278","-79.825889","1010","11","0","0","0","0","0","1","0","0","","0","0","0","","","0","N","0","","40 22:13.000","","0","79 49:33.200","0","0","0","0","2111","0","0","0","N","0","0","0","1","02111","0","","4.0","","1","N","N","N","0","","0","0","2","","0","","","2","0","0","0","0","0","0","2","0","2","03","03","","N","","","","","","","","","",""
"2024062689","1226","1","0","0","0","0","0","0","0","0","4","0","","02","7","2024","3","40.672726","-80.069462","1221","11","0","0","0","0","0","1","0","0","","0","0","0","","","0","","1","","40 40:21.814","3","0","80 04:10.064","0","0","0","0","2216","0","0","0","N","0","0","0","4","02505","0","","1.0","1305.0","1","N","N","N","0","","0","0","1","","3","N","","2","0","0","0","0","0","0","2","0","2","03","03","","N","","","","","","","","","",""
"2024063121","2100","0","0","0","0","0","0","0","0","0","98","0","","02","7","2024","7","40.478374","-79.755834","2058","11","0","0","0","0","0","1","0","0","","0","0","0","","","1","N","0","","40 28:42.147","","0","79 45:21.004","8","0","0","1","2466","0","0","0","N","0","0","0","1","02466","0","","1.0","","1","N","N","N","0","","0","0","0","","0","","","1","1","0","0","0","1","0","2","0","1","03","","","N","","","","","","","","","",""
"2024037012","1800","1","0","0","0","0","0","0","0","0","1","0","","02","4","2024","4","40.514005","-80.138931","1750","11","0","0","0","0","0","0","0","0","","0","0","0","","","0","N","0","","40 30:50.418","","0","80 08:20.151","0","0","0","0","2110","0","0","0","N","0","0","0","2","02215","0","","1.0","","1","N","N","N","0","","0","0","1","","0","","","2","0","0","0","0","0","0","2","0","2","03","","","N","","","","","","","","","",""