"CRN","ARRIVAL_TM","AUTOMOBILE_COUNT","BELTED_DEATH_COUNT","BELTED_SUSP_SERIOUS_INJ_COUNT","BICYCLE_COUNT","BICYCLE_DEATH_COUNT","BICYCLE_SUSP_SERIOUS_INJ_COUNT","BUS_COUNT","CHLDPAS_DEATH_COUNT","CHLDPAS_SUSP_SERIOUS_INJ_COUNT","COLLISION_TYPE","COMM_VEH_COUNT","CONS_ZONE_SPD_LIM","COUNTY","CRASH_MONTH","CRASH_YEAR","DAY_OF_WEEK","DEC_LATITUDE","DEC_LONGITUDE","DISPATCH_TM","DISTRICT","DRIVER_COUNT_16YR","DRIVER_COUNT_17YR","DRIVER_COUNT_18YR","DRIVER_COUNT_19YR","DRIVER_COUNT_20YR","DRIVER_COUNT_50_64YR","DRIVER_COUNT_65_74YR","DRIVER_COUNT_75PLUS","EST_HRS_CLOSED","FATAL_COUNT","HEAVY_TRUCK_COUNT","HORSE_BUGGY_COUNT","HOUR_OF_DAY","ILLUMINATION","INJURY_COUNT","INTERSECTION_RELATED","INTERSECT_TYPE","LANE_CLOSED","LATITUDE","LN_CLOSE_DIR","LOCATION_TYPE","LONGITUDE","MAX_SEVERITY_LEVEL","MCYCLE_DEATH_COUNT","MCYCLE_SUSP_SERIOUS_INJ_COUNT","MOTORCYCLE_COUNT","MUNICIPALITY","NONMOTR_COUNT","NONMOTR_DEATH_COUNT","NONMOTR_SUSP_SERIOUS_INJ_COUNT","NTFY_HIWY_MAINT","PED_COUNT","PED_DEATH_COUNT","PED_SUSP_SERIOUS_INJ_COUNT","PERSON_COUNT","POLICE_AGCY","POSSIBLE_INJ_COUNT","RDWY_SURF_TYPE_CD","RELATION_TO_ROAD","ROADWAY_CLEARED","ROAD_CONDITION","SCH_BUS_IND","SCH_ZONE_IND","SECONDARY_CRASH","SMALL_TRUCK_COUNT","SPEC_JURIS_CD","SUSP_MINOR_INJ_COUNT","SUSP_SERIOUS_INJ_COUNT","SUV_COUNT","TCD_FUNC_CD","TCD_TYPE","TFC_DETOUR_IND","TIME_OF_DAY","TOTAL_UNITS","TOT_INJ_COUNT","UNBELTED_OCC_COUNT","UNB_DEATH_COUNT","UNB_SUSP_SERIOUS_INJ_COUNT","UNK_INJ_DEG_COUNT","UNK_INJ_PER_COUNT","URBAN_RURAL","VAN_COUNT","VEHICLE_COUNT","WEATHER1","WEATHER2","WORKERS_PRES","WORK_ZONE_IND","WORK_ZONE_LOC","WORK_ZONE_TYPE","WZ_CLOSE_DETOUR","WZ_FLAGGER","WZ_LAW_OFFCR_IND","WZ_LN_CLOSURE","WZ_MOVING","WZ_OTHER","WZ_SHLDER_MDN","WZ_WORKERS_INJ_KILLED"
"2024060496","2346","0","0","0","0","0","0","0","0","0","98","0","","02","7","2024","2","40.380874","-79.828456","2343","11","0","0","0","0","0","0","0","0","","0","0","0","","","1","N","0","","40 22:51.145","3","0","79 49:42.440","3","0","0","1","2111","0","0","0","N","0","0","0","1","02111","0","","1.0","17.0","1","N","N","N","0","","1","0","0","","0","N","","1","1","0","0","0","0","0","2","0","1","03","03","","N","","","","","","","","","",""
"2024067645","2320","1","0","0","0","0","0","0","0","0","6","0","","02","7","2024","1","40.368765","-79.916129","2309","11","0","0","0","0","0","0","0","0","","0","0","0","","","0","N","0","","40 22:07.555","","0","79 54:58.064","0","0","0","0","2301","0","0","0","N","0","0","0","2","02301","0","","6.0","","1","N","N","N","0","","0","0","1","","0","","","2","0","0","0","0","0","0","2","0","2","03","","","N","","","","","","","","","",""
"2024067490","1847","0","0","0","0","0","0","0","0","0","7","0","","02","7","2024","3","40.578069","-79.953674","1844","11","0","0","1","0","0","0","0","0","","0","0","0","","","0","","2","","40 34:41.050","1","0","79 57:13.227","0","0","0","0","2207","0","0","0","N","0","0","0","1","02207","0","","2.0","1920.0","1","N","N","N","0","","0","0","1","","0","N","","1","0","0","0","0","0","0","2","0","1","03","03","","N","","","","","","","","","",""
"2024065348","2133","1","0","0","0","0","0","0","0","0","98","0","","02","5","2024","5","40.495711","-80.277766","2133","11","0","0","0","0","0","0","0","0","","0","0","0","","","0","N","0","","40 29:44.560","4","0","80 16:39.956","0","0","0","0","2203","0","0","0","N","0","0","0","2","68B03","0","","1.0","2237.0","1","N","N","N","0","","0","0","1","","0","N","","2","0","0","0","0","0","0","2","0","2","03","","","N","","","","","","","","","",""
"2024064872","1555","0","0","0","0","0","0","0","0","0","2","0","","02","7","2024","3","40.481135","-80.181334","1548","11","0","0","0","0","0","1","1","0","","0","0","0","","","1","N","0","","40 28:52.086","4","0","80 10:52.804","3","0","0","0","2213","0","0","0","N","0","0","0","4","02213","0","","1.0","1630.0","1","N","N","N","0","","1","0","2","","0","N","","2","1","0","0","0","0","0","2","0","2","03","","","N","","","","","","","","","",""
"2024061835","2337","1","0","0","0","0","0","0","0","0","4","0","","02","7","2024","3","40.385656","-79.971421","2334","11","0","0","1","0","0","0","0","0","","0","0","0","","","2","","2","","40 23:08.360","1","0","79 58:17.117","3","0","0","0","2413","0","0","0","N","0","0","0","2","02413","0","","1.0","0.0","1","N","N","N","0","","2","0","1","","0","N","","2","2","0","0","0","0","0","2","0","2","03","","","N","","","","","","","","","",""
"2024062381","0834","0","0","0","0","0","0","0","0","0","7","0","","02","7","2024","5","40.425356","-80.201203","0828","11","0","0","0","0","0","0","1","0","","0","0","0","","","1","N","0","","40 25:31.282","2","0","80 12:04.329","3","0","0","0","2214","0","0","0","N","0","0","0","1","02214","0","","2.0","913.0","1","N","N","N","0","","1","0","1","","0","N","","1","1","0","0","0","0","0","1","0","1","03","03","","N","","","","","","","","","",""
"2024064920","1240","0","0","0","0","0","0","0","0","0","4","0","","02","7","2024","4","40.47035","-80.220373","1238","11","0","0","1","0","0","0","0","0","","0","0","0","","","0","","1","","40 28:13.261","2","2","80 13:13.344","0","0","0","0","2203","0","0","0","N","0","0","0","3","02203","0","","1.0","1250.0","1","N","N","N","1","","0","0","1","","2","N","","2","0","0","0","0","0","0","2","0","2","03","","","N","","","","","","","","","",""
"2024062393","1033","0","0","0","0","0","0","0","0","0","7","0","","02","7","2024","3","40.612722","-79.864472","1028","11","0","0","0","0","0","0","0","0","","0","0","0","","","0","N","0","","40 36:45.800","6","0","79 51:52.100","0","0","0","0","2220","0","0","0","N","0","0","0","1","02220","0","","4.0","1153.0","1","N","N","N","1","","0","0","0","","0","N","","1","0","0","0","0","0","0","2","0","1","03","03","","N","","","","","","","","","",""
"2024064656","0223","1","0","0","0","0","0","0","0","0","7","0","","02","7","2024","6","40.461994","-79.840965","0223","11","0","0","0","0","0","0","0","0","","0","0","0","","","1","N","0","","40 27:43.180","5","0","79 50:27.474","3","0","0","0","2113","0","0","0","N","0","0","0","1","02113","0","","4.0","628.0","1","N","N","N","0","","1","0","0","","0","Y","","1","1","0","0","0","0","0","2","0","1","03","03","","N","","","","","","","","","",""
"2024062304","1340","0","0","0","0","0","0","0","0","0","4","0","","02","7","2024","3","40.49175","-79.881646","1340","11","0","0","0","1","0","0","1","0","","0","0","0","","","0","","2","","40 29:30.299","6","2","79 52:53.925","0","0","0","0","2112","0","0","0","N","0","0","0","3","02112","0","","1.0","1430.0","1","N","N","N","0","","0","0","2","","2","N","","2","0","0","0","0","0","0","2","0","2","","","","N","","","","","","","","","",""
"2024062859","1734","1","0","0","0","0","0","0","0","0","5","0","","02","7","2024","6","40.339374","-79.980051","1619","11","0","0","0","0","0","0","1","0","","0","0","0","","","0","N","0","","40 20:21.745","2","0","79 58:48.185","0","0","0","0","2403","0","0","0","N","0","0","0","3","02403","0","","1.0","1734.0","1","N","N","N","0","","0","0","1","","0","Y","","2","0","0","0","0","0","0","2","0","2","03","03","","N","","","","","","","","","",""
"2024062230","1814","0","0","0","0","0","0","0","0","0","4","0","","02","7","2024","7","40.439507","-80.016506","1814","11","0","0","0","0","0","1","0","0","","0","0","0","","","1","","6","","40 26:22.225","4","8","80 00:59.421","3","0","0","0","2301","0","0","0","N","0","0","0","3","02301","0","","1.0","1847.0","1","N","N","N","1","","1","0","1","","8","N","","2","1","0","0","0","0","0","2","0","2","03","","","N","","","","","","","","","",""
"2024058816","0020","1","0","0","0","0","0","0","0","0","7","0","","02","7","2024","6","40.476628","-80.042575","0016","11","0","0","0","0","0","0","0","0","","0","0","0","","","0","N","0","","40 28:35.860","","0","80 02:33.270","0","0","0","0","2301","0","0","0","N","0","0","0","1","02301","0","","5.0","","1","N","N","N","0","","0","0","0","","0","","","1","0","0","0","0","0","0","2","0","1","03","","","N","","","","","","","","","",""
"2024058952","2224","1","0","0","0","0","0","0","0","0","7","0","","02","7","2024","6","40.407258","-79.991871","2221","11","0","0","0","0","0","0","0","0","","0","0","0","","","1","N","0","","40 24:26.129","2","0","79 59:30.737","8","0","0","0","2447","0","0","0","N","0","0","0","1","02447","0","","4.0","2300.0","1","N","N","N","0","","0","0","0","","0","N","","1","1","1","0","0","1","0","2","0","1","03","03","","N","","","","","","","","","",""
"2024066223","0128","1","0","0","0","0","0","0","0","0","7","0","","02","7","2024","2","40.42581","-79.807996","0126","11","0","0","0","0","0","0","0","0","","0","0","0","","","2","N","0","","40 25:32.915","","4","79 48:28.787","3","0","0","0","2124","0","0","0","N","0","0","0","3","02124","0","","2.0","","1","N","N","N","0","","1","0","0","","0","","","1","2","0","0","0","1","0","2","0","1","03","","","N","","","","","","","","","",""
"2024063677","1549","0","0","0","0","0","0","0","0","0","1","2","","02","7","2024","2","40.268643","-79.883983","1547","11","0","0","0","0","0","0","0","0","","0","2","0","","","1","N","0","","40 16:07.114","","0","79 53:02.337","8","0","0","0","2105","0","0","0","N","0","0","0","2","02105","0","","1.0","","9","N","N","N","0","","0","0","0","","0","N","","2","1","0","0","0","1","0","1","0","2","07","07","","N","","","","","","","","","",""
"2024058299","1918","1","0","0","0","0","0","0","0","0","1","0","","02","6","2024","7","40.628822","-80.05634","1851","11","0","0","0","0","0","0","0","1","","0","0","0","","","0","N","1","","40 37:43.758","","0","80 03:22.824","0","0","0","0","2216","0","0","0","N","0","0","0","2","02505","0","","1.0","","1","N","N","N","0","","0","0","0","","2","","","2","0","0","0","0","0","0","2","1","2","03","","","N","","","","","","","","","",""
"2024063354","1640","1","0","0","0","0","0","0","0","0","4","0","","02","7","2024","2","40.406382","-79.82686","1637","11","0","0","0","0","0","0","0","0","","0","0","0","","","1","","1","","40 24:22.975","3","0","79 49:36.695","4","0","0","0","2467","0","0","0","N","0","0","0","3","02467","1","","1.0","1712.0","9","N","N","N","1","","0","0","0","","2","N","","2","1","0","0","0","0","0","2","0","2","04","04","","N","","","","","","","","","",""
"2024064751","1415","1","0","0","0","0","0","0","0","0","1","0","","02","7","2024","6","40.643276","-79.938505","1002","11","0","0","0","0","0","1","0","0","","0","0","0","","","2","Y","0","","40 38:35.792","","0","79 56:18.618","3","0","0","0","2217","0","0","0","N","0","0","0","4","02505","0","","1.0","","1","N","N","N","0","","2","0","1","","2","","","2","2","3","0","0","0","0","2","0","2","03","98","","N","","","","","","","","","",""
"2024064602","2050","1","0","0","0","0","0","0","0","0","7","0","","02","7","2024","4","40.567806","-80.027778","2046","11","0","0","1","0","0","0","0","0","","0","0","0","","","0","N","0","","40 34:04.100","","0","80 01:40.000","0","0","0","0","2108","0","0","0","N","0","0","0","1","02108","0","","2.0","","9","N","N","N","0","","0","0","0","","0","","","1","0","0","0","0","0","0","2","0","1","07","07","","N","","","","","","","","","",""
"2024068675","1541","1","0","0","0","0","0","0","0","0","4","0","","02","8","2024","4","40.378225","-80.064701","1540","11","0","0","0","0","0","0","1","0","","0","0","0","","","1","","2","","40 22:41.611","4","0","80 03:52.925","3","0","0","0","2109","0","0","0","N","0","0","0","4","02109","0","","1.0","1618.0","1","N","N","N","0","","1","0","1","","2","N","","2","1","0","0","0","0","0","2","0","2","03","03","","N","","","","","","","","","",""
"2024062235","1912","0","0","0","1","0","0","0","0","0","8","0","","02","6","2024","3","40.391457","-80.060291","1907","11","0","0","0","0","0","0","0","0","","0","0","0","","","1","N","0","","40 23:29.245","2","7","80 03:37.049","4","0","0","0","2117","1","0","0","N","0","0","0","2","02117","1","","2.0","1932.0","1","N","N","N","1","","0","0","0","","0","N","","2","1","0","0","0","0","0","2","0","1","03","03","","N","","","","","","","","","",""
"2024066163","0831","1","0","0","0","0","0","0","0","0","6","0","","02","7","2024","3","40.438632","-79.747781","0827","11","0","0","0","0","0","0","1","0","","0","0","0","","","4","N","0","","40 26:19.075","3","0","79 44:52.010","3","0","0","0","2446","0","0","0","N","0","0","0","4","02446","0","","1.0","902.0","9","N","N","Y","2","","3","0","0","","0","Y","","3","4","0","0","0","1","0","2","0","3","07","07","","N","","","","","","","","","",""
"2024065782","1443","2","0","0","0","0","0","0","0","0","4","0","","02","7","2024","3","40.482638","-79.765304","1433","11","0","0","0","0","0","0","0","0","","0","0","0","","","0","","2","","40 28:57.496","7","0","79 45:55.094","0","0","0","0","2466","0","0","0","N","0","0","0","3","02466","0","","1.0","1515.0","1","N","N","N","0","","0","0","0","","3","N","","2","0","0","0","0","0","0","2","0","2","03","03","","N","","","","","","","","","",""
"2024061906","1126","0","0","0","0","0","0","0","0","0","7","0","","02","7","2024","4","40.47592","-79.786227","1126","11","0","0","0","0","0","0","0","0","","0","0","0","","","1","N","0","","40 28:33.312","","7","79 47:10.417","8","0","0","1","2113","0","0","0","N","0","0","0","1","02113","0","","5.0","","9","N","N","N","0","","0","0","0","","0","","","2","1","0","0","0","1","0","2","0","1","07","07","","N","","","","","","","","","",""
"2024051428","1312","1","0","0","0","0","0","0","0","0","7","0","","02","6","2024","2","40.494439","-80.185283","1309","11","0","0","0","0","0","1","0","0","","0","0","0","","","1","N","0","","40 29:39.980","5","0","80 11:07.020","8","0","0","0","2213","0","0","0","N","0","0","0","1","02213","0","","4.0","1353.0","1","N","N","N","0","","0","0","0","","0","Y","","1","1","0","0","0","1","0","2","0","1","03","03","","N","","","","","","","","","",""
"2024067146","1451","0","0","0","0","0","0","0","0","0","4","0","","02","8","2024","7","40.579484","-79.957453","1448","11","0","0","0","1","0","0","0","0","","0","0","0","","","0","","2","","40 34:46.141","2","0","79 57:26.832","0","0","0","0","2207","0","0","0","N","0","0","0","3","02207","0","","1.0","1518.0","9","N","N","N","0","","0","0","2","","3","N","","2","0","0","0","0","0","0","2","0","2","07","07","","N","","","","","","","","","",""
"2024068651","2231","1","0","0","0","0","0","0","0","0","4","0","","02","7","2024","3","40.355864","-80.028226","2227","11","0","0","0","0","1","0","0","0","","0","0","0","","","0","N","0","","40 21:21.111","1","0","80 01:41.614","0","0","0","0","2407","0","0","0","N","0","0","0","2","02407","0","","1.0","2320.0","9","N","N","N","0","","0","0","1","","2","N","","2","0","0","0","0","0","0","2","0","2","07","04","","N","","","","","","","","","",""
"2024065883","0514","0","0","0","0","0","0","0","0","0","7","0","","02","7","2024","3","40.471549","-80.030882","0505","11","0","0","0","0","0","0","0","0","","0","0","0","","","0","","2","","40 28:17.575","","0","80 01:51.174","0","0","0","0","2301","0","0","0","N","0","0","0","1","02301","0","","4.0","","1","N","N","N","0","","0","0","1","","3","","","1","0","1","0","0","0","0","2","0","1","03","03","","N","","","","","","","","","",""
"2024065875","1813","1","0","0","0","0","0","0","0","0","7","0","","02","7","2024","3","40.432275","-79.853856","1810","11","0","0","0","0","0","1","0","0","","0","0","0","","","1","N","0","","40 25:56.190","","0","79 51:13.880","3","0","0","0","2431","0","0","0","N","0","0","0","1","02431","0","","5.0","","9","N","N","N","0","","1","0","0","","0","","","1","1","0","0","0","0","0","2","0","1","07","","","N","","","","","","","","","",""
"2024068587","1939","0","0","0","0","0","0","0","0","0","7","0","","02","8","2024","3","40.553151","-80.086336","1916","11","0","0","0","0","0","0","0","0","","0","0","0","","","0","N","0","","40 33:11.342","","0","80 05:10.809","0","0","0","0","2215","0","0","0","Y","0","0","0","1","68B03","0","","4.0","","9","N","N","N","0","","0","0","1","","0","","","1","0","0","0","0","0","0","2","0","1","07","","","N","","","","","","","","","",""
"2024066710","0610","0","0","1","0","0","0","0","0","0","6","0","","02","8","2024","6","40.394861","-79.848278","0559","11","0","0","0","0","0","2","0","1","","0","0","0","","","2","N","0","","40 23:41.500","2","0","79 50:53.800","2","0","0","0","2449","0","0","0","N","0","0","0","3","02515","1","","1.0","610.0","1","N","N","Y","1","","0","1","2","","3","N","","3","2","0","0","0","0","0","2","0","3","03","03","","N","","","","","","","","","",""
"2024064278","0143","0","0","0","0","0","0","0","0","0","4","0","","02","7","2024","5","40.436171","-79.772433","0139","11","0","0","0","0","0","0","0","0","","0","0","0","","","0","","1","","40 26:10.214","3","0","79 46:20.758","0","0","0","0","2446","0","0","0","N","0","0","0","3","02446","0","","1.0","220.0","1","N","N","N","0","","0","0","2","","2","N","","2","0","0","0","0","0","0","2","0","2","03","","","N","","","","","","","","","",""
"2024062769","1906","0","0","0","0","0","0","0","0","0","4","0","","02","7","2024","6","40.517089","-79.726591","1903","11","0","0","0","0","0","0","0","0","","0","0","0","","","1","","1","","40 31:01.521","","0","79 43:35.729","4","0","0","0","2466","0","0","0","N","0","0","0","2","02466","1","","1.0","","1","N","N","N","0","","0","0","2","","3","","","2","1","0","0","0","0","0","1","0","2","03","03","","N","","","","","","","","","",""
"2024068952","1735","2","0","0","0","0","0","0","0","0","1","0","","02","7","2024","1","40.432692","-79.961273","1706","11","0","0","1","0","0","1","0","0","","0","0","0","","","0","N","0","","40 25:57.691","3","0","79 57:40.583","0","0","0","0","2301","0","0","0","N","0","0","0","8","68B03","0","","1.0","30.0","1","N","N","N","0","","0","0","1","","0","N","","3","0","0","0","0","0","0","2","0","3","03","","","N","","","","","","","","","",""
"2024065110","1215","1","0","0","0","0","0","0","0","0","1","0","","02","7","2024","7","40.369408","-79.91111","1156","11","0","0","0","0","0","0","0","0","","0","0","0","","","1","N","0","","40 22:09.869","3","0","79 54:39.997","3","0","0","0","2301","0","0","0","N","0","0","0","2","02301","0","","1.0","1230.0","1","N","N","N","0","","1","0","1","","0","N","","2","1","0","0","0","0","0","2","0","2","03","","","N","","","","","","","","","",""
"2024058727","1255","1","0","0","0","0","0","0","0","0","1","0","99","02","7","2024","5","40.594356","-79.830644","1246","11","0","0","0","0","0","0","1","0","","0","0","0","","","1","N","0","","40 35:39.683","","0","79 49:50.319","3","0","0","0","2209","0","0","0","N","0","0","0","1","02209","0","","4.0","","1","N","N","N","0","","1","0","1","","0","","","2","1","0","0","0","0","0","1","0","2","03","03","N","Y","8","8","","","N","","","","","N"
"2024066582","2213","3","0","0","0","0","0","0","0","0","1","0","","02","7","2024","7","40.424649","-79.859386","2210","11","0","0","0","0","0","1","0","0","","0","0","0","","","3","","1","","40 25:28.736","4","0","79 51:33.788","4","0","0","0","2431","0","0","0","N","0","0","0","4","02431","2","","1.0","1100.0","1","N","N","N","0","","0","0","1","","2","N","","4","3","1","0","0","1","0","2","0","4","03","","","N","","","","","","","","","",""
"2024065424","1611","1","0","0","0","0","0","0","0","0","4","1","","02","7","2024","6","40.558943","-79.959242","1605","11","0","0","0","1","0","0","0","0","","0","0","0","","","2","N","0","","40 33:32.195","2","7","79 57:33.270","4","0","0","0","2207","0","0","0","N","0","0","0","3","02207","2","","1.0","1643.0","1","N","N","N","0","","0","0","0","","0","Y","","2","2","0","0","0","0","0","2","1","2","03","","","N","","","","","","","","","",""
"2024048130","2243","1","0","0","0","0","0","0","0","0","7","0","","02","6","2024","7","40.474406","-80.077829","2239","11","0","0","0","0","0","0","0","0","","0","0","0","","","1","","1","","40 28:27.862","3","0","80 04:40.184","3","0","0","0","2122","0","0","0","N","0","0","0","1","02122","0","","4.0","2306.0","1","N","N","N","0","","1","0","0","","0","N","","1","1","1","0","0","0","0","2","0","1","03","03","","N","","","","","","","","","",""
"2024069063","0942","0","0","0","0","0","0","0","0","0","7","0","","02","8","2024","6","40.626516","-80.039878","0939","11","0","0","0","0","0","0","0","0","","0","0","0","","","0","N","0","","40 37:35.459","3","0","80 02:23.559","0","0","0","0","2216","0","0","0","N","0","0","0","1","02505","0","","5.0","1024.0","9","N","N","N","0","","0","0","1","","0","Y","","1","0","0","0","0","0","0","1","0","1","04","04","","N","","","","","","","","","",""
"2024063070","1314","1","0","0","0","0","0","0","0","0","7","0","","02","7","2024","7","40.346863","-79.86406","1313","11","0","0","0","0","0","0","0","0","","0","0","0","","","0","N","0","","40 20:48.708","","0","79 51:50.617","0","0","0","0","2304","0","0","0","N","0","0","0","1","02304","0","","4.0","","1","N","N","N","0","","0","0","0","","0","","","1","0","0","0","0","0","0","2","0","1","03","","","N","","","","","","","","","",""
"2024060843","1203","2","0","0","0","0","0","0","0","0","4","0","","02","7","2024","6","40.437627","-79.770051","1202","11","0","0","0","0","0","0","0","0","","0","0","0","","","0","N","0","","40 26:15.456","","7","79 46:12.183","0","0","0","0","2446","0","0","0","N","0","0","0","2","02446","0","","1.0","","1","N","N","N","0","","0","0","0","","3","","","2","0","1","0","0","0","0","2","0","2","03","03","","N","","","","","","","","","",""
"2024065876","2153","1","0","0","0","0","0","0","0","0","5","0","","02","7","2024","3","40.504556","-80.075111","2147","11","0","0","0","0","0","0","1","0","","0","0","0","","","0","N","0","","40 30:16.400","","0","80 04:30.400","0","0","0","0","2405","0","0","0","N","0","0","0","1","02215","0","","6.0","","9","N","N","N","2","","0","0","0","","0","","","3","0","0","0","0","0","0","2","0","3","07","","","N","","","","","","","","","",""
"2024064270","1259","1","0","0","0","0","0","0","0","0","7","0","","02","5","2024","6","40.412589","-79.840637","1257","11","0","0","0","0","0","0","0","0","","0","0","0","","","1","","2","","40 24:45.322","6","99","79 50:26.292","3","0","0","0","2417","0","0","0","N","0","0","0","4","02431","0","","4.0","1345.0","1","N","N","N","0","","1","0","2","","0","N","","3","1","0","0","0","0","0","2","0","3","03","","","N","","","","","","","","","",""
"2024067773","1425","0","0","0","0","0","0","0","0","0","0","0","","02","7","2024","5","40.360497","-80.04742","1422","11","0","0","0","0","0","1","0","0","","0","0","0","","","0","N","0","","40 21:37.790","1","0","80 02:50.711","0","0","0","0","2109","0","0","0","N","0","0","0","1","02109","0","","1.0","1502.0","1","N","N","N","0","","0","0","1","","0","N","","1","0","0","0","0","0","0","2","0","1","03","","","N","","","","","","","","","",""
"2024059491","1206","0","0","0","0","0","0","0","0","0","1","0","","02","7","2024","2","40.523444","-79.768359","1122","11","0","0","0","0","0","0","0","0","","0","0","0","","","0","","2","","40 31:24.397","1","0","79 46:06.091","0","0","0","0","2466","0","0","0","N","0","0","0","2","02466","0","","1.0","1206.0","1","N","N","N","0","","0","0","2","","3","N","","2","0","0","0","0","0","0","2","0","2","03","03","","N","","","","","","","","","",""
"2024065707","0712","0","0","0","0","0","0","0","0","0","7","0","","02","7","2024","3","40.353201","-79.837346","0712","11","0","0","0","0","0","1","0","0","","0","0","0","","","0","","2","","40 21:11.522","4","0","79 50:14.447","0","0","0","0","2304","0","0","0","N","0","0","0","1","02304","0","","5.0","735.0","9","N","N","N","0","","0","0","1","","2","N","","1","0","0","0","0","0","0","2","0","1","07","07","","N","","","","","","","","","",""
"2024060941","0222","0","0","0","0","0","0","0","0","0","7","0","","02","7","2024","7","40.511286","-79.937617","0220","11","0","0","0","0","0","0","0","0","","0","0","0","","","1","","3","","40 30:40.631","5","0","79 56:15.420","3","0","0","0","2118","0","0","0","Y","0","0","0","1","02118","0","","4.0","600.0","1","N","N","N","0","","1","0","1","","0","Y","","1","1","0","0","0","0","0","2","0","1","03","03","","N","","","","","","","","","",""
"2024063125","1430","1","0","0","0","0","0","0","0","0","4","0","","02","7","2024","1","40.354219","-79.913766","1425","11","0","0","0","0","0","0","0","0","","0","0","0","","","3","","1","","40 21:15.187","6","0","79 54:49.556","3","0","0","0","2473","0","0","0","N","0","0","0","3","02473","0","","1.0","1505.0","1","N","N","N","0","","3","0","1","","2","N","","2","3","0","0","0","0","0","2","0","2","03","03","","N","","","","","","","","","",""
"2024065633","0009","0","0","0","0","0","0","0","0","0","7","0","","02","6","2024","7","40.428417","-79.890537","2348","11","0","0","0","0","0","0","1","0","","0","0","0","","","0","Y","0","","40 25:42.300","","2","79 53:25.934","0","0","0","0","2426","0","0","0","Y","0","0","0","1","68B03","0","","7.0","","1","N","N","N","0","","0","0","1","","4","","","1","0","0","0","0","0","0","2","0","1","03","","","N","","","","","","","","","",""
"2024066063","0910","0","0","0","0","0","0","0","0","0","7","0","","02","7","2024","3","40.399608","-79.787083","0900","11","0","0","0","1","0","0","0","0","","0","0","0","","","0","N","0","","40 23:58.589","3","0","79 47:13.499","0","0","0","0","2446","0","0","0","N","0","0","0","3","02446","0","","4.0","1015.0","9","N","N","N","1","","0","0","0","","0","N","","1","0","0","0","0","0","0","2","0","1","07","07","","N","","","","","","","","","",""
"2024066605","1827","1","0","0","0","0","0","0","0","0","4","0","","02","8","2024","5","40.484435","-79.818878","1823","11","0","0","0","0","0","1","0","0","","0","0","0","","","0","N","0","","40 29:03.965","4","7","79 49:07.962","0","0","0","0","2113","0","0","0","N","0","0","0","2","02113","0","","1.0","1848.0","1","N","N","N","0","","0","0","1","","0","N","","2","0","0","0","0","0","0","2","0","2","03","","","N","","","","","","","","","",""
"2024067271","0904","0","0","0","0","0","0","0","0","0","7","0","","02","8","2024","6","40.472483","-80.004806","0850","11","0","0","0","0","0","0","0","0","","0","0","0","","","0","N","0","","40 28:20.940","2","0","80 00:17.303","0","0","0","0","2301","0","0","0","N","0","0","0","1","68B03","0","","2.0","941.0","9","N","N","N","1","","0","0","0","","0","N","","1","0","0","0","0","0","0","2","0","1","07","","","N","","","","","","","","","",""
"2024063193","2131","2","0","0","0","0","0","0","0","0","4","0","","02","7","2024","1","40.499992","-80.052496","2130","11","0","0","0","0","0","0","0","0","","0","0","0","","","0","","1","","40 29:59.971","7","0","80 03:08.987","0","0","0","0","2404","0","0","0","N","0","0","0","3","02404","0","","1.0","2150.0","1","N","N","N","0","","0","0","0","","3","N","","2","0","0","0","0","0","0","2","0","2","03","","","N","","","","","","","","","",""
"2024067487","0144","0","0","0","0","0","0","0","0","0","7","0","","02","8","2024","2","40.482917","-79.8375","0138","11","0","0","0","0","0","0","0","0","","0","0","0","","","1","N","0","","40 28:58.500","7","0","79 50:15.000","4","0","0","0","2113","0","0","0","N","0","0","0","2","02113","1","","4.0","232.0","1","N","N","N","0","","0","0","1","","0","N","","1","1","1","0","0","0","0","2","0","1","03","03","","N","","","","","","","","","",""
"2024064788","0121","1","0","0","0","0","0","0","0","0","5","0","","02","7","2024","6","40.306313","-79.894326","0114","11","0","0","0","0","0","0","0","0","","0","0","0","","","0","N","0","","40 18:22.727","","0","79 53:39.575","0","0","0","0","2302","0","0","0","N","0","0","0","1","02302","0","","6.0","","1","","","N","0","","0","0","2","","0","","","3","0","0","0","0","0","0","2","0","3","03","03","","N","","","","","","","","","",""
"2024043536","0044","1","0","0","0","0","0","0","0","0","7","0","","02","5","2024","7","40.584387","-80.079142","0040","11","0","1","0","0","0","0","0","0","","0","0","0","","","1","N","0","","40 35:03.794","","0","80 04:44.911","4","0","0","0","2481","0","0","0","N","0","0","0","1","02481","1","","4.0","","9","N","N","N","0","","0","0","0","","0","","","1","1","1","0","0","0","0","2","0","1","07","04","","N","","","","","","","","","",""
"2024064506","1600","1","0","0","0","0","0","0","0","0","1","0","","02","7","2024","4","40.645557","-80.030289","1600","11","0","0","0","0","0","0","1","0","","0","0","0","","","0","","2","","40 38:44.004","","0","80 01:49.041","0","0","0","0","2216","0","0","0","N","0","0","0","2","02505","0","","1.0","","1","N","N","N","0","","0","0","1","","0","","","2","0","0","0","0","0","0","2","0","2","03","","","N","","","","","","","","","",""