"CRN","ARRIVAL_TM","AUTOMOBILE_COUNT","BELTED_DEATH_COUNT","BELTED_SUSP_SERIOUS_INJ_COUNT","BICYCLE_COUNT","BICYCLE_DEATH_COUNT","BICYCLE_SUSP_SERIOUS_INJ_COUNT","BUS_COUNT","CHLDPAS_DEATH_COUNT","CHLDPAS_SUSP_SERIOUS_INJ_COUNT","COLLISION_TYPE","COMM_VEH_COUNT","CONS_ZONE_SPD_LIM","COUNTY","CRASH_MONTH","CRASH_YEAR","DAY_OF_WEEK","DEC_LATITUDE","DEC_LONGITUDE","DISPATCH_TM","DISTRICT","DRIVER_COUNT_16YR","DRIVER_COUNT_17YR","DRIVER_COUNT_18YR","DRIVER_COUNT_19YR","DRIVER_COUNT_20YR","DRIVER_COUNT_50_64YR","DRIVER_COUNT_65_74YR","DRIVER_COUNT_75PLUS","EST_HRS_CLOSED","FATAL_COUNT","HEAVY_TRUCK_COUNT","HORSE_BUGGY_COUNT","HOUR_OF_DAY","ILLUMINATION","INJURY_COUNT","INTERSECTION_RELATED","INTERSECT_TYPE","LANE_CLOSED","LATITUDE","LN_CLOSE_DIR","LOCATION_TYPE","LONGITUDE","MAX_SEVERITY_LEVEL","MCYCLE_DEATH_COUNT","MCYCLE_SUSP_SERIOUS_INJ_COUNT","MOTORCYCLE_COUNT","MUNICIPALITY","NONMOTR_COUNT","NONMOTR_DEATH_COUNT","NONMOTR_SUSP_SERIOUS_INJ_COUNT","NTFY_HIWY_MAINT","PED_COUNT","PED_DEATH_COUNT","PED_SUSP_SERIOUS_INJ_COUNT","PERSON_COUNT","POLICE_AGCY","POSSIBLE_INJ_COUNT","RDWY_SURF_TYPE_CD","RELATION_TO_ROAD","ROADWAY_CLEARED","ROAD_CONDITION","SCH_BUS_IND","SCH_ZONE_IND","SECONDARY_CRASH","SMALL_TRUCK_COUNT","SPEC_JURIS_CD","SUSP_MINOR_INJ_COUNT","SUSP_SERIOUS_INJ_COUNT","SUV_COUNT","TCD_FUNC_CD","TCD_TYPE","TFC_DETOUR_IND","TIME_OF_DAY","TOTAL_UNITS","TOT_INJ_COUNT","UNBELTED_OCC_COUNT","UNB_DEATH_COUNT","UNB_SUSP_SERIOUS_INJ_COUNT","UNK_INJ_DEG_COUNT","UNK_INJ_PER_COUNT","URBAN_RURAL","VAN_COUNT","VEHICLE_COUNT","WEATHER1","WEATHER2","WORKERS_PRES","WORK_ZONE_IND","WORK_ZONE_LOC","WORK_ZONE_TYPE","WZ_CLOSE_DETOUR","WZ_FLAGGER","WZ_LAW_OFFCR_IND","WZ_LN_CLOSURE","WZ_MOVING","WZ_OTHER","WZ_SHLDER_MDN","WZ_WORKERS_INJ_KILLED"
"2024067475","2311","2","0","0","0","0","0","0","0","0","4","0","","02","8","2024","1","40.445196","-79.858494","2309","11","0","0","0","0","0","0","0","0","","0","0","0","","","0","","1","","40 26:42.704","","0","79 51:30.577","0","0","0","0","2419","0","0","0","N","0","0","0","2","02419","0","","1.0","","1","N","N","N","0","","0","0","0","","2","","","2","0","0","0","0","0","0","2","0","2","03","03","","N","","","","","","","","","",""
"2024068650","1311","2","0","0","0","0","0","0","0","0","4","0","","02","7","2024","3","40.293355","-80.030779","1300","11","0","0","0","0","0","1","1","0","","0","0","0","","","1","N","0","","40 17:36.078","","7","80 01:50.804","8","0","0","0","2407","0","0","0","N","0","0","0","3","02407","0","","1.0","","1","N","N","N","0","","0","0","0","","0","","","2","1","0","0","0","1","0","2","0","2","03","","","N","","","","","","","","","",""
"2024061961","0943","0","0","0","0","0","0","0","0","0","7","0","","02","7","2024","4","40.326314","-80.11094","0940","11","0","0","0","0","0","0","1","0","","0","0","0","","","1","","2","","40 19:34.732","","0","80 06:39.383","8","0","0","0","2119","0","0","0","N","0","0","0","1","02119","0","","4.0","","1","N","N","Y","0","","0","0","1","","0","","","1","1","0","0","0","1","0","2","0","1","04","04","","N","","","","","","","","","",""
"2024060884","1626","0","0","0","0","0","0","0","0","0","4","0","","02","7","2024","6","40.607838","-80.088931","1621","11","0","0","1","0","0","0","0","0","","0","0","0","","","0","N","0","","40 36:28.217","","7","80 05:20.151","0","0","0","0","2481","0","0","0","N","0","0","0","2","02481","0","","1.0","","1","N","N","N","0","","0","0","2","","0","","","2","0","0","0","0","0","0","2","0","2","03","","","N","","","","","","","","","",""
"2024063161","1739","2","0","0","0","0","0","0","0","0","1","0","","02","7","2024","2","40.439733","-80.154524","1727","11","0","0","0","0","0","0","1","0","","0","0","0","","","2","N","0","","40 26:23.040","3","0","80 09:16.288","3","0","0","0","2115","0","0","0","N","0","0","0","5","68B03","0","","1.0","1810.0","1","N","N","N","0","","2","0","1","","0","N","","3","2","0","0","0","0","0","2","0","3","03","","","N","","","","","","","","","",""
"2024063412","0217","2","0","0","0","0","0","0","0","0","4","0","","02","7","2024","2","40.456424","-79.891884","0205","11","0","0","0","0","0","1","0","0","","0","0","0","","","1","","1","","40 27:23.127","3","0","79 53:30.784","3","0","0","0","2301","0","0","0","N","0","0","0","2","02301","0","","1.0","245.0","1","N","N","N","0","","1","0","0","","2","N","","2","1","0","0","0","0","0","2","0","2","03","","","N","","","","","","","","","",""
"2024061708","1357","2","0","0","0","0","0","0","0","0","4","0","","02","7","2024","3","40.555894","-80.038955","1351","11","0","0","0","0","0","1","1","0","","0","0","0","","","2","N","0","","40 33:21.217","1","7","80 02:20.238","3","0","0","0","2108","0","0","0","N","0","0","0","3","02108","0","","1.0","1405.0","1","N","N","N","0","","2","0","0","","0","N","","2","2","1","0","0","0","0","2","0","2","02","","","N","","","","","","","","","",""
"2024055083","1418","0","0","0","0","0","0","0","0","0","8","0","","02","6","2024","1","40.391944","-79.971194","1409","11","0","0","0","0","0","1","0","0","","0","0","0","","","1","N","0","","40 23:31.000","","0","79 58:16.300","3","0","0","0","2403","1","0","0","N","1","0","0","2","02403","0","","1.0","","1","N","N","N","0","","1","0","0","","0","","","2","1","0","0","0","0","0","2","1","1","03","03","","N","","","","","","","","","",""
"2024065107","0835","0","0","0","0","0","0","0","0","0","4","1","","02","7","2024","5","40.491549","-79.968555","0830","11","0","0","0","0","0","0","0","0","","0","1","0","","","0","N","0","","40 29:29.578","5","7","79 58:06.799","0","0","0","0","2118","0","0","0","N","0","0","0","3","02118","0","","1.0","905.0","1","N","N","N","0","","0","0","1","","0","N","","2","0","0","0","0","0","0","2","0","2","03","03","","N","","","","","","","","","",""
"2024060809","1153","0","0","0","0","0","0","0","0","0","7","1","","02","7","2024","2","40.362873","-80.000355","1150","11","0","0","0","0","0","1","0","0","","0","1","0","","","2","N","0","","40 21:46.344","","0","80 00:01.278","3","0","0","0","2476","0","0","0","N","0","0","0","2","02476","0","","4.0","","1","N","N","N","0","","2","0","0","","0","","","1","2","0","0","0","0","0","2","0","1","03","","","N","","","","","","","","","",""
"2024056800","1624","0","0","0","0","0","0","0","0","0","1","1","","02","6","2024","3","40.657842","-80.090324","1617","11","0","0","0","0","1","0","0","0","","0","1","0","","","0","N","0","","40 39:28.231","","0","80 05:25.167","0","0","0","0","2212","0","0","0","N","0","0","0","6","02505","0","","1.0","","1","N","N","Y","1","","0","0","0","","0","","","3","0","0","0","0","0","0","2","1","3","03","04","","N","","","","","","","","","",""
"2024065577","1547","1","0","0","0","0","0","0","0","0","4","0","","02","7","2024","7","40.622573","-79.726388","1543","11","0","0","0","0","0","0","0","1","","0","0","0","","","1","","3","","40 37:21.264","1","0","79 43:34.998","2","0","1","1","2106","0","0","0","N","0","0","0","3","02106","0","","1.0","1627.0","1","N","N","N","0","","0","1","0","","0","Y","","2","1","0","0","0","0","0","2","0","2","03","","","N","","","","","","","","","",""
"2024059177","0953","0","0","0","0","0","0","0","0","0","1","0","","02","7","2024","7","40.502267","-79.945241","0953","11","0","0","0","0","0","1","0","1","","0","0","0","","","0","","1","","40 30:08.160","","0","79 56:42.869","0","0","0","0","2430","0","0","0","N","0","0","0","2","02430","0","","1.0","","1","N","N","N","1","","0","0","1","","2","","","2","0","0","0","0","0","0","2","0","2","03","","","N","","","","","","","","","",""
"2024060846","2343","1","0","0","0","0","0","0","0","0","7","0","","02","5","2024","6","40.440529","-80.186813","2337","11","0","0","0","0","0","0","0","0","","0","0","0","","","0","N","0","","40 26:25.906","","0","80 11:12.525","0","0","0","0","2214","0","0","0","N","0","0","0","2","68B03","0","","2.0","","9","N","N","N","0","","0","0","0","","0","","","1","0","0","0","0","0","0","1","0","1","07","","","N","","","","","","","","","",""
"2024058377","1431","3","0","0","0","0","0","0","0","0","1","0","","02","6","2024","7","40.427114","-79.919634","1421","11","0","0","0","0","0","0","0","0","","0","0","0","","","0","N","0","","40 25:37.610","","0","79 55:10.682","0","0","0","0","2301","0","0","0","N","0","0","0","3","68B03","0","","1.0","","1","N","N","N","0","","0","0","0","","0","","","3","0","0","0","0","0","0","2","0","3","03","","","N","","","","","","","","","",""
"2024065181","1203","1","0","0","0","0","0","0","0","0","7","0","","02","7","2024","1","40.452828","-79.921378","1148","11","0","0","0","0","0","0","0","1","","0","0","0","","","0","N","0","","40 27:10.180","","0","79 55:16.960","0","0","0","0","2301","0","0","0","N","0","0","0","1","02301","0","","5.0","","1","N","N","N","0","","0","0","0","","0","","","1","0","0","0","0","0","0","2","0","1","03","","","N","","","","","","","","","",""
"2024067079","0918","0","0","0","0","0","0","0","0","0","4","0","","02","8","2024","7","40.460232","-79.842633","0918","11","0","0","0","0","0","0","0","0","","0","0","0","","","0","","1","","40 27:36.835","2","0","79 50:33.477","0","0","0","0","2113","0","0","0","N","0","0","0","2","02113","0","","1.0","940.0","1","N","N","N","1","","0","0","1","","0","Y","","2","0","0","0","0","0","0","2","0","2","03","03","","N","","","","","","","","","",""
"2024056443","1639","1","0","0","0","0","0","0","0","0","1","0","","02","6","2024","3","40.52375","-80.005489","1632","11","0","0","0","0","0","1","0","0","","0","0","0","","","0","N","0","","40 31:25.499","2","0","80 00:19.759","0","0","0","0","2116","0","0","0","N","0","0","0","2","02116","0","","1.0","1700.0","1","N","N","N","0","","0","0","1","","0","N","","2","0","0","0","0","0","0","2","0","2","03","","","N","","","","","","","","","",""
"2024050871","1427","1","0","0","0","0","0","0","0","0","4","0","","02","6","2024","2","40.486609","-80.053663","1424","11","0","0","0","0","0","0","0","0","","0","0","0","","","0","","2","","40 29:11.794","","0","80 03:13.186","0","0","0","0","2404","0","0","0","N","0","0","0","2","02404","0","","1.0","","1","N","N","N","0","","0","0","1","","0","N","","2","0","0","0","0","0","0","2","0","2","03","","","N","","","","","","","","","",""
"2024060687","1926","1","0","0","0","0","0","0","0","0","4","0","","02","7","2024","5","40.492854","-79.863035","1920","11","0","0","0","0","0","0","0","0","","0","0","0","","","0","","2","","40 29:34.274","","0","79 51:46.927","0","0","0","0","2408","0","0","0","N","0","0","0","2","02408","0","","1.0","","1","N","N","N","1","","0","0","0","","2","","","2","0","0","0","0","0","0","2","0","2","03","03","","N","","","","","","","","","",""
"2024062585","0948","0","0","0","0","0","0","0","0","0","1","0","","02","7","2024","6","40.460218","-79.823648","0946","11","0","0","0","0","0","0","0","0","","0","0","0","","","1","N","0","","40 27:36.783","5","0","79 49:25.132","3","0","0","0","2113","0","0","0","N","0","0","0","3","02113","0","","1.0","1022.0","1","N","N","Y","0","","1","0","3","","0","N","","3","1","0","0","0","0","0","2","0","3","03","03","","N","","","","","","","","","",""
"2024051984","1306","0","0","0","0","0","0","0","0","0","4","0","","02","6","2024","5","40.404824","-79.910664","1305","11","0","0","0","0","0","0","0","0","","0","0","0","","","1","","1","","40 24:17.365","","0","79 54:38.391","3","0","0","0","2438","0","0","0","N","0","0","0","2","02438","0","","1.0","","1","N","N","N","1","","1","0","1","","3","","","2","1","0","0","0","0","0","2","0","2","03","03","","N","","","","","","","","","",""
"2024058181","1645","1","0","0","0","0","0","0","0","0","1","0","","02","7","2024","4","40.34889","-79.939012","1640","11","0","0","0","0","0","0","0","0","","0","0","0","","","0","","2","","40 20:56.003","3","0","79 56:20.443","0","0","0","0","2473","0","0","0","N","0","0","0","2","02473","0","","1.0","1710.0","1","N","N","N","0","","0","0","1","","2","N","","2","0","0","0","0","0","0","2","0","2","03","98","","N","","","","","","","","","",""
"2024061295","1948","1","1","1","0","0","0","0","0","0","2","0","","02","7","2024","4","40.408084","-79.908838","1948","11","0","0","0","0","0","1","0","0","","1","0","0","","","8","N","0","","40 24:29.104","6","0","79 54:31.817","1","0","0","0","2438","0","0","0","N","0","0","0","10","02501","0","2","1.0","2121.0","1","N","N","N","0","0","7","1","3","","0","Y","","5","8","0","0","0","0","0","2","1","5","03","03","","N","","","","","","","","","",""
"2024051980","1245","0","0","0","0","0","0","0","0","0","1","0","","02","6","2024","3","40.437519","-79.972587","1232","11","0","0","0","0","0","0","0","0","","0","0","0","","","2","Y","0","","40 26:15.070","","3","79 58:21.314","3","0","0","0","2301","0","0","0","N","0","0","0","2","02301","1","","1.0","","1","N","N","N","0","","1","0","2","","2","","","2","2","0","0","0","0","0","2","0","2","03","03","","N","","","","","","","","","",""
"2024066957","0230","1","0","0","0","0","0","0","0","0","4","0","","02","6","2024","1","40.44828","-80.01045","0230","11","0","0","0","0","0","0","0","0","","0","0","0","","","2","","1","","40 26:53.808","7","0","80 00:37.621","3","0","0","0","2301","0","0","0","N","0","0","0","2","02301","0","","1.0","300.0","1","N","N","N","1","","2","0","0","","2","N","","2","2","0","0","0","0","0","2","0","2","03","03","","N","","","","","","","","","",""
"2024054064","1720","1","0","0","0","0","0","0","0","0","4","0","","02","6","2024","2","40.545284","-80.030741","1716","11","0","0","0","0","0","1","0","0","","0","0","0","","","1","","2","","40 32:43.024","2","0","80 01:50.667","8","0","0","0","2116","0","0","0","N","0","0","0","3","02116","0","","1.0","1750.0","1","N","N","N","1","","0","0","0","","0","N","","2","1","0","0","0","1","0","2","0","2","03","03","","N","","","","","","","","","",""
"2024056913","1619","0","0","0","0","0","0","0","0","0","4","1","","02","6","2024","5","40.425416","-79.754442","1617","11","0","0","1","0","0","0","0","0","","0","1","0","","","1","","3","","40 25:31.497","2","0","79 45:15.992","3","0","0","0","2446","0","0","0","N","0","0","0","3","02446","0","","1.0","1730.0","1","N","N","N","0","","1","0","1","","2","N","","2","1","0","0","0","0","0","2","0","2","03","","","N","","","","","","","","","",""
"2024063668","1225","1","0","0","0","0","0","0","0","0","6","0","","02","7","2024","2","40.441193","-80.040109","1222","11","0","0","0","0","0","0","0","0","","0","0","0","","","0","N","0","","40 26:28.295","6","0","80 02:24.391","0","0","0","0","2301","0","0","0","N","0","0","0","2","02301","0","","1.0","1256.0","9","N","N","N","0","","0","0","1","","0","N","","2","0","0","0","0","0","0","2","0","2","07","","","N","","","","","","","","","",""
"2024056571","1543","0","0","0","0","0","0","0","0","0","6","0","","02","6","2024","6","40.634254","-80.058191","1539","11","0","0","0","0","0","1","0","1","","0","0","0","","","0","N","1","","40 38:03.314","4","0","80 03:29.488","0","0","0","0","2216","0","0","0","N","0","0","0","4","02505","0","","1.0","1609.0","1","N","N","N","2","","0","0","1","","2","Y","","3","0","0","0","0","0","0","2","0","3","03","03","","N","","","","","","","","","",""
"2024065008","1650","0","0","0","0","0","0","0","0","0","4","0","","02","7","2024","6","40.436691","-79.836671","1648","11","0","0","0","0","0","2","0","0","","0","0","0","","","1","","1","","40 26:12.087","","0","79 50:12.015","4","0","0","0","2419","0","0","0","N","0","0","0","4","02419","1","","1.0","","1","N","N","N","0","","0","0","2","","3","","","2","1","0","0","0","0","0","2","0","2","03","","","N","","","","","","","","","",""
"2024054023","1240","0","0","0","0","0","0","0","0","0","4","0","","02","6","2024","4","40.448944","-80.162798","1236","11","0","0","0","0","0","0","0","0","","0","0","0","","","0","N","0","","40 26:56.198","","7","80 09:46.073","0","0","0","0","2115","0","0","0","N","0","0","0","3","02115","0","","1.0","","1","N","N","N","0","","0","0","2","","0","","","2","0","0","0","0","0","0","2","0","2","03","03","","N","","","","","","","","","",""
"2024061358","1355","1","0","0","0","0","0","0","0","0","4","0","","02","7","2024","2","40.570752","-80.002803","1348","11","1","0","0","0","0","0","0","0","","0","0","0","","","0","","1","","40 34:14.708","","0","80 00:10.091","0","0","0","0","2108","0","0","0","N","0","0","0","5","02108","0","","1.0","","1","N","N","N","0","","0","0","1","","2","","","2","0","0","0","0","0","0","2","0","2","03","03","","N","","","","","","","","","",""
"2024057850","0247","1","0","0","0","0","0","0","0","0","4","1","","02","6","2024","7","40.439997","-80.084005","0247","11","0","0","0","0","0","0","0","0","","0","1","0","","","0","","3","","40 26:23.988","3","0","80 05:02.418","0","0","0","0","2115","0","0","0","N","0","0","0","2","02115","0","","1.0","312.0","1","N","N","N","0","","0","0","0","","0","N","","2","0","0","0","0","0","0","2","0","2","03","","","N","","","","","","","","","",""
"2024058395","1604","0","0","0","0","0","0","0","0","0","2","0","","02","6","2024","1","40.429674","-79.885562","1556","11","0","0","0","0","0","0","0","0","","0","0","0","","","0","N","0","","40 25:46.827","4","0","79 53:08.024","0","0","0","0","2426","0","0","0","N","0","0","0","5","68B03","0","","1.0","1633.0","1","N","N","N","0","","0","0","3","","0","N","","3","0","0","0","0","0","0","2","0","3","03","","","N","","","","","","","","","",""
"2024065309","2238","0","0","0","0","0","0","0","0","0","1","0","","02","7","2024","1","40.338255","-79.889157","2237","11","0","0","0","0","0","0","0","0","","0","0","0","","","0","N","0","","40 20:17.719","5","0","79 53:20.965","0","0","0","0","2433","0","0","0","N","0","0","0","1","02433","0","","6.0","2327.0","1","N","N","N","0","","0","0","2","","0","Y","","2","0","0","0","0","0","0","2","0","2","03","","","N","","","","","","","","","",""
"2024058625","1524","0","0","0","0","0","0","0","0","0","1","0","","02","7","2024","3","40.443309","-80.161231","1516","11","0","0","0","0","0","0","0","0","","0","0","0","","","0","N","0","","40 26:35.911","","0","80 09:40.432","0","0","0","0","2115","0","0","0","N","0","0","0","3","68B03","0","","1.0","","1","N","N","N","2","","0","0","0","","0","","","3","0","0","0","0","0","0","2","1","3","03","","","N","","","","","","","","","",""
"2024064446","0820","0","0","0","0","0","0","0","0","0","1","0","99","02","7","2024","4","40.535445","-80.073136","0820","11","0","0","0","0","0","0","0","0","","0","0","0","","","0","N","0","","40 32:07.603","3","0","80 04:23.291","0","0","0","0","2215","0","0","0","N","0","0","0","2","02215","0","","1.0","900.0","1","N","N","N","0","","0","0","2","","0","N","","2","0","0","0","0","0","0","2","0","2","03","03","Y","Y","3","2","","Y","N","","","","","N"
"2024066095","1525","1","0","0","0","0","0","0","0","0","4","0","","02","7","2024","3","40.374211","-80.073956","1520","11","0","0","0","0","1","0","0","0","","0","0","0","","","1","N","0","","40 22:27.160","3","0","80 04:26.240","3","0","0","0","2109","0","0","0","N","0","0","0","2","02109","0","","1.0","1610.0","9","N","N","N","0","","1","0","1","","0","N","","2","1","0","0","0","0","0","2","0","2","07","03","","N","","","","","","","","","",""
"2024052406","1919","1","0","0","0","0","0","0","0","0","4","0","","02","6","2024","6","40.409424","-80.081716","1915","11","0","0","0","0","0","1","0","0","","0","0","0","","","0","","1","","40 24:33.927","","0","80 04:54.178","0","0","0","0","2415","0","0","0","N","0","0","0","4","02415","0","","1.0","","1","N","N","N","0","","0","0","1","","2","N","","2","0","0","0","0","0","0","2","0","2","03","03","","N","","","","","","","","","",""
"2024055276","1539","0","0","0","0","0","0","0","0","0","1","0","","02","6","2024","2","40.318975","-80.087824","1539","11","0","0","1","1","0","0","0","0","","0","0","0","","","0","N","0","","40 19:08.311","1","0","80 05:16.168","0","0","0","0","2123","0","0","0","N","0","0","0","3","02123","0","","1.0","1608.0","1","N","N","N","0","","0","0","2","","0","N","","2","0","0","0","0","0","0","2","0","2","03","","","N","","","","","","","","","",""
"2024061178","0359","1","0","0","0","0","0","0","0","0","7","0","","02","7","2024","5","40.38352","-79.902218","0359","11","0","0","0","0","0","0","0","0","","0","0","0","","","0","","1","","40 23:00.671","","0","79 54:07.985","0","0","0","0","2448","0","0","0","N","0","0","0","1","02448","0","","4.0","","1","N","N","N","0","","0","0","0","","3","","","1","0","0","0","0","0","0","2","0","1","03","03","","N","","","","","","","","","",""
"2024061780","1335","1","0","0","0","0","0","0","0","0","4","0","","02","7","2024","6","40.371393","-80.077474","1332","11","0","0","0","0","0","1","0","1","","0","0","0","","","0","","2","","40 22:17.014","2","0","80 04:38.907","0","0","0","0","2109","0","0","0","N","0","0","0","3","02109","0","","1.0","1405.0","1","N","N","N","0","","0","0","1","","3","N","","2","0","0","0","0","0","0","2","0","2","03","03","","N","","","","","","","","","",""
"2024056996","1921","1","0","0","0","0","0","0","0","0","7","0","","02","6","2024","3","40.365522","-79.913145","1901","11","0","0","0","1","0","0","0","0","","0","0","0","","","0","","1","","40 21:55.880","","0","79 54:47.322","0","0","0","0","2301","0","0","0","N","0","0","0","1","02301","0","","5.0","","1","N","N","N","0","","0","0","0","","0","","","1","0","0","0","0","0","0","2","0","1","03","","","N","","","","","","","","","",""
"2024051580","1430","0","0","0","0","0","0","0","0","0","7","0","","02","6","2024","3","40.461187","-79.870244","1420","11","0","0","0","0","0","1","0","0","","0","0","0","","","0","","1","","40 27:40.274","","0","79 52:12.878","0","0","0","0","2113","0","0","0","N","0","0","0","1","02113","0","","4.0","","1","N","N","N","0","","0","0","0","","0","","","1","0","0","0","0","0","0","2","1","1","03","03","","N","","","","","","","","","",""
"2024068498","0643","0","0","0","0","0","0","0","0","0","1","0","","02","8","2024","5","40.503469","-80.20935","0640","11","0","0","0","0","0","1","0","0","","0","0","0","","","0","","2","","40 30:12.489","","0","80 12:33.660","0","0","0","0","2213","0","0","0","N","0","0","0","2","02213","0","","1.0","","1","N","N","N","0","","0","0","2","","0","","","2","0","0","0","0","0","0","2","0","2","03","","","N","","","","","","","","","",""
"2024059288","2003","1","0","1","0","0","0","0","0","0","7","0","","02","6","2024","2","40.550639","-80.098973","1959","11","0","0","0","0","0","0","0","0","","0","0","0","","","2","N","0","","40 33:02.299","","0","80 05:56.304","2","0","0","0","2215","0","0","0","N","0","0","0","4","02215","1","","2.0","","1","N","N","Y","0","","0","1","1","","0","","","2","2","0","0","0","0","0","2","0","2","04","04","","N","","","","","","","","","",""
"2024057728","1534","0","0","0","0","0","0","0","0","0","1","0","","02","7","2024","2","40.462069","-79.98194","1533","11","0","0","0","0","0","0","0","0","","0","0","0","","","0","N","0","","40 27:43.450","7","0","79 58:54.983","9","0","0","0","2301","0","0","0","N","0","0","0","2","02301","0","","1.0","100.0","1","N","N","N","0","","0","0","2","","0","N","","2","0","0","0","0","0","1","2","0","2","03","03","","N","","","","","","","","","",""
"2024055394","1902","1","0","1","0","0","0","0","0","0","7","0","","02","6","2024","2","40.337726","-79.895109","1848","11","0","0","0","0","0","1","0","0","","0","0","0","","","2","N","0","","40 20:15.813","7","0","79 53:42.394","2","0","0","0","2473","0","0","0","Y","0","0","0","2","02473","0","","2.0","2000.0","1","N","N","N","0","","1","1","1","","0","Y","","2","2","0","0","0","0","0","2","0","2","03","03","","N","","","","","","","","","",""
"2024067705","2014","2","0","0","0","0","0","0","0","0","5","0","","02","7","2024","5","40.646818","-80.095601","1947","11","0","0","0","0","0","0","0","0","","0","0","0","","","1","N","0","","40 38:48.544","1","0","80 05:44.163","3","0","0","0","2212","0","0","0","Y","0","0","0","5","68B03","0","","1.0","2100.0","9","N","N","N","0","","1","0","0","","0","N","","2","1","0","0","0","0","0","2","0","2","07","","","N","","","","","","","","","",""
"2024056090","2250","1","0","0","0","0","0","0","0","0","1","0","","02","6","2024","2","40.362142","-79.858018","2245","11","0","0","0","0","0","0","0","0","","0","0","0","","","0","N","0","","40 21:43.711","","0","79 51:28.864","9","0","0","0","2473","0","0","0","N","0","0","0","1","02473","0","","6.0","","1","N","N","N","0","","0","0","2","","0","","","3","0","0","0","0","0","1","2","0","3","03","03","","N","","","","","","","","","",""
"2024054737","0430","0","0","0","0","0","0","0","0","0","7","0","","02","6","2024","6","40.450778","-79.974361","0404","11","0","0","0","0","0","0","0","0","","0","0","0","","","0","N","0","","40 27:02.800","","7","79 58:27.700","0","0","0","0","2301","0","0","0","N","0","0","0","2","02301","0","","9.0","","1","N","N","N","0","","0","0","1","","9","","","1","0","0","0","0","0","0","2","0","1","03","03","","N","","","","","","","","","",""
"2024051930","0918","1","0","0","0","0","0","0","0","0","4","0","","02","6","2024","5","40.455299","-79.717471","0915","11","0","0","0","0","0","2","0","0","","0","0","0","","","0","","3","","40 27:19.078","4","0","79 43:02.894","0","0","0","0","2466","0","0","0","N","0","0","0","2","02466","0","","1.0","951.0","1","N","N","N","0","","0","0","1","","3","N","","2","0","0","0","0","0","0","2","0","2","03","03","","N","","","","","","","","","",""
"2024058143","1421","1","0","0","0","0","0","0","0","0","1","0","","02","6","2024","3","40.428918","-79.999405","1414","11","0","0","0","0","0","1","0","0","","0","0","0","","","0","N","0","","40 25:44.105","1","4","79 59:57.859","0","0","0","0","2301","0","0","0","N","0","0","0","2","02301","0","","1.0","1442.0","1","N","N","N","0","","0","0","1","","0","N","","2","0","0","0","0","0","0","2","0","2","03","","","N","","","","","","","","","",""
"2024067287","2317","1","0","0","0","0","0","0","0","0","0","1","","02","7","2024","7","40.472838","-79.765776","2251","11","0","0","0","0","0","1","0","0","","0","1","0","","","0","N","0","","40 28:22.216","4","0","79 45:56.794","0","0","0","0","2466","0","0","0","N","0","0","0","2","68T02","0","","1.0","2310.0","1","N","N","N","0","","0","0","0","","0","N","","2","0","0","0","0","0","0","2","0","2","03","03","","N","","","","","","","","","",""
"2024059118","1705","1","0","0","0","0","0","0","0","0","2","0","","02","6","2024","3","40.511281","-80.094331","1704","11","0","0","0","0","0","0","0","0","","0","0","0","","","2","N","0","","40 30:40.611","2","0","80 05:39.592","3","0","0","0","2429","0","0","0","N","0","0","0","2","02215","0","","1.0","1739.0","1","N","N","N","0","","1","0","1","","0","N","","2","2","0","0","0","1","0","2","0","2","03","","","N","","","","","","","","","",""
"2024058381","1901","2","0","0","0","0","0","0","0","0","1","0","","02","6","2024","5","40.435478","-79.967656","1739","11","0","0","1","0","0","0","0","0","","0","0","0","","","3","N","0","","40 26:07.721","4","0","79 58:03.562","3","0","0","0","2301","0","0","0","N","0","0","0","5","68B03","0","","1.0","1850.0","1","N","N","N","0","","3","0","2","","0","N","","4","3","0","0","0","0","0","2","0","4","03","03","","N","","","","","","","","","",""
"2024057824","1519","2","0","0","0","0","0","0","0","0","5","0","","02","6","2024","6","40.346329","-79.97349","1516","11","0","0","1","0","0","1","0","0","","0","0","0","","","0","","1","","40 20:46.783","2","0","79 58:24.563","0","0","0","0","2476","0","0","0","N","0","0","0","3","02476","0","","1.0","1522.0","1","N","N","N","0","","0","0","0","","2","N","","2","0","0","0","0","0","0","2","0","2","03","","","N","","","","","","","","","",""
"2024056510","1037","0","0","0","0","0","0","0","0","0","4","1","","02","6","2024","3","40.339826","-80.054694","1031","11","0","0","0","0","0","1","0","0","","0","1","0","","","0","","1","","40 20:23.372","","0","80 03:16.897","0","0","0","0","2407","0","0","0","N","0","0","0","2","02407","0","","1.0","","1","N","N","N","0","","0","0","1","","2","","","2","0","0","0","0","0","0","2","0","2","03","","","N","","","","","","","","","",""
"2024054922","0915","0","0","0","0","0","0","0","0","0","7","0","","02","6","2024","3","40.323982","-80.12376","0853","11","1","0","0","0","0","0","0","0","","0","0","0","","","1","N","0","","40 19:26.336","","0","80 07:25.537","3","0","0","0","2119","0","0","0","N","0","0","0","1","02119","0","","5.0","","3","N","N","N","0","","1","0","1","","0","","","1","1","0","0","0","0","0","2","0","1","03","03","","N","","","","","","","","","",""
"2024057679","1517","0","0","0","0","0","0","0","0","0","4","0","","02","6","2024","5","40.361671","-80.069898","1517","11","1","0","0","0","0","0","0","0","","0","0","0","","","1","","2","","40 21:42.016","6","0","80 04:11.633","3","0","0","0","2123","0","0","0","N","0","0","0","3","02123","0","","1.0","1619.0","1","N","N","N","0","","1","0","2","","3","N","","2","1","0","0","0","0","0","2","0","2","03","04","","N","","","","","","","","","",""