"CRN","ARRIVAL_TM","AUTOMOBILE_COUNT","BELTED_DEATH_COUNT","BELTED_SUSP_SERIOUS_INJ_COUNT","BICYCLE_COUNT","BICYCLE_DEATH_COUNT","BICYCLE_SUSP_SERIOUS_INJ_COUNT","BUS_COUNT","CHLDPAS_DEATH_COUNT","CHLDPAS_SUSP_SERIOUS_INJ_COUNT","COLLISION_TYPE","COMM_VEH_COUNT","CONS_ZONE_SPD_LIM","COUNTY","CRASH_MONTH","CRASH_YEAR","DAY_OF_WEEK","DEC_LATITUDE","DEC_LONGITUDE","DISPATCH_TM","DISTRICT","DRIVER_COUNT_16YR","DRIVER_COUNT_17YR","DRIVER_COUNT_18YR","DRIVER_COUNT_19YR","DRIVER_COUNT_20YR","DRIVER_COUNT_50_64YR","DRIVER_COUNT_65_74YR","DRIVER_COUNT_75PLUS","EST_HRS_CLOSED","FATAL_COUNT","HEAVY_TRUCK_COUNT","HORSE_BUGGY_COUNT","HOUR_OF_DAY","ILLUMINATION","INJURY_COUNT","INTERSECTION_RELATED","INTERSECT_TYPE","LANE_CLOSED","LATITUDE","LN_CLOSE_DIR","LOCATION_TYPE","LONGITUDE","MAX_SEVERITY_LEVEL","MCYCLE_DEATH_COUNT","MCYCLE_SUSP_SERIOUS_INJ_COUNT","MOTORCYCLE_COUNT","MUNICIPALITY","NONMOTR_COUNT","NONMOTR_DEATH_COUNT","NONMOTR_SUSP_SERIOUS_INJ_COUNT","NTFY_HIWY_MAINT","PED_COUNT","PED_DEATH_COUNT","PED_SUSP_SERIOUS_INJ_COUNT","PERSON_COUNT","POLICE_AGCY","POSSIBLE_INJ_COUNT","RDWY_SURF_TYPE_CD","RELATION_TO_ROAD","ROADWAY_CLEARED","ROAD_CONDITION","SCH_BUS_IND","SCH_ZONE_IND","SECONDARY_CRASH","SMALL_TRUCK_COUNT","SPEC_JURIS_CD","SUSP_MINOR_INJ_COUNT","SUSP_SERIOUS_INJ_COUNT","SUV_COUNT","TCD_FUNC_CD","TCD_TYPE","TFC_DETOUR_IND","TIME_OF_DAY","TOTAL_UNITS","TOT_INJ_COUNT","UNBELTED_OCC_COUNT","UNB_DEATH_COUNT","UNB_SUSP_SERIOUS_INJ_COUNT","UNK_INJ_DEG_COUNT","UNK_INJ_PER_COUNT","URBAN_RURAL","VAN_COUNT","VEHICLE_COUNT","WEATHER1","WEATHER2","WORKERS_PRES","WORK_ZONE_IND","WORK_ZONE_LOC","WORK_ZONE_TYPE","WZ_CLOSE_DETOUR","WZ_FLAGGER","WZ_LAW_OFFCR_IND","WZ_LN_CLOSURE","WZ_MOVING","WZ_OTHER","WZ_SHLDER_MDN","WZ_WORKERS_INJ_KILLED"
"2024060334","1645","1","0","0","0","0","0","0","0","0","1","0","","02","7","2024","4","40.313251","-79.938719","1644","11","0","0","0","0","0","1","2","0","","0","0","0","","","2","","1","","40 18:47.703","2","0","79 56:19.388","8","0","0","0","2440","0","0","0","N","0","0","0","4","02440","0","","1.0","1758.0","1","N","N","N","0","","0","0","2","","2","N","","3","2","0","0","0","2","0","2","0","3","03","","","N","","","","","","","","","",""
"2024057819","1725","1","0","0","0","0","0","0","0","0","4","0","","02","7","2024","3","40.445209","-79.991842","1725","11","0","0","0","0","0","1","0","0","","0","0","0","","","1","","2","","40 26:42.754","4","1","79 59:30.630","3","0","0","0","2301","0","0","0","N","0","0","0","2","02301","0","","1.0","1800.0","1","N","N","N","0","","1","0","1","","0","N","","2","1","0","0","0","0","0","2","0","2","03","","","N","","","","","","","","","",""
"2024065888","1442","0","0","0","0","0","0","0","0","0","7","0","","02","7","2024","4","40.328303","-80.05575","1433","11","0","0","0","1","0","0","0","0","","0","0","0","","","1","N","0","","40 19:41.890","6","0","80 03:20.700","4","0","0","0","2407","0","0","0","N","0","0","0","1","02407","1","","4.0","1525.0","1","N","N","N","1","","0","0","0","","0","Y","","1","1","0","0","0","0","0","2","0","1","03","","","N","","","","","","","","","",""
"2024061553","1150","0","0","0","0","0","0","0","0","0","4","0","","02","7","2024","2","40.449456","-80.107355","1146","11","0","0","0","0","0","0","0","0","","0","0","0","","","1","","1","","40 26:58.043","3","0","80 06:26.477","2","0","1","1","2115","0","0","0","N","0","0","0","2","02115","0","","1.0","1228.0","1","N","N","N","0","","0","1","1","","2","N","","2","1","0","0","0","0","0","2","0","2","03","03","","N","","","","","","","","","",""
"2024060390","1616","2","0","0","0","0","0","0","0","0","1","0","","02","7","2024","5","40.562443","-79.961354","1612","11","0","0","0","0","0","0","0","0","","0","0","0","","","0","N","0","","40 33:44.796","","0","79 57:40.874","0","0","0","0","2207","0","0","0","N","0","0","0","1","02207","0","","1.0","","1","N","N","N","0","","0","0","0","","0","","","2","0","1","0","0","0","0","2","0","2","04","04","","N","","","","","","","","","",""
"2024050998","2300","1","0","0","0","0","0","0","0","0","5","0","","02","6","2024","2","40.344462","-79.962138","2257","11","0","0","0","0","0","0","0","0","","0","0","0","","","2","N","0","","40 20:40.062","4","0","79 57:43.696","2","0","0","0","2454","0","0","0","N","0","0","0","2","02454","0","","1.0","49.0","1","N","N","N","0","","1","1","3","","0","Y","","4","2","0","0","0","0","0","2","0","4","03","03","","N","","","","","","","","","",""
"2024066779","1139","0","0","0","0","0","0","0","0","0","1","0","","02","6","2024","7","40.327674","-80.066145","1139","11","0","0","0","0","0","1","1","0","","0","0","0","","","1","Y","0","","40 19:39.627","","0","80 03:58.123","3","0","0","0","2123","0","0","0","N","0","0","0","3","02123","0","","1.0","","1","N","N","N","1","","1","0","1","","0","","","2","1","0","0","0","0","0","2","0","2","03","","","N","","","","","","","","","",""
"2024063028","2153","1","0","0","0","0","0","0","0","0","4","0","","02","7","2024","7","40.595232","-80.047651","2152","11","0","0","0","0","0","0","0","0","","0","0","0","","","1","","1","","40 35:42.835","1","0","80 02:51.543","3","0","0","0","2108","0","0","0","Y","0","0","0","3","02108","0","","1.0","2242.0","1","N","N","N","1","","1","0","0","","2","Y","","2","1","0","0","0","0","0","2","0","2","03","03","","N","","","","","","","","","",""
"2024054754","1310","1","0","0","0","0","0","0","0","0","5","0","","02","6","2024","6","40.399045","-79.834968","1301","11","0","1","0","0","0","0","0","0","","0","0","0","","","0","","1","","40 23:56.562","1","0","79 50:05.885","0","0","0","0","2425","0","0","0","N","0","0","0","2","02515","0","","1.0","9999.0","1","N","N","N","0","","0","0","1","","2","N","","2","0","0","0","0","0","0","2","0","2","03","03","","N","","","","","","","","","",""
"2024054676","0207","0","0","0","0","0","0","0","0","0","7","0","99","02","6","2024","6","40.450101","-80.109915","0202","11","0","0","0","0","0","0","0","0","","0","0","0","","","1","N","0","","40 27:00.362","4","0","80 06:35.695","3","0","0","0","2115","0","0","0","Y","0","0","0","1","02115","0","","4.0","311.0","1","N","N","N","0","","1","0","1","","0","N","","1","1","0","0","0","0","0","2","0","1","03","","N","Y","3","1","","","Y","Y","","","","N"
"2024060939","1525","2","0","0","0","0","0","0","0","0","2","0","","02","7","2024","2","40.433683","-79.796886","1523","11","0","0","0","0","0","0","0","0","","0","0","0","","","1","N","0","","40 26:01.257","3","0","79 47:48.789","4","0","0","0","2446","0","0","0","N","0","0","0","2","02446","1","","1.0","1605.0","1","N","N","N","0","","0","0","0","","0","Y","","2","1","1","0","0","0","0","2","0","2","03","98","","N","","","","","","","","","",""
"2024060249","0336","0","0","0","0","0","0","0","0","0","7","0","","02","7","2024","1","40.287667","-79.992701","0330","11","0","0","0","0","0","1","0","0","","0","0","0","","","1","N","0","","40 17:15.602","","0","79 59:33.723","3","0","0","0","2219","0","0","0","N","0","0","0","1","02219","0","","4.0","","1","N","N","N","1","","1","0","0","","0","","","1","1","0","0","0","0","0","2","0","1","03","03","","N","","","","","","","","","",""
"2024066430","1844","2","0","0","0","0","0","0","0","0","5","0","","02","4","2024","3","40.443666","-79.840305","1836","11","0","0","0","0","0","0","0","0","","0","0","0","","","1","N","0","","40 26:37.198","3","0","79 50:25.097","8","0","0","0","2419","0","0","0","N","0","0","0","2","68B03","0","","1.0","100.0","1","N","N","N","0","","0","0","0","","0","N","","2","1","0","0","0","1","1","2","0","2","03","03","","N","","","","","","","","","",""
"2024058901","1813","0","0","0","0","0","0","0","0","0","1","0","","02","7","2024","2","40.353997","-79.911502","1803","11","0","0","0","0","0","0","0","0","","0","0","0","","","4","N","0","","40 21:14.388","","0","79 54:41.406","4","0","0","0","2473","0","0","0","N","0","0","0","8","02473","4","","1.0","","1","N","N","N","0","","0","0","2","","0","","","2","4","0","0","0","0","0","2","0","2","03","03","","N","","","","","","","","","",""
"2024065349","0359","0","0","0","0","0","0","0","0","0","7","0","","02","5","2024","5","40.592951","-80.095732","0337","11","0","0","0","0","0","0","0","0","","0","0","0","","","0","N","0","","40 35:34.625","","0","80 05:44.635","0","0","0","0","2481","0","0","0","N","0","0","0","2","68B03","0","","4.0","","9","N","N","N","0","","0","0","1","","0","","","1","0","0","0","0","0","0","2","0","1","07","","","N","","","","","","","","","",""
"2024056776","1418","1","0","0","0","0","0","0","0","0","1","0","","02","6","2024","5","40.353042","-79.917146","1418","11","0","0","0","1","0","1","0","0","","0","0","0","","","0","","2","","40 21:10.951","3","0","79 55:01.726","0","0","0","0","2473","0","0","0","N","0","0","0","4","02473","0","","1.0","1500.0","1","N","N","N","0","","0","0","2","","2","N","","3","0","0","0","0","0","0","2","0","3","03","03","","N","","","","","","","","","",""
"2024065545","2106","1","0","0","0","0","0","0","0","0","7","0","","02","7","2024","1","40.368256","-80.012481","2104","11","0","0","0","0","0","0","0","0","","0","0","0","","","1","N","0","","40 22:05.722","5","0","80 00:44.933","8","0","0","0","2416","0","0","0","N","0","0","0","1","02416","0","","2.0","2200.0","1","N","N","N","0","","0","0","0","","0","N","","1","1","0","0","0","1","0","2","0","1","03","03","","N","","","","","","","","","",""
"2024059078","1916","1","0","0","0","0","0","0","0","0","7","0","","02","7","2024","1","40.505878","-79.813133","1912","11","0","0","0","0","0","1","0","0","","0","0","0","","","1","N","0","","40 30:21.160","","0","79 48:47.280","3","0","0","0","2113","0","0","0","N","0","0","0","1","02113","0","","4.0","","1","N","N","N","0","","1","0","0","","0","","","1","1","0","0","0","0","0","2","0","1","03","03","","N","","","","","","","","","",""
"2024058366","0654","0","0","0","0","0","0","0","0","0","1","0","","02","4","2024","5","40.411788","-80.068208","0644","11","0","0","0","0","0","0","0","0","","0","0","0","","","1","N","0","","40 24:42.438","","0","80 04:05.549","3","0","0","0","2435","0","0","0","N","0","0","0","4","68B03","0","","1.0","","1","N","N","N","2","","1","0","1","","0","","","3","1","0","0","0","0","0","2","0","3","03","03","","N","","","","","","","","","",""
"2024062240","0238","2","0","0","0","0","0","0","0","0","1","0","","02","7","2024","5","40.354147","-79.836602","0238","11","0","0","0","0","0","0","0","0","","0","0","0","","","0","N","0","","40 21:14.928","","7","79 50:11.766","0","0","0","0","2304","0","0","0","N","0","0","0","4","02304","0","","1.0","","1","N","N","N","0","","0","0","0","","2","","","2","0","0","0","0","0","0","2","0","2","03","03","","N","","","","","","","","","",""
"2024062171","1541","0","0","0","0","0","0","0","0","0","0","0","","02","7","2024","5","40.340226","-80.025819","1541","11","0","1","0","0","0","0","0","0","","0","0","0","","","0","N","0","","40 20:24.812","5","0","80 01:32.947","0","0","0","0","2407","0","0","0","Y","0","0","0","1","02407","0","","1.0","1700.0","1","N","N","N","1","","0","0","0","","0","Y","","1","0","0","0","0","0","0","2","0","1","03","","","N","","","","","","","","","",""
"2024053372","1031","1","0","0","0","0","0","0","0","0","7","0","","02","2","2024","1","40.469028","-79.895694","1023","11","0","0","0","0","0","0","0","0","","0","0","0","","","0","N","0","","40 28:08.500","3","0","79 53:44.500","0","0","0","0","2301","0","0","0","N","0","0","0","1","02301","0","","4.0","1031.0","1","N","N","N","0","","0","0","0","","0","N","","1","0","0","0","0","0","0","2","0","1","03","03","","N","","","","","","","","","",""
"2024062869","1756","0","0","0","0","0","0","0","0","0","1","0","","02","6","2024","3","40.413256","-80.064955","1743","11","0","0","0","0","0","0","0","0","","0","0","0","","","1","N","0","","40 24:47.720","","0","80 03:53.838","8","0","0","0","2435","0","0","0","N","0","0","0","8","68B03","0","","1.0","","9","N","N","N","0","","0","0","3","","0","","","3","1","0","0","0","1","0","2","0","3","07","","","N","","","","","","","","","",""
"2024061297","1137","1","0","0","0","0","0","0","0","0","1","0","","02","7","2024","4","40.633335","-79.952079","1130","11","0","0","0","0","1","0","0","0","","0","0","0","","","0","","3","","40 38:00.006","3","0","79 57:07.486","0","0","0","0","2217","0","0","0","N","0","0","0","3","02505","0","","1.0","1214.0","1","N","N","N","0","","0","0","2","","2","N","","3","0","0","0","0","0","0","2","0","3","03","","","N","","","","","","","","","",""
"2024064200","1234","1","0","0","0","0","0","0","0","0","7","0","","02","7","2024","3","40.532471","-79.848112","1224","11","0","0","0","1","0","0","0","0","","0","0","0","","","0","N","0","","40 31:56.896","1","3","79 50:53.202","0","0","0","0","2208","0","0","0","N","0","0","0","1","68D02","0","","2.0","1316.0","1","N","N","N","0","","0","0","0","","0","N","","1","0","0","0","0","0","0","2","0","1","03","","","N","","","","","","","","","",""
"2024061892","1241","2","0","0","0","0","0","0","0","0","5","0","","02","7","2024","2","40.429947","-79.786086","1240","11","0","1","0","0","0","0","0","0","","0","0","0","","","1","Y","0","","40 25:47.810","","0","79 47:09.910","3","0","0","0","2446","0","0","0","N","0","0","0","5","02446","0","","1.0","","1","N","N","N","0","","1","0","1","","2","","","3","1","0","0","0","0","0","2","0","3","03","03","","N","","","","","","","","","",""
"2024064786","1730","0","0","0","0","0","0","0","0","0","5","0","","02","7","2024","6","40.61606","-80.093248","1725","11","0","0","0","0","0","0","1","0","","0","0","0","","","0","N","1","","40 36:57.815","4","0","80 05:35.694","0","0","0","0","2212","0","0","0","N","0","0","0","2","02505","0","","1.0","1757.0","1","N","N","N","0","","0","0","1","","0","N","","2","0","0","0","0","0","0","2","1","2","03","03","","N","","","","","","","","","",""
"2024062383","2150","1","0","0","0","0","0","0","0","0","6","0","","02","7","2024","4","40.402642","-80.08897","2147","11","0","0","0","0","0","1","0","0","","0","0","0","","","1","N","0","","40 24:09.511","5","3","80 05:20.293","8","0","0","0","2415","0","0","0","N","0","0","0","2","02415","0","","1.0","2230.0","1","N","N","N","0","","0","0","0","","0","N","","2","1","0","0","0","1","0","2","1","2","03","03","","N","","","","","","","","","",""
"2024062974","0700","1","0","0","0","0","0","0","0","0","1","0","","02","7","2024","4","40.526478","-80.159125","0635","11","0","0","1","0","1","1","0","0","","0","0","0","","","0","","1","","40 31:35.322","","0","80 09:32.850","0","0","0","0","2452","0","0","0","N","0","0","0","3","68B03","0","","1.0","","1","N","N","N","0","","0","0","2","","2","","","3","0","0","0","0","0","0","2","0","3","03","","","N","","","","","","","","","",""
"2024062083","1102","0","0","0","0","0","0","0","0","0","1","0","","02","7","2024","7","40.413016","-80.080063","1053","11","0","0","0","0","0","1","0","0","","0","0","0","","","2","N","0","","40 24:46.858","3","0","80 04:48.226","4","0","0","0","2117","0","0","0","N","0","0","0","6","68B03","2","","1.0","1135.0","1","N","N","N","1","","0","0","1","","0","N","","2","2","0","0","0","0","0","2","0","2","03","","","N","","","","","","","","","",""
"2024057775","1538","1","0","0","0","0","0","0","0","0","1","0","","02","7","2024","3","40.451082","-79.826689","1532","11","0","0","0","1","0","0","0","1","","0","0","0","","","0","N","0","","40 27:03.896","","0","79 49:36.079","0","0","0","0","2113","0","0","0","N","0","0","0","3","02113","0","","1.0","","1","N","N","N","0","","0","0","1","","0","","","2","0","0","0","0","0","0","2","0","2","03","03","","N","","","","","","","","","",""
"2024056364","0520","1","0","0","0","0","0","0","0","0","7","0","","02","6","2024","5","40.319284","-79.898619","0519","11","0","0","0","0","0","0","0","0","","0","0","0","","","1","N","0","","40 19:09.424","","1","79 53:55.027","3","0","0","0","2440","0","0","0","Y","0","0","0","3","02440","0","","2.0","","9","N","N","N","0","","1","0","0","","0","","","1","1","0","0","0","0","2","2","0","1","03","03","","N","","","","","","","","","",""
"2024056584","1722","0","0","0","0","0","0","0","0","0","4","0","","02","6","2024","6","40.370684","-79.877918","1717","11","0","0","0","0","2","0","1","0","","0","0","0","","","2","N","0","","40 22:14.461","","0","79 52:40.503","2","0","1","2","2473","0","0","0","N","0","0","0","3","02473","0","","1.0","","1","N","N","N","0","","1","1","0","","0","","","3","2","0","0","0","0","0","2","0","3","03","","","N","","","","","","","","","",""
"2024062956","1633","1","0","0","0","0","0","0","0","0","4","0","","02","7","2024","7","40.477847","-79.736007","1629","11","0","0","0","0","0","1","0","0","","0","0","0","","","0","","1","","40 28:40.250","3","0","79 44:09.624","0","0","0","0","2466","0","0","0","N","0","0","0","3","02466","0","","1.0","1715.0","1","N","N","N","0","","0","0","1","","3","N","","2","0","0","0","0","0","0","2","0","2","03","03","","N","","","","","","","","","",""
"2024062564","1558","0","0","0","0","0","0","0","0","0","4","0","","02","7","2024","5","40.615895","-80.093418","1558","11","0","0","0","0","0","1","0","1","","0","0","0","","","0","","1","","40 36:57.222","","0","80 05:36.306","0","0","0","0","2481","0","0","0","N","0","0","0","3","02481","0","","1.0","","1","N","N","N","0","","0","0","2","","2","","","2","0","0","0","0","0","0","2","0","2","03","03","","N","","","","","","","","","",""
"2024063299","1157","0","0","0","0","0","0","0","0","0","1","0","","02","7","2024","6","40.317348","-80.10924","1154","11","0","0","0","0","0","0","0","2","","0","0","0","","","0","N","0","","40 19:02.451","3","0","80 06:33.264","0","0","0","0","2123","0","0","0","N","0","0","0","2","02123","0","","1.0","1140.0","1","N","N","N","0","","0","0","2","","0","N","","2","0","0","0","0","0","0","2","0","2","03","","","N","","","","","","","","","",""
"2024057071","1346","1","0","0","0","0","0","0","0","0","1","0","","02","6","2024","1","40.377194","-79.800955","1342","11","0","0","0","0","0","0","1","0","","0","0","0","","","0","Y","0","","40 22:37.898","","0","79 48:03.439","0","0","0","0","2111","0","0","0","N","0","0","0","4","02111","0","","1.0","","1","N","N","N","0","","0","0","1","","0","","","2","0","0","0","0","0","0","2","0","2","03","03","","N","","","","","","","","","",""
"2024056758","1126","1","0","0","0","0","0","0","0","0","4","0","","02","6","2024","6","40.486673","-80.054572","1123","11","0","0","0","0","0","0","0","0","","0","0","0","","","0","N","0","","40 29:12.022","2","7","80 03:16.460","9","0","0","0","2404","0","0","0","N","0","0","0","3","02404","0","","1.0","1201.0","1","N","N","N","0","","0","0","1","","0","N","","2","0","0","0","0","0","2","2","0","2","03","03","","N","","","","","","","","","",""
"2024057798","1715","1","0","0","0","0","0","0","0","0","4","0","","02","7","2024","3","40.452494","-80.172535","1713","11","0","0","0","0","0","1","0","0","","0","0","0","","","1","","1","","40 27:08.979","4","8","80 10:21.125","3","0","0","0","2214","0","0","0","N","0","0","0","3","02214","0","","1.0","1746.0","1","N","N","N","1","","1","0","0","","2","N","","2","1","0","0","0","0","0","2","0","2","03","","","N","","","","","","","","","",""
"2024056974","0936","1","0","0","0","0","0","0","0","0","1","0","","02","6","2024","6","40.456789","-79.922453","0926","11","0","0","0","0","0","0","0","0","","0","0","0","","","0","N","0","","40 27:24.440","1","0","79 55:20.830","0","0","0","0","2301","0","0","0","N","0","0","0","3","02301","0","","2.0","1015.0","1","N","N","N","0","","0","0","1","","0","N","","2","0","0","0","0","0","0","2","0","2","03","","","N","","","","","","","","","",""
"2024061478","2027","0","0","0","0","0","0","0","0","0","4","0","","02","7","2024","2","40.368404","-79.816585","2025","11","0","0","0","0","0","0","1","0","","0","0","0","","","1","","3","","40 22:06.255","5","0","79 48:59.707","3","0","0","0","2111","0","0","0","N","0","0","0","5","02111","0","","1.0","2125.0","1","N","N","N","0","","1","0","2","","3","Y","","2","1","0","0","0","0","0","2","0","2","03","03","","N","","","","","","","","","",""
"2024064487","2153","2","0","0","0","0","0","0","0","0","4","0","","02","7","2024","4","40.350024","-79.864751","2153","11","0","0","0","1","0","1","0","0","","0","0","0","","","0","","1","","40 21:00.086","3","0","79 51:53.103","0","0","0","0","2304","0","0","0","N","0","0","0","11","02304","0","","1.0","2225.0","1","N","N","Y","0","","0","0","1","","3","N","","3","0","2","0","0","0","0","2","0","3","03","03","","N","","","","","","","","","",""
"2024059282","1534","0","0","0","0","0","0","0","0","0","6","0","","02","7","2024","2","40.523167","-79.990444","1527","11","0","1","0","0","0","0","0","0","","0","0","0","","","1","N","0","","40 31:23.400","2","0","79 59:25.600","3","0","0","0","2116","0","0","0","N","0","0","0","2","02116","0","","1.0","1600.0","1","","","N","1","","1","0","1","","0","N","","2","1","0","0","0","0","0","2","0","2","03","03","","N","","","","","","","","","",""
"2024065774","1730","1","0","0","0","0","0","0","0","0","1","0","","02","7","2024","4","40.335503","-80.051116","1720","11","0","0","1","0","0","0","0","0","","0","0","0","","","1","","3","","40 20:07.811","","0","80 03:04.017","3","0","0","0","2407","0","0","0","N","0","0","0","2","02407","0","","1.0","","9","N","N","N","1","","1","0","0","","2","","","2","1","0","0","0","0","0","2","0","2","07","","","N","","","","","","","","","",""
"2024064277","1018","1","0","0","0","0","0","0","0","0","4","0","","02","4","2024","7","40.42041","","1017","11","1","0","0","0","0","0","0","0","","0","0","0","","","3","","2","","40 25:13.475","4","0","79 51:03.2","8","0","0","0","2431","0","0","0","N","0","0","0","6","02431","0","","1.0","1130.0","1","N","N","N","1","","0","0","0","","3","N","","2","3","0","0","0","3","0","2","0","2","03","","","N","","","","","","","","","",""
"2024054957","1720","1","0","0","0","0","0","0","0","0","4","0","","02","6","2024","6","40.412347","-79.910623","1718","11","0","0","0","0","0","0","0","0","","0","0","0","","","0","N","0","","40 24:44.449","3","7","79 54:38.241","0","0","0","0","2438","0","0","0","N","0","0","0","4","02438","0","","1.0","1744.0","1","N","N","N","0","","0","0","1","","0","Y","","2","0","0","0","0","0","0","2","0","2","03","","","N","","","","","","","","","",""
"2024058115","0929","0","0","0","0","0","0","0","0","0","0","0","","02","6","2024","6","40.513849","-79.951548","0925","11","0","0","0","0","0","0","0","0","","0","0","0","","","1","","2","","40 30:49.857","1","0","79 57:05.573","3","0","0","1","2118","0","0","0","N","0","0","0","1","02118","0","","1.0","1003.0","1","N","N","N","0","","1","0","0","","2","N","","1","1","0","0","0","0","0","2","0","1","03","03","","N","","","","","","","","","",""
"2024059208","2150","1","0","0","0","0","0","0","0","0","4","0","","02","7","2024","5","40.481535","-79.885574","2143","11","0","0","0","0","0","0","0","0","","0","0","0","","","1","N","0","","40 28:53.525","6","0","79 53:08.068","3","0","0","0","2113","0","0","0","N","0","0","0","3","02113","0","","1.0","2301.0","9","N","N","N","1","","1","0","0","","0","Y","","2","1","0","0","0","0","0","2","0","2","07","","","N","","","","","","","","","",""
"2024054755","0713","0","0","0","0","0","0","0","0","0","7","0","","02","6","2024","1","40.258881","-79.915379","0706","11","0","0","0","0","0","0","0","0","","0","0","0","","","1","N","0","","40 15:31.970","1","0","79 54:55.366","3","0","0","1","2440","0","0","0","N","0","0","0","1","02440","0","","2.0","815.0","1","N","N","N","0","","1","0","0","","0","N","","1","1","0","0","0","0","0","2","0","1","03","","","N","","","","","","","","","",""
"2024063590","0201","1","0","0","0","0","0","0","0","0","8","0","","02","6","2024","7","40.446137","-80.010127","0201","11","0","0","0","0","0","0","1","0","","0","0","0","","","2","N","0","","40 26:46.092","6","0","80 00:36.456","4","0","0","0","2301","2","0","0","N","2","0","0","3","02301","1","","1.0","9999.0","1","N","N","N","0","","0","0","0","","0","N","","3","2","0","0","0","1","0","2","0","1","03","","","N","","","","","","","","","",""
"2024065345","1411","0","0","0","0","0","0","0","0","0","1","0","","02","7","2024","2","40.515095","-80.008566","1405","11","0","0","0","0","0","0","0","1","","0","0","0","","","0","N","0","","40 30:54.341","","7","80 00:30.836","0","0","0","0","2116","0","0","0","N","0","0","0","2","02116","0","","1.0","","1","N","N","N","1","","0","0","1","","0","","","2","0","0","0","0","0","0","2","0","2","03","03","","N","","","","","","","","","",""
"2024056102","2046","1","0","0","0","0","0","0","0","0","7","0","","02","6","2024","4","40.280102","-79.908561","2043","11","0","0","0","0","0","0","0","0","","0","0","0","","","0","N","0","","40 16:48.367","5","0","79 54:30.818","0","0","0","0","2440","0","0","0","N","0","0","0","1","02440","0","","4.0","2118.0","9","N","N","N","0","","0","0","0","","0","Y","","1","0","0","0","0","0","0","2","0","1","07","","","N","","","","","","","","","",""
"2024057105","1823","0","0","0","0","0","0","0","0","0","7","0","","02","6","2024","1","40.530408","-80.140531","1816","11","0","0","0","0","0","0","0","1","","0","0","0","","","1","N","0","","40 31:49.468","","0","80 08:25.913","3","0","0","0","2125","0","0","0","N","0","0","0","1","02215","0","","4.0","","1","N","N","N","0","","1","0","1","","0","N","","1","1","0","0","0","0","0","1","0","1","03","","","N","","","","","","","","","",""
"2024064268","0803","1","0","0","0","0","0","0","0","0","4","1","","02","7","2024","2","40.429507","-79.863715","0757","11","0","0","0","0","0","0","0","0","","0","1","0","","","1","","2","","40 25:46.225","4","0","79 51:49.374","8","0","0","0","2431","0","0","0","N","0","0","0","2","02431","0","","1.0","945.0","1","N","N","N","0","","0","0","0","","0","N","","2","1","0","0","0","1","0","2","0","2","03","","","N","","","","","","","","","",""
"2024059583","0841","1","0","0","0","0","0","0","0","0","4","0","","02","7","2024","3","40.460066","-79.843392","0835","11","0","0","0","1","0","0","0","0","","0","0","0","","","0","N","0","","40 27:36.236","","7","79 50:36.211","0","0","0","0","2113","0","0","0","N","0","0","0","2","02113","0","","1.0","","1","N","N","N","0","","0","0","0","","0","","","2","0","0","0","0","0","0","2","1","2","03","03","","N","","","","","","","","","",""
"2024058310","2257","1","0","0","0","0","0","0","0","0","6","0","","02","7","2024","4","40.353666","-79.896886","2254","11","0","0","0","0","0","0","0","0","","0","0","0","","","1","N","0","","40 21:13.199","5","0","79 53:48.790","8","0","0","0","2423","0","0","0","N","0","0","0","4","02304","0","","1.0","2349.0","1","N","N","N","0","","0","0","1","","2","N","","2","1","0","0","0","1","1","2","0","2","03","03","","N","","","","","","","","","",""
"2024066531","2319","0","0","0","0","0","0","0","0","0","7","0","","02","5","2024","1","40.495236","-79.907574","2241","11","0","0","0","0","0","0","0","0","","0","0","0","","","2","N","0","","40 29:42.848","2","8","79 54:27.265","3","0","0","0","2401","0","0","0","N","0","0","0","5","68D02","0","","2.0","2330.0","1","N","N","N","0","","2","0","1","","0","N","","1","2","0","0","0","0","0","2","0","1","03","","","N","","","","","","","","","",""
"2024056873","0605","1","0","0","0","0","0","0","0","0","4","0","","02","6","2024","7","40.499731","-79.959941","0600","11","0","0","0","0","0","0","0","0","","0","0","0","","","0","N","0","","40 29:59.032","","7","79 57:35.788","0","0","0","0","2118","0","0","0","N","0","0","0","1","02118","0","","1.0","","1","N","N","N","1","","0","0","0","","0","","","2","0","0","0","0","0","0","2","0","2","03","03","","N","","","","","","","","","",""
"2024062576","0830","1","0","0","0","0","0","0","0","0","4","0","","02","7","2024","3","40.553301","-80.022162","0828","11","0","0","0","0","0","1","0","0","","0","0","0","","","1","N","0","","40 33:11.882","","7","80 01:19.784","3","0","0","0","2116","0","0","0","N","0","0","0","2","02116","0","","1.0","","1","N","N","N","0","","1","0","1","","0","","","2","1","0","0","0","0","0","2","0","2","03","","","N","","","","","","","","","",""
"2024061968","1535","2","0","0","0","0","0","0","0","0","1","0","","02","7","2024","3","40.354833","-79.900639","1530","11","0","0","0","0","0","2","0","0","","0","0","0","","","0","N","0","","40 21:17.400","6","0","79 54:02.300","0","0","0","0","2473","0","0","0","N","0","0","0","9","02473","0","","1.0","1640.0","1","N","N","N","0","","0","0","1","","0","N","","4","0","0","0","0","0","0","2","1","4","03","03","","N","","","","","","","","","",""