"CRN","ARRIVAL_TM","AUTOMOBILE_COUNT","BELTED_DEATH_COUNT","BELTED_SUSP_SERIOUS_INJ_COUNT","BICYCLE_COUNT","BICYCLE_DEATH_COUNT","BICYCLE_SUSP_SERIOUS_INJ_COUNT","BUS_COUNT","CHLDPAS_DEATH_COUNT","CHLDPAS_SUSP_SERIOUS_INJ_COUNT","COLLISION_TYPE","COMM_VEH_COUNT","CONS_ZONE_SPD_LIM","COUNTY","CRASH_MONTH","CRASH_YEAR","DAY_OF_WEEK","DEC_LATITUDE","DEC_LONGITUDE","DISPATCH_TM","DISTRICT","DRIVER_COUNT_16YR","DRIVER_COUNT_17YR","DRIVER_COUNT_18YR","DRIVER_COUNT_19YR","DRIVER_COUNT_20YR","DRIVER_COUNT_50_64YR","DRIVER_COUNT_65_74YR","DRIVER_COUNT_75PLUS","EST_HRS_CLOSED","FATAL_COUNT","HEAVY_TRUCK_COUNT","HORSE_BUGGY_COUNT","HOUR_OF_DAY","ILLUMINATION","INJURY_COUNT","INTERSECTION_RELATED","INTERSECT_TYPE","LANE_CLOSED","LATITUDE","LN_CLOSE_DIR","LOCATION_TYPE","LONGITUDE","MAX_SEVERITY_LEVEL","MCYCLE_DEATH_COUNT","MCYCLE_SUSP_SERIOUS_INJ_COUNT","MOTORCYCLE_COUNT","MUNICIPALITY","NONMOTR_COUNT","NONMOTR_DEATH_COUNT","NONMOTR_SUSP_SERIOUS_INJ_COUNT","NTFY_HIWY_MAINT","PED_COUNT","PED_DEATH_COUNT","PED_SUSP_SERIOUS_INJ_COUNT","PERSON_COUNT","POLICE_AGCY","POSSIBLE_INJ_COUNT","RDWY_SURF_TYPE_CD","RELATION_TO_ROAD","ROADWAY_CLEARED","ROAD_CONDITION","SCH_BUS_IND","SCH_ZONE_IND","SECONDARY_CRASH","SMALL_TRUCK_COUNT","SPEC_JURIS_CD","SUSP_MINOR_INJ_COUNT","SUSP_SERIOUS_INJ_COUNT","SUV_COUNT","TCD_FUNC_CD","TCD_TYPE","TFC_DETOUR_IND","TIME_OF_DAY","TOTAL_UNITS","TOT_INJ_COUNT","UNBELTED_OCC_COUNT","UNB_DEATH_COUNT","UNB_SUSP_SERIOUS_INJ_COUNT","UNK_INJ_DEG_COUNT","UNK_INJ_PER_COUNT","URBAN_RURAL","VAN_COUNT","VEHICLE_COUNT","WEATHER1","WEATHER2","WORKERS_PRES","WORK_ZONE_IND","WORK_ZONE_LOC","WORK_ZONE_TYPE","WZ_CLOSE_DETOUR","WZ_FLAGGER","WZ_LAW_OFFCR_IND","WZ_LN_CLOSURE","WZ_MOVING","WZ_OTHER","WZ_SHLDER_MDN","WZ_WORKERS_INJ_KILLED"
"2024053547","0214","0","0","0","0","0","0","0","0","0","7","0","","02","6","2024","1","40.412278","-79.876091","0212","11","0","0","0","0","0","0","0","0","","0","0","0","","","0","","1","","40 24:44.200","1","0","79 52:33.929","9","0","0","0","2456","0","0","0","Y","0","0","0","2","02515","0","","4.0","300.0","1","N","N","N","0","","0","0","1","","2","Y","","1","0","0","0","0","0","2","2","0","1","03","","","N","","","","","","","","","",""
"2024062866","1336","1","0","0","0","0","0","0","0","0","1","0","","02","5","2024","5","40.443546","-79.765027","1321","11","0","0","0","0","0","0","0","0","","0","0","0","","","0","N","0","","40 26:36.765","","0","79 45:54.096","0","0","0","0","2446","0","0","0","N","0","0","0","2","68B03","0","","1.0","","1","N","N","N","1","","0","0","0","","0","","","2","0","0","0","0","0","0","2","0","2","03","","","N","","","","","","","","","",""
"2024059181","1002","1","0","0","0","0","0","0","0","0","5","0","","02","7","2024","1","40.491039","-80.048092","0959","11","0","0","0","0","0","0","0","0","","0","0","0","","","0","N","0","","40 29:27.739","","0","80 02:53.131","0","0","0","0","2404","0","0","0","N","0","0","0","2","02404","0","","6.0","","1","N","N","N","1","","0","0","1","","0","N","","3","0","0","0","0","0","0","2","0","3","03","03","","N","","","","","","","","","",""
"2024052410","2015","0","0","0","0","0","0","0","0","0","7","0","","02","6","2024","6","40.318529","-79.921686","2012","11","0","0","0","0","0","0","0","0","","0","0","0","","","0","N","2","","40 19:06.704","1","0","79 55:18.071","0","0","0","0","2440","0","0","0","N","0","0","0","1","02440","0","","4.0","2102.0","9","N","N","N","0","","0","0","1","","0","N","","1","0","1","0","0","0","0","2","0","1","03","04","","N","","","","","","","","","",""
"2024063237","1150","0","0","0","0","0","0","0","0","0","4","0","","02","7","2024","7","40.437642","-79.770081","1146","11","0","0","0","0","0","0","0","0","","0","0","0","","","0","Y","0","","40 26:15.510","2","7","79 46:12.290","0","0","0","0","2446","0","0","0","N","0","0","0","3","02446","0","","1.0","1215.0","1","N","N","N","1","","0","0","1","","3","Y","","2","0","0","0","0","0","0","2","0","2","03","","","N","","","","","","","","","",""
"2024056752","0642","1","0","0","0","0","0","0","0","0","7","0","","02","6","2024","7","40.482694","-79.776251","0630","11","0","0","0","0","0","0","0","0","","0","0","0","","","0","N","0","","40 28:57.700","","0","79 46:34.503","0","0","0","0","2466","0","0","0","N","0","0","0","1","02466","0","","4.0","","1","N","N","N","0","","0","0","0","","0","","","1","0","0","0","0","0","0","2","0","1","03","03","","N","","","","","","","","","",""
"2024061648","2225","1","0","0","0","0","0","0","0","0","4","0","","02","7","2024","5","40.440278","-79.785306","2222","11","0","0","0","0","0","0","0","0","","0","0","0","","","0","","2","","40 26:25.000","","7","79 47:07.100","0","0","0","0","2446","0","0","0","N","0","0","0","2","02446","0","","1.0","","1","N","N","N","0","","0","0","1","","0","","","2","0","0","0","0","0","0","2","0","2","03","03","","N","","","","","","","","","",""
"2024058350","0544","1","0","0","0","0","0","0","0","0","7","0","","02","7","2024","2","40.395405","-79.878806","0538","11","0","0","0","0","0","0","0","0","","0","0","0","","","0","","1","","40 23:43.459","","0","79 52:43.701","9","0","0","0","2473","0","0","0","N","0","0","0","1","02473","0","","5.0","","1","N","N","N","0","","0","0","0","","0","","","1","0","0","0","0","0","1","2","0","1","03","","","N","","","","","","","","","",""
"2024059050","1356","0","0","0","0","0","0","0","0","0","7","0","","02","7","2024","1","40.368083","-79.842336","1353","11","0","0","0","0","0","1","0","0","","0","0","0","","","1","N","0","","40 22:05.100","2","0","79 50:32.410","3","0","0","0","2303","0","0","0","N","0","0","0","1","02303","0","","2.0","1417.0","1","N","N","N","0","","1","0","1","","0","N","","1","1","0","0","0","0","0","2","0","1","03","03","","N","","","","","","","","","",""
"2024060914","0805","0","0","0","0","0","0","0","0","0","4","0","","02","7","2024","6","40.491958","-79.864902","0802","11","0","0","0","0","0","1","0","0","","0","0","0","","","0","N","1","","40 29:31.049","","0","79 51:53.648","0","0","0","0","2408","0","0","0","N","0","0","0","2","02408","0","","1.0","","1","N","N","N","0","","0","0","1","","2","","","2","0","0","0","0","0","0","2","1","2","03","03","","N","","","","","","","","","",""
"2024059886","1655","1","0","0","0","0","0","0","0","0","1","0","","02","7","2024","4","40.470718","-80.092515","1653","11","0","0","1","0","0","0","0","0","","0","0","0","","","0","","2","","40 28:14.586","4","0","80 05:33.054","0","0","0","0","2126","0","0","0","N","0","0","0","2","02126","0","","1.0","1735.0","1","N","N","Y","0","","0","0","1","","0","N","","2","0","0","0","0","0","0","2","0","2","03","03","","N","","","","","","","","","",""
"2024063308","1054","1","0","0","0","0","0","0","0","0","4","0","","02","7","2024","2","40.288477","-79.82768","1048","11","0","0","0","0","0","1","1","0","","0","0","0","","","1","","2","","40 17:18.517","1","0","79 49:39.647","3","0","0","0","2105","0","0","0","N","0","0","0","2","02105","0","","1.0","1130.0","9","N","N","N","0","","1","0","1","","3","N","","2","1","0","0","0","0","0","2","0","2","07","04","","N","","","","","","","","","",""
"2024063201","1230","1","0","0","0","0","0","0","0","0","7","0","","02","7","2024","7","40.324791","-80.081709","1230","11","0","0","0","0","0","0","0","1","","0","0","0","","","0","","2","","40 19:29.246","","0","80 04:54.154","0","0","0","0","2123","0","0","0","N","0","0","0","1","02123","0","","5.0","","1","N","N","N","0","","0","0","0","","0","","","1","0","0","0","0","0","0","2","0","1","03","03","","N","","","","","","","","","",""
"2024064269","0449","1","0","0","0","0","0","0","0","0","7","0","","02","5","2024","5","40.42584","-79.861636","0447","11","0","0","0","0","0","1","0","0","","0","0","0","","","2","","2","","40 25:33.023","3","0","79 51:41.888","3","0","0","0","2431","0","0","0","N","0","0","0","2","02431","0","","4.0","30.0","1","N","N","N","0","","2","0","0","","0","N","","1","2","0","0","0","0","0","2","0","1","03","","","N","","","","","","","","","",""
"2024057658","1730","1","0","0","0","0","0","0","0","0","8","0","","02","7","2024","2","40.347776","-79.817891","1728","11","0","0","0","0","0","1","0","0","","0","0","0","","","2","","2","","40 20:51.995","6","0","79 49:04.408","8","0","0","0","2477","2","0","0","N","2","0","0","3","02477","0","","1.0","1801.0","1","N","N","N","0","","0","0","0","","0","Y","","2","2","0","0","0","2","0","2","0","1","03","03","","N","","","","","","","","","",""
"2024065629","1330","0","0","0","0","0","0","0","0","0","4","0","","02","7","2024","2","40.487554","-79.882902","1330","11","0","0","0","0","0","0","2","0","","0","0","0","","","0","","1","","40 29:15.196","2","0","79 52:58.448","0","0","0","0","2112","0","0","0","N","0","0","0","3","02112","0","","1.0","1400.0","1","N","N","N","0","","0","0","2","","2","Y","","2","0","0","0","0","0","0","2","0","2","03","03","","N","","","","","","","","","",""
"2024056700","1254","0","0","0","0","0","0","0","0","0","4","0","","02","6","2024","6","40.538464","-79.83161","1250","11","0","0","0","0","0","0","0","0","","0","0","0","","","1","N","0","","40 32:18.470","2","7","79 49:53.797","4","0","0","0","2208","0","0","0","N","0","0","0","2","02208","1","","1.0","1323.0","1","N","N","N","1","","0","0","1","","0","N","","2","1","0","0","0","0","0","2","0","2","03","","","N","","","","","","","","","",""
"2024062502","1904","1","0","0","0","0","0","0","0","0","4","0","","02","7","2024","3","40.378516","-80.054532","1903","11","0","0","0","0","0","1","0","0","","0","0","0","","","1","","2","","40 22:42.656","4","0","80 03:16.316","4","0","0","0","2109","0","0","0","N","0","0","0","3","02109","1","","1.0","1940.0","1","N","N","N","0","","0","0","1","","3","Y","","2","1","0","0","0","0","0","2","0","2","03","03","","N","","","","","","","","","",""
"2024061362","0759","1","0","0","0","0","0","0","0","0","1","0","","02","7","2024","2","40.491866","-79.950611","0749","11","0","0","0","0","0","0","0","0","","0","0","0","","","0","N","0","","40 29:30.718","2","0","79 57:02.199","0","0","0","0","2430","0","0","0","N","0","0","0","2","02430","0","","1.0","821.0","1","N","N","N","0","","0","0","1","","0","N","","2","0","0","0","0","0","0","2","0","2","03","","","N","","","","","","","","","",""
"2024066469","0035","1","0","0","0","0","0","0","0","0","7","0","","02","7","2024","4","40.590636","-79.773758","0016","11","0","0","0","0","0","0","0","0","","0","0","0","","","0","N","0","","40 35:26.291","1","0","79 46:25.529","0","0","0","0","2104","0","0","0","Y","0","0","0","1","68D02","0","","4.0","120.0","9","N","N","N","0","","0","0","0","","0","N","","1","0","0","0","0","0","0","2","0","1","07","","","N","","","","","","","","","",""
"2024056636","1626","0","0","0","0","0","0","0","0","0","1","0","","02","6","2024","6","40.319275","-79.941333","1624","11","0","0","0","0","0","0","0","1","","0","0","0","","","2","N","0","","40 19:09.391","5","0","79 56:28.800","3","0","0","0","2454","0","0","0","N","0","0","0","5","02454","0","","1.0","1726.0","1","N","N","N","2","","2","0","1","","0","N","","3","2","0","0","0","0","0","2","0","3","03","","","N","","","","","","","","","",""
"2024056876","0059","0","0","0","0","0","0","0","0","0","4","0","","02","6","2024","7","40.615681","-80.094185","0055","11","0","0","0","0","0","0","0","0","","0","0","0","","","0","","1","","40 36:56.450","","2","80 05:39.065","0","0","0","0","2481","0","0","0","N","0","0","0","2","02481","0","","1.0","","1","N","N","N","1","","0","0","1","","0","","","2","0","0","0","0","0","0","2","0","2","03","","","N","","","","","","","","","",""
"2024064272","2253","0","0","0","0","0","0","0","0","0","5","0","","02","4","2024","7","40.4081","-79.841703","2251","11","0","0","0","0","0","0","0","0","","0","0","0","","","1","N","0","","40 24:29.161","4","0","79 50:30.129","3","0","0","1","2417","0","0","0","N","0","0","0","2","02431","0","","1.0","2315.0","1","N","N","N","0","","1","0","0","","0","N","","2","1","0","0","0","0","1","2","0","2","03","","","N","","","","","","","","","",""
"2024058321","0106","0","0","0","1","0","1","0","0","0","8","0","","02","7","2024","2","40.458162","-79.898413","0103","11","0","0","0","0","0","0","0","0","","0","0","0","","","1","N","0","","40 27:29.384","5","0","79 53:54.287","2","0","0","0","2301","1","0","1","N","0","0","0","2","02301","0","","1.0","128.0","1","N","N","N","1","","0","1","0","","0","N","","2","1","0","0","0","0","0","2","0","1","03","03","","N","","","","","","","","","",""
"2024061155","2033","1","0","0","0","0","0","0","0","0","4","0","","02","7","2024","7","40.343505","-79.970073","2025","11","0","0","0","0","1","1","0","0","","0","0","0","","","1","","2","","40 20:36.618","1","0","79 58:12.261","3","0","0","0","2403","0","0","0","N","0","0","0","4","02403","0","","1.0","2045.0","1","N","N","N","0","","1","0","1","","2","N","","2","1","0","0","0","0","0","2","0","2","03","","","N","","","","","","","","","",""
"2024062580","1632","1","0","0","0","0","0","0","0","0","4","0","","02","7","2024","3","40.553303","-80.02216","1628","11","0","1","0","0","0","0","0","0","","0","0","0","","","0","N","0","","40 33:11.891","3","7","80 01:19.775","0","0","0","0","2116","0","0","0","N","0","0","0","4","02116","0","","1.0","1645.0","1","N","N","N","0","","0","0","1","","0","N","","2","0","0","0","0","0","0","2","0","2","03","","","N","","","","","","","","","",""
"2024064286","1232","0","0","0","0","0","0","0","0","0","1","0","","02","7","2024","5","40.531037","-80.190007","1225","11","0","0","0","0","0","1","2","0","","0","0","0","","","1","","2","","40 31:51.734","","3","80 11:24.024","3","0","0","0","2213","0","0","0","N","0","0","0","3","02213","0","","1.0","","1","N","N","N","0","","1","0","2","","2","","","3","1","0","0","0","0","0","2","1","3","03","03","","N","","","","","","","","","",""
"2024063504","0810","1","0","0","0","0","0","0","0","0","1","0","","02","4","2024","6","40.418954","-80.052971","0758","11","0","0","0","0","0","1","0","0","","0","0","0","","","2","N","0","","40 25:08.234","3","0","80 03:10.696","3","0","0","0","2435","0","0","0","N","0","0","0","3","68B03","1","","1.0","900.0","1","N","N","N","0","","1","0","2","","0","N","","3","2","0","0","0","0","0","2","0","3","03","","","N","","","","","","","","","",""
"2024048964","1812","1","0","0","0","0","0","0","0","0","7","0","35","02","6","2024","2","40.475947","-80.056841","1800","11","0","0","0","0","0","0","0","0","","0","0","0","","","1","N","0","","40 28:33.409","3","3","80 03:24.629","3","0","0","0","2122","0","0","0","Y","0","0","0","1","02122","0","","3.0","1826.0","1","N","N","N","0","","1","0","0","","0","Y","","1","1","1","0","0","0","0","2","0","1","03","03","N","Y","8","1","","","N","","","","Y","N"
"2024044713","0031","0","0","0","0","0","0","0","0","0","2","0","","02","5","2024","4","40.606183","-79.75058","0027","11","0","0","0","0","0","1","0","0","","0","0","0","","","0","","1","","40 36:22.260","7","0","79 45:02.089","9","0","0","0","2464","0","0","0","N","0","0","0","2","02464","0","","1.0","105.0","1","N","N","N","0","","0","0","2","","0","N","","2","0","0","0","0","0","1","2","0","2","03","","","N","","","","","","","","","",""
"2024059392","2242","0","0","0","0","0","0","0","0","0","98","0","","02","7","2024","1","40.33838","-80.182737","2225","11","0","0","0","0","0","0","0","0","","0","0","0","","","0","N","0","","40 20:18.169","","0","80 10:57.854","0","0","0","0","2119","0","0","0","N","0","0","0","1","68Z99","0","","1.0","","1","N","N","N","0","","0","0","1","","0","","","1","0","0","0","0","0","0","1","0","1","03","","","N","","","","","","","","","",""
"2024063964","1603","2","0","0","0","0","0","0","0","0","5","0","","02","5","2024","4","40.432678","-79.870708","1521","11","0","0","0","0","0","1","0","0","","0","0","0","","","1","N","0","","40 25:57.640","3","0","79 52:14.549","8","0","0","0","2411","0","0","0","N","0","0","0","3","68B03","0","","1.0","1620.0","1","N","N","N","0","","0","0","1","","0","N","","3","1","0","0","0","1","0","2","0","3","03","03","","N","","","","","","","","","",""
"2024056644","1330","0","0","0","0","0","0","0","0","0","4","0","","02","6","2024","5","40.347441","-79.939083","1327","11","0","0","0","0","1","0","1","0","","0","0","0","","","0","N","0","","40 20:50.788","","7","79 56:20.698","0","0","0","0","2473","0","0","0","N","0","0","0","3","02473","0","","1.0","","1","N","N","N","0","","0","0","2","","3","","","2","0","0","0","0","0","0","2","0","2","03","03","","N","","","","","","","","","",""
"2024057771","1742","1","0","0","0","0","0","0","0","0","4","0","","02","7","2024","3","40.432563","-80.094883","1737","11","0","0","0","0","0","1","0","0","","0","0","0","","","0","","2","","40 25:57.225","5","0","80 05:41.579","0","0","0","0","2115","0","0","0","N","0","0","0","3","02115","0","","1.0","1812.0","1","N","N","N","0","","0","0","1","","3","N","","2","0","0","0","0","0","0","2","0","2","03","03","","N","","","","","","","","","",""
"2024063060","1544","0","0","0","0","0","0","0","0","0","4","0","","02","7","2024","6","40.56956","-79.954239","1538","11","1","0","0","0","0","0","0","0","","0","0","0","","","0","","2","","40 34:10.416","1","0","79 57:15.260","0","0","0","0","2207","0","0","0","N","0","0","0","3","02207","0","","1.0","1609.0","1","N","N","N","0","","0","0","2","","2","N","","2","0","0","0","0","0","0","2","0","2","03","03","","Y","","","","","","","","","",""
"2024064273","1739","0","0","0","0","0","0","0","0","0","7","0","","02","4","2024","7","40.418778","-79.84775","1737","11","0","0","0","0","0","0","0","0","","0","0","0","","","0","N","0","","40 25:07.600","3","0","79 50:51.900","0","0","0","0","2431","0","0","0","N","0","0","0","5","02431","0","","4.0","1815.0","1","N","N","N","1","","0","0","2","","0","N","","3","0","1","0","0","0","0","2","0","3","03","","","N","","","","","","","","","",""
"2024056796","1623","1","0","0","0","0","0","0","0","0","1","0","","02","6","2024","4","40.645692","-79.938112","1611","11","0","0","0","0","0","2","0","0","","0","0","0","","","0","N","0","","40 38:44.490","2","0","79 56:17.203","0","0","0","0","2217","0","0","0","N","0","0","0","6","02505","0","","1.0","1651.0","1","N","N","Y","1","","0","0","1","","0","Y","","3","0","0","0","0","0","0","2","0","3","03","03","","N","","","","","","","","","",""
"2024064046","0955","2","0","0","0","0","0","0","0","0","4","0","","02","7","2024","4","40.567388","-80.00696","0946","11","0","0","0","0","0","0","0","1","","0","0","0","","","0","","1","","40 34:02.595","","0","80 00:25.056","0","0","0","0","2108","0","0","0","N","0","0","0","2","02108","0","","1.0","","1","N","N","N","0","","0","0","0","","2","","","2","0","0","0","0","0","0","2","0","2","03","03","","N","","","","","","","","","",""
"2024063625","2053","0","0","0","0","0","0","0","0","0","0","0","","02","6","2024","4","40.534928","-80.074329","2029","11","0","0","0","0","0","0","0","0","","0","0","0","","","0","N","0","","40 32:05.740","","0","80 04:27.585","0","0","0","0","2215","0","0","0","N","0","0","0","1","68B03","0","","1.0","","1","N","N","N","0","","0","0","1","","0","","","1","0","0","0","0","0","0","2","0","1","03","03","","N","","","","","","","","","",""
"2024059356","0739","1","0","0","0","0","0","0","0","0","98","0","","02","7","2024","4","40.346663","-80.199138","0700","11","0","0","0","0","0","0","0","0","","0","0","0","","","0","N","0","","40 20:47.987","","0","80 11:56.898","0","0","0","0","2119","0","0","0","N","0","0","0","1","68Z99","0","","1.0","","1","N","N","N","0","","0","0","0","","0","","","1","0","0","0","0","0","0","1","0","1","03","","","N","","","","","","","","","",""
"2024064395","0244","0","0","0","0","0","0","0","0","0","7","1","","02","7","2024","7","40.615496","-79.977504","0224","11","0","0","0","0","0","1","0","0","","0","1","0","","","0","N","0","","40 36:55.785","","0","79 58:39.016","9","0","0","0","2217","0","0","0","N","0","0","0","2","68T02","0","","2.0","","1","N","N","N","1","","0","0","0","","0","","","2","0","0","0","0","0","1","1","0","2","03","03","","N","","","","","","","","","",""
"2024064665","0142","1","0","0","0","0","0","0","0","0","7","0","","02","7","2024","7","40.353671","-79.84118","0140","11","0","0","0","0","0","0","0","0","","0","0","0","","","0","N","0","","40 21:13.217","","2","79 50:28.249","0","0","0","0","2304","0","0","0","N","0","0","0","1","02304","0","","2.0","","1","N","N","N","0","","0","0","0","","0","","","1","0","0","0","0","0","0","2","0","1","03","03","","N","","","","","","","","","",""
"2024053160","1247","1","0","0","0","0","0","0","0","0","5","0","","02","6","2024","7","40.512799","-80.050899","1227","11","0","0","0","0","0","0","1","0","","0","0","0","","","0","N","0","","40 30:46.077","","0","80 03:03.237","0","0","0","0","2116","0","0","0","N","0","0","0","2","68B03","0","","1.0","","1","N","N","N","0","","0","0","1","","0","","","2","0","0","0","0","0","0","2","0","2","03","","","N","","","","","","","","","",""
"2024050088","1629","0","0","0","0","0","0","0","0","0","4","0","","02","6","2024","5","40.386889","-79.981944","1616","11","0","0","0","0","0","0","0","0","","0","0","0","","","3","","2","","40 23:12.800","","0","79 58:55.000","3","0","0","0","2301","0","0","0","N","0","0","0","6","02301","0","","1.0","","1","N","N","N","0","","3","0","2","","3","","","2","3","0","0","0","0","0","2","0","2","03","03","","N","","","","","","","","","",""
"2024046570","1755","2","0","0","0","0","0","0","0","0","1","0","","02","5","2024","2","40.402072","-79.906949","1747","11","0","0","0","0","0","0","0","0","","0","0","0","","","1","Y","0","","40 24:07.460","","0","79 54:25.016","3","0","0","0","2438","0","0","0","N","0","0","0","3","02438","0","","1.0","","1","N","N","N","0","","1","0","1","","2","","","3","1","0","0","0","0","1","2","0","3","03","","","N","","","","","","","","","",""
"2024062400","1045","1","0","0","0","0","0","0","0","0","4","0","","02","7","2024","5","40.401295","-80.063267","1041","11","0","1","0","0","0","0","0","1","","0","0","0","","","2","","2","","40 24:04.662","1","0","80 03:47.761","3","0","0","0","2117","0","0","0","N","0","0","0","2","02117","0","","1.0","1125.0","1","N","N","N","0","","1","0","1","","0","Y","","2","2","0","0","0","1","0","2","0","2","03","03","","N","","","","","","","","","",""
"2024042090","1844","0","0","0","0","0","0","0","0","0","7","0","","02","5","2024","2","40.552375","-80.231822","1841","11","0","0","0","0","0","1","0","0","","0","0","0","","","0","N","0","","40 33:08.550","4","0","80 13:54.560","0","0","0","0","2103","0","0","0","N","0","0","0","1","02103","0","","4.0","1900.0","1","N","N","N","0","","0","0","1","","0","N","","1","0","0","0","0","0","0","2","0","1","03","03","","N","","","","","","","","","",""
"2024049367","1624","0","0","0","0","0","0","0","0","0","1","0","","02","5","2024","2","40.519331","-80.03231","1622","11","0","0","0","0","0","0","1","0","","0","0","0","","","0","N","0","","40 31:09.593","1","0","80 01:56.316","0","0","0","0","2474","0","0","0","N","0","0","0","1","02474","0","","6.0","1645.0","1","N","N","N","0","","0","0","2","","0","N","","2","0","0","0","0","0","0","2","0","2","03","03","","N","","","","","","","","","",""
"2024054339","1108","1","0","0","0","0","0","0","0","0","4","0","","02","6","2024","2","40.357715","-79.98115","1106","11","0","0","0","1","0","0","1","0","","0","0","0","","","1","N","0","","40 21:27.774","5","0","79 58:52.141","3","0","0","0","2476","0","0","0","N","0","0","0","3","02476","0","","1.0","1140.0","1","N","N","N","1","","1","0","1","","0","N","","3","1","0","0","0","0","0","2","0","3","03","","","N","","","","","","","","","",""
"2024058541","2257","0","0","0","0","0","0","0","0","0","4","0","","02","6","2024","4","40.57164","-79.777015","2253","11","0","0","0","0","0","0","0","0","","0","0","0","","","0","N","0","","40 34:17.905","5","0","79 46:37.255","9","0","0","0","2104","0","0","0","N","0","0","0","2","02514","0","","6.0","2337.0","9","N","N","N","0","","0","0","2","","0","N","","3","0","0","0","0","0","1","2","1","3","03","","","N","","","","","","","","","",""
"2024064284","1253","0","0","0","0","0","0","0","0","0","4","0","15","02","6","2024","4","40.517928","-80.219554","1252","11","0","0","0","0","0","0","1","1","","0","0","0","","","1","N","0","","40 31:04.540","2","7","80 13:10.394","4","0","0","0","2213","0","0","0","N","0","0","0","3","02213","1","","1.0","1315.0","1","N","N","N","1","","0","0","1","","3","N","","2","1","0","0","0","0","0","2","0","2","03","","Y","Y","4","3","N","N","N","Y","N","N","N","N"
"2024048186","1229","0","0","0","0","0","0","0","0","0","7","0","","02","6","2024","7","40.463671","-79.70814","1227","11","0","0","0","0","1","0","0","0","","0","0","0","","","0","","2","","40 27:49.214","1","0","79 42:29.305","0","0","0","0","2466","0","0","0","N","0","0","0","2","02466","0","","4.0","1303.0","1","N","N","N","0","","0","0","1","","0","N","","1","0","0","0","0","0","0","2","0","1","03","03","","N","","","","","","","","","",""
"2024052726","1710","2","0","0","0","0","0","0","0","0","4","0","","02","6","2024","2","40.47906","-80.007303","1701","11","0","0","0","0","0","0","0","0","","0","0","0","","","1","N","0","","40 28:44.617","","0","80 00:26.292","3","0","0","0","2301","0","0","0","N","0","0","0","3","68B03","0","","1.0","","1","N","N","N","0","","1","0","1","","0","","","3","1","0","0","0","0","0","2","0","3","03","03","","N","","","","","","","","","",""
"2024058364","1941","1","0","0","0","0","0","0","0","0","7","0","","02","4","2024","4","40.525313","-80.155849","1937","11","0","0","0","0","1","0","0","0","","0","0","0","","","1","N","0","","40 31:31.128","1","0","80 09:21.057","3","0","0","0","2436","0","0","0","N","0","0","0","1","68B03","0","","3.0","2012.0","8","N","N","N","0","","1","0","0","","0","N","","1","1","0","0","0","0","0","2","0","1","07","07","","N","","","","","","","","","",""
"2024050320","0753","0","0","0","0","0","0","0","0","0","1","0","","02","6","2024","7","40.24897","-79.877101","0753","11","0","0","0","0","0","0","0","0","","0","0","0","","","0","","2","","40 14:56.293","2","0","79 52:37.564","0","0","0","0","2105","0","0","0","N","0","0","0","3","02105","0","","1.0","831.0","1","N","N","N","1","","0","0","1","","2","N","","2","0","0","0","0","0","0","1","0","2","03","","","N","","","","","","","","","",""
"2024049221","1600","2","0","1","0","0","0","0","0","0","4","0","","02","6","2024","2","40.443849","-79.920578","1553","11","1","0","0","0","0","1","0","0","","0","0","0","","","1","","1","","40 26:37.855","7","0","79 55:14.081","2","0","0","0","2301","0","0","0","N","0","0","0","2","02301","0","","1.0","1630.0","1","N","N","N","0","","0","1","0","","2","N","","2","1","0","0","0","0","0","2","0","2","03","03","","N","","","","","","","","","",""
"2024057120","2023","2","0","0","0","0","0","0","0","0","5","0","","02","6","2024","1","40.396599","-80.031286","2020","11","0","0","0","0","0","0","0","0","","0","0","0","","","1","N","0","","40 23:47.758","2","0","80 01:52.628","3","0","0","0","2422","0","0","0","N","0","0","0","2","02422","0","","1.0","2045.0","1","N","N","N","0","","1","0","1","","0","Y","","3","1","1","0","0","0","0","2","0","3","03","03","","N","","","","","","","","","",""
"2024061182","2032","0","0","0","0","0","0","0","0","0","7","0","","02","7","2024","5","40.563167","-80.204694","2031","11","0","0","0","0","0","0","0","0","","0","0","0","","","0","N","0","","40 33:47.400","1","0","80 12:16.900","9","0","0","0","2441","0","0","0","Y","0","0","0","1","02441","0","","4.0","2139.0","1","N","N","N","0","","0","0","0","","0","Y","","1","0","0","0","0","0","1","2","1","1","03","03","","N","","","","","","","","","",""
"2024052725","1729","0","0","0","0","0","0","0","0","0","7","0","","02","5","2024","2","40.399305","-79.835407","1707","11","0","0","0","0","0","0","0","0","","0","0","0","","","0","","1","","40 23:57.498","","0","79 50:07.466","0","0","0","0","2425","0","0","0","N","0","0","0","1","68B03","0","","2.0","","1","N","N","N","0","","0","0","1","","0","","","1","0","0","0","0","0","0","2","0","1","03","","","N","","","","","","","","","",""
"2024053005","1331","0","0","0","0","0","0","0","0","0","4","0","","02","6","2024","3","40.280097","-79.954678","1327","11","0","0","0","0","0","1","0","0","","0","0","0","","","2","N","1","","40 16:48.348","","0","79 57:16.841","3","0","0","0","2440","0","0","0","N","0","0","0","3","02440","0","","1.0","","1","N","N","N","1","","2","0","1","","3","","","2","2","0","0","0","0","0","2","0","2","03","","","N","","","","","","","","","",""