"CRN","ARRIVAL_TM","AUTOMOBILE_COUNT","BELTED_DEATH_COUNT","BELTED_SUSP_SERIOUS_INJ_COUNT","BICYCLE_COUNT","BICYCLE_DEATH_COUNT","BICYCLE_SUSP_SERIOUS_INJ_COUNT","BUS_COUNT","CHLDPAS_DEATH_COUNT","CHLDPAS_SUSP_SERIOUS_INJ_COUNT","COLLISION_TYPE","COMM_VEH_COUNT","CONS_ZONE_SPD_LIM","COUNTY","CRASH_MONTH","CRASH_YEAR","DAY_OF_WEEK","DEC_LATITUDE","DEC_LONGITUDE","DISPATCH_TM","DISTRICT","DRIVER_COUNT_16YR","DRIVER_COUNT_17YR","DRIVER_COUNT_18YR","DRIVER_COUNT_19YR","DRIVER_COUNT_20YR","DRIVER_COUNT_50_64YR","DRIVER_COUNT_65_74YR","DRIVER_COUNT_75PLUS","EST_HRS_CLOSED","FATAL_COUNT","HEAVY_TRUCK_COUNT","HORSE_BUGGY_COUNT","HOUR_OF_DAY","ILLUMINATION","INJURY_COUNT","INTERSECTION_RELATED","INTERSECT_TYPE","LANE_CLOSED","LATITUDE","LN_CLOSE_DIR","LOCATION_TYPE","LONGITUDE","MAX_SEVERITY_LEVEL","MCYCLE_DEATH_COUNT","MCYCLE_SUSP_SERIOUS_INJ_COUNT","MOTORCYCLE_COUNT","MUNICIPALITY","NONMOTR_COUNT","NONMOTR_DEATH_COUNT","NONMOTR_SUSP_SERIOUS_INJ_COUNT","NTFY_HIWY_MAINT","PED_COUNT","PED_DEATH_COUNT","PED_SUSP_SERIOUS_INJ_COUNT","PERSON_COUNT","POLICE_AGCY","POSSIBLE_INJ_COUNT","RDWY_SURF_TYPE_CD","RELATION_TO_ROAD","ROADWAY_CLEARED","ROAD_CONDITION","SCH_BUS_IND","SCH_ZONE_IND","SECONDARY_CRASH","SMALL_TRUCK_COUNT","SPEC_JURIS_CD","SUSP_MINOR_INJ_COUNT","SUSP_SERIOUS_INJ_COUNT","SUV_COUNT","TCD_FUNC_CD","TCD_TYPE","TFC_DETOUR_IND","TIME_OF_DAY","TOTAL_UNITS","TOT_INJ_COUNT","UNBELTED_OCC_COUNT","UNB_DEATH_COUNT","UNB_SUSP_SERIOUS_INJ_COUNT","UNK_INJ_DEG_COUNT","UNK_INJ_PER_COUNT","URBAN_RURAL","VAN_COUNT","VEHICLE_COUNT","WEATHER1","WEATHER2","WORKERS_PRES","WORK_ZONE_IND","WORK_ZONE_LOC","WORK_ZONE_TYPE","WZ_CLOSE_DETOUR","WZ_FLAGGER","WZ_LAW_OFFCR_IND","WZ_LN_CLOSURE","WZ_MOVING","WZ_OTHER","WZ_SHLDER_MDN","WZ_WORKERS_INJ_KILLED"
"2024065542","0932","1","0","0","0","0","0","0","0","0","4","0","","02","6","2024","2","40.498647","-80.207785","0930","11","0","0","0","0","1","0","0","0","","0","0","0","","","0","","1","","40 29:55.128","2","0","80 12:28.025","0","0","0","0","2213","0","0","0","N","0","0","0","2","02213","0","","1.0","1000.0","1","N","N","N","0","","0","0","1","","2","N","","2","0","0","0","0","0","0","2","0","2","03","03","","N","","","","","","","","","",""
"2024053609","1349","0","0","0","0","0","0","0","0","0","1","0","","02","6","2024","2","40.283652","-79.837454","1346","11","0","0","0","0","0","0","0","0","","0","0","0","","","1","N","1","","40 17:01.147","1","0","79 50:14.836","8","0","0","0","2105","0","0","0","N","0","0","0","3","02105","0","","1.0","1432.0","1","N","N","N","0","","0","0","2","","0","N","","2","1","0","0","0","1","0","2","0","2","03","","","N","","","","","","","","","",""
"2024052512","1515","0","0","0","0","0","0","0","0","0","7","0","55","02","6","2024","7","40.288665","-79.91582","1505","11","0","0","0","0","0","1","0","0","","0","0","0","","","0","N","0","","40 17:19.195","","0","79 54:56.953","0","0","0","0","2440","0","0","0","N","0","0","0","1","02440","0","","4.0","","1","N","N","N","0","","0","0","1","","0","","","1","0","0","0","0","0","0","2","0","1","03","","N","Y","3","1","","","N","","","Y","","N"
"2024051430","1456","0","0","0","0","0","0","0","0","0","4","0","","02","6","2024","5","40.364647","-80.023818","1454","11","0","0","0","0","0","2","1","0","","0","0","0","","","0","N","0","","40 21:52.730","1","0","80 01:25.745","0","0","0","0","2416","0","0","0","N","0","0","0","8","02416","0","","1.0","1520.0","1","N","N","N","1","","0","0","5","","0","N","","7","0","0","0","0","0","0","2","1","7","03","03","","N","","","","","","","","","",""
"2024059218","1655","1","0","0","0","0","0","0","0","0","1","0","","02","6","2024","1","40.393784","-80.046228","1654","11","0","0","0","0","0","1","0","1","","0","0","0","","","2","","3","","40 23:37.624","","0","80 02:46.419","3","0","0","0","2109","0","0","0","N","0","0","0","2","02109","0","","1.0","","1","N","N","N","1","","2","0","0","","2","","","2","2","0","0","0","0","0","2","0","2","03","03","","N","","","","","","","","","",""
"2024052797","1528","1","0","0","0","0","0","0","0","0","4","0","","02","6","2024","1","40.441731","-79.742879","1521","11","0","0","0","0","0","0","0","1","","0","0","0","","","0","","2","","40 26:30.233","","0","79 44:34.365","0","0","0","0","2446","0","0","0","N","0","0","0","3","02446","0","","1.0","","1","N","N","N","0","","0","0","1","","3","","","2","0","0","0","0","0","0","2","0","2","03","","","N","","","","","","","","","",""
"2024052450","2347","2","0","0","0","0","0","0","0","0","1","0","","02","6","2024","6","40.450078","-80.109712","2347","11","0","0","0","0","0","0","0","0","","0","0","0","","","0","N","1","","40 27:00.282","1","0","80 06:34.964","0","0","0","0","2115","0","0","0","N","0","0","0","2","02115","0","","1.0","103.0","1","N","N","N","0","","0","0","0","","2","N","","2","0","0","0","0","0","0","2","0","2","03","","","N","","","","","","","","","",""
"2024054340","1930","0","0","0","0","0","0","0","0","0","7","0","","02","6","2024","2","40.365194","-79.992119","1925","11","0","0","0","0","0","0","0","1","","0","0","0","","","1","N","0","","40 21:54.700","5","0","79 59:31.630","8","0","0","0","2476","0","0","0","N","0","0","0","1","02476","0","","4.0","2026.0","1","N","N","N","0","","0","0","1","","0","Y","","1","1","0","0","0","1","0","2","0","1","03","03","","N","","","","","","","","","",""
"2024055783","1710","0","0","0","0","0","0","0","0","0","1","0","","02","5","2024","6","40.491697","-79.892258","1702","11","0","0","0","0","1","0","0","0","","0","0","0","","","1","N","0","","40 29:30.110","1","0","79 53:32.127","3","0","0","0","2301","0","0","0","N","0","0","0","3","68D02","0","","1.0","1750.0","9","N","N","N","0","","1","0","2","","0","N","","2","1","0","0","0","0","0","2","0","2","07","08","","N","","","","","","","","","",""
"2024059511","1045","0","0","0","0","0","0","0","0","0","98","0","","02","6","2024","6","40.411321","-80.075386","1025","11","0","0","0","0","0","0","1","0","","0","0","0","","","0","N","0","","40 24:40.756","","0","80 04:31.390","0","0","0","0","2117","0","0","0","N","0","0","0","1","68B03","0","","1.0","","1","N","N","N","0","","0","0","1","","0","","","1","0","0","0","0","0","0","2","0","1","03","","","N","","","","","","","","","",""
"2024064130","1950","0","0","0","0","0","0","0","0","0","6","0","","02","7","2024","3","40.606142","-79.743025","1950","11","0","0","0","0","0","0","0","0","","0","0","0","","","1","N","0","","40 36:22.110","","0","79 44:34.890","4","0","0","0","2409","0","0","0","N","0","0","0","1","02464","1","","6.0","","1","N","N","N","1","","0","0","1","","0","","","2","1","0","0","0","0","0","2","0","2","03","03","","N","","","","","","","","","",""
"2024064276","0106","1","0","0","0","0","0","0","0","0","5","0","","02","4","2024","7","40.413935","-79.845795","0103","11","0","0","0","0","0","1","0","0","","0","0","0","","","0","","2","","40 24:50.165","","0","79 50:44.862","9","0","0","0","2431","0","0","0","N","0","0","0","2","02431","0","","1.0","","9","N","N","N","0","","0","0","1","","0","","","2","0","0","0","0","0","1","2","0","2","07","","","N","","","","","","","","","",""
"2024052596","0945","1","0","0","0","0","0","0","0","0","7","0","","02","6","2024","4","40.529711","-79.952485","0938","11","0","0","0","0","0","0","0","0","","0","0","0","","","0","","1","","40 31:46.958","1","0","79 57:08.947","0","0","0","0","2118","0","0","0","N","0","0","0","2","02118","0","","2.0","1028.0","1","N","N","N","0","","0","0","0","","2","N","","2","0","0","0","0","0","0","2","1","2","03","03","","N","","","","","","","","","",""
"2024045216","0700","0","0","0","0","0","0","0","0","0","4","0","","02","5","2024","5","40.606756","-80.051723","0649","11","0","0","0","0","0","0","0","0","","0","0","0","","","0","","2","","40 36:24.321","","0","80 03:06.202","0","0","0","0","2216","0","0","0","N","0","0","0","2","02505","0","","1.0","","1","N","N","N","0","","0","0","2","","2","","","2","0","0","0","0","0","0","2","0","2","03","","","N","","","","","","","","","",""
"2024058807","0226","1","0","0","0","0","0","0","0","0","7","0","","02","7","2024","7","40.271929","-79.868621","0216","11","0","0","0","0","0","0","0","0","","0","0","0","","","1","N","3","","40 16:18.944","2","0","79 52:07.035","8","0","0","0","2105","0","0","0","N","0","0","0","2","02105","0","","2.0","335.0","1","N","N","N","0","","0","0","0","","0","N","","1","1","0","0","0","1","0","2","0","1","03","","","N","","","","","","","","","",""
"2024048128","0024","1","0","0","0","0","0","0","0","0","2","0","","02","6","2024","1","40.476829","-79.871777","0009","11","0","0","0","0","0","0","0","0","","0","0","0","","","0","N","0","","40 28:36.585","6","0","79 52:18.396","0","0","0","0","2113","0","0","0","N","0","0","0","1","02113","0","","6.0","118.0","1","N","N","N","0","","0","0","1","","0","N","","2","0","0","0","0","0","0","2","0","2","03","","","N","","","","","","","","","",""
"2024063188","1843","1","0","0","0","0","0","0","0","0","4","0","","02","7","2024","2","40.510128","-79.796594","1826","11","0","0","0","0","0","1","0","0","","0","0","0","","","0","N","3","","40 30:36.461","3","0","79 47:47.740","0","0","0","0","2113","0","0","0","N","0","0","0","5","02113","0","","1.0","1921.0","1","N","N","N","0","","0","0","1","","0","N","","2","0","0","0","0","0","0","2","0","2","03","03","","N","","","","","","","","","",""
"2024064435","1330","1","0","0","0","0","0","0","0","0","4","0","","02","7","2024","4","40.487498","-79.882951","1330","11","0","0","0","0","0","0","1","0","","0","0","0","","","1","","1","","40 29:14.994","5","0","79 52:58.625","3","0","0","0","2112","0","0","0","N","0","0","0","7","02112","0","","1.0","1430.0","1","N","N","N","1","","1","0","0","","2","Y","","2","1","0","0","0","0","0","2","0","2","03","03","","N","","","","","","","","","",""
"2024057812","1615","1","0","0","0","0","0","0","0","0","4","0","","02","7","2024","3","40.629572","-79.718353","1615","11","0","0","0","0","0","1","0","0","","0","0","0","","","0","","1","","40 37:46.459","2","0","79 43:06.072","0","0","0","0","2106","0","0","0","N","0","0","0","2","02106","0","","1.0","1632.0","1","N","N","N","0","","0","0","1","","2","N","","2","0","0","0","0","0","0","2","0","2","03","03","","N","","","","","","","","","",""
"2024059271","1610","0","0","0","0","0","0","0","0","0","5","0","","02","7","2024","2","40.318529","-79.921686","1604","11","0","0","0","0","0","0","0","0","","0","0","0","","","1","","2","","40 19:06.704","1","0","79 55:18.071","3","0","0","0","2440","0","0","0","N","0","0","0","2","02440","0","","1.0","1634.0","1","N","N","N","0","","1","0","1","","0","N","","2","1","1","0","0","0","0","2","1","2","03","03","","N","","","","","","","","","",""
"2024054261","2101","1","0","0","0","0","0","0","0","0","4","0","","02","6","2024","5","40.341172","-79.965228","2055","11","0","1","0","0","0","0","0","0","","0","0","0","","","0","","7","","40 20:28.218","4","2","79 57:54.819","0","0","0","0","2403","0","0","0","N","0","0","0","6","02403","0","","1.0","2134.0","1","N","N","N","1","","0","0","0","","0","Y","","2","0","1","0","0","0","0","2","0","2","03","","","N","","","","","","","","","",""
"2024066433","1708","0","0","0","0","0","0","0","0","0","4","0","","02","7","2024","5","40.550091","-79.818822","1708","11","0","0","0","0","0","0","1","0","","0","0","0","","","0","N","0","","40 33:00.329","1","0","79 49:07.758","0","0","0","0","2208","0","0","0","N","0","0","0","2","68D02","0","","1.0","1758.0","1","N","N","Y","2","","0","0","0","","0","Y","","2","0","0","0","0","0","0","2","0","2","03","03","","N","","","","","","","","","",""
"2024059128","2123","1","0","0","0","0","0","0","0","0","4","0","","02","7","2024","4","40.495748","-80.06695","2123","11","0","0","0","0","0","0","0","0","","0","0","0","","","0","","2","","40 29:44.693","1","0","80 04:01.019","0","0","0","0","2402","0","0","0","N","0","0","0","2","02402","0","","1.0","2148.0","1","N","N","N","0","","0","0","1","","2","Y","","2","0","0","0","0","0","0","2","0","2","03","03","","N","","","","","","","","","",""
"2024003615","0623","2","0","0","0","0","0","0","0","0","6","0","","02","1","2024","2","40.342964","-79.875195","0620","11","0","0","0","0","0","0","0","0","","0","0","0","","","1","N","0","","40 20:34.672","5","0","79 52:30.701","3","0","0","0","2455","0","0","0","N","0","0","0","1","02455","0","","4.0","721.0","1","N","N","N","0","","1","0","0","","0","Y","","2","1","0","0","0","0","0","2","0","2","03","03","","N","","","","","","","","","",""
"2024048242","1535","1","0","0","0","0","0","0","0","0","4","0","","02","6","2024","7","40.517546","-79.958988","1530","11","0","0","0","0","0","0","0","2","","0","0","0","","","0","","2","","40 31:03.166","","0","79 57:32.355","0","0","0","0","2118","0","0","0","N","0","0","0","3","02118","0","","1.0","","1","N","N","N","0","","0","0","1","","0","","","2","0","0","0","0","0","0","2","0","2","03","","","N","","","","","","","","","",""
"2024059001","2342","0","0","0","0","0","0","0","0","0","4","0","","02","7","2024","7","40.353089","-79.837291","2340","11","0","0","0","0","0","0","0","0","","0","0","0","","","0","","2","","40 21:11.122","4","0","79 50:14.247","0","0","0","0","2304","0","0","0","N","0","0","0","2","02304","0","","1.0","15.0","1","N","N","N","0","","0","0","2","","2","Y","","2","0","0","0","0","0","0","2","0","2","03","03","","N","","","","","","","","","",""
"2024050372","1150","0","0","0","0","0","0","0","0","0","1","0","","02","5","2024","6","40.626728","-80.03589","1144","11","0","0","1","1","0","0","0","0","","0","0","0","","","0","N","0","","40 37:36.219","","0","80 02:09.203","0","0","0","0","2216","0","0","0","N","0","0","0","2","02505","0","","1.0","","1","N","N","N","0","","0","0","2","","0","","","2","0","0","0","0","0","0","1","0","2","03","03","","N","","","","","","","","","",""
"2024054778","1303","1","0","1","0","0","0","0","0","0","7","0","","02","4","2024","5","40.626898","-80.03211","1259","11","0","0","0","0","0","0","0","0","","0","0","0","","","2","N","0","","40 37:36.832","4","0","80 01:55.597","2","0","0","0","2216","0","0","0","N","0","0","0","2","02505","0","","4.0","1523.0","1","N","N","N","0","","0","2","0","","0","N","","1","2","0","0","0","0","0","1","0","1","03","","","N","","","","","","","","","",""
"2024052632","1106","0","0","0","0","0","0","0","0","0","7","0","","02","6","2024","5","40.497591","-79.865966","1106","11","0","0","0","0","0","0","0","0","","0","0","0","","","0","N","0","","40 29:51.328","","0","79 51:57.477","0","0","0","0","2112","0","0","0","Y","0","0","0","1","68D02","0","","3.0","","1","N","N","N","0","","0","0","0","","0","","","1","0","0","0","0","0","0","2","1","1","03","03","","N","","","","","","","","","",""
"2024052325","1715","0","0","0","0","0","0","0","0","0","7","0","","02","6","2024","6","40.474906","-79.757783","1705","11","0","0","0","0","0","0","0","0","","0","0","0","","","0","","2","","40 28:29.661","","0","79 45:28.018","0","0","0","0","2466","0","0","0","N","0","0","0","1","02466","0","","2.0","","9","N","N","N","1","","0","0","0","","0","","","1","0","0","0","0","0","0","2","0","1","04","","","N","","","","","","","","","",""
"2024044509","1143","0","0","0","0","0","0","0","0","0","4","0","","02","5","2024","3","40.410425","-79.981767","1140","11","0","0","0","0","0","1","0","0","","0","0","0","","","0","N","0","","40 24:37.530","4","0","79 58:54.360","0","0","0","0","2447","0","0","0","N","0","0","0","1","02447","0","","6.0","1240.0","1","N","N","N","0","","0","0","1","","3","Y","","2","0","0","0","0","0","0","2","1","2","03","03","","N","","","","","","","","","",""
"2024056419","0005","1","0","0","0","0","0","0","0","0","1","0","","02","6","2024","6","40.425783","-80.019783","0004","11","0","0","1","0","0","0","0","0","","0","0","0","","","2","","1","","40 25:32.817","","0","80 01:11.217","3","0","0","0","2301","0","0","0","N","0","0","0","2","02301","0","","1.0","","1","N","N","N","0","","2","0","1","","2","","","2","2","0","0","0","0","0","2","0","2","03","03","","N","","","","","","","","","",""
"2024052141","1424","2","0","0","0","0","0","0","0","0","4","0","","02","6","2024","2","40.350148","-79.862901","1407","11","0","0","0","0","0","1","0","0","","0","0","0","","","1","","1","","40 21:00.532","","0","79 51:46.443","3","0","0","0","2304","0","0","0","N","0","0","0","2","02304","0","","1.0","","1","N","N","N","0","","1","0","0","","3","","","2","1","1","0","0","0","0","2","0","2","03","","","N","","","","","","","","","",""
"2024058691","0949","1","0","0","0","0","0","0","0","0","4","1","","02","7","2024","2","40.545261","-80.016206","0945","11","0","0","0","0","0","1","0","0","","0","1","0","","","0","N","0","","40 32:42.939","","7","80 00:58.340","0","0","0","0","2116","0","0","0","N","0","0","0","2","02116","0","","1.0","","1","N","N","N","0","","0","0","0","","0","","","2","0","0","0","0","0","0","2","0","2","03","","","N","","","","","","","","","",""
"2024061979","1612","1","0","0","0","0","0","0","0","0","4","0","","02","7","2024","4","40.441642","-80.240299","1610","11","0","0","0","0","0","0","0","0","","0","0","0","","","3","N","0","","40 26:29.911","4","7","80 14:25.077","3","0","0","0","2214","0","0","0","N","0","0","0","3","02214","0","","1.0","1650.0","1","N","N","N","0","","3","0","1","","3","N","","2","3","0","0","0","0","0","2","0","2","04","","","N","","","","","","","","","",""
"2024053174","1649","2","0","0","0","0","0","0","0","0","4","0","","02","6","2024","2","40.52991","-79.771429","1640","11","0","0","0","0","0","1","0","0","","0","0","0","","","0","N","2","","40 31:47.676","3","0","79 46:17.145","0","0","0","0","2466","0","0","0","N","0","0","0","2","02466","0","","1.0","1717.0","1","N","N","N","0","","0","0","0","","3","N","","2","0","0","0","0","0","0","1","0","2","03","","","N","","","","","","","","","",""
"2024052718","0147","1","0","0","0","0","0","0","0","0","7","0","","02","6","2024","1","40.467783","-79.846914","0147","11","0","0","0","0","0","0","0","0","","0","0","0","","","1","Y","0","","40 28:04.020","1","0","79 50:48.891","4","0","0","0","2113","0","0","0","N","0","0","0","1","02113","1","","2.0","221.0","1","N","N","N","0","","0","0","0","","0","N","","1","1","1","0","0","0","0","2","0","1","03","03","","N","","","","","","","","","",""
"2024061458","0600","0","0","0","0","0","0","0","0","0","7","0","","02","7","2024","1","40.643287","-80.028477","0536","11","0","0","0","0","0","0","0","0","","0","0","0","","","0","N","0","","40 38:35.833","","3","80 01:42.516","0","0","0","0","2216","0","0","0","N","0","0","0","3","68T02","0","","3.0","","1","N","N","N","0","","0","0","1","","0","","","1","0","0","0","0","0","0","1","0","1","03","","","N","","","","","","","","","",""
"2024057801","1907","0","0","0","0","0","0","0","0","0","4","0","","02","7","2024","3","40.502274","-80.069074","1906","11","0","0","0","0","0","1","0","0","","0","0","0","","","1","","1","","40 30:08.185","","0","80 04:08.667","3","0","0","1","2402","0","0","0","N","0","0","0","3","02402","0","","1.0","","1","N","N","N","0","","1","0","1","","0","","","2","1","0","0","0","0","0","2","0","2","03","","","N","","","","","","","","","",""
"2024050253","0805","0","0","0","0","0","0","0","0","0","7","0","","02","5","2024","5","40.517583","-79.841694","0803","11","0","0","0","0","0","0","0","0","","0","0","0","","","0","N","0","","40 31:03.300","","0","79 50:30.100","0","0","0","0","2451","0","0","0","N","0","0","0","1","02451","0","","4.0","","1","N","N","N","0","","0","0","1","","0","","","1","0","0","0","0","0","0","2","0","1","03","03","","N","","","","","","","","","",""
"2024040720","2151","0","0","0","0","0","0","0","0","0","7","0","","02","3","2024","1","40.493708","-80.011437","2127","11","0","0","0","0","0","1","0","0","","0","0","0","","","1","N","0","","40 29:37.348","2","3","80 00:41.172","3","0","0","0","2301","0","0","0","N","0","0","0","1","68B03","0","","2.0","100.0","9","N","N","N","0","","1","0","1","","0","N","","1","1","0","0","0","0","0","2","0","1","10","10","","N","","","","","","","","","",""
"2024049739","1022","1","0","0","0","0","0","0","0","0","4","0","","02","6","2024","5","40.614851","-79.758835","1019","11","0","0","0","0","0","1","1","0","","0","0","0","","","1","","2","","40 36:53.462","2","2","79 45:31.805","2","0","1","1","2202","0","0","0","N","0","0","0","2","02202","0","","1.0","1100.0","1","N","N","N","0","","0","1","0","","3","N","","2","1","0","0","0","0","0","2","0","2","03","03","","N","","","","","","","","","",""
"2024060885","1345","1","0","0","0","0","0","0","0","0","1","0","","02","7","2024","6","40.40969","-80.082012","1341","11","0","0","0","0","0","0","0","1","","0","0","0","","","0","N","0","","40 24:34.883","5","7","80 04:55.242","0","0","0","0","2415","0","0","0","N","0","0","0","2","02415","0","","4.0","1415.0","1","N","N","N","0","","0","0","1","","3","Y","","2","0","0","0","0","0","0","2","0","2","03","03","","N","","","","","","","","","",""
"2024044157","2051","1","1","0","0","0","0","0","0","0","7","0","","02","3","2024","2","40.491577","-80.148544","2046","11","0","0","0","0","0","0","0","1","","1","0","0","","","0","N","0","","40 29:29.678","","0","80 08:54.758","1","0","0","0","2115","0","0","0","N","0","0","0","1","02115","0","2","4.0","","1","N","N","N","0","0","0","0","0","","0","","","1","0","0","0","0","0","0","2","0","1","03","","","N","","","","","","","","","",""
"2024060378","2228","1","0","0","0","0","0","0","0","0","0","0","","02","7","2024","4","40.461091","-79.866318","2220","11","0","0","0","0","0","0","0","0","","0","0","0","","","0","","1","","40 27:39.926","","0","79 51:58.745","0","0","0","0","2113","0","0","0","N","0","0","0","3","02113","0","","1.0","","9","","","N","0","","0","0","0","","0","","","1","0","0","0","0","0","0","2","0","1","04","03","","N","","","","","","","","","",""
"2024055279","1230","1","0","0","0","0","0","0","0","0","1","0","","02","6","2024","6","40.330375","-80.053891","1226","11","0","0","0","0","0","0","0","1","","0","0","0","","","0","","3","","40 19:49.351","","0","80 03:14.008","0","0","0","0","2407","0","0","0","N","0","0","0","2","02407","0","","1.0","","1","N","N","N","0","","0","0","1","","0","","","2","0","0","0","0","0","0","2","0","2","03","","","N","","","","","","","","","",""
"2024056971","0133","1","0","0","0","0","0","0","0","0","7","0","","02","6","2024","7","40.414213","-79.921733","0129","11","0","0","0","0","0","0","0","0","","0","0","0","","","1","","2","","40 24:51.166","5","0","79 55:18.237","3","0","0","0","2301","0","0","0","N","0","0","0","1","02301","0","","4.0","207.0","1","N","N","N","0","","1","0","0","","0","N","","2","1","0","0","0","0","0","2","0","1","03","","","N","","","","","","","","","",""
"2024060260","0710","0","0","0","0","0","0","0","0","0","7","0","","02","7","2024","5","40.324118","-79.832397","0710","11","0","0","0","0","0","0","0","0","","0","0","0","","","1","N","0","","40 19:26.823","","0","79 49:56.628","2","0","1","1","2304","0","0","0","N","0","0","0","1","02304","0","","4.0","","1","N","N","N","0","","0","1","0","","0","","","1","1","0","0","0","0","0","2","0","1","03","03","","N","","","","","","","","","",""
"2024064288","0513","0","0","0","0","0","0","0","0","0","7","0","","02","7","2024","2","40.447909","-80.02609","0508","11","0","0","0","0","0","0","0","0","","0","0","0","","","0","N","0","","40 26:52.471","","0","80 01:33.923","9","0","0","0","2301","0","0","0","N","0","0","0","1","02301","0","","2.0","","1","N","N","N","0","","0","0","1","","0","","","1","0","0","0","0","0","1","2","0","1","03","","","N","","","","","","","","","",""
"2024052651","0627","0","0","0","0","0","0","0","0","0","0","0","","02","6","2024","6","40.570196","-79.793686","0606","11","0","0","1","0","0","0","0","0","","0","0","0","","","1","N","0","","40 34:12.707","1","0","79 47:37.271","3","0","0","0","2206","0","0","0","N","0","0","0","1","68D02","0","","3.0","724.0","1","N","N","N","0","","1","0","1","","0","N","","1","1","0","0","0","0","0","2","0","1","03","03","","N","","","","","","","","","",""
"2024057329","1404","1","0","0","0","0","0","0","0","0","7","0","","02","7","2024","2","40.301283","-79.929635","1355","11","0","0","0","0","0","1","0","0","","0","0","0","","","0","N","0","","40 18:04.620","2","7","79 55:46.685","0","0","0","0","2440","0","0","0","N","0","0","0","1","02440","0","","2.0","1429.0","1","N","N","N","0","","0","0","0","","0","N","","1","0","0","0","0","0","0","2","0","1","03","","","N","","","","","","","","","",""
"2024054214","0910","0","0","0","0","0","0","0","0","0","7","1","","02","6","2024","3","40.372828","-80.048164","0906","11","0","0","0","0","0","0","0","0","","0","1","0","","","1","N","0","","40 22:22.180","","0","80 02:53.390","8","0","0","0","2109","1","0","0","N","1","0","0","2","02109","0","","4.0","","1","N","N","N","0","","0","0","0","","0","","","2","1","0","0","0","1","0","2","0","1","03","03","","N","","","","","","","","","",""
"2024051568","0808","0","0","0","0","0","0","0","0","0","3","0","","02","6","2024","4","40.600357","-79.888678","0758","11","0","0","0","0","0","0","0","0","","0","0","0","","","1","","2","","40 36:01.285","","0","79 53:19.242","4","0","0","0","2220","0","0","0","N","0","0","0","2","02220","1","","1.0","","1","","","N","1","","0","0","1","","3","","","2","1","0","0","0","0","0","2","0","2","03","","","N","","","","","","","","","",""
"2024050385","1510","1","0","0","0","0","0","0","0","0","4","0","","02","6","2024","7","40.429326","-79.847823","1507","11","0","0","0","0","0","1","0","1","","0","0","0","","","1","","2","","40 25:45.574","7","0","79 50:52.164","2","0","1","1","2419","0","0","0","N","0","0","0","2","02419","0","","1.0","1554.0","1","N","N","N","0","","0","1","0","","0","N","","2","1","0","0","0","0","0","2","0","2","03","","","N","","","","","","","","","",""
"2024057283","1633","1","0","0","0","0","0","0","0","0","7","0","","02","6","2024","4","40.542756","-80.011417","1624","11","0","0","0","0","0","0","0","0","","0","0","0","","","0","N","0","","40 32:33.923","3","0","80 00:41.102","0","0","0","0","2116","0","0","0","N","0","0","0","1","02116","0","","2.0","1711.0","9","N","N","N","0","","0","0","0","","0","N","","1","0","0","0","0","0","0","2","0","1","07","98","","N","","","","","","","","","",""
"2024055375","1151","1","0","0","0","0","0","0","0","0","7","0","","02","5","2024","2","40.43302","-80.14112","1107","11","0","0","1","0","0","0","0","0","","0","0","0","","","0","N","0","","40 25:58.873","","0","80 08:28.033","9","0","0","0","2115","0","0","0","N","0","0","0","1","68B03","0","","3.0","","1","N","N","N","0","","0","0","0","","0","","","1","0","0","0","0","0","1","2","0","1","03","03","","N","","","","","","","","","",""
"2024064763","1700","2","0","0","0","0","0","0","0","0","1","0","","02","7","2024","4","40.622817","-79.942974","1654","11","0","0","1","0","0","0","0","0","","0","0","0","","","1","Y","0","","40 37:22.140","","0","79 56:34.705","4","0","0","0","2217","0","0","0","N","0","0","0","3","02505","1","","1.0","","1","N","N","Y","0","","0","0","0","","0","","","2","1","0","0","0","0","0","2","0","2","03","03","","N","","","","","","","","","",""
"2024064287","2128","1","0","0","0","0","0","0","0","0","98","0","","02","7","2024","6","40.509021","-80.202655","2125","11","0","0","0","0","0","0","0","0","","0","0","0","","","0","N","0","","40 30:32.476","","0","80 12:09.557","0","0","0","0","2213","0","0","0","N","0","0","0","3","02213","0","","1.0","","1","N","N","N","0","","0","0","0","","0","","","1","0","0","0","0","0","0","2","0","1","03","","","N","","","","","","","","","",""
"2024050192","2122","0","0","0","1","0","0","0","0","0","8","0","","02","6","2024","3","40.351224","-79.964868","2119","11","0","0","0","0","0","0","0","0","","0","0","0","","","1","","2","","40 21:04.406","","0","79 57:53.524","3","0","0","0","2403","1","0","0","N","0","0","0","2","02403","0","","1.0","","1","N","N","N","0","","1","0","1","","0","","","2","1","0","0","0","0","0","2","0","1","03","","","N","","","","","","","","","",""
"2024052194","0952","0","0","0","0","0","0","0","0","0","5","0","","02","6","2024","2","40.554036","-79.806192","0947","11","0","0","0","0","0","0","0","2","","0","0","0","","","1","","2","","40 33:14.529","4","0","79 48:22.291","3","0","0","0","2121","0","0","0","N","0","0","0","2","02514","0","","1.0","1034.0","1","N","N","N","1","","1","0","1","","0","Y","","2","1","0","0","0","0","0","2","0","2","03","03","","N","","","","","","","","","",""