"CRN","ARRIVAL_TM","AUTOMOBILE_COUNT","BELTED_DEATH_COUNT","BELTED_SUSP_SERIOUS_INJ_COUNT","BICYCLE_COUNT","BICYCLE_DEATH_COUNT","BICYCLE_SUSP_SERIOUS_INJ_COUNT","BUS_COUNT","CHLDPAS_DEATH_COUNT","CHLDPAS_SUSP_SERIOUS_INJ_COUNT","COLLISION_TYPE","COMM_VEH_COUNT","CONS_ZONE_SPD_LIM","COUNTY","CRASH_MONTH","CRASH_YEAR","DAY_OF_WEEK","DEC_LATITUDE","DEC_LONGITUDE","DISPATCH_TM","DISTRICT","DRIVER_COUNT_16YR","DRIVER_COUNT_17YR","DRIVER_COUNT_18YR","DRIVER_COUNT_19YR","DRIVER_COUNT_20YR","DRIVER_COUNT_50_64YR","DRIVER_COUNT_65_74YR","DRIVER_COUNT_75PLUS","EST_HRS_CLOSED","FATAL_COUNT","HEAVY_TRUCK_COUNT","HORSE_BUGGY_COUNT","HOUR_OF_DAY","ILLUMINATION","INJURY_COUNT","INTERSECTION_RELATED","INTERSECT_TYPE","LANE_CLOSED","LATITUDE","LN_CLOSE_DIR","LOCATION_TYPE","LONGITUDE","MAX_SEVERITY_LEVEL","MCYCLE_DEATH_COUNT","MCYCLE_SUSP_SERIOUS_INJ_COUNT","MOTORCYCLE_COUNT","MUNICIPALITY","NONMOTR_COUNT","NONMOTR_DEATH_COUNT","NONMOTR_SUSP_SERIOUS_INJ_COUNT","NTFY_HIWY_MAINT","PED_COUNT","PED_DEATH_COUNT","PED_SUSP_SERIOUS_INJ_COUNT","PERSON_COUNT","POLICE_AGCY","POSSIBLE_INJ_COUNT","RDWY_SURF_TYPE_CD","RELATION_TO_ROAD","ROADWAY_CLEARED","ROAD_CONDITION","SCH_BUS_IND","SCH_ZONE_IND","SECONDARY_CRASH","SMALL_TRUCK_COUNT","SPEC_JURIS_CD","SUSP_MINOR_INJ_COUNT","SUSP_SERIOUS_INJ_COUNT","SUV_COUNT","TCD_FUNC_CD","TCD_TYPE","TFC_DETOUR_IND","TIME_OF_DAY","TOTAL_UNITS","TOT_INJ_COUNT","UNBELTED_OCC_COUNT","UNB_DEATH_COUNT","UNB_SUSP_SERIOUS_INJ_COUNT","UNK_INJ_DEG_COUNT","UNK_INJ_PER_COUNT","URBAN_RURAL","VAN_COUNT","VEHICLE_COUNT","WEATHER1","WEATHER2","WORKERS_PRES","WORK_ZONE_IND","WORK_ZONE_LOC","WORK_ZONE_TYPE","WZ_CLOSE_DETOUR","WZ_FLAGGER","WZ_LAW_OFFCR_IND","WZ_LN_CLOSURE","WZ_MOVING","WZ_OTHER","WZ_SHLDER_MDN","WZ_WORKERS_INJ_KILLED"
"2024053899","1036","2","0","0","0","0","0","0","0","0","4","0","","02","6","2024","4","40.3551","-80.038931","1034","11","0","0","0","0","0","1","0","0","","0","0","0","","","2","","1","","40 21:18.360","6","0","80 02:20.152","3","0","0","0","2109","0","0","0","N","0","0","0","2","02109","1","","1.0","1115.0","1","N","N","N","0","","1","0","0","","3","Y","","2","2","0","0","0","0","0","2","0","2","03","03","","N","","","","","","","","","",""
"2024053044","2018","1","0","0","0","0","0","0","0","0","7","0","","02","6","2024","2","40.540856","-79.807167","2015","11","0","0","0","0","0","0","1","0","","1","0","0","","","0","N","0","","40 32:27.080","1","0","79 48:25.800","1","0","0","0","2418","0","0","0","N","0","0","0","1","02514","0","2","4.0","2051.0","1","N","N","N","0","0","0","0","0","","0","Y","","1","0","1","1","0","0","0","2","0","1","03","","","N","","","","","","","","","",""
"2024062592","1025","0","0","0","0","0","0","0","0","0","5","0","","02","7","2024","6","40.507423","-79.851696","1025","11","0","0","0","0","0","0","0","0","","0","0","0","","","0","","2","","40 30:26.723","","0","79 51:06.106","0","0","0","0","2112","0","0","0","N","0","0","0","3","02112","0","","1.0","","1","N","N","N","0","","0","0","2","","0","","","2","0","0","0","0","0","0","2","0","2","03","","","N","","","","","","","","","",""
"2024050445","1616","0","0","0","0","0","0","0","0","0","4","0","","02","6","2024","6","40.513852","-79.951548","1606","11","1","0","0","0","0","0","0","0","","0","0","0","","","0","","2","","40 30:49.867","1","0","79 57:05.573","0","0","0","0","2118","0","0","0","N","0","0","0","2","02118","0","","1.0","1726.0","1","N","N","N","1","","0","0","1","","2","N","","2","0","0","0","0","0","0","2","0","2","03","03","","N","","","","","","","","","",""
"2024059909","1831","2","0","0","0","0","0","0","0","0","5","0","","02","4","2024","6","40.434658","-79.987128","1806","11","0","0","0","0","0","0","0","0","","0","0","0","","","0","N","0","","40 26:04.770","4","3","79 59:13.661","0","0","0","0","2301","0","0","0","N","0","0","0","3","68B03","0","","1.0","1845.0","1","N","N","Y","0","","0","0","0","","0","N","","2","0","0","0","0","0","0","2","0","2","03","03","","N","","","","","","","","","",""
"2024059086","1845","1","0","0","0","0","0","0","0","0","7","0","","02","6","2024","4","40.518315","-80.132436","1833","11","0","0","0","0","0","0","0","0","","0","0","0","","","1","N","0","","40 31:05.933","","0","80 07:56.769","8","0","0","0","2434","0","0","0","N","0","0","0","1","68B03","0","","4.0","","1","N","N","N","0","","0","0","0","","0","","","1","1","0","0","0","1","0","2","0","1","03","03","","N","","","","","","","","","",""
"2024052111","1921","0","0","0","0","0","0","0","0","0","4","0","","02","6","2024","4","40.362042","-80.01124","1919","11","0","0","0","0","0","1","0","0","","0","0","0","","","3","","1","","40 21:43.351","","0","80 00:40.463","4","0","0","0","2416","0","0","0","N","0","0","0","8","02416","3","","1.0","","1","N","N","N","0","","0","0","3","","3","","","3","3","0","0","0","0","0","2","0","3","03","03","","N","","","","","","","","","",""
"2024059911","1344","0","0","0","0","0","0","0","0","0","1","1","","02","4","2024","3","40.424738","-80.114793","1338","11","0","0","0","0","0","2","1","0","","0","1","0","","","1","N","0","","40 25:29.057","3","0","80 06:53.255","3","0","0","0","2115","0","0","0","N","0","0","0","5","68B03","0","","1.0","1446.0","1","N","N","N","1","","1","0","2","","0","N","","4","1","0","0","0","0","0","2","0","4","03","","","N","","","","","","","","","",""
"2024053367","0920","0","0","0","0","0","0","0","0","0","4","0","","02","6","2024","3","40.507423","-79.851696","0920","11","0","0","0","0","0","1","0","0","","0","0","0","","","2","","2","","40 30:26.723","1","0","79 51:06.106","3","0","0","0","2112","0","0","0","N","0","0","0","3","02112","0","","1.0","945.0","1","N","N","N","1","","2","0","1","","2","N","","2","2","0","0","0","0","0","2","0","2","03","03","","N","","","","","","","","","",""
"2024048946","1446","2","0","0","0","0","0","0","0","0","4","0","","02","6","2024","2","40.550563","-80.019342","1440","11","0","0","0","1","0","0","0","0","","0","0","0","","","2","","2","","40 33:02.028","","7","80 01:09.632","4","0","0","0","2116","0","0","0","N","0","0","0","2","02116","1","","1.0","","1","N","N","N","0","","0","0","0","","2","","","2","2","0","0","0","1","0","2","0","2","03","","","N","","","","","","","","","",""
"2024051734","1936","2","0","0","0","0","0","0","0","0","5","0","","02","6","2024","4","40.353677","-79.836918","1926","11","0","0","0","0","0","0","0","0","","0","0","0","","","0","N","0","","40 21:13.237","","0","79 50:12.903","9","0","0","0","2304","0","0","0","N","0","0","0","2","02304","0","","1.0","","1","N","N","N","0","","0","0","0","","0","","","2","0","0","0","0","0","1","2","0","2","03","","","N","","","","","","","","","",""
"2024051382","1007","0","0","0","0","0","0","0","0","0","98","0","","02","6","2024","7","40.356027","-80.210775","1007","11","0","0","0","0","0","0","0","0","","0","0","0","","","0","N","0","","40 21:21.697","","0","80 12:38.789","0","0","0","0","2119","0","0","0","N","0","0","0","2","68Z99","0","","1.0","","1","N","N","N","0","","0","0","1","","0","","","1","0","0","0","0","0","0","1","0","1","03","","","N","","","","","","","","","",""
"2024060797","1936","1","0","0","1","0","0","0","0","0","8","0","","02","6","2024","7","40.367463","-79.978737","1935","11","0","0","0","0","0","0","0","0","","0","0","0","","","1","","1","","40 22:02.868","","0","79 58:43.454","3","0","0","0","2413","1","0","0","N","0","0","0","2","02413","0","","1.0","","1","N","N","N","0","","1","0","0","","3","","","2","1","0","0","0","0","0","2","0","1","03","","","N","","","","","","","","","",""
"2024055549","2126","0","0","0","0","0","0","0","0","0","4","0","","02","6","2024","2","40.316877","-79.995327","2126","11","0","0","1","0","0","0","0","0","","0","0","0","","","1","","1","","40 19:00.757","2","0","79 59:43.177","3","0","0","0","2219","0","0","0","N","0","0","0","2","02219","0","","1.0","2205.0","1","N","N","N","0","","1","0","2","","2","N","","2","1","0","0","0","0","0","2","0","2","03","03","","N","","","","","","","","","",""
"2024048345","0040","1","0","0","0","0","0","0","0","0","7","0","","02","6","2024","2","40.452908","-80.039379","0040","11","0","0","0","0","0","0","0","0","","0","0","0","","","0","","2","","40 27:10.470","","4","80 02:21.763","0","0","0","0","2301","0","0","0","N","0","0","0","1","02301","0","","4.0","","1","N","N","N","0","","0","0","0","","2","","","1","0","0","0","0","0","0","2","0","1","03","","","N","","","","","","","","","",""
"2024059902","2255","0","0","0","0","0","0","0","0","0","1","0","","02","3","2024","1","40.439653","-79.860733","2240","11","0","0","0","0","0","1","0","0","","0","0","0","","","1","N","0","","40 26:22.751","3","0","79 51:38.640","3","0","0","0","2419","0","0","0","N","0","0","0","4","68B03","0","","1.0","2337.0","1","N","N","N","1","","1","0","1","","0","N","","2","1","1","0","0","0","0","2","0","2","03","","","N","","","","","","","","","",""
"2024055265","2018","0","0","0","0","0","0","0","0","0","1","0","","02","6","2024","2","40.448","-80.175639","2008","11","0","0","0","0","0","1","0","0","","0","0","0","","","3","N","0","","40 26:52.800","1","7","80 10:32.300","3","0","0","0","2214","0","0","0","N","0","0","0","6","02214","0","","1.0","2054.0","1","N","N","N","0","","3","0","1","","0","Y","","2","3","0","0","0","0","0","2","1","2","03","","","N","","","","","","","","","",""
"2024049658","1215","1","0","1","0","0","0","0","0","0","4","0","","02","6","2024","4","40.421971","-80.191861","1212","11","0","0","0","0","1","1","0","0","","0","0","0","","","2","N","0","","40 25:19.095","","7","80 11:30.701","2","0","0","0","2214","0","0","0","N","0","0","0","2","02214","0","","1.0","","1","N","N","N","1","","1","1","0","","2","","","2","2","0","0","0","0","0","2","0","2","03","","","N","","","","","","","","","",""
"2024051809","2310","0","0","0","0","0","0","1","0","0","2","1","","02","6","2024","3","40.354097","-79.914378","2248","11","0","0","0","1","0","1","0","0","","0","0","0","","","6","N","3","","40 21:14.750","5","0","79 54:51.761","3","0","0","0","2473","0","0","0","N","0","0","0","9","02503","0","","1.0","12.0","1","N","N","N","0","","6","0","1","","2","Y","","2","6","0","0","0","0","0","2","0","2","03","","","N","","","","","","","","","",""
"2024052252","1332","0","0","0","0","0","0","0","0","0","5","0","","02","6","2024","6","40.377619","-80.041156","1328","11","0","0","0","0","0","0","0","0","","0","0","0","","","0","N","0","","40 22:39.427","","0","80 02:28.163","0","0","0","0","2109","0","0","0","N","0","0","0","3","02109","0","","1.0","","1","N","N","N","0","","0","0","2","","0","","","2","0","0","0","0","0","0","2","0","2","03","03","","N","","","","","","","","","",""
"2024055124","1458","1","0","0","0","0","0","0","0","0","1","0","","02","6","2024","2","40.457156","-80.044078","1451","11","0","0","0","0","0","0","0","0","","0","0","0","","","0","N","0","","40 27:25.762","2","0","80 02:38.680","0","0","0","0","2301","0","0","0","N","0","0","0","2","02301","0","","1.0","9999.0","1","N","N","N","0","","0","0","1","","0","N","","2","0","0","0","0","0","0","2","0","2","03","","","N","","","","","","","","","",""
"2024061592","2301","2","0","0","0","0","0","0","0","0","4","0","","02","7","2024","5","40.449487","-80.003305","2259","11","0","0","0","0","0","0","0","0","","0","0","0","","","0","N","0","","40 26:58.152","","0","80 00:11.897","0","0","0","0","2301","0","0","0","N","0","0","0","2","68B03","0","","1.0","","1","N","N","N","0","","0","0","0","","0","","","2","0","0","0","0","0","0","2","0","2","03","","","N","","","","","","","","","",""
"2024057693","1008","0","0","0","0","0","0","0","0","0","7","0","","02","6","2024","2","40.409586","-80.080187","1008","11","0","0","0","0","0","1","0","0","","0","0","0","","","0","","2","","40 24:34.509","","2","80 04:48.673","0","0","0","0","2415","0","0","0","N","0","0","0","1","02415","0","","4.0","","1","N","N","N","0","","0","0","1","","0","","","2","0","0","0","0","0","0","2","0","1","03","03","","N","","","","","","","","","",""
"2024057484","1921","2","0","0","0","0","0","0","0","0","4","0","","02","6","2024","5","40.3549","-80.036429","1917","11","0","0","0","1","1","0","0","0","","0","0","0","","","2","","1","","40 21:17.639","","0","80 02:11.144","3","0","0","0","2416","0","0","0","N","0","0","0","3","02109","0","","1.0","","1","N","N","N","0","","2","0","0","","2","","","2","2","0","0","0","0","0","2","0","2","03","03","","N","","","","","","","","","",""
"2024055883","1008","1","0","0","0","0","0","0","0","0","4","0","","02","6","2024","1","40.452972","-79.919806","1004","11","0","0","0","0","0","0","0","0","","0","0","0","","","0","N","0","","40 27:10.700","","0","79 55:11.300","0","0","0","0","2301","0","0","0","N","0","0","0","1","02301","0","","1.0","","1","N","N","N","0","","0","0","1","","0","","","2","0","0","0","0","0","0","2","0","2","03","03","","N","","","","","","","","","",""
"2024052864","1733","0","0","0","0","0","0","0","0","0","7","0","","02","6","2024","2","40.489583","-80.0798","1733","11","0","0","0","0","0","0","0","0","","0","0","0","","","0","","1","","40 29:22.500","","3","80 04:47.279","0","0","0","0","2122","0","0","0","N","0","0","0","1","02215","0","","3.0","","1","N","N","N","0","","0","0","1","","2","","","1","0","0","0","0","0","0","2","0","1","03","03","","N","","","","","","","","","",""
"2024050825","0839","0","0","0","0","0","0","0","0","0","7","0","","02","6","2024","2","40.249099","-79.877268","0826","11","0","0","0","0","0","0","0","0","","0","0","0","","","0","N","0","","40 14:56.758","","0","79 52:38.165","0","0","0","0","2105","0","0","0","N","0","0","0","1","02105","0","","1.0","","1","N","N","N","0","","0","0","1","","0","","","1","0","0","0","0","0","0","1","0","1","03","03","","N","","","","","","","","","",""
"2024061486","2123","0","0","0","0","0","0","0","0","0","4","0","","02","7","2024","5","40.357924","-80.050109","2119","11","0","0","0","0","0","1","0","0","","0","0","0","","","2","N","0","","40 21:28.528","","0","80 03:00.392","3","0","0","0","2109","0","0","0","N","0","0","0","2","02109","0","","1.0","","1","N","N","N","0","","2","0","2","","0","","","2","2","0","0","0","0","0","2","0","2","03","03","","N","","","","","","","","","",""
"2024059500","1245","2","0","0","0","0","0","0","0","0","1","0","","02","4","2024","7","40.405269","-79.881306","1234","11","0","0","0","0","0","0","0","0","","0","0","0","","","5","N","0","","40 24:18.970","4","3","79 52:52.700","3","0","0","0","2475","0","0","0","N","0","0","0","16","68B03","0","","1.0","1330.0","1","N","N","N","0","","1","0","3","","0","N","","5","5","0","0","0","4","0","2","0","5","03","","","N","","","","","","","","","",""
"2024048172","0806","1","0","0","0","0","0","0","0","0","7","0","","02","6","2024","1","40.35489","-80.115736","0802","11","0","0","0","0","0","0","0","0","","0","0","0","","","0","","6","","40 21:17.604","","2","80 06:56.651","0","0","0","0","2414","0","0","0","N","0","0","0","1","02102","0","","3.0","","9","N","N","N","0","","0","0","0","","0","","","1","0","0","0","0","0","0","2","0","1","07","07","","N","","","","","","","","","",""
"2024058906","1547","1","0","0","0","0","0","0","0","0","1","0","","02","3","2024","6","40.420936","-80.041698","1518","11","0","0","0","0","0","1","0","0","","0","0","0","","","0","N","0","","40 25:15.370","","0","80 02:30.111","0","0","0","0","2435","0","0","0","N","0","0","0","2","68B03","0","","1.0","","1","N","N","N","0","","0","0","1","","0","","","2","0","0","0","0","0","0","2","0","2","03","03","","N","","","","","","","","","",""
"2024058645","1752","0","0","0","0","0","0","0","0","0","4","0","","02","7","2024","3","40.530571","-80.010119","1751","11","0","0","0","0","0","0","0","1","","0","0","0","","","0","Y","0","","40 31:50.055","","7","80 00:36.429","0","0","0","0","2116","0","0","0","N","0","0","0","2","02116","0","","1.0","","1","","","N","0","","0","0","2","","0","","","2","0","0","0","0","0","0","2","0","2","03","","","N","","","","","","","","","",""
"2024055853","1641","0","0","0","0","0","0","0","0","0","7","0","","02","6","2024","6","40.565995","-79.928114","1634","11","0","0","0","0","0","0","1","0","","0","0","0","","","1","N","0","","40 33:57.583","2","0","79 55:41.211","8","0","0","0","2207","0","0","0","N","0","0","0","3","02207","0","","4.0","1719.0","1","N","N","N","0","","0","0","1","","0","N","","1","1","0","0","0","1","0","2","0","1","03","03","","N","","","","","","","","","",""
"2024061576","0907","1","0","0","0","0","0","0","0","0","0","1","","02","6","2024","5","40.350876","-80.117463","0836","11","0","0","0","0","1","0","0","0","","0","1","0","","","1","N","0","","40 21:03.154","2","0","80 07:02.865","3","0","0","0","2119","0","0","0","N","0","0","0","5","68B03","0","","1.0","945.0","1","N","N","N","0","","1","0","1","","0","N","","3","1","0","0","0","0","0","2","0","3","03","","","N","","","","","","","","","",""
"2024060082","1900","1","0","0","0","0","0","0","0","0","4","0","","02","7","2024","4","40.430589","-79.873377","1844","11","0","0","0","0","0","0","0","0","","0","0","0","","","0","N","0","","40 25:50.121","","0","79 52:24.157","9","0","0","0","2411","0","0","0","N","0","0","0","2","68B03","0","","1.0","","1","N","N","N","0","","0","0","0","","0","","","2","0","0","0","0","0","1","2","1","2","03","","","N","","","","","","","","","",""
"2024056998","1704","2","0","0","0","0","0","0","0","0","4","0","","02","6","2024","6","40.446869","-79.954781","1650","11","0","0","0","0","0","1","0","0","","0","0","0","","","0","","1","","40 26:48.730","5","0","79 57:17.210","0","0","0","0","2301","0","0","0","N","0","0","0","2","02301","0","","1.0","1730.0","1","N","N","N","0","","0","0","0","","3","N","","2","0","0","0","0","0","0","2","0","2","03","","","N","","","","","","","","","",""
"2024054675","1711","0","0","0","0","0","0","0","0","0","0","0","","02","6","2024","3","40.443134","-80.067523","1709","11","0","0","0","0","0","1","0","0","","0","0","0","","","1","","3","","40 26:35.283","","0","80 04:03.082","2","0","1","1","2439","0","0","0","N","0","0","0","1","02439","0","","1.0","","9","N","N","N","0","","0","1","0","","0","","","1","1","0","0","0","0","0","2","0","1","07","","","N","","","","","","","","","",""
"2024053618","0129","0","0","0","0","0","0","0","0","0","7","0","","02","5","2024","1","40.53377","-79.989279","0122","11","1","0","0","0","0","0","0","0","","0","0","0","","","0","N","0","","40 32:01.571","1","0","79 59:21.403","0","0","0","0","2116","0","0","0","Y","0","0","0","2","02116","0","","2.0","211.0","9","N","N","N","0","","0","0","1","","0","N","","1","0","0","0","0","0","0","2","0","1","05","","","N","","","","","","","","","",""
"2024053186","1847","1","0","0","0","0","0","0","0","0","4","0","","02","6","2024","1","40.358361","-80.103444","1842","11","0","0","0","0","0","1","0","0","","0","0","0","","","1","","1","","40 21:30.100","","0","80 06:12.400","3","0","0","0","2414","0","0","0","N","0","0","0","3","02414","0","","1.0","","1","N","N","N","0","","1","0","0","","3","","","2","1","0","0","0","0","0","2","0","2","03","","","N","","","","","","","","","",""
"2024048107","0150","1","0","0","0","0","0","0","0","0","7","0","","02","6","2024","7","40.366492","-80.048779","0150","11","0","0","0","0","0","0","0","0","","0","0","0","","","1","","2","","40 21:59.370","2","0","80 02:55.606","3","0","0","0","2109","0","0","0","N","0","0","0","1","02109","0","","4.0","220.0","1","N","N","N","0","","1","0","0","","2","N","","1","1","0","0","0","0","0","2","0","1","03","03","","N","","","","","","","","","",""
"2024054201","1555","1","0","0","0","0","0","0","0","0","1","0","","02","6","2024","4","40.55818","-80.023377","1546","11","0","0","1","0","0","0","0","0","","0","0","0","","","1","","1","","40 33:29.448","2","0","80 01:24.157","3","0","0","0","2116","0","0","0","N","0","0","0","2","02116","0","","1.0","1614.0","1","N","N","N","0","","1","0","1","","3","N","","2","1","0","0","0","0","0","2","0","2","","","","N","","","","","","","","","",""
"2024049749","1814","1","0","0","0","0","0","0","0","0","4","0","","02","6","2024","2","40.337088","-80.023404","1807","11","0","0","1","0","0","0","0","0","","0","0","0","","","2","","3","","40 20:13.516","","0","80 01:24.256","3","0","0","0","2407","0","0","0","N","0","0","0","3","02407","0","","1.0","","1","N","N","N","1","","2","0","0","","4","","","2","2","0","0","0","0","0","2","0","2","03","","","N","","","","","","","","","",""
"2024050864","1921","2","0","0","0","0","0","0","0","0","4","0","","02","6","2024","1","40.521868","-79.842254","1919","11","0","0","0","0","0","1","0","0","","0","0","0","","","0","","1","","40 31:18.723","","0","79 50:32.115","0","0","0","0","2451","0","0","0","N","0","0","0","4","02451","0","","1.0","","9","N","N","N","0","","0","0","0","","3","","","2","0","0","0","0","0","0","2","0","2","03","","","N","","","","","","","","","",""
"2024050567","2239","1","0","0","0","0","0","0","0","0","5","0","","02","6","2024","7","40.373371","-79.975518","2234","11","0","0","0","0","0","0","0","0","","0","0","0","","","0","N","0","","40 22:24.135","5","0","79 58:31.863","0","0","0","0","2413","0","0","0","N","0","0","0","2","02413","0","","6.0","2300.0","1","N","N","N","1","","0","0","1","","0","Y","","3","0","0","0","0","0","0","2","0","3","03","","","N","","","","","","","","","",""
"2024052888","2327","1","0","0","0","0","0","0","0","0","7","0","","02","6","2024","1","40.426933","-80.281718","2318","11","0","0","0","1","0","0","0","0","","0","0","0","","","0","N","0","","40 25:36.958","","0","80 16:54.183","0","0","0","0","2214","0","0","0","N","0","0","0","2","02214","0","","4.0","","1","N","N","N","0","","0","0","0","","0","","","1","0","0","0","0","0","0","1","0","1","03","","","N","","","","","","","","","",""
"2024056513","1755","0","0","0","0","0","0","0","0","0","4","0","","02","6","2024","7","40.503739","-79.948591","1751","11","0","0","0","0","0","0","0","0","","0","0","0","","","0","","3","","40 30:13.461","2","0","79 56:54.926","0","0","0","0","2430","0","0","0","N","0","0","0","2","02430","0","","1.0","1839.0","1","N","N","N","0","","0","0","2","","3","N","","2","0","0","0","0","0","0","2","0","2","03","","","N","","","","","","","","","",""
"2024053357","1418","2","0","0","0","0","0","0","0","0","1","0","40","02","6","2024","7","40.369795","-80.101063","1417","11","0","0","0","0","0","2","1","0","","0","0","0","","","0","N","0","","40 22:11.263","3","7","80 06:03.826","9","0","0","0","2102","0","0","0","N","0","0","0","3","02102","0","","1.0","1443.0","1","N","N","N","0","","0","0","1","","0","N","","3","0","0","0","0","0","1","2","0","3","03","03","N","Y","4","1","","","N","Y","","","","N"
"2024050074","1327","0","0","0","0","0","0","0","0","0","7","0","","02","6","2024","6","40.332953","-79.984744","1324","11","0","0","0","0","0","0","0","0","","0","0","0","","","2","","2","","40 19:58.631","3","0","79 59:05.079","3","0","0","0","2454","0","0","0","N","0","0","0","2","02454","0","","4.0","1400.0","1","N","N","N","0","","2","0","1","","2","N","","2","2","0","0","0","0","0","2","0","1","03","03","","N","","","","","","","","","",""
"2024054318","1242","1","0","0","0","0","0","0","0","0","1","0","","02","6","2024","2","40.373144","-79.975521","1239","11","0","0","0","0","0","0","1","1","","0","0","0","","","0","Y","0","","40 22:23.318","2","0","79 58:31.874","0","0","0","0","2413","0","0","0","N","0","0","0","2","02413","0","","1.0","20.0","1","N","N","N","0","","0","0","1","","0","N","","2","0","0","0","0","0","0","2","0","2","03","","","N","","","","","","","","","",""
"2024054620","1927","0","0","0","0","0","0","0","0","0","4","0","","02","6","2024","4","40.438974","-79.76056","1926","11","0","0","0","0","0","2","0","0","","0","0","0","","","2","","1","","40 26:20.308","5","0","79 45:38.017","8","0","0","0","2446","0","0","0","N","0","0","0","7","02446","0","","1.0","1959.0","1","N","N","N","2","","0","0","1","","2","N","","3","2","0","0","0","2","0","2","0","3","03","03","","N","","","","","","","","","",""
"2024058698","1715","1","0","0","0","0","0","0","0","0","5","0","","02","7","2024","5","40.382924","-79.877949","1712","11","0","0","0","0","0","0","0","0","","0","0","0","","","0","","1","","40 22:58.527","","0","79 52:40.618","0","0","0","0","2473","0","0","0","N","0","0","0","6","02473","0","","1.0","","1","N","N","N","0","","0","0","1","","2","","","2","0","0","0","0","0","0","2","0","2","03","03","","N","","","","","","","","","",""
"2024054076","1226","1","0","0","0","0","0","0","0","0","4","0","","02","6","2024","5","40.351463","-79.891701","1224","11","0","0","0","1","0","1","0","0","","0","0","0","","","0","","1","","40 21:05.265","","0","79 53:30.124","0","0","0","0","2423","0","0","0","N","0","0","0","2","02304","0","","1.0","","1","N","N","N","1","","0","0","0","","3","","","2","0","0","0","0","0","0","2","0","2","03","03","","N","","","","","","","","","",""
"2024048705","1519","1","0","0","0","0","0","0","0","0","4","0","","02","6","2024","2","40.347056","-79.952531","1512","11","0","0","0","0","0","1","0","0","","0","0","0","","","2","N","0","","40 20:49.403","6","7","79 57:09.110","3","0","0","0","2473","0","0","0","N","0","0","0","4","02473","0","","1.0","1547.0","1","N","N","N","0","","1","0","1","","2","Y","","2","2","0","0","0","1","0","2","0","2","03","03","","N","","","","","","","","","",""
"2024053292","0758","1","0","0","0","0","0","0","0","0","5","0","","02","5","2024","3","40.438314","-80.006256","0758","11","0","0","0","0","0","0","0","0","","0","0","0","","","1","N","0","","40 26:17.931","3","3","80 00:22.522","3","0","0","0","2301","0","0","0","N","0","0","0","2","68B03","0","","1.0","45.0","1","N","N","N","0","","1","0","1","","0","N","","2","1","0","0","0","0","0","2","0","2","03","03","","N","","","","","","","","","",""
"2024060934","1118","1","0","0","0","0","0","0","0","0","4","0","","02","7","2024","7","40.337675","-79.808057","1118","11","0","0","0","0","0","1","1","0","","0","0","0","","","2","Y","0","","40 20:15.631","2","0","79 48:29.004","3","0","0","0","2477","0","0","0","N","0","0","0","2","02477","1","","1.0","1141.0","1","N","N","N","0","","1","0","1","","2","N","","2","2","0","0","0","0","0","2","0","2","03","","","N","","","","","","","","","",""
"2024048094","1908","1","0","0","0","0","0","0","0","0","98","0","","02","6","2024","7","40.53109","-79.956728","1903","11","0","0","0","0","0","0","0","0","","0","0","0","","","0","N","0","","40 31:51.924","","0","79 57:24.219","0","0","0","0","2118","0","0","0","N","0","0","0","2","02118","0","","1.0","","1","N","N","N","0","","0","0","0","","0","","","1","0","0","0","0","0","0","2","0","1","03","03","","N","","","","","","","","","",""
"2024061226","1848","1","0","0","0","0","0","0","0","0","4","0","","02","6","2024","3","40.436235","-79.784662","1845","11","0","0","1","0","0","0","0","0","","0","0","0","","","3","N","0","","40 26:10.445","3","7","79 47:04.783","3","0","0","0","2446","0","0","0","N","0","0","0","4","02446","0","","1.0","1920.0","1","N","N","N","0","","3","0","1","","0","N","","2","3","1","0","0","0","0","2","0","2","03","03","","N","","","","","","","","","",""
"2024051261","0954","0","0","0","0","0","0","0","0","0","4","0","","02","6","2024","3","40.403929","-80.09056","0951","11","1","0","0","0","0","1","0","0","","0","0","0","","","2","","1","","40 24:14.144","2","0","80 05:26.015","3","0","0","0","2415","0","0","0","N","0","0","0","2","02415","0","","1.0","1000.0","1","N","N","N","0","","2","0","2","","3","Y","","2","2","0","0","0","0","0","2","0","2","03","03","","N","","","","","","","","","",""
"2024059611","1147","1","0","0","0","0","0","0","0","0","4","0","","02","7","2024","7","40.427859","-79.72175","1141","11","0","0","0","1","0","0","0","0","","0","0","0","","","0","","2","","40 25:40.292","","0","79 43:18.301","0","0","0","0","2446","0","0","0","N","0","0","0","2","02446","0","","1.0","","1","N","N","N","1","","0","0","0","","0","","","2","0","0","0","0","0","0","2","0","2","03","","","N","","","","","","","","","",""
"2024054206","1758","1","0","0","0","0","0","0","0","0","4","0","","02","6","2024","5","40.50381","-80.135287","1749","11","0","0","0","0","0","0","0","0","","0","0","0","","","1","","2","","40 30:13.717","2","2","80 08:07.033","3","0","0","0","2115","0","0","0","N","0","0","0","2","02115","0","","1.0","1830.0","1","N","N","N","0","","1","0","1","","2","N","","2","1","1","0","0","0","0","2","0","2","03","","","N","","","","","","","","","",""