"CRN","ARRIVAL_TM","AUTOMOBILE_COUNT","BELTED_DEATH_COUNT","BELTED_SUSP_SERIOUS_INJ_COUNT","BICYCLE_COUNT","BICYCLE_DEATH_COUNT","BICYCLE_SUSP_SERIOUS_INJ_COUNT","BUS_COUNT","CHLDPAS_DEATH_COUNT","CHLDPAS_SUSP_SERIOUS_INJ_COUNT","COLLISION_TYPE","COMM_VEH_COUNT","CONS_ZONE_SPD_LIM","COUNTY","CRASH_MONTH","CRASH_YEAR","DAY_OF_WEEK","DEC_LATITUDE","DEC_LONGITUDE","DISPATCH_TM","DISTRICT","DRIVER_COUNT_16YR","DRIVER_COUNT_17YR","DRIVER_COUNT_18YR","DRIVER_COUNT_19YR","DRIVER_COUNT_20YR","DRIVER_COUNT_50_64YR","DRIVER_COUNT_65_74YR","DRIVER_COUNT_75PLUS","EST_HRS_CLOSED","FATAL_COUNT","HEAVY_TRUCK_COUNT","HORSE_BUGGY_COUNT","HOUR_OF_DAY","ILLUMINATION","INJURY_COUNT","INTERSECTION_RELATED","INTERSECT_TYPE","LANE_CLOSED","LATITUDE","LN_CLOSE_DIR","LOCATION_TYPE","LONGITUDE","MAX_SEVERITY_LEVEL","MCYCLE_DEATH_COUNT","MCYCLE_SUSP_SERIOUS_INJ_COUNT","MOTORCYCLE_COUNT","MUNICIPALITY","NONMOTR_COUNT","NONMOTR_DEATH_COUNT","NONMOTR_SUSP_SERIOUS_INJ_COUNT","NTFY_HIWY_MAINT","PED_COUNT","PED_DEATH_COUNT","PED_SUSP_SERIOUS_INJ_COUNT","PERSON_COUNT","POLICE_AGCY","POSSIBLE_INJ_COUNT","RDWY_SURF_TYPE_CD","RELATION_TO_ROAD","ROADWAY_CLEARED","ROAD_CONDITION","SCH_BUS_IND","SCH_ZONE_IND","SECONDARY_CRASH","SMALL_TRUCK_COUNT","SPEC_JURIS_CD","SUSP_MINOR_INJ_COUNT","SUSP_SERIOUS_INJ_COUNT","SUV_COUNT","TCD_FUNC_CD","TCD_TYPE","TFC_DETOUR_IND","TIME_OF_DAY","TOTAL_UNITS","TOT_INJ_COUNT","UNBELTED_OCC_COUNT","UNB_DEATH_COUNT","UNB_SUSP_SERIOUS_INJ_COUNT","UNK_INJ_DEG_COUNT","UNK_INJ_PER_COUNT","URBAN_RURAL","VAN_COUNT","VEHICLE_COUNT","WEATHER1","WEATHER2","WORKERS_PRES","WORK_ZONE_IND","WORK_ZONE_LOC","WORK_ZONE_TYPE","WZ_CLOSE_DETOUR","WZ_FLAGGER","WZ_LAW_OFFCR_IND","WZ_LN_CLOSURE","WZ_MOVING","WZ_OTHER","WZ_SHLDER_MDN","WZ_WORKERS_INJ_KILLED"
"2024058846","0633","0","0","0","0","0","0","0","0","0","4","0","","02","7","2024","7","40.339008","-79.960372","0629","11","0","0","0","0","0","1","0","0","","0","0","0","","","2","N","1","","40 20:20.429","5","0","79 57:37.340","3","0","0","0","2454","0","0","0","N","0","0","0","2","02454","0","","1.0","706.0","1","N","N","N","0","","1","0","2","","2","Y","","2","2","0","0","0","1","0","2","0","2","03","03","","N","","","","","","","","","",""
"2024053798","1605","0","0","0","0","0","0","0","0","0","5","0","","02","6","2024","4","40.526633","-80.159529","1600","11","0","0","0","0","0","1","0","0","","0","0","0","","","1","Y","0","","40 31:35.879","2","0","80 09:34.306","3","0","0","0","2452","0","0","0","N","0","0","0","2","02458","0","","1.0","1715.0","1","N","N","N","0","","1","0","2","","2","N","","2","1","0","0","0","0","0","2","0","2","03","03","","N","","","","","","","","","",""
"2024058132","1407","1","0","0","0","0","0","0","0","0","4","0","","02","6","2024","4","40.404851","-79.910636","1405","11","0","0","0","0","0","0","0","0","","0","0","0","","","0","","1","","40 24:17.465","4","0","79 54:38.291","0","0","0","0","2438","0","0","0","N","0","0","0","2","02438","0","","1.0","1425.0","1","N","N","N","0","","0","0","1","","0","N","","2","0","0","0","0","0","0","2","0","2","03","","","N","","","","","","","","","",""
"2024050493","0203","0","0","0","0","0","0","0","0","0","5","0","","02","6","2024","4","40.301302","-80.052646","0157","11","0","0","0","0","0","0","0","0","","0","0","0","","","0","N","0","","40 18:04.686","","0","80 03:09.524","0","0","0","0","2407","0","0","0","N","0","0","0","2","02407","0","","4.0","","1","N","N","N","1","","0","0","1","","0","","","2","0","0","0","0","0","0","2","0","2","04","","","N","","","","","","","","","",""
"2024061224","1330","2","0","0","0","0","0","0","0","0","4","0","","02","7","2024","7","40.430387","-79.710784","1322","11","0","0","0","0","0","0","0","0","","0","0","0","","","1","N","1","","40 25:49.393","3","0","79 42:38.821","3","0","0","0","2446","0","0","0","N","0","0","0","3","02446","0","","1.0","1420.0","1","N","N","N","0","","1","0","0","","2","N","","2","1","1","0","0","0","0","2","0","2","03","","","N","","","","","","","","","",""
"2024060798","9999","0","0","0","0","0","0","0","0","0","1","0","","02","5","2024","7","40.363584","-79.983921","2130","11","0","0","0","0","0","1","0","0","","0","0","0","","","2","Y","0","","40 21:48.904","1","0","79 59:02.116","8","0","0","0","2413","0","0","0","N","0","0","0","7","02413","0","","1.0","30.0","1","N","N","Y","0","","0","0","3","","2","N","","3","2","0","0","0","2","0","2","0","3","03","","","N","","","","","","","","","",""
"2024054414","2128","1","0","0","0","0","0","0","0","0","4","0","","02","6","2024","4","40.43605","-79.785562","2118","11","0","0","0","0","0","1","0","0","","0","0","0","","","0","N","0","","40 26:09.779","4","7","79 47:08.023","0","0","0","0","2446","0","0","0","N","0","0","0","3","02446","0","","1.0","2200.0","1","N","N","N","0","","0","0","1","","2","N","","2","0","0","0","0","0","0","2","0","2","03","98","","N","","","","","","","","","",""
"2024054275","1402","1","0","0","0","0","0","0","0","0","2","0","","02","6","2024","4","40.537342","-80.186129","1400","11","0","0","0","0","0","0","0","0","","0","0","0","","","2","","1","","40 32:14.430","1","0","80 11:10.065","4","0","0","0","2458","0","0","0","N","0","0","0","3","02458","2","","1.0","1440.0","1","N","N","N","0","","0","0","1","","2","N","","2","2","0","0","0","0","0","2","0","2","03","03","","N","","","","","","","","","",""
"2024059520","1334","1","0","0","0","0","0","0","0","0","1","0","","02","6","2024","2","40.422378","-80.030506","1314","11","0","0","0","0","1","1","0","0","","0","0","0","","","0","N","0","","40 25:20.560","","0","80 01:49.820","0","0","0","0","2301","0","0","0","N","0","0","0","5","68B03","0","","1.0","","1","N","N","N","1","","0","0","0","","0","","","3","0","0","0","0","0","0","2","1","3","03","","","N","","","","","","","","","",""
"2024055391","1315","0","0","0","0","0","0","0","0","0","7","0","","02","6","2024","6","40.427484","-79.950433","1304","11","0","0","0","0","0","0","1","0","","0","0","0","","","0","N","0","","40 25:38.943","3","3","79 57:01.558","0","0","0","0","2301","0","0","0","N","0","0","0","1","68B03","0","","2.0","1346.0","1","N","N","Y","1","","0","0","0","","0","N","","1","0","0","0","0","0","0","2","0","1","03","","","N","","","","","","","","","",""
"2024054568","1955","0","0","0","0","0","0","0","0","0","7","0","","02","6","2024","7","40.473003","-79.833227","1953","11","0","0","0","0","0","0","0","0","","0","0","0","","","1","N","0","","40 28:22.811","","0","79 49:59.616","3","0","0","0","2113","0","0","0","N","0","0","0","1","02113","0","","4.0","","1","N","N","N","1","","1","0","0","","0","","","1","1","1","0","0","0","0","2","0","1","03","03","","N","","","","","","","","","",""
"2024048101","2152","1","0","0","0","0","0","0","0","0","7","0","","02","6","2024","7","40.457836","-79.82647","2148","11","0","0","0","0","0","0","0","1","","0","0","0","","","0","N","0","","40 27:28.211","1","0","79 49:35.291","0","0","0","0","2113","0","0","0","Y","0","0","0","1","02113","0","","2.0","2234.0","1","N","N","N","0","","0","0","0","","0","N","","1","0","0","0","0","0","0","2","0","1","03","03","","N","","","","","","","","","",""
"2024056109","1350","0","0","0","0","0","0","0","0","0","1","0","","02","6","2024","1","40.386578","-79.865541","1346","11","0","0","0","0","0","2","0","0","","0","0","0","","","0","N","0","","40 23:11.681","2","0","79 51:55.949","0","0","0","0","2473","0","0","0","N","0","0","0","2","02473","0","","1.0","1415.0","1","N","N","N","0","","0","0","2","","0","N","","2","0","0","0","0","0","0","2","0","2","03","03","","N","","","","","","","","","",""
"2024054829","1901","0","0","0","0","0","0","0","0","0","7","0","","02","6","2024","7","40.523194","-79.768248","1856","11","0","0","0","0","0","0","0","0","","0","0","0","","","1","N","0","","40 31:23.498","5","0","79 46:05.691","8","0","0","1","2466","0","0","0","Y","0","0","0","1","02466","0","","4.0","1936.0","1","N","N","N","0","","0","0","0","","0","N","","1","1","0","0","0","1","0","2","0","1","03","","","N","","","","","","","","","",""
"2024048235","1114","0","0","0","0","0","0","0","0","0","7","0","","02","6","2024","1","40.524751","-79.891392","1111","11","0","0","0","0","0","0","0","0","","0","0","0","","","0","N","0","","40 31:29.103","7","0","79 53:29.012","0","0","0","0","2432","0","0","0","N","0","0","0","1","02432","0","","4.0","1205.0","9","N","N","N","1","","0","0","0","","0","Y","","1","0","0","0","0","0","0","2","0","1","","","","N","","","","","","","","","",""
"2024055115","1223","2","0","0","0","0","0","0","0","0","5","0","","02","6","2024","2","40.49806","-80.050383","1219","11","0","0","0","0","0","1","0","0","","0","0","0","","","1","N","0","","40 29:53.015","5","0","80 03:01.379","3","0","0","0","2404","0","0","0","N","0","0","0","4","02404","0","","6.0","1310.0","1","N","N","N","0","","1","0","0","","0","Y","","2","1","1","0","0","0","2","2","0","2","03","","","N","","","","","","","","","",""
"2024055274","2319","1","0","0","0","0","0","0","0","0","4","0","","02","6","2024","7","40.652507","-79.838849","2312","11","0","0","0","0","0","1","0","0","","0","0","0","","","1","","3","","40 39:09.026","2","0","79 50:19.855","8","0","0","1","2220","0","0","0","N","0","0","0","3","02220","0","","1.0","14.0","1","","","N","0","","0","0","0","","0","Y","","2","1","0","0","0","1","0","1","0","2","03","03","","N","","","","","","","","","",""
"2024054096","0844","0","0","0","0","0","0","0","0","0","4","0","","02","6","2024","3","40.638712","-80.076166","0833","11","0","1","0","0","0","0","0","0","","0","0","0","","","2","","2","","40 38:19.364","7","0","80 04:34.196","3","0","0","0","2412","0","0","0","N","0","0","0","2","02505","0","","1.0","915.0","1","N","N","N","0","","2","0","2","","3","Y","","2","2","0","0","0","0","0","2","0","2","03","03","","N","","","","","","","","","",""
"2024061052","2022","1","0","0","0","0","0","0","0","0","7","0","","02","6","2024","4","40.550951","-79.818107","1959","11","0","0","0","0","0","0","0","0","","0","0","0","","","0","N","0","","40 33:03.424","2","0","79 49:05.184","0","0","0","0","2208","0","0","0","N","0","0","0","1","68D02","0","","4.0","2108.0","9","N","N","N","0","","0","0","0","","0","Y","","1","0","0","0","0","0","0","2","0","1","07","07","","N","","","","","","","","","",""
"2024053187","1315","1","0","0","0","0","0","0","0","0","4","0","","02","6","2024","2","40.355504","-80.114102","1310","11","0","0","0","0","1","0","0","0","","0","0","0","","","0","","1","","40 21:19.814","","0","80 06:50.768","0","0","0","0","2414","0","0","0","N","0","0","0","4","02414","0","","1.0","","1","N","N","N","0","","0","0","1","","2","","","2","0","0","0","0","0","0","2","0","2","03","","","N","","","","","","","","","",""
"2024050565","1539","0","0","1","0","0","0","0","0","0","7","0","","02","6","2024","7","40.446953","-79.704733","1536","11","0","0","0","0","0","0","0","0","","0","0","0","","","1","N","0","","40 26:49.031","","0","79 42:17.037","2","0","0","0","2466","0","0","0","N","0","0","0","1","02466","0","","5.0","","1","N","N","N","0","","0","1","0","","0","","","1","1","0","0","0","0","0","2","1","1","03","03","","N","","","","","","","","","",""
"2024059904","0749","0","0","0","0","0","0","0","0","0","1","0","","02","4","2024","4","40.433696","-79.9636","0712","11","0","0","0","0","0","1","0","0","","0","0","0","","","1","N","0","","40 26:01.306","3","0","79 57:48.959","3","0","0","0","2301","0","0","0","N","0","0","0","2","68B03","0","","1.0","814.0","9","N","N","N","0","","1","0","2","","0","N","","2","1","0","0","0","0","0","2","0","2","04","","","N","","","","","","","","","",""
"2024051669","1823","1","0","0","0","0","0","0","0","0","4","0","","02","6","2024","4","40.46325","-79.824098","1819","11","0","0","0","0","1","0","0","1","","0","0","0","","","0","N","0","","40 27:47.699","","7","79 49:26.752","0","0","0","0","2113","0","0","0","N","0","0","0","2","02113","0","","1.0","","1","N","N","N","0","","0","0","1","","0","","","2","0","0","0","0","0","0","2","0","2","03","03","","N","","","","","","","","","",""
"2024050444","0359","1","0","0","0","0","0","0","0","0","5","0","","02","6","2024","7","40.435417","-79.954417","0347","11","0","0","0","0","0","0","0","0","","0","0","0","","","0","N","0","","40 26:07.500","","0","79 57:15.900","0","0","0","0","2301","0","0","0","N","0","0","0","2","02301","0","","1.0","","1","N","N","N","0","","0","0","1","","0","","","2","0","0","0","0","0","0","2","0","2","03","","","N","","","","","","","","","",""
"2024059516","0950","0","0","0","0","0","0","0","0","0","1","0","","02","6","2024","7","40.428764","-80.131666","0940","11","0","0","0","0","0","1","0","0","","0","0","0","","","0","N","0","","40 25:43.552","","0","80 07:53.997","0","0","0","0","2102","0","0","0","N","0","0","0","1","68B03","0","","1.0","","1","N","N","N","0","","0","0","1","","0","","","2","0","0","0","0","0","0","2","0","1","03","","","N","","","","","","","","","",""
"2024057009","1408","3","0","0","0","0","0","0","0","0","1","1","","02","6","2024","3","40.517485","-79.953351","1405","11","0","0","0","0","0","1","0","0","","0","1","0","","","2","N","0","","40 31:02.946","1","7","79 57:12.062","4","0","0","0","2118","0","0","0","N","0","0","0","4","02118","2","","1.0","1442.0","1","N","N","N","0","","0","0","0","","0","N","","4","2","0","0","0","0","0","2","0","4","03","","","N","","","","","","","","","",""
"2024054826","1620","1","0","1","0","0","0","0","0","0","4","0","","02","6","2024","1","40.460204","-79.842744","1620","11","0","0","0","1","0","0","0","0","","0","0","0","","","3","","5","","40 27:36.735","6","0","79 50:33.877","2","0","0","0","2113","0","0","0","Y","0","0","0","4","02113","0","","1.0","1639.0","9","N","N","N","0","","2","1","1","","2","N","","2","3","0","0","0","0","0","2","0","2","07","08","","N","","","","","","","","","",""
"2024061983","1654","1","0","0","0","0","0","0","0","0","1","0","","02","7","2024","4","40.477577","-79.842868","1644","11","0","0","0","0","0","0","0","0","","0","0","0","","","0","","3","","40 28:39.278","","0","79 50:34.326","0","0","0","0","2113","0","0","0","N","0","0","0","2","02113","0","","1.0","","9","N","N","N","0","","0","0","1","","0","","","2","0","0","0","0","0","0","2","0","2","07","","","N","","","","","","","","","",""
"2024058911","0056","1","0","0","0","0","0","0","0","0","7","0","","02","5","2024","1","40.492508","-79.897023","0051","11","0","0","0","0","0","0","0","0","","0","0","0","","","0","N","0","","40 29:33.027","1","0","79 53:49.284","9","0","0","0","2401","0","0","0","Y","0","0","0","1","68D02","0","","1.0","125.0","1","N","N","N","0","","0","0","0","","0","N","","1","0","0","0","0","0","1","2","0","1","03","","","N","","","","","","","","","",""
"2024054818","2259","0","0","0","0","0","0","0","0","0","1","0","","02","5","2024","2","40.429652","-79.924424","2255","11","0","0","0","0","0","0","0","0","","0","0","0","","","0","N","0","","40 25:46.747","6","0","79 55:27.926","0","0","0","0","2301","0","0","0","N","0","0","0","3","02301","0","","6.0","0.0","1","N","N","N","0","","0","0","3","","0","N","","3","0","1","0","0","0","0","2","0","3","03","03","","N","","","","","","","","","",""
"2024050572","1709","0","0","0","0","0","0","0","0","0","7","0","","02","6","2024","1","40.452433","-79.982491","1658","11","0","0","0","0","0","0","0","0","","0","0","0","","","0","N","0","","40 27:08.759","5","0","79 58:56.967","9","0","0","0","2301","0","0","0","N","0","0","0","1","02301","0","","5.0","1700.0","1","N","N","N","1","","0","0","0","","0","N","","1","0","0","0","0","0","1","2","0","1","03","","","N","","","","","","","","","",""
"2024054465","2323","1","0","0","0","0","0","0","0","0","4","0","","02","5","2024","6","40.457265","-79.934049","2316","11","0","0","0","0","0","0","0","0","","0","0","0","","","1","","1","","40 27:26.153","","0","79 56:02.575","4","0","0","0","2301","0","0","0","N","0","0","0","2","02301","1","","1.0","","1","N","N","N","0","","0","0","1","","2","","","2","1","0","0","0","0","0","2","0","2","03","","","N","","","","","","","","","",""
"2024054043","1335","0","0","0","0","0","0","0","0","0","7","0","","02","6","2024","3","40.375838","-79.993999","1330","11","0","0","0","0","0","0","0","0","","0","0","0","","","0","","3","","40 22:33.017","5","0","79 59:38.396","0","0","0","0","2476","0","0","0","N","0","0","0","2","02476","0","","4.0","1350.0","1","N","N","N","0","","0","0","1","","2","N","","1","0","0","0","0","0","0","2","0","1","03","","","N","","","","","","","","","",""
"2024047898","0247","1","0","0","0","0","0","0","0","0","7","0","","02","6","2024","7","40.463533","-79.980836","0242","11","0","0","0","0","0","0","0","0","","0","0","0","","","0","","6","","40 27:48.718","2","2","79 58:51.009","0","0","0","0","2301","0","0","0","N","0","0","0","2","02445","0","","2.0","337.0","1","N","N","N","0","","0","0","0","","0","N","","1","0","0","0","0","0","0","2","0","1","03","03","","N","","","","","","","","","",""
"2024039795","2035","0","0","0","0","0","0","0","0","0","7","0","","02","4","2024","3","40.401958","-79.739614","2029","11","1","0","0","0","0","0","0","0","","0","0","0","","","1","N","0","","40 24:07.050","","0","79 44:22.610","8","0","0","1","2446","0","0","0","N","0","0","0","1","02446","0","","1.0","","1","N","N","N","0","","0","0","0","","0","","","1","1","0","0","0","1","0","2","0","1","03","03","","N","","","","","","","","","",""
"2024050230","2256","2","0","0","0","0","0","0","0","0","4","0","","02","6","2024","3","40.332906","-79.984752","2254","11","0","0","0","0","0","1","0","0","","0","0","0","","","1","","2","","40 19:58.461","7","0","79 59:05.107","3","0","0","0","2403","0","0","0","N","0","0","0","3","02403","0","","1.0","2346.0","1","N","N","N","0","","1","0","0","","2","Y","","2","1","1","0","0","0","0","2","0","2","03","","","N","","","","","","","","","",""
"2024054267","0523","0","0","0","0","0","0","0","0","0","7","0","","02","5","2024","1","40.383972","-79.993694","0513","11","0","0","0","0","0","1","0","0","","0","0","0","","","0","N","0","","40 23:02.300","7","0","79 59:37.300","0","0","0","0","2301","0","0","0","N","0","0","0","1","02301","0","","4.0","1000.0","1","N","N","N","0","","0","0","1","","0","N","","1","0","0","0","0","0","0","2","0","1","03","","","N","","","","","","","","","",""
"2024056029","1531","1","0","0","0","0","0","0","0","0","4","0","","02","6","2024","5","40.368139","-80.037417","1520","11","0","0","0","0","0","0","1","0","","0","0","0","","","1","N","0","","40 22:05.300","","7","80 02:14.700","3","0","0","0","2416","0","0","0","N","0","0","0","2","02416","0","","1.0","","1","N","N","N","0","","1","0","1","","0","","","2","1","0","0","0","0","0","2","0","2","03","03","","N","","","","","","","","","",""
"2024050553","2122","1","0","0","0","0","0","0","0","0","4","0","","02","6","2024","5","40.347414","-79.94475","2117","11","0","0","0","0","0","1","0","0","","0","0","0","","","0","","5","","40 20:50.692","1","0","79 56:41.099","0","0","0","0","2473","0","0","0","N","0","0","0","3","02473","0","","1.0","2155.0","1","N","N","N","1","","0","0","0","","3","Y","","2","0","0","0","0","0","0","2","0","2","03","03","","N","","","","","","","","","",""
"2024049371","0843","1","0","0","1","0","0","0","0","0","8","0","","02","6","2024","7","40.516631","-80.034839","0838","11","0","0","0","0","0","0","0","0","","0","0","0","","","1","","2","","40 30:59.872","","0","80 02:05.422","3","0","0","0","2474","1","0","0","N","0","0","0","2","02474","0","","1.0","","1","N","N","N","0","","1","0","0","","3","","","2","1","0","0","0","0","0","2","0","1","03","03","","N","","","","","","","","","",""
"2024053710","2014","0","0","0","0","0","0","0","0","0","7","0","","02","6","2024","2","40.432833","-79.915035","2012","11","1","0","0","0","0","0","0","0","","0","0","0","","","1","N","0","","40 25:58.198","","0","79 54:54.125","3","0","0","0","2301","0","0","0","N","0","0","0","2","02301","0","","4.0","","1","N","N","N","0","","1","0","1","","0","","","1","1","0","0","0","0","0","2","0","1","03","03","","N","","","","","","","","","",""
"2024049710","1742","1","0","0","0","0","0","0","0","0","4","0","","02","6","2024","4","40.429972","-80.131833","1737","11","0","0","0","0","0","0","0","0","","0","0","0","","","0","N","0","","40 25:47.900","3","7","80 07:54.600","0","0","0","0","2115","0","0","0","N","0","0","0","2","02115","0","","1.0","1829.0","1","N","N","N","0","","0","0","1","","0","N","","2","0","0","0","0","0","0","2","0","2","03","","","N","","","","","","","","","",""
"2024053019","1056","1","0","0","0","0","0","0","0","0","4","0","","02","6","2024","2","40.438258","-79.830459","1053","11","0","0","0","0","0","0","1","1","","0","0","0","","","0","","1","","40 26:17.728","","0","79 49:49.651","0","0","0","0","2419","0","0","0","N","0","0","0","2","02419","0","","1.0","","1","N","N","N","0","","0","0","1","","2","","","2","0","0","0","0","0","0","2","0","2","03","03","","N","","","","","","","","","",""
"2024061926","0820","1","0","0","0","0","0","0","0","0","7","0","","02","7","2024","4","40.524398","-79.812793","0815","11","0","0","0","0","0","0","1","0","","0","0","0","","","1","N","2","","40 31:27.831","5","0","79 48:46.055","3","0","0","0","2466","0","0","0","N","0","0","0","1","02466","0","","4.0","1400.0","1","N","N","N","0","","1","0","0","","0","Y","","1","1","0","0","0","0","0","2","0","1","04","","","N","","","","","","","","","",""
"2024050103","1725","1","0","0","0","0","0","0","0","0","98","0","","02","6","2024","6","40.29944","-79.816592","1720","11","0","0","0","0","0","0","0","0","","0","0","0","","","0","N","0","","40 17:57.984","","0","79 48:59.730","0","0","0","0","2105","0","0","0","N","0","0","0","2","02105","0","","1.0","","1","N","N","N","0","","0","0","0","","0","","","1","0","0","0","0","0","0","1","0","1","03","03","","N","","","","","","","","","",""
"2024059171","0550","0","0","0","0","0","0","0","0","0","5","0","","02","7","2024","2","40.475529","-79.848493","0545","11","0","0","0","0","0","2","0","0","","0","0","0","","","0","","1","","40 28:31.904","","0","79 50:54.576","0","0","0","0","2113","0","0","0","N","0","0","0","4","02113","0","","1.0","","1","N","N","N","2","","0","0","1","","2","","","3","0","0","0","0","0","0","2","0","3","03","","","N","","","","","","","","","",""
"2024050339","2159","1","0","0","0","0","0","0","0","0","4","0","","02","6","2024","6","40.392601","-80.037428","2155","11","0","0","0","0","0","0","0","0","","0","0","0","","","1","","2","","40 23:33.365","5","0","80 02:14.739","3","0","0","0","2422","0","0","0","N","0","0","0","2","02422","0","","1.0","2237.0","1","N","N","N","0","","1","0","1","","3","Y","","2","1","0","0","0","0","0","2","0","2","03","03","","N","","","","","","","","","",""
"2024052001","1457","1","0","0","0","0","0","0","0","0","1","0","","02","6","2024","5","40.47778","-79.759127","1450","11","0","0","0","0","0","0","0","1","","0","0","0","","","1","","3","","40 28:40.007","3","0","79 45:32.857","3","0","0","0","2466","0","0","0","N","0","0","0","5","02466","0","","1.0","1520.0","1","N","N","Y","1","","1","0","1","","0","N","","3","1","0","0","0","0","0","2","0","3","03","03","","N","","","","","","","","","",""
"2024050880","0402","0","0","0","0","0","0","0","0","0","7","0","","02","6","2024","7","40.354908","-79.834963","0402","11","0","0","0","0","0","0","0","0","","0","0","0","","","0","","2","","40 21:17.667","5","0","79 50:05.865","0","0","0","0","2304","0","0","0","Y","0","0","0","2","02304","0","","2.0","446.0","1","N","N","N","0","","0","0","1","","0","Y","","1","0","0","0","0","0","0","2","0","1","03","03","","N","","","","","","","","","",""
"2024056663","0209","1","0","0","0","0","0","0","0","0","1","0","","02","6","2024","6","40.428603","-79.977805","0200","11","0","0","0","0","0","1","0","0","","0","0","0","","","1","N","0","","40 25:42.971","","0","79 58:40.097","3","0","0","0","2301","0","0","0","N","0","0","0","2","02301","0","","1.0","","1","N","N","N","0","","1","0","1","","0","","","2","1","0","0","0","0","0","2","0","2","03","03","","N","","","","","","","","","",""
"2024053739","1958","1","0","0","0","0","0","0","0","0","4","0","","02","6","2024","2","40.383211","-80.043854","1956","11","0","0","0","0","0","0","1","0","","0","0","0","","","0","","1","","40 22:59.558","5","0","80 02:37.875","0","0","0","0","2109","0","0","0","N","0","0","0","2","02109","0","","1.0","2013.0","1","N","N","N","0","","0","0","1","","2","N","","2","0","0","0","0","0","0","2","0","2","04","04","","N","","","","","","","","","",""
"2024053436","1419","1","0","0","0","0","0","0","0","0","7","0","","02","6","2024","3","40.477692","-79.969091","1415","11","0","1","0","0","0","0","0","0","","0","0","0","","","0","","1","","40 28:39.690","2","2","79 58:08.728","0","0","0","0","2445","0","0","0","N","0","0","0","1","02445","0","","2.0","1435.0","1","N","N","N","0","","0","0","0","","0","N","","1","0","0","0","0","0","0","2","0","1","03","04","","N","","","","","","","","","",""
"2024056269","2126","1","0","0","0","0","0","0","0","0","2","0","","02","6","2024","1","40.389022","-79.830806","2124","11","0","0","0","0","1","0","0","0","","0","0","0","","","6","N","0","","40 23:20.480","6","0","79 49:50.900","2","0","0","0","2111","0","0","0","N","0","0","0","6","02111","0","","1.0","2300.0","1","N","N","N","0","","5","1","0","","0","Y","","2","6","4","0","1","0","0","2","1","2","03","03","","N","","","","","","","","","",""
"2024052243","1733","0","0","0","0","0","0","0","0","0","4","0","","02","6","2024","3","40.279608","-79.908862","1728","11","0","0","0","0","1","1","0","0","","0","0","0","","","0","","1","","40 16:46.588","","0","79 54:31.904","0","0","0","1","2440","0","0","0","N","0","0","0","3","02440","0","","1.0","","1","N","N","N","1","","0","0","1","","3","","","3","0","0","0","0","0","0","2","0","3","03","03","","N","","","","","","","","","",""
"2024050366","1617","1","0","0","0","0","0","0","0","0","4","0","","02","6","2024","5","40.529517","-79.965629","1614","11","0","0","0","0","0","0","0","1","","0","0","0","","","1","","2","","40 31:46.261","1","0","79 57:56.265","4","0","0","0","2118","0","0","0","N","0","0","0","2","02118","1","","1.0","1650.0","1","N","N","N","0","","0","0","1","","0","N","","2","1","0","0","0","0","0","2","0","2","03","","","N","","","","","","","","","",""
"2024051415","2016","1","0","0","0","0","0","0","0","0","4","0","","02","6","2024","3","40.349737","-79.885736","2013","11","0","0","0","0","0","0","0","1","","0","0","0","","","1","","2","","40 20:59.052","2","0","79 53:08.651","8","0","0","0","2423","0","0","0","N","0","0","0","2","02304","0","","1.0","2045.0","1","N","N","N","0","","0","0","1","","0","N","","2","1","0","0","0","1","0","2","0","2","03","03","","N","","","","","","","","","",""
"2024062366","0932","0","0","0","0","0","0","0","0","0","4","0","","02","7","2024","7","40.453209","-79.906915","0918","11","0","0","0","0","0","0","0","0","","0","0","0","","","1","Y","0","","40 27:11.553","","0","79 54:24.895","3","0","0","0","2301","0","0","0","N","0","0","0","3","02301","0","","1.0","","1","N","N","N","0","","1","0","2","","2","","","2","1","0","0","0","0","0","2","0","2","03","","","N","","","","","","","","","",""
"2024049805","1505","1","0","0","0","0","0","0","0","0","4","0","","02","6","2024","5","40.424528","-79.889195","1459","11","0","0","0","0","0","1","0","0","","0","0","0","","","1","","2","","40 25:28.300","","0","79 53:21.101","3","0","0","0","2463","0","0","0","N","0","0","0","3","02463","0","","1.0","","1","N","N","N","0","","1","0","0","","3","","","2","1","1","0","0","0","0","2","1","2","03","03","","N","","","","","","","","","",""
"2024052109","1333","1","0","0","0","0","0","0","0","0","1","0","","02","6","2024","7","40.362186","-80.065103","1327","11","0","0","0","0","0","0","1","0","","0","0","0","","","1","N","0","","40 21:43.869","4","0","80 03:54.369","3","0","0","0","2109","0","0","0","N","0","0","0","5","02109","0","","1.0","1354.0","1","N","N","N","0","","1","0","2","","0","N","","3","1","0","0","0","0","0","2","0","3","03","03","","N","","","","","","","","","",""
"2024051431","1152","1","0","0","0","0","0","0","0","0","1","0","","02","6","2024","7","40.368866","-80.036024","1152","11","0","0","0","0","0","0","0","0","","0","0","0","","","2","","2","","40 22:07.916","1","0","80 02:09.686","3","0","0","0","2416","0","0","0","N","0","0","0","2","02416","0","","1.0","1218.0","1","N","N","N","0","","2","0","1","","0","N","","2","2","0","0","0","0","0","2","0","2","03","03","","N","","","","","","","","","",""