"CRN","ARRIVAL_TM","AUTOMOBILE_COUNT","BELTED_DEATH_COUNT","BELTED_SUSP_SERIOUS_INJ_COUNT","BICYCLE_COUNT","BICYCLE_DEATH_COUNT","BICYCLE_SUSP_SERIOUS_INJ_COUNT","BUS_COUNT","CHLDPAS_DEATH_COUNT","CHLDPAS_SUSP_SERIOUS_INJ_COUNT","COLLISION_TYPE","COMM_VEH_COUNT","CONS_ZONE_SPD_LIM","COUNTY","CRASH_MONTH","CRASH_YEAR","DAY_OF_WEEK","DEC_LATITUDE","DEC_LONGITUDE","DISPATCH_TM","DISTRICT","DRIVER_COUNT_16YR","DRIVER_COUNT_17YR","DRIVER_COUNT_18YR","DRIVER_COUNT_19YR","DRIVER_COUNT_20YR","DRIVER_COUNT_50_64YR","DRIVER_COUNT_65_74YR","DRIVER_COUNT_75PLUS","EST_HRS_CLOSED","FATAL_COUNT","HEAVY_TRUCK_COUNT","HORSE_BUGGY_COUNT","HOUR_OF_DAY","ILLUMINATION","INJURY_COUNT","INTERSECTION_RELATED","INTERSECT_TYPE","LANE_CLOSED","LATITUDE","LN_CLOSE_DIR","LOCATION_TYPE","LONGITUDE","MAX_SEVERITY_LEVEL","MCYCLE_DEATH_COUNT","MCYCLE_SUSP_SERIOUS_INJ_COUNT","MOTORCYCLE_COUNT","MUNICIPALITY","NONMOTR_COUNT","NONMOTR_DEATH_COUNT","NONMOTR_SUSP_SERIOUS_INJ_COUNT","NTFY_HIWY_MAINT","PED_COUNT","PED_DEATH_COUNT","PED_SUSP_SERIOUS_INJ_COUNT","PERSON_COUNT","POLICE_AGCY","POSSIBLE_INJ_COUNT","RDWY_SURF_TYPE_CD","RELATION_TO_ROAD","ROADWAY_CLEARED","ROAD_CONDITION","SCH_BUS_IND","SCH_ZONE_IND","SECONDARY_CRASH","SMALL_TRUCK_COUNT","SPEC_JURIS_CD","SUSP_MINOR_INJ_COUNT","SUSP_SERIOUS_INJ_COUNT","SUV_COUNT","TCD_FUNC_CD","TCD_TYPE","TFC_DETOUR_IND","TIME_OF_DAY","TOTAL_UNITS","TOT_INJ_COUNT","UNBELTED_OCC_COUNT","UNB_DEATH_COUNT","UNB_SUSP_SERIOUS_INJ_COUNT","UNK_INJ_DEG_COUNT","UNK_INJ_PER_COUNT","URBAN_RURAL","VAN_COUNT","VEHICLE_COUNT","WEATHER1","WEATHER2","WORKERS_PRES","WORK_ZONE_IND","WORK_ZONE_LOC","WORK_ZONE_TYPE","WZ_CLOSE_DETOUR","WZ_FLAGGER","WZ_LAW_OFFCR_IND","WZ_LN_CLOSURE","WZ_MOVING","WZ_OTHER","WZ_SHLDER_MDN","WZ_WORKERS_INJ_KILLED"
"2024062232","2043","0","0","0","0","0","0","0","0","0","7","0","","02","7","2024","6","40.424811","-79.978406","2039","11","0","0","0","0","0","0","0","0","","0","0","0","","","1","N","0","","40 25:29.320","7","0","79 58:42.260","2","0","1","1","2301","0","0","0","N","0","0","0","1","02301","0","","1.0","2110.0","1","N","N","N","0","","0","1","0","","0","N","","1","1","0","0","0","0","0","2","0","1","03","03","","N","","","","","","","","","",""
"2024060465","0109","1","0","0","0","0","0","0","0","0","7","0","","02","7","2024","2","40.563211","-79.851943","0045","11","0","0","0","0","0","0","1","0","","0","0","0","","","0","N","0","","40 33:47.559","","0","79 51:06.996","0","0","0","0","2209","0","0","0","N","0","0","0","1","68T02","0","","2.0","","1","N","N","N","0","","0","0","0","","0","","","1","0","0","0","0","0","0","2","0","1","03","","","N","","","","","","","","","",""
"2024060577","0045","2","0","0","0","0","0","0","0","0","4","0","","02","6","2024","1","40.454227","-79.88683","0035","11","0","0","0","0","0","0","1","0","","0","0","0","","","0","","1","","40 27:15.218","","0","79 53:12.588","0","0","0","0","2301","0","0","0","N","0","0","0","2","02301","0","","1.0","","1","N","N","N","0","","0","0","0","","3","","","2","0","0","0","0","0","0","2","0","2","03","03","","N","","","","","","","","","",""
"2024055858","0923","1","0","0","0","0","0","0","0","0","7","0","","02","6","2024","3","40.430466","-79.712713","0919","11","0","0","0","0","0","0","0","0","","0","0","0","","","1","N","0","","40 25:49.679","","0","79 42:45.768","8","0","0","0","2446","0","0","0","Y","0","0","0","1","02446","0","","3.0","","1","N","N","N","0","","0","0","0","","0","N","","1","1","0","0","0","1","0","2","0","1","03","","","N","","","","","","","","","",""
"2024052465","1641","1","0","2","0","0","0","0","0","0","2","0","","02","6","2024","6","40.417391","-79.822596","1635","11","0","0","0","0","0","0","0","1","","0","0","0","","","4","N","0","","40 25:02.608","1","0","79 49:21.345","2","0","0","0","2124","0","0","0","N","0","0","0","4","02124","1","","1.0","1729.0","9","N","N","N","0","","1","2","1","","0","Y","","2","4","0","0","0","0","0","2","0","2","07","","","N","","","","","","","","","",""
"2024051585","1117","1","0","0","0","0","0","0","0","0","4","0","","02","6","2024","4","40.568306","-80.016481","1111","11","0","0","0","0","0","1","0","1","","0","0","0","","","0","N","0","","40 34:05.900","2","7","80 00:59.331","0","0","0","0","2108","0","0","0","N","0","0","0","3","02108","0","","1.0","1145.0","1","N","N","N","0","","0","0","2","","3","N","","3","0","0","0","0","0","0","2","0","3","03","03","","N","","","","","","","","","",""
"2024050011","1314","2","0","0","0","0","0","0","0","0","4","0","","02","6","2024","4","40.45406","-79.949722","1308","11","0","0","0","0","0","0","0","0","","0","0","0","","","0","N","0","","40 27:14.616","3","0","79 56:58.998","0","0","0","0","2301","0","0","0","N","0","0","0","3","02301","0","","1.0","40.0","1","N","N","N","0","","0","0","0","","0","N","","2","0","0","0","0","0","0","2","0","2","03","","","N","","","","","","","","","",""
"2024050034","1337","0","0","0","0","0","0","0","0","0","5","0","","02","6","2024","4","40.43864","-79.748307","1331","11","0","0","0","0","0","0","0","0","","0","0","0","","","0","Y","0","","40 26:19.103","","0","79 44:53.904","0","0","0","0","2446","0","0","0","N","0","0","0","2","02446","0","","1.0","","1","N","N","N","0","","0","0","1","","0","","","2","0","0","0","0","0","0","2","1","2","03","03","","N","","","","","","","","","",""
"2024048243","2221","0","0","0","0","0","0","0","0","0","7","0","","02","6","2024","7","40.220206","-79.846358","2213","11","0","0","0","0","0","0","1","0","","0","0","0","","","0","N","0","","40 13:12.742","1","0","79 50:46.887","0","0","0","0","2105","0","0","0","Y","0","0","0","1","02105","0","","3.0","2318.0","1","N","N","N","0","","0","0","1","","0","N","","1","0","0","0","0","0","0","2","0","1","03","03","","N","","","","","","","","","",""
"2024079289","1904","2","0","0","0","0","0","0","0","0","1","0","","02","9","2024","3","40.497886","-80.020559","1842","11","0","0","0","0","0","1","0","0","","0","0","0","","","1","N","0","","40 29:52.388","1","0","80 01:14.011","3","0","0","0","2116","0","0","0","N","0","0","0","2","68B03","0","","1.0","1900.0","1","N","N","N","0","","1","0","0","","0","N","","2","1","0","0","0","0","0","2","0","2","03","","","N","","","","","","","","","",""
"2024090091","0955","0","0","0","0","0","0","0","0","0","7","0","","02","9","2024","2","40.513833","-79.992694","0952","11","0","0","0","0","0","0","0","0","","0","0","0","","","1","N","0","","40 30:49.800","7","0","79 59:33.700","4","0","0","0","2116","0","0","0","N","0","0","0","1","02116","1","","4.0","1050.0","9","N","N","N","0","","0","0","1","","0","Y","","1","1","0","0","0","0","0","2","0","1","03","03","","N","","","","","","","","","",""
"2024091267","0050","1","1","1","0","0","0","0","0","0","7","0","","02","9","2024","7","40.435962","-79.969645","0037","11","0","0","0","0","0","0","0","0","","1","0","0","","","2","N","0","","40 26:09.463","4","0","79 58:10.722","1","0","0","0","2301","0","0","0","Y","0","0","0","3","68B03","0","1","7.0","500.0","1","N","N","N","0","0","1","1","0","","0","Y","","1","2","0","0","0","0","0","2","0","1","03","","","N","","","","","","","","","",""
"2024073056","0901","1","0","0","0","0","0","1","0","0","5","1","","02","8","2024","3","40.449495","-79.950528","0841","11","0","0","0","0","0","1","0","0","","0","0","0","","","0","N","0","","40 26:58.182","","0","79 57:01.901","0","0","0","0","2301","0","0","0","N","0","0","0","2","02503","0","","1.0","","1","N","N","N","0","","0","0","0","","0","","","2","0","0","0","0","0","0","2","0","2","03","03","","N","","","","","","","","","",""
"2024059896","1205","2","0","0","0","0","0","0","0","0","4","0","","02","7","2024","4","40.369389","-80.101494","1200","11","0","0","0","0","0","0","0","0","","0","0","0","","","2","","2","","40 22:09.800","4","0","80 06:05.377","3","0","0","0","2102","0","0","0","N","0","0","0","2","02102","0","","1.0","1225.0","1","N","N","N","0","","2","0","0","","3","N","","2","2","0","0","0","0","0","2","0","2","03","03","","N","","","","","","","","","",""
"2024076548","0952","0","0","0","0","0","0","0","0","0","4","0","","02","8","2024","3","40.367477","-79.978741","0946","11","0","0","0","0","0","0","1","0","","0","0","0","","","0","","1","","40 22:02.916","","0","79 58:43.468","9","0","0","0","2413","0","0","0","N","0","0","0","3","02413","0","","1.0","","1","N","N","N","1","","0","0","1","","3","","","2","0","0","0","0","0","3","2","0","2","03","","","N","","","","","","","","","",""
"2024085761","1927","1","0","0","0","0","0","0","0","0","5","0","","02","2","2024","2","40.42225","-79.927806","1919","11","0","0","0","0","0","0","0","0","","0","0","0","","","0","N","0","","40 25:20.100","","0","79 55:40.100","0","0","0","0","2301","0","0","0","N","0","0","0","2","02301","0","","1.0","","1","N","N","N","0","","0","0","1","","2","","","2","0","0","0","0","0","0","2","0","2","03","","","N","","","","","","","","","",""
"2024056730","0935","2","0","0","0","0","0","0","0","0","6","0","","02","6","2024","1","40.506876","-80.048498","0922","11","0","0","0","0","0","0","0","1","","0","0","0","","","0","N","0","","40 30:24.753","","0","80 02:54.594","0","0","0","0","2116","0","0","0","N","0","0","0","4","02116","0","","1.0","","1","N","N","N","0","","0","0","0","","0","","","2","0","0","0","0","0","0","2","0","2","03","03","","N","","","","","","","","","",""
"2024085937","0737","2","0","0","0","0","0","0","0","0","4","0","","02","3","2024","1","40.427327","-80.00628","0729","11","0","0","0","0","0","0","0","0","","0","0","0","","","0","N","0","","40 25:38.377","6","0","80 00:22.609","0","0","0","0","2301","0","0","0","N","0","0","0","1","02301","0","","6.0","800.0","1","N","N","N","0","","0","0","1","","0","N","","3","0","0","0","0","0","0","2","0","3","03","","","N","","","","","","","","","",""
"2024090663","2059","1","0","0","0","0","0","0","0","0","4","0","","02","10","2024","1","40.528766","-80.240913","2054","11","0","0","0","0","0","0","0","0","","0","0","0","","","3","","2","","40 31:43.557","7","0","80 14:27.285","3","0","0","0","2213","0","0","0","N","0","0","0","3","02213","0","","1.0","2135.0","1","N","N","N","0","","3","0","0","","3","Y","","2","3","0","0","0","0","0","2","1","2","03","","","N","","","","","","","","","",""
"2024089889","1835","0","0","0","0","0","0","0","0","0","1","0","","02","10","2024","4","40.393868","-80.046311","1831","11","0","0","0","0","0","0","0","0","","0","0","0","","","0","","3","","40 23:37.924","","0","80 02:46.719","0","0","0","0","2109","0","0","0","N","0","0","0","2","02109","0","","1.0","","1","N","N","N","0","","0","0","2","","2","","","2","0","0","0","0","0","0","2","0","2","03","","","N","","","","","","","","","",""
"2024088282","1612","0","0","0","0","0","0","0","0","0","4","0","","02","4","2024","2","40.425528","-79.926667","1608","11","0","0","0","0","0","1","0","0","","0","0","0","","","0","","2","","40 25:31.900","5","2","79 55:36.000","0","0","0","0","2301","0","0","0","N","0","0","0","4","02301","0","","1.0","1630.0","1","N","N","N","0","","0","0","1","","3","N","","2","0","1","0","0","0","0","2","1","2","03","03","","N","","","","","","","","","",""
"2024073776","2049","1","0","0","0","0","0","0","0","0","4","0","","02","8","2024","6","40.517748","-80.052558","2045","11","0","0","0","0","0","1","0","0","","0","0","0","","","2","","1","","40 31:03.891","6","2","80 03:09.210","3","0","0","0","2116","0","0","0","N","0","0","0","2","02116","0","","1.0","2145.0","1","N","N","N","0","","2","0","1","","2","Y","","2","2","1","0","0","0","0","2","0","2","03","","","N","","","","","","","","","",""
"2024085926","1030","1","0","0","0","0","0","0","0","0","1","0","","02","3","2024","7","40.420599","-80.005081","1022","11","0","0","0","0","0","1","0","0","","0","0","0","","","0","N","0","","40 25:14.155","","4","80 00:18.291","0","0","0","0","2301","0","0","0","N","0","0","0","3","02301","0","","1.0","","9","N","N","N","1","","0","0","0","","0","","","2","0","0","0","0","0","0","2","0","2","07","","","N","","","","","","","","","",""
"2024084206","1814","2","0","0","0","0","0","0","0","0","4","0","","02","9","2024","5","40.522253","-79.947738","1807","11","0","0","0","0","0","0","0","0","","0","0","0","","","1","","3","","40 31:20.112","1","0","79 56:51.856","3","0","0","0","2118","0","0","0","N","0","0","0","2","02118","0","","1.0","1840.0","1","N","N","N","0","","1","0","0","","0","N","","2","1","1","0","0","0","0","2","0","2","03","03","","N","","","","","","","","","",""
"2024090364","1638","0","0","0","0","0","0","0","0","0","4","0","","02","9","2024","5","40.617461","-79.733874","1635","11","0","0","0","0","0","0","0","0","","0","0","0","","","1","","2","","40 37:02.858","1","0","79 44:01.947","2","0","1","1","2106","0","0","0","N","0","0","0","2","02106","0","","1.0","1711.0","1","N","N","N","0","","0","1","1","","0","Y","","2","1","0","0","0","0","0","2","0","2","03","","","N","","","","","","","","","",""
"2024059088","1322","0","0","0","0","0","0","0","0","0","1","1","","02","6","2024","2","40.425677","-79.904897","1254","11","0","0","0","0","0","0","0","0","","0","1","0","","","0","N","0","","40 25:32.438","","3","79 54:17.629","0","0","0","0","2301","0","0","0","N","0","0","0","3","68B03","0","","1.0","","1","N","N","N","0","","0","0","1","","0","","","2","0","0","0","0","0","0","2","0","2","03","","","N","","","","","","","","","",""
"2024078494","1530","0","0","0","0","0","0","0","0","0","1","0","","02","8","2024","2","40.442403","-80.159447","1523","11","0","0","0","0","0","0","2","0","","0","0","0","","","1","N","0","","40 26:32.652","","0","80 09:34.010","3","0","0","0","2115","0","0","0","N","0","0","0","4","68B03","0","","1.0","","1","N","N","N","1","","1","0","2","","0","","","3","1","0","0","0","0","0","2","0","3","03","","","N","","","","","","","","","",""
"2024085949","0604","1","0","0","0","0","0","0","0","0","7","0","","02","3","2024","4","40.446892","-79.894329","0600","11","0","0","0","0","1","0","0","0","","0","0","0","","","0","N","0","","40 26:48.811","","0","79 53:39.583","0","0","0","0","2301","0","0","0","N","0","0","0","1","02301","0","","5.0","","9","N","N","N","0","","0","0","0","","0","","","2","0","0","0","0","0","0","2","0","1","07","","","N","","","","","","","","","",""
"2024079309","1343","1","0","0","0","0","0","0","0","0","1","0","","02","7","2024","2","40.412527","-80.066664","1323","11","0","0","0","0","0","1","0","0","","0","0","0","","","1","N","0","","40 24:45.097","4","0","80 03:59.990","8","0","0","0","2435","0","0","0","N","0","0","0","3","68B03","0","","1.0","1401.0","1","N","N","N","0","","0","0","1","","0","N","","3","1","0","0","0","1","0","2","1","3","03","","","N","","","","","","","","","",""
"2024084616","1059","2","0","0","0","0","0","0","0","0","4","0","","02","9","2024","7","40.499163","-80.06334","1058","11","0","0","1","0","0","0","0","0","","0","0","0","","","1","N","0","","40 29:56.988","","0","80 03:48.025","3","0","0","0","2402","0","0","0","N","0","0","0","2","02402","0","","6.0","","1","N","N","N","0","","1","0","1","","0","","","3","1","0","0","0","0","0","2","0","3","03","03","","N","","","","","","","","","",""
"2024091372","2116","1","0","0","0","0","0","0","0","0","7","0","","02","10","2024","6","40.386","-79.821528","2111","11","0","1","0","0","0","0","0","0","","0","0","0","","","0","N","0","","40 23:09.600","2","0","79 49:17.500","0","0","0","0","2111","0","0","0","N","0","0","0","2","02111","0","","5.0","2201.0","1","N","N","N","0","","0","0","0","","0","Y","","1","0","0","0","0","0","0","2","0","1","03","03","","N","","","","","","","","","",""
"2024078841","1725","0","0","0","0","0","0","0","0","0","7","0","","02","8","2024","3","40.438105","-79.75603","1632","11","0","0","0","0","0","0","0","0","","1","0","0","","","0","","7","","40 26:17.178","","2","79 45:21.709","1","0","0","0","2446","0","0","0","N","0","0","0","1","68B03","0","2","5.0","","1","N","N","N","0","0","0","0","1","","0","","","1","0","1","1","0","0","0","2","0","1","03","03","","N","","","","","","","","","",""
"2024091399","0325","0","0","0","0","0","0","0","0","0","2","0","","02","9","2024","1","40.429198","-79.999267","0322","11","0","0","0","0","0","0","0","0","","0","0","0","","","2","","1","","40 25:45.112","1","3","79 59:57.362","3","0","0","0","2301","0","0","0","N","0","0","0","2","02301","0","","1.0","400.0","98","N","N","N","0","","2","0","2","","0","N","","2","2","0","0","0","0","0","2","0","2","03","","","N","","","","","","","","","",""
"2024078322","1632","0","0","0","0","0","0","0","0","0","7","0","","02","9","2024","5","40.433791","-79.990776","1603","11","0","0","0","0","0","0","0","0","","0","0","0","","","0","N","0","","40 26:01.648","3","0","79 59:26.792","0","0","0","0","2301","0","0","0","N","0","0","0","3","68B03","0","","2.0","1706.0","1","N","N","N","0","","0","0","2","","0","N","","2","0","0","0","0","0","0","2","0","2","03","","","N","","","","","","","","","",""
"2024084388","0700","1","0","0","0","0","0","0","0","0","1","0","","02","9","2024","6","40.419805","-79.850143","0656","11","0","0","0","0","0","1","0","0","","0","0","0","","","0","","1","","40 25:11.298","","0","79 51:00.514","0","0","0","0","2431","0","0","0","N","0","0","0","2","02431","0","","1.0","","1","N","N","N","0","","0","0","1","","2","","","2","0","0","0","0","0","0","2","0","2","03","","","N","","","","","","","","","",""
"2024090853","1455","1","0","0","0","0","0","0","0","0","7","1","","02","10","2024","1","40.662724","-80.094708","1444","11","0","0","0","0","0","0","0","0","","0","1","0","","","1","N","0","","40 39:45.808","6","3","80 05:40.950","2","0","0","0","2212","0","0","0","N","0","0","0","2","68T02","0","","2.0","200.0","1","N","N","N","0","","0","1","0","","0","N","","2","1","0","0","0","0","0","2","0","2","03","03","","N","","","","","","","","","",""
"2024090545","1730","1","0","0","0","0","0","0","0","0","1","0","","02","10","2024","6","40.52185","-80.005206","1729","11","0","0","0","1","0","0","1","0","","0","0","0","","","0","","1","","40 31:18.661","2","0","80 00:18.743","0","0","0","0","2116","0","0","0","N","0","0","0","6","02116","0","","1.0","1800.0","1","N","N","N","1","","0","0","2","","2","N","","4","0","0","0","0","0","0","2","0","4","","","","N","","","","","","","","","",""
"2024089641","1755","0","0","0","0","0","0","0","0","0","0","0","","02","9","2024","1","40.435708","-79.801836","1750","11","0","0","0","0","0","0","0","0","","0","0","0","","","1","N","0","","40 26:08.549","","0","79 48:06.609","8","0","0","1","2446","0","0","0","N","0","0","0","1","02446","0","","1.0","","1","N","N","N","0","","0","0","0","","0","","","1","1","0","0","0","1","0","2","0","1","03","03","","N","","","","","","","","","",""
"2024085990","0905","1","0","0","0","0","0","0","0","0","4","0","","02","3","2024","6","40.436031","-79.979563","0859","11","0","0","0","0","0","1","0","0","","0","0","0","","","0","","2","","40 26:09.713","2","0","79 58:46.428","0","0","0","0","2301","0","0","0","N","0","0","0","2","02301","0","","1.0","950.0","9","N","N","N","1","","0","0","0","","3","N","","2","0","0","0","0","0","0","2","0","2","07","","","N","","","","","","","","","",""
"2024076839","1824","2","0","0","0","0","0","0","0","0","0","0","","02","8","2024","5","40.426151","-79.895633","1749","11","0","0","0","0","0","0","1","0","","0","0","0","","","0","N","0","","40 25:34.142","","0","79 53:44.277","0","0","0","0","2463","0","0","0","N","0","0","0","4","68B03","0","","1.0","","1","N","N","N","0","","0","0","0","","0","","","2","0","0","0","0","0","0","2","0","2","03","","","N","","","","","","","","","",""
"2024090586","2006","0","0","0","0","0","0","0","0","0","5","0","","02","9","2024","5","40.432203","-79.95986","1959","11","0","0","0","0","0","0","1","0","","0","0","0","","","0","N","0","","40 25:55.929","4","0","79 57:35.496","0","0","0","0","2301","0","0","0","N","0","0","0","2","68B03","0","","1.0","2030.0","1","N","N","N","0","","0","0","1","","0","N","","2","0","0","0","0","0","0","2","0","2","03","","","N","","","","","","","","","",""
"2024085438","1610","1","0","0","0","0","0","0","0","0","1","0","","02","9","2024","1","40.529814","-79.952683","1607","11","0","0","0","0","0","1","0","0","","0","0","0","","","0","","1","","40 31:47.331","2","0","79 57:09.658","0","0","0","0","2118","0","0","0","N","0","0","0","7","02118","0","","1.0","1653.0","9","N","N","N","1","","0","0","0","","2","N","","2","0","0","0","0","0","0","2","0","2","07","04","","N","","","","","","","","","",""
"2024085799","0735","0","0","0","0","0","0","0","0","0","5","0","","02","2","2024","2","40.48325","-79.929528","0731","11","0","0","0","0","0","1","0","0","","0","0","0","","","0","N","0","","40 28:59.700","","0","79 55:46.300","0","0","0","0","2301","0","0","0","N","0","0","0","4","02301","0","","6.0","","1","N","N","Y","0","","0","0","4","","0","N","","4","0","0","0","0","0","0","2","0","4","03","","","N","","","","","","","","","",""
"2024091659","1726","4","0","0","0","0","0","0","0","0","1","0","","02","10","2024","3","40.473555","-79.972317","1724","11","0","0","0","0","0","0","0","0","","0","0","0","","","1","","6","","40 28:24.799","2","2","79 58:20.340","3","0","0","0","2445","0","0","0","N","0","0","0","5","02445","0","","1.0","1749.0","1","N","N","N","0","","1","0","0","","0","Y","","4","1","0","0","0","0","0","2","0","4","03","03","","N","","","","","","","","","",""
"2024089929","0948","1","0","0","0","0","0","0","0","0","1","0","","02","10","2024","6","40.264846","-79.878772","0942","11","0","0","0","0","0","1","0","0","","0","0","0","","","1","Y","0","","40 15:53.444","","0","79 52:43.578","4","0","0","0","2105","0","0","0","N","0","0","0","2","02105","1","","1.0","","1","N","N","N","0","","0","0","1","","2","","","2","1","0","0","0","0","0","1","0","2","03","03","","N","","","","","","","","","",""
"2024090109","1609","0","0","0","0","0","0","0","0","0","1","0","","02","10","2024","4","40.369031","-79.782442","1605","11","0","0","0","0","0","0","0","0","","0","0","0","","","0","N","0","","40 22:08.513","","0","79 46:56.790","0","0","0","0","2111","0","0","0","N","0","0","0","2","02111","0","","1.0","","1","N","N","N","0","","0","0","2","","0","","","2","0","0","0","0","0","0","2","0","2","03","03","","N","","","","","","","","","",""
"2024091687","1835","0","0","0","0","0","0","0","0","0","98","0","","02","10","2024","5","40.586479","-79.880568","1801","11","0","0","0","0","0","0","0","0","","0","0","0","","","0","N","0","","40 35:11.325","2","0","79 52:50.044","0","0","0","0","2209","0","0","0","N","0","0","0","2","02209","0","","1.0","1835.0","1","N","N","N","0","","0","0","1","","0","N","","1","0","0","0","0","0","0","2","0","1","03","03","","N","","","","","","","","","",""
"2024085930","1350","0","0","0","0","0","0","0","0","0","7","0","","02","3","2024","7","40.420392","-80.006903","1345","11","0","0","0","0","0","0","0","0","","0","0","0","","","0","N","0","","40 25:13.410","4","0","80 00:24.850","0","0","0","0","2301","0","0","0","N","0","0","0","2","02301","0","","4.0","1430.0","9","N","N","N","1","","0","0","0","","0","N","","1","0","0","0","0","0","0","2","0","1","07","","","N","","","","","","","","","",""
"2024055371","2121","1","0","0","0","0","0","0","0","0","7","0","","02","5","2024","5","40.454566","-80.182524","2118","11","0","0","0","0","0","0","0","0","","0","0","0","","","1","N","0","","40 27:16.437","","0","80 10:57.087","8","0","0","0","2214","0","0","0","N","0","0","0","1","68B03","0","","4.0","","8","N","N","N","0","","0","0","0","","0","","","1","1","0","0","0","1","0","2","0","1","07","","","N","","","","","","","","","",""
"2024048865","0604","1","0","0","1","0","1","0","0","0","8","0","","02","6","2024","3","40.406116","-79.825193","0539","11","0","0","0","0","0","0","0","0","","0","0","0","","","1","","1","","40 24:22.018","4","0","79 49:30.693","2","0","0","0","2467","1","0","1","N","0","0","0","2","02467","0","","1.0","630.0","1","N","N","N","0","","0","1","0","","2","N","","2","1","0","0","0","0","0","2","0","1","03","","","N","","","","","","","","","",""
"2024078858","1804","0","0","0","0","0","0","0","0","0","7","0","","02","9","2024","2","40.415592","-80.084325","1804","11","0","0","0","0","0","0","1","0","","0","0","0","","","0","N","0","","40 24:56.132","4","0","80 05:03.570","0","0","0","0","2415","0","0","0","N","0","0","0","1","68B03","0","","4.0","1852.0","1","N","N","N","0","","0","0","1","","0","N","","1","0","0","0","0","0","0","2","0","1","03","","","N","","","","","","","","","",""
"2024085808","0932","1","0","0","0","0","0","0","0","0","7","0","","02","2","2024","2","40.450967","-79.976913","0916","11","0","0","0","0","0","0","0","0","","0","0","0","","","0","N","0","","40 27:03.480","1","0","79 58:36.888","9","0","0","0","2301","0","0","0","N","0","0","0","1","02301","0","","2.0","1000.0","1","N","N","N","0","","0","0","0","","0","N","","1","0","0","0","0","0","1","2","0","1","03","03","","N","","","","","","","","","",""
"2024085996","1619","2","0","0","0","0","0","0","0","0","1","0","","02","3","2024","6","40.400556","-79.989139","1609","11","0","0","0","0","0","1","0","0","","0","0","0","","","2","N","0","","40 24:02.000","5","0","79 59:20.900","3","0","0","0","2301","0","0","0","N","0","0","0","4","02301","0","","1.0","1635.0","1","N","N","N","0","","1","0","0","","0","N","","3","2","1","0","0","1","0","2","1","3","04","04","","N","","","","","","","","","",""
"2024085971","0324","1","0","0","0","0","0","0","0","0","1","0","","02","3","2024","1","40.415451","-79.92486","0316","11","0","0","0","0","0","0","0","0","","0","0","0","","","0","","1","","40 24:55.623","","0","79 55:29.495","9","0","0","0","2301","0","0","0","N","0","0","0","3","02301","0","","1.0","","9","N","N","N","0","","0","0","1","","2","","","2","0","0","0","0","0","1","2","0","2","04","","","N","","","","","","","","","",""
"2024084750","2255","1","0","0","0","0","0","0","0","0","1","0","","02","9","2024","7","40.37288","-80.14712","2250","11","0","1","0","0","0","1","0","0","","0","0","0","","","0","","2","","40 22:22.367","1","0","80 08:49.633","0","0","0","0","2119","0","0","0","N","0","0","0","2","02119","0","","1.0","2338.0","1","N","N","N","1","","0","0","0","","0","N","","2","0","0","0","0","0","0","2","0","2","07","","","N","","","","","","","","","",""
"2024076669","2109","0","0","0","0","0","0","0","0","0","4","0","","02","8","2024","7","40.405881","-79.886343","2054","11","0","0","0","0","0","1","0","0","","0","0","0","","","0","N","0","","40 24:21.173","","0","79 53:10.834","0","0","0","0","2475","0","0","0","N","0","0","0","2","68B03","0","","1.0","","1","N","N","N","0","","0","0","2","","0","","","2","0","0","0","0","0","0","2","0","2","03","","","N","","","","","","","","","",""
"2024075708","1348","1","0","0","0","0","0","0","0","0","4","0","","02","8","2024","3","40.409477","-80.031966","1338","11","0","0","0","0","0","0","0","0","","0","0","0","","","0","","2","","40 24:34.117","1","0","80 01:55.076","0","0","0","0","2301","0","0","0","N","0","0","0","2","02301","0","","1.0","1405.0","1","N","N","N","0","","0","0","0","","3","N","","2","0","0","0","0","0","0","2","1","2","03","","","N","","","","","","","","","",""
"2024050186","1606","3","0","0","0","0","0","0","0","0","1","0","","02","6","2024","6","40.407936","-80.050828","1601","11","0","0","0","0","0","0","0","0","","0","0","0","","","1","N","0","","40 24:28.570","","0","80 03:02.979","4","0","0","0","2435","0","0","0","N","0","0","0","3","02435","1","","1.0","","1","N","N","Y","0","","0","0","0","","0","","","3","1","0","0","0","0","0","2","0","3","03","","","N","","","","","","","","","",""
"2024090583","1751","1","0","0","0","0","0","0","0","0","1","0","","02","9","2024","2","40.425621","-79.909604","1729","11","0","0","0","0","0","1","0","0","","0","0","0","","","0","N","0","","40 25:32.234","","0","79 54:34.576","0","0","0","0","2301","0","0","0","N","0","0","0","4","68B03","0","","1.0","","1","N","N","N","0","","0","0","3","","0","","","4","0","0","0","0","0","0","2","0","4","03","03","","N","","","","","","","","","",""
"2024067273","1345","0","0","0","0","0","0","0","0","0","7","0","","02","7","2024","1","40.653611","-79.705556","1317","11","0","0","0","0","0","1","0","0","","0","0","0","","","1","N","0","","40 39:13.000","3","0","79 42:20.000","2","0","1","1","2106","0","0","0","N","0","0","0","1","02501","0","","2.0","1400.0","1","N","N","N","0","","0","1","0","","0","N","","1","1","0","0","0","0","0","1","0","1","03","03","","N","","","","","","","","","",""