"CRN","ARRIVAL_TM","AUTOMOBILE_COUNT","BELTED_DEATH_COUNT","BELTED_SUSP_SERIOUS_INJ_COUNT","BICYCLE_COUNT","BICYCLE_DEATH_COUNT","BICYCLE_SUSP_SERIOUS_INJ_COUNT","BUS_COUNT","CHLDPAS_DEATH_COUNT","CHLDPAS_SUSP_SERIOUS_INJ_COUNT","COLLISION_TYPE","COMM_VEH_COUNT","CONS_ZONE_SPD_LIM","COUNTY","CRASH_MONTH","CRASH_YEAR","DAY_OF_WEEK","DEC_LATITUDE","DEC_LONGITUDE","DISPATCH_TM","DISTRICT","DRIVER_COUNT_16YR","DRIVER_COUNT_17YR","DRIVER_COUNT_18YR","DRIVER_COUNT_19YR","DRIVER_COUNT_20YR","DRIVER_COUNT_50_64YR","DRIVER_COUNT_65_74YR","DRIVER_COUNT_75PLUS","EST_HRS_CLOSED","FATAL_COUNT","HEAVY_TRUCK_COUNT","HORSE_BUGGY_COUNT","HOUR_OF_DAY","ILLUMINATION","INJURY_COUNT","INTERSECTION_RELATED","INTERSECT_TYPE","LANE_CLOSED","LATITUDE","LN_CLOSE_DIR","LOCATION_TYPE","LONGITUDE","MAX_SEVERITY_LEVEL","MCYCLE_DEATH_COUNT","MCYCLE_SUSP_SERIOUS_INJ_COUNT","MOTORCYCLE_COUNT","MUNICIPALITY","NONMOTR_COUNT","NONMOTR_DEATH_COUNT","NONMOTR_SUSP_SERIOUS_INJ_COUNT","NTFY_HIWY_MAINT","PED_COUNT","PED_DEATH_COUNT","PED_SUSP_SERIOUS_INJ_COUNT","PERSON_COUNT","POLICE_AGCY","POSSIBLE_INJ_COUNT","RDWY_SURF_TYPE_CD","RELATION_TO_ROAD","ROADWAY_CLEARED","ROAD_CONDITION","SCH_BUS_IND","SCH_ZONE_IND","SECONDARY_CRASH","SMALL_TRUCK_COUNT","SPEC_JURIS_CD","SUSP_MINOR_INJ_COUNT","SUSP_SERIOUS_INJ_COUNT","SUV_COUNT","TCD_FUNC_CD","TCD_TYPE","TFC_DETOUR_IND","TIME_OF_DAY","TOTAL_UNITS","TOT_INJ_COUNT","UNBELTED_OCC_COUNT","UNB_DEATH_COUNT","UNB_SUSP_SERIOUS_INJ_COUNT","UNK_INJ_DEG_COUNT","UNK_INJ_PER_COUNT","URBAN_RURAL","VAN_COUNT","VEHICLE_COUNT","WEATHER1","WEATHER2","WORKERS_PRES","WORK_ZONE_IND","WORK_ZONE_LOC","WORK_ZONE_TYPE","WZ_CLOSE_DETOUR","WZ_FLAGGER","WZ_LAW_OFFCR_IND","WZ_LN_CLOSURE","WZ_MOVING","WZ_OTHER","WZ_SHLDER_MDN","WZ_WORKERS_INJ_KILLED"
"2024040933","0346","1","0","0","0","0","0","0","0","0","7","0","","02","5","2024","7","40.490626","-79.876206","0322","11","0","0","0","0","0","0","0","0","","0","0","0","","","0","N","0","","40 29:26.252","","0","79 52:34.342","0","0","0","0","2112","0","0","0","N","0","0","0","1","68D02","0","","4.0","","9","N","N","N","0","","0","0","0","","0","","","1","0","0","0","0","0","0","2","0","1","07","","","N","","","","","","","","","",""
"2024029638","1110","2","0","0","0","0","0","0","0","0","4","0","","02","4","2024","6","40.428349","-79.787421","1101","11","0","0","0","0","0","0","0","0","","0","0","0","","","0","","2","","40 25:42.055","3","0","79 47:14.716","0","0","0","0","2446","0","0","0","N","0","0","0","3","02446","0","","1.0","1135.0","9","N","N","N","0","","0","0","0","","0","N","","2","0","0","0","0","0","0","2","0","2","07","","","N","","","","","","","","","",""
"2024034619","1704","2","0","0","0","0","0","0","0","0","5","0","","02","4","2024","3","40.348603","-79.941164","1704","11","0","0","0","0","0","0","0","0","","0","0","0","","","0","N","0","","40 20:54.969","3","0","79 56:28.192","0","0","0","0","2473","0","0","0","N","0","0","0","3","02473","0","","1.0","1745.0","1","N","N","N","0","","0","0","1","","0","N","","3","0","0","0","0","0","0","2","0","3","03","03","","N","","","","","","","","","",""
"2024043171","1536","1","0","0","0","0","0","0","0","0","7","0","","02","5","2024","4","40.651651","-80.042053","1529","11","0","0","0","0","0","0","0","0","","0","0","0","","","0","N","0","","40 39:05.942","","0","80 02:31.390","0","0","0","0","2216","0","0","0","N","0","0","0","1","68T02","0","","4.0","","8","N","N","N","0","","0","0","0","","0","","","1","0","0","0","0","0","0","2","0","1","07","","","N","","","","","","","","","",""
"2024040107","0224","2","0","0","0","0","0","0","0","0","4","0","","02","3","2024","6","40.43532","-79.98446","0136","11","0","0","0","1","0","0","0","0","","1","0","0","","","4","Y","0","","40 26:07.152","4","0","79 59:04.057","1","0","0","0","2301","0","0","0","N","0","0","0","5","02301","0","2","1.0","349.0","1","N","N","N","0","0","0","4","0","","8","N","","2","4","5","1","4","0","0","2","0","2","04","","","N","","","","","","","","","",""
"2024085920","0019","3","0","0","0","0","0","0","0","0","2","0","","02","3","2024","5","40.468167","-79.958639","2358","11","0","0","0","0","0","0","0","0","","0","0","0","","","0","N","0","","40 28:05.400","","0","79 57:31.100","0","0","0","0","2301","0","0","0","N","0","0","0","4","02301","0","","1.0","","1","N","N","Y","0","","0","0","1","","0","","","4","0","0","0","0","0","0","2","0","4","03","98","","N","","","","","","","","","",""
"2024034595","2056","0","0","0","0","0","0","0","0","0","7","0","","02","4","2024","5","40.431337","-79.729842","2052","11","0","0","0","0","0","1","0","0","","0","0","0","","","1","N","0","","40 25:52.814","3","0","79 43:47.431","8","0","0","0","2446","0","0","0","N","0","0","0","1","02446","0","","2.0","2130.0","9","N","N","N","0","","0","0","1","","0","N","","1","1","0","0","0","1","0","2","0","1","07","07","","N","","","","","","","","","",""
"2024034522","0810","0","0","0","0","0","0","0","0","0","1","0","","02","4","2024","6","40.477928","-79.845243","0805","11","0","0","0","0","0","2","0","0","","0","0","0","","","1","Y","0","","40 28:40.539","","0","79 50:42.873","4","0","0","0","2113","0","0","0","N","0","0","0","3","02113","1","","1.0","","1","N","N","N","1","","0","0","2","","0","","","3","1","0","0","0","0","0","2","0","3","03","03","","N","","","","","","","","","",""
"2024031243","0944","1","0","0","0","0","0","0","0","0","1","0","","02","4","2024","5","40.333976","-79.812603","0942","11","0","0","0","0","0","0","1","0","","0","0","0","","","1","N","0","","40 20:02.313","","0","79 48:45.371","4","0","0","0","2477","0","0","0","N","0","0","0","2","02477","1","","1.0","","1","N","N","N","0","","0","0","1","","0","","","2","1","0","0","0","0","0","2","0","2","03","","","N","","","","","","","","","",""
"2024034844","1609","0","0","0","0","0","0","0","0","0","4","0","","02","4","2024","7","40.240906","-79.860148","1600","11","0","0","0","0","0","0","0","0","","0","0","0","","","0","N","1","","40 14:27.260","6","0","79 51:36.531","0","0","0","0","2105","0","0","0","N","0","0","0","6","02105","0","","1.0","1707.0","1","N","N","N","0","","0","0","1","","3","Y","","2","0","0","0","0","0","0","1","1","2","03","03","","N","","","","","","","","","",""
"2024029630","1258","1","0","0","0","0","0","0","0","0","4","0","","02","4","2024","5","40.628919","-79.855907","1255","11","0","1","0","0","0","1","0","0","","0","0","0","","","0","N","0","","40 37:44.109","5","7","79 51:21.265","0","0","0","0","2220","0","0","0","N","0","0","0","3","02220","0","","1.0","1326.0","9","N","N","N","0","","0","0","1","","0","Y","","2","0","0","0","0","0","0","2","0","2","07","04","","N","","","","","","","","","",""
"2024026769","2031","1","0","0","0","0","0","0","0","0","6","0","","02","3","2024","2","40.458722","-80.109944","2027","11","0","0","0","0","0","0","0","1","","0","0","0","","","0","N","0","","40 27:31.400","5","0","80 06:35.800","0","0","0","0","2126","0","0","0","N","0","0","0","2","02126","0","","1.0","2109.0","1","N","N","N","0","","0","0","1","","0","N","","2","0","0","0","0","0","0","2","0","2","03","03","","N","","","","","","","","","",""
"2024029946","0914","1","0","0","0","0","0","0","0","0","7","0","","02","4","2024","7","40.375838","-80.025096","0908","11","0","0","0","0","0","0","1","0","","0","0","0","","","1","","2","","40 22:33.017","4","0","80 01:30.345","8","0","0","0","2109","0","0","0","N","0","0","0","1","02109","0","","4.0","945.0","1","N","N","N","0","","0","0","0","","3","N","","1","1","0","0","0","1","0","2","0","1","03","","","N","","","","","","","","","",""
"2024030496","2234","0","0","0","0","0","0","0","0","0","7","0","","02","4","2024","2","40.495743","-80.293725","2233","11","0","0","0","0","0","0","0","0","","0","0","0","","","0","N","0","","40 29:44.675","","0","80 17:37.411","0","0","0","0","2203","0","0","0","N","0","0","0","1","02203","0","","4.0","","1","N","N","N","0","","0","0","1","","0","","","1","0","0","0","0","0","0","2","0","1","03","","","N","","","","","","","","","",""
"2024038935","1757","1","0","0","0","0","0","0","0","0","4","0","","02","5","2024","6","40.379389","-79.806984","1755","11","0","0","0","0","0","0","0","0","","0","0","0","","","0","N","1","","40 22:45.801","4","0","79 48:25.144","0","0","0","0","2111","0","0","0","N","0","0","0","4","02111","0","","1.0","1837.0","1","N","N","N","1","","0","0","0","","3","N","","2","0","0","0","0","0","0","2","0","2","04","04","","N","","","","","","","","","",""
"2024032409","1818","0","0","0","0","0","0","0","0","0","7","0","","02","3","2024","7","40.426089","-80.0999","1812","11","0","0","0","0","0","0","0","0","","0","0","0","","","1","N","0","","40 25:33.920","2","0","80 05:59.640","3","0","0","0","2115","0","0","0","Y","0","0","0","1","02115","0","","4.0","2200.0","1","N","N","N","1","","1","0","0","","0","N","","1","1","0","0","0","0","0","2","0","1","04","","","N","","","","","","","","","",""
"2024041307","1420","1","0","0","0","0","0","0","0","0","1","0","","02","5","2024","5","40.365738","-80.016312","1420","11","0","0","0","0","0","2","0","0","","0","0","0","","","1","","2","","40 21:56.656","","0","80 00:58.724","3","0","0","0","2416","0","0","0","N","0","0","0","3","02416","0","","1.0","","1","N","N","N","0","","1","0","1","","0","","","2","1","0","0","0","0","0","2","0","2","04","03","","N","","","","","","","","","",""
"2024038216","1415","1","0","0","0","0","0","0","0","0","7","0","","02","4","2024","4","40.649443","-80.008846","1412","11","0","0","0","0","0","1","0","0","","0","0","0","","","0","N","0","","40 38:57.994","","0","80 00:31.845","0","0","0","0","2216","0","0","0","Y","0","0","0","1","02505","0","","4.0","","1","N","N","N","0","","0","0","0","","0","","","1","0","0","0","0","0","0","1","0","1","03","03","","N","","","","","","","","","",""
"2024029008","0902","1","0","0","0","0","0","0","0","0","7","0","","02","2","2024","3","40.441743","-80.068266","0857","11","0","0","0","0","1","0","0","0","","0","0","0","","","0","N","0","","40 26:30.273","","7","80 04:05.759","0","0","0","0","2421","0","0","0","N","0","0","0","1","02421","0","","5.0","","9","N","N","N","0","","0","0","0","","0","","","1","0","0","0","0","0","0","2","0","1","07","","","N","","","","","","","","","",""
"2024083847","1550","1","0","0","0","0","0","0","0","0","6","0","","02","9","2024","5","40.492079","-79.848107","1545","11","0","0","0","0","0","0","2","0","","0","0","0","","","0","N","0","","40 29:31.486","","0","79 50:53.184","0","0","0","0","2113","0","0","0","N","0","0","0","2","02113","0","","1.0","","1","N","N","N","0","","0","0","1","","0","","","2","0","0","0","0","0","0","2","0","2","03","03","","N","","","","","","","","","",""
"2024030269","0808","0","0","0","0","0","0","0","0","0","8","0","","02","4","2024","2","40.5155","-79.8455","0804","11","0","0","0","0","0","0","0","0","","0","0","0","","","1","N","0","","40 30:55.800","","0","79 50:43.800","3","0","0","0","2451","1","0","0","N","1","0","0","2","02451","0","","1.0","","1","","","N","0","","1","0","1","","0","","","2","1","0","0","0","0","0","2","0","1","03","","","N","","","","","","","","","",""
"2024026100","1109","1","0","0","0","0","0","0","0","0","4","0","","02","3","2024","6","40.46354","-79.704631","1100","11","0","0","0","0","0","0","0","2","","0","0","0","","","0","","2","","40 27:48.743","","7","79 42:16.673","0","0","0","0","2466","0","0","0","N","0","0","0","2","02466","0","","1.0","","1","N","N","N","0","","0","0","1","","3","","","2","0","0","0","0","0","0","2","0","2","03","","","N","","","","","","","","","",""
"2024031296","1020","1","0","0","0","0","0","0","0","0","1","0","","02","4","2024","1","40.345028","-80.014679","1011","11","0","0","0","0","0","0","0","0","","0","0","0","","","0","N","0","","40 20:42.099","","0","80 00:52.843","0","0","0","0","2407","0","0","0","N","0","0","0","4","02407","0","","1.0","","1","N","N","N","0","","0","0","1","","0","","","2","0","0","0","0","0","0","2","0","2","03","03","","N","","","","","","","","","",""
"2024033319","1844","1","0","0","0","0","0","0","0","0","4","0","","02","4","2024","6","40.503369","-80.222267","1843","11","0","0","0","0","0","0","1","0","","0","0","0","","","2","Y","0","","40 30:12.127","5","7","80 13:20.161","3","0","0","0","2213","0","0","0","N","0","0","0","3","02213","0","","1.0","1915.0","9","N","N","N","0","","2","0","1","","2","Y","","2","2","0","0","0","0","0","2","0","2","07","04","","N","","","","","","","","","",""
"2024026646","1814","0","0","0","0","0","0","0","0","0","4","0","","02","3","2024","6","40.358332","-80.105266","1810","11","0","0","0","0","0","0","1","0","","0","0","0","","","0","","2","","40 21:29.995","6","0","80 06:18.957","0","0","0","0","2414","0","0","0","N","0","0","0","2","02414","0","","1.0","1820.0","9","N","N","N","0","","0","0","2","","0","N","","2","0","0","0","0","0","0","2","0","2","07","","","N","","","","","","","","","",""
"2024040158","0745","0","0","0","0","0","0","0","0","0","5","1","","02","4","2024","2","40.456843","-79.909443","0737","11","0","0","0","0","0","1","0","0","","0","1","0","","","0","N","0","","40 27:24.633","","1","79 54:33.993","0","0","0","0","2301","0","0","0","N","0","0","0","2","02301","0","","1.0","","1","N","N","N","0","","0","0","0","","0","","","2","0","0","0","0","0","0","2","1","2","03","","","N","","","","","","","","","",""
"2024037470","1224","0","0","1","0","0","0","0","0","0","7","1","","02","4","2024","2","40.624111","-79.942203","1221","11","0","0","0","0","0","1","0","0","","0","1","0","","","1","N","0","","40 37:26.798","5","0","79 56:31.931","2","0","0","0","2217","0","0","0","Y","0","0","0","1","02505","0","","2.0","1507.0","1","N","N","N","0","","0","1","0","","0","N","","1","1","0","0","0","0","0","2","0","1","03","03","","N","","","","","","","","","",""
"2024026188","1927","0","0","0","0","0","0","0","0","0","7","0","","02","3","2024","6","40.536499","-79.935827","1923","11","0","0","0","0","0","0","0","0","","0","0","0","","","1","N","0","","40 32:11.395","5","0","79 56:08.977","3","0","0","0","2209","0","0","0","N","0","0","0","1","02209","0","","4.0","2050.0","9","N","N","N","0","","1","0","1","","0","Y","","1","1","0","0","0","0","0","2","0","1","07","","","N","","","","","","","","","",""
"2024040487","1351","1","0","0","0","0","0","0","0","0","2","1","","02","3","2024","3","40.448472","-79.895972","1337","11","0","0","0","0","0","0","0","0","","0","1","0","","","1","N","0","","40 26:54.500","","7","79 53:45.500","8","0","0","0","2301","0","0","0","N","0","0","0","3","02301","0","","1.0","","1","N","N","N","0","","0","0","0","","0","","","2","1","0","0","0","1","0","2","0","2","03","03","","N","","","","","","","","","",""
"2024029007","0927","0","0","0","0","0","0","0","0","0","7","0","","02","4","2024","4","40.41164","-79.810465","0922","11","0","0","0","0","0","0","0","0","","0","0","0","","","0","Y","0","","40 24:41.904","7","0","79 48:37.674","0","0","0","0","2467","0","0","0","N","0","0","0","1","02467","0","","4.0","1020.0","9","N","N","N","0","","0","0","1","","0","Y","","1","0","0","0","0","0","0","2","0","1","07","","","N","","","","","","","","","",""
"2024029388","2243","1","0","0","0","0","0","0","0","0","7","0","","02","4","2024","4","40.48408","-79.854302","2237","11","0","0","0","0","0","1","0","0","","0","0","0","","","0","N","0","","40 29:02.688","","0","79 51:15.486","0","0","0","0","2113","0","0","0","N","0","0","0","1","02113","0","","1.0","","9","N","N","N","0","","0","0","0","","0","","","1","0","0","0","0","0","0","2","0","1","07","","","N","","","","","","","","","",""
"2024035533","0413","1","0","0","0","0","0","0","0","0","7","0","","02","4","2024","3","40.343549","-79.863292","0408","11","0","0","0","0","0","1","0","0","","0","0","0","","","1","","2","","40 20:36.775","","0","79 51:47.850","4","0","0","0","2304","0","0","0","N","0","0","0","1","02304","1","","2.0","","1","N","N","N","0","","0","0","0","","0","","","1","1","0","0","0","0","0","2","0","1","03","03","","N","","","","","","","","","",""
"2024028920","0635","1","0","0","0","0","0","0","0","0","1","0","","02","3","2024","4","40.557929","-80.204748","0629","11","0","0","0","0","0","1","0","0","","0","0","0","","","0","","2","","40 33:28.546","2","0","80 12:17.094","0","0","0","0","2441","0","0","0","N","0","0","0","4","02441","0","","1.0","721.0","1","N","N","Y","0","","0","0","2","","2","N","","3","0","0","0","0","0","0","2","0","3","03","","","N","","","","","","","","","",""
"2024037208","0354","0","0","0","0","0","0","0","0","0","7","0","","02","4","2024","1","40.35205","-79.964629","0352","11","0","0","0","0","0","0","0","0","","0","0","0","","","0","N","1","","40 21:07.381","","0","79 57:52.663","0","0","0","0","2403","0","0","0","N","0","0","0","1","02403","0","","2.0","","1","N","N","N","0","","0","0","1","","0","","","1","0","0","0","0","0","0","2","0","1","03","","","N","","","","","","","","","",""
"2024025818","0806","1","0","0","0","0","0","0","0","0","4","0","","02","3","2024","6","40.62275","-80.053847","0804","11","0","0","0","0","0","0","0","0","","0","0","0","","","1","N","0","","40 37:21.901","2","7","80 03:13.848","8","0","0","0","2216","0","0","0","N","0","0","0","2","02505","0","","1.0","842.0","1","N","N","N","0","","0","0","1","","0","Y","","2","1","0","0","0","1","0","1","0","2","03","03","","N","","","","","","","","","",""
"2024029910","1625","1","0","0","0","0","0","0","0","0","8","0","","02","4","2024","6","40.438167","-79.765306","1623","11","0","0","0","0","0","1","0","0","","0","0","0","","","1","N","0","","40 26:17.400","5","7","79 45:55.100","8","0","0","0","2446","1","0","0","N","1","0","0","2","02446","0","","1.0","1635.0","9","N","N","N","0","","0","0","0","","0","Y","","2","1","0","0","0","1","0","2","0","1","04","","","N","","","","","","","","","",""
"2024085736","1642","0","0","0","0","0","0","0","0","0","7","0","","02","9","2024","1","40.389743","-79.965839","1639","11","0","0","0","0","0","0","0","0","","0","0","0","","","0","N","0","","40 23:23.076","","0","79 57:57.021","0","0","0","0","2403","0","0","0","N","0","0","0","3","02403","0","","2.0","","9","N","N","N","0","","0","0","1","","0","","","1","0","0","0","0","0","0","2","0","1","07","98","","N","","","","","","","","","",""
"2024031396","1943","1","0","0","0","0","0","0","0","0","7","0","","02","4","2024","4","40.509648","-79.955923","1920","11","0","0","0","0","0","0","0","0","","0","0","0","","","0","N","0","","40 30:34.731","2","0","79 57:21.324","0","0","0","0","2118","0","0","0","N","0","0","0","1","02118","0","","2.0","2010.0","9","N","N","N","0","","0","0","0","","0","N","","1","0","1","0","0","0","0","2","0","1","07","07","","N","","","","","","","","","",""
"2024032243","0103","0","0","0","0","0","0","0","0","0","7","0","","02","4","2024","6","40.366671","-79.952033","0055","11","0","0","0","0","0","0","0","0","","0","0","0","","","0","N","0","","40 22:00.017","7","0","79 57:07.319","0","0","0","0","2403","0","0","0","N","0","0","0","1","02403","0","","4.0","146.0","9","N","N","N","0","","0","0","1","","0","Y","","1","0","0","0","0","0","0","2","0","1","07","","","N","","","","","","","","","",""
"2024027289","1816","1","0","0","0","0","0","0","0","0","4","0","","02","3","2024","4","40.475243","-79.862378","1811","11","0","0","0","0","0","2","0","0","","0","0","0","","","1","","1","","40 28:30.875","6","0","79 51:44.561","8","0","0","0","2113","0","0","0","N","0","0","0","3","02113","0","","1.0","1849.0","1","","","Y","0","","0","0","2","","0","N","","3","1","0","0","0","1","0","2","0","3","03","03","","N","","","","","","","","","",""
"2024041062","1322","0","0","0","0","0","0","0","0","0","1","1","","02","5","2024","6","40.449198","-80.004937","1310","11","0","0","0","0","0","0","0","0","","0","1","0","","","0","N","0","","40 26:57.112","2","0","80 00:17.774","0","0","0","0","2301","0","0","0","N","0","0","0","2","68B03","0","","1.0","1400.0","1","N","N","N","0","","0","0","1","","0","N","","2","0","0","0","0","0","0","2","0","2","03","","","N","","","","","","","","","",""
"2024028318","1530","0","0","0","0","0","0","0","0","0","5","0","","02","2","2024","4","40.388444","-80.006778","1512","11","0","0","0","0","0","1","0","0","","0","0","0","","","2","N","0","","40 23:18.400","5","6","80 00:24.400","4","0","0","0","2301","0","0","0","N","0","0","0","2","02301","1","","6.0","1620.0","1","N","Y","N","0","","0","0","2","","0","N","","2","2","0","0","0","1","0","2","0","2","03","03","","N","","","","","","","","","",""
"2024034582","1122","1","0","0","0","0","0","0","0","0","4","0","","02","4","2024","6","40.346417","-79.946778","1120","11","0","0","0","0","0","0","0","1","","0","0","0","","","0","","2","","40 20:47.100","1","7","79 56:48.400","0","0","0","0","2473","0","0","0","N","0","0","0","2","02473","0","","1.0","1200.0","1","N","N","N","0","","0","0","1","","0","Y","","2","0","0","0","0","0","0","2","0","2","04","04","","N","","","","","","","","","",""
"2024030610","1257","0","0","0","0","0","0","0","0","0","7","0","","02","4","2024","1","40.328592","-79.944946","1252","11","0","0","0","0","0","0","0","0","","0","0","0","","","0","","2","","40 19:42.931","3","0","79 56:41.806","0","0","0","0","2454","0","0","0","N","0","0","0","1","02454","0","","2.0","1320.0","1","N","N","N","0","","0","0","1","","0","N","","1","0","0","0","0","0","0","2","0","1","03","03","","N","","","","","","","","","",""
"2024029604","0903","2","0","0","0","0","0","0","0","0","1","0","","02","4","2024","3","40.437313","-79.775971","0903","11","0","0","0","0","0","0","0","0","","0","0","0","","","1","N","0","","40 26:14.328","","7","79 46:33.497","8","0","0","0","2446","0","0","0","N","0","0","0","2","02446","0","","1.0","","1","N","N","N","0","","0","0","0","","0","","","2","1","0","0","0","1","0","2","0","2","03","03","","N","","","","","","","","","",""
"2024027809","2025","0","0","0","0","0","0","0","0","0","0","0","","02","3","2024","4","40.520556","-79.972278","2022","11","0","0","0","0","0","1","0","0","","0","0","0","","","1","N","0","","40 31:14.000","5","0","79 58:20.200","8","0","0","1","2118","0","0","0","N","0","0","0","1","02118","0","","1.0","2053.0","1","N","N","N","0","","0","0","0","","0","Y","","1","1","0","0","0","1","0","2","0","1","03","","","N","","","","","","","","","",""
"2024040102","0832","0","0","0","0","0","0","0","0","0","2","0","","02","5","2024","3","40.497483","-79.844044","0824","11","0","0","0","0","0","1","1","0","","1","0","0","","","1","N","0","","40 29:50.937","7","0","79 50:38.558","1","0","0","0","2113","0","0","0","Y","0","0","0","2","02113","0","1","1.0","1300.0","1","N","N","N","0","0","1","0","2","","0","Y","","2","1","1","1","0","0","0","2","0","2","03","03","","N","","","","","","","","","",""
"2024026081","2035","0","0","0","0","0","0","0","0","0","4","0","","02","3","2024","6","40.441659","-80.240299","2035","11","0","0","0","0","0","2","0","0","","0","0","0","","","4","","1","","40 26:29.971","6","0","80 14:25.077","3","0","0","0","2214","0","0","0","N","0","0","0","5","02214","3","","1.0","2126.0","9","N","N","N","0","","1","0","2","","3","Y","","2","4","0","0","0","0","0","2","0","2","07","04","","N","","","","","","","","","",""
"2024036148","1412","1","0","0","0","0","0","0","0","0","7","0","","02","4","2024","5","40.484531","-80.264583","1400","11","0","0","0","0","0","0","0","0","","0","0","0","","","0","N","0","","40 29:04.310","3","0","80 15:52.499","0","0","0","0","2203","0","0","0","Y","0","0","0","1","68B03","0","","3.0","30.0","9","N","N","N","0","","0","0","0","","0","N","","1","0","0","0","0","0","0","2","0","1","07","","","N","","","","","","","","","",""
"2024030113","2138","1","0","0","0","0","0","0","0","0","7","0","","02","4","2024","7","40.381366","-79.877296","2135","11","1","0","0","0","0","0","0","0","","0","0","0","","","1","","2","","40 22:52.916","7","0","79 52:38.265","3","0","0","0","2473","0","0","0","N","0","0","0","4","02473","0","","4.0","2223.0","1","N","N","N","0","","1","0","0","","0","Y","","1","1","2","0","0","0","0","2","0","1","03","03","","N","","","","","","","","","",""
"2024026255","2019","0","0","0","0","0","0","0","0","0","98","0","","02","3","2024","7","40.400256","-80.248018","2013","11","0","0","0","0","0","0","0","0","","0","0","0","","","0","N","0","","40 24:00.923","4","0","80 14:52.864","0","0","0","0","2214","0","0","0","N","0","0","0","2","02214","0","","1.0","2059.0","1","N","N","N","0","","0","0","1","","0","N","","1","0","0","0","0","0","0","1","0","1","04","04","","N","","","","","","","","","",""
"2024033240","1307","0","0","0","0","0","0","0","0","0","1","0","","02","3","2024","1","40.426911","-79.918269","1305","11","0","0","0","0","0","2","0","0","","0","0","0","","","1","N","0","","40 25:36.878","","4","79 55:05.770","4","0","0","0","2301","0","0","0","N","0","0","0","6","68B03","1","","1.0","","1","N","N","N","2","","0","0","1","","0","","","3","1","0","0","0","0","1","2","0","3","03","","","N","","","","","","","","","",""
"2024035554","2101","2","0","0","0","0","0","0","0","0","4","0","","02","3","2024","6","40.428184","-79.89062","2059","11","0","0","0","0","0","0","0","0","","0","0","0","","","0","","6","","40 25:41.461","","2","79 53:26.232","0","0","0","0","2426","0","0","0","N","0","0","0","2","68B03","0","","1.0","","9","N","N","N","0","","0","0","0","","4","","","2","0","0","0","0","0","0","2","0","2","07","","","N","","","","","","","","","",""
"2024035699","0854","2","0","0","0","0","0","0","0","0","4","0","","02","4","2024","4","40.423448","-79.977668","0851","11","0","0","0","0","0","0","0","0","","0","0","0","","","0","","2","","40 25:24.411","","0","79 58:39.605","0","0","0","0","2301","0","0","0","N","0","0","0","2","02301","0","","1.0","","1","N","N","N","0","","0","0","0","","0","","","2","0","0","0","0","0","0","2","0","2","03","","","N","","","","","","","","","",""
"2024029617","0733","1","0","0","0","0","0","0","0","0","7","0","","02","4","2024","6","40.547867","-79.834773","0724","11","0","0","0","0","0","0","0","0","","0","0","0","","","0","N","0","","40 32:52.322","3","0","79 50:05.181","0","0","0","0","2208","0","0","0","N","0","0","0","1","02208","0","","3.0","1315.0","4","N","N","N","0","","0","0","0","","0","Y","","1","0","0","0","0","0","0","2","0","1","07","","","N","","","","","","","","","",""
"2024041067","1548","1","0","0","0","0","0","0","0","0","1","0","","02","5","2024","5","40.421105","-80.045841","1529","11","0","0","0","0","0","0","0","0","","0","0","0","","","1","","6","","40 25:15.978","4","2","80 02:45.027","4","0","0","0","2435","0","0","0","N","0","0","0","2","68B03","1","","1.0","1555.0","9","N","N","N","0","","0","0","1","","3","N","","2","1","0","0","0","0","0","2","0","2","07","","","N","","","","","","","","","",""
"2024032860","0110","1","0","0","0","0","0","0","0","0","4","1","","02","4","2024","7","40.502267","-79.945214","0106","11","0","0","0","0","0","0","0","0","","0","1","0","","","0","","1","","40 30:08.160","1","0","79 56:42.769","0","0","0","0","2430","0","0","0","N","0","0","0","2","02430","0","","1.0","30.0","1","N","N","N","0","","0","0","0","","2","N","","2","0","0","0","0","0","0","2","0","2","03","","","N","","","","","","","","","",""
"2024041063","1451","0","0","0","0","0","0","0","0","0","0","0","","02","5","2024","6","40.428484","-79.936216","1429","11","0","0","0","0","0","0","0","0","","0","0","0","","","0","N","0","","40 25:42.541","3","0","79 56:10.377","0","0","0","0","2301","0","0","0","N","0","0","0","1","68B03","0","","1.0","1503.0","1","N","N","N","1","","0","0","0","","0","N","","1","0","0","0","0","0","0","2","0","1","03","","","N","","","","","","","","","",""
"2024026292","0021","1","0","0","0","0","0","0","0","0","7","0","","02","3","2024","1","40.529556","-80.054389","0014","11","0","0","0","0","0","0","0","0","","0","0","0","","","1","N","0","","40 31:46.400","2","0","80 03:15.800","3","0","0","0","2116","0","0","0","N","0","0","0","1","02116","0","","4.0","700.0","1","N","N","N","0","","1","0","0","","0","Y","","1","1","0","0","0","0","0","2","0","1","03","","","N","","","","","","","","","",""
"2024032630","1233","1","0","0","0","0","0","0","0","0","4","0","","02","4","2024","2","40.52088","-80.014443","1230","11","0","0","0","0","0","0","1","0","","0","0","0","","","0","","2","","40 31:15.168","","0","80 00:51.993","0","0","0","0","2116","0","0","0","N","0","0","0","2","02116","0","","1.0","","1","N","N","N","0","","0","0","0","","3","","","2","0","1","0","0","0","0","2","0","2","","","","N","","","","","","","","","",""
"2024028290","1314","0","0","0","0","0","0","0","0","0","7","0","","02","3","2024","5","40.298861","-79.971861","1308","11","0","0","0","0","0","0","0","1","","0","0","0","","","1","N","0","","40 17:55.900","5","0","79 58:18.700","4","0","0","0","2440","0","0","0","N","0","0","0","1","02440","1","","4.0","1346.0","1","N","N","N","0","","0","0","1","","0","Y","","1","1","0","0","0","0","0","2","0","1","03","03","","N","","","","","","","","","",""