"CRN","ARRIVAL_TM","AUTOMOBILE_COUNT","BELTED_DEATH_COUNT","BELTED_SUSP_SERIOUS_INJ_COUNT","BICYCLE_COUNT","BICYCLE_DEATH_COUNT","BICYCLE_SUSP_SERIOUS_INJ_COUNT","BUS_COUNT","CHLDPAS_DEATH_COUNT","CHLDPAS_SUSP_SERIOUS_INJ_COUNT","COLLISION_TYPE","COMM_VEH_COUNT","CONS_ZONE_SPD_LIM","COUNTY","CRASH_MONTH","CRASH_YEAR","DAY_OF_WEEK","DEC_LATITUDE","DEC_LONGITUDE","DISPATCH_TM","DISTRICT","DRIVER_COUNT_16YR","DRIVER_COUNT_17YR","DRIVER_COUNT_18YR","DRIVER_COUNT_19YR","DRIVER_COUNT_20YR","DRIVER_COUNT_50_64YR","DRIVER_COUNT_65_74YR","DRIVER_COUNT_75PLUS","EST_HRS_CLOSED","FATAL_COUNT","HEAVY_TRUCK_COUNT","HORSE_BUGGY_COUNT","HOUR_OF_DAY","ILLUMINATION","INJURY_COUNT","INTERSECTION_RELATED","INTERSECT_TYPE","LANE_CLOSED","LATITUDE","LN_CLOSE_DIR","LOCATION_TYPE","LONGITUDE","MAX_SEVERITY_LEVEL","MCYCLE_DEATH_COUNT","MCYCLE_SUSP_SERIOUS_INJ_COUNT","MOTORCYCLE_COUNT","MUNICIPALITY","NONMOTR_COUNT","NONMOTR_DEATH_COUNT","NONMOTR_SUSP_SERIOUS_INJ_COUNT","NTFY_HIWY_MAINT","PED_COUNT","PED_DEATH_COUNT","PED_SUSP_SERIOUS_INJ_COUNT","PERSON_COUNT","POLICE_AGCY","POSSIBLE_INJ_COUNT","RDWY_SURF_TYPE_CD","RELATION_TO_ROAD","ROADWAY_CLEARED","ROAD_CONDITION","SCH_BUS_IND","SCH_ZONE_IND","SECONDARY_CRASH","SMALL_TRUCK_COUNT","SPEC_JURIS_CD","SUSP_MINOR_INJ_COUNT","SUSP_SERIOUS_INJ_COUNT","SUV_COUNT","TCD_FUNC_CD","TCD_TYPE","TFC_DETOUR_IND","TIME_OF_DAY","TOTAL_UNITS","TOT_INJ_COUNT","UNBELTED_OCC_COUNT","UNB_DEATH_COUNT","UNB_SUSP_SERIOUS_INJ_COUNT","UNK_INJ_DEG_COUNT","UNK_INJ_PER_COUNT","URBAN_RURAL","VAN_COUNT","VEHICLE_COUNT","WEATHER1","WEATHER2","WORKERS_PRES","WORK_ZONE_IND","WORK_ZONE_LOC","WORK_ZONE_TYPE","WZ_CLOSE_DETOUR","WZ_FLAGGER","WZ_LAW_OFFCR_IND","WZ_LN_CLOSURE","WZ_MOVING","WZ_OTHER","WZ_SHLDER_MDN","WZ_WORKERS_INJ_KILLED"
"2024040257","1046","0","0","0","0","0","0","0","0","0","4","2","","02","4","2024","5","40.568041","-80.213287","1044","11","0","0","0","0","0","1","0","0","","0","2","0","","","0","","2","","40 34:04.949","1","2","80 12:47.833","0","0","0","0","2441","0","0","0","N","0","0","0","2","02441","0","","1.0","1141.0","1","N","N","N","0","","0","0","0","","2","Y","","2","0","0","0","0","0","0","2","0","2","03","03","","N","","","","","","","","","",""
"2024040118","1657","0","0","0","0","0","0","0","0","0","4","0","","02","4","2024","5","40.355599","-80.131584","1652","11","0","0","0","0","0","0","1","0","","0","0","0","","","0","","2","","40 21:20.157","","0","80 07:53.702","0","0","0","0","2119","0","0","0","N","0","0","0","2","02119","0","","1.0","","9","N","N","N","0","","0","0","2","","3","","","2","0","0","0","0","0","0","2","0","2","03","03","","N","","","","","","","","","",""
"2024025627","1037","0","0","0","0","0","0","0","0","0","7","0","99","02","3","2024","5","40.425139","-79.888556","1030","11","0","0","0","0","0","0","0","0","","0","0","0","","","2","N","0","","40 25:30.500","2","0","79 53:18.800","8","0","0","0","2463","0","0","0","N","0","0","0","2","02463","0","","1.0","1700.0","1","N","","N","0","","0","0","1","","0","N","","1","2","0","0","0","2","0","2","0","1","03","03","N","Y","4","1","","","N","","","","","N"
"2024038553","1253","0","0","0","0","0","0","0","0","0","4","1","","02","5","2024","5","40.549437","-79.839986","1239","11","0","0","0","0","0","0","1","0","","0","1","0","","","0","","1","","40 32:57.973","","0","79 50:23.951","0","0","0","0","2208","0","0","0","N","0","0","0","3","02208","0","","1.0","","1","N","N","N","0","","0","0","1","","2","","","2","0","0","0","0","0","0","2","0","2","03","","","N","","","","","","","","","",""
"2024030690","1634","0","0","0","0","0","0","0","0","0","4","0","","02","3","2024","5","40.655323","-80.088132","1628","11","0","0","0","0","0","0","1","0","","0","0","0","","","3","N","0","","40 39:19.162","3","7","80 05:17.275","3","0","0","0","2212","0","0","0","N","0","0","0","3","02505","0","","1.0","1659.0","1","N","N","N","0","","3","0","2","","0","N","","2","3","0","0","0","0","0","2","0","2","03","","","N","","","","","","","","","",""
"2024027590","1734","1","0","0","0","0","0","0","0","0","4","0","","02","3","2024","5","40.330537","-79.987284","1732","11","0","0","0","0","0","1","1","1","","0","0","0","","","0","Y","0","","40 19:49.934","","0","79 59:14.221","0","0","0","0","2219","0","0","0","N","0","0","0","4","02219","0","","1.0","","1","N","N","N","0","","0","0","1","","0","","","3","0","0","0","0","0","0","2","1","3","03","","","N","","","","","","","","","",""
"2024036030","1700","0","0","0","0","0","0","0","0","0","4","0","","02","4","2024","3","40.392656","-80.0515","1655","11","0","0","0","0","0","0","1","0","","0","0","0","","","1","N","0","","40 23:33.560","5","7","80 03:05.400","8","0","0","0","2109","0","0","0","N","0","0","0","1","02109","0","","6.0","1750.0","1","N","N","N","0","","0","0","1","","0","Y","","2","1","0","0","0","1","0","2","1","2","03","03","","N","","","","","","","","","",""
"2024033294","0557","2","0","0","0","0","0","0","0","0","1","0","","02","4","2024","2","40.473423","-79.972396","0555","11","0","0","0","0","0","0","0","0","","0","0","0","","","0","","6","","40 28:24.321","2","2","79 58:20.624","0","0","0","0","2445","0","0","0","N","0","0","0","2","02445","0","","1.0","635.0","1","N","N","N","0","","0","0","0","","4","N","","2","0","0","0","0","0","0","2","0","2","03","03","","N","","","","","","","","","",""
"2024036028","1424","1","0","0","0","0","0","0","0","0","1","0","","02","4","2024","3","40.392306","-80.046961","1424","11","0","0","0","0","0","0","0","0","","0","0","0","","","2","","1","","40 23:32.303","3","0","80 02:49.061","3","0","0","0","2109","0","0","0","N","0","0","0","3","02109","0","","1.0","1440.0","1","N","N","N","0","","2","0","2","","0","Y","","3","2","0","0","0","0","0","2","0","3","03","","","N","","","","","","","","","",""
"2024091099","0117","1","0","0","0","0","0","0","0","0","7","0","","02","10","2024","7","40.651168","-79.723903","0103","11","0","0","0","0","0","0","0","0","","0","0","0","","","0","N","0","","40 39:04.203","","0","79 43:26.052","0","0","0","0","2106","0","0","0","Y","0","0","0","1","68D02","0","","2.0","","1","N","N","N","0","","0","0","0","","0","","","1","0","0","0","0","0","0","2","0","1","03","","","N","","","","","","","","","",""
"2024035339","1812","1","0","0","0","0","0","0","0","0","5","0","","02","3","2024","4","40.44122","-79.829111","1728","11","0","1","0","0","0","1","0","0","","0","0","0","","","1","N","0","","40 26:28.391","","0","79 49:44.801","4","0","0","0","2419","0","0","0","N","0","0","0","2","68B03","1","","1.0","","1","N","N","N","0","","0","0","1","","0","","","2","1","0","0","0","0","0","2","0","2","03","","","N","","","","","","","","","",""
"2024040938","2051","1","0","0","0","0","0","0","0","0","7","0","","02","5","2024","1","40.520613","-79.852862","2046","11","0","1","0","0","0","0","0","0","","0","0","0","","","0","N","0","","40 31:14.205","1","0","79 51:10.302","0","0","0","0","2112","0","0","0","N","0","0","0","1","68D02","0","","2.0","2126.0","9","N","N","N","0","","0","0","0","","0","N","","1","0","0","0","0","0","0","2","0","1","07","","","N","","","","","","","","","",""
"2024026377","2137","1","0","0","0","0","0","0","0","0","7","0","","02","3","2024","7","40.464411","-79.782726","2133","11","0","0","0","0","0","0","0","0","","0","0","0","","","0","N","0","","40 27:51.880","","0","79 46:57.815","0","0","0","0","2113","0","0","0","Y","0","0","0","2","02113","0","","4.0","","1","N","N","N","0","","0","0","0","","0","","","1","0","2","0","0","0","0","2","0","1","03","03","","N","","","","","","","","","",""
"2024037735","1525","0","0","0","0","0","0","0","0","0","1","0","","02","4","2024","6","40.425969","-79.913114","1447","11","0","0","0","0","0","0","0","0","","0","0","0","","","1","N","0","","40 25:33.490","","4","79 54:47.209","3","0","0","0","2301","0","0","0","N","0","0","0","2","68B03","0","","1.0","","1","N","N","N","1","","1","0","1","","0","","","2","1","0","0","0","0","0","2","0","2","03","","","N","","","","","","","","","",""
"2024040719","2320","1","0","0","0","0","0","0","0","0","7","0","","02","3","2024","3","40.426136","-80.106047","2305","11","0","0","0","0","0","0","0","0","","0","0","0","","","0","N","0","","40 25:34.089","1","0","80 06:21.769","0","0","0","0","2115","0","0","0","Y","0","0","0","1","68B03","0","","2.0","5.0","9","N","N","N","0","","0","0","0","","0","N","","1","0","0","0","0","0","0","2","0","1","07","","","N","","","","","","","","","",""
"2024040722","1559","1","0","0","0","0","0","0","0","0","7","0","","02","3","2024","7","40.449529","-80.00307","1559","11","0","0","0","0","0","0","0","0","","0","0","0","","","1","N","0","","40 26:58.304","","0","80 00:11.053","3","0","0","0","2301","0","0","0","N","0","0","0","1","68B03","0","","2.0","","1","N","N","Y","0","","1","0","0","","0","","","1","1","0","0","0","0","0","2","0","1","03","03","","N","","","","","","","","","",""
"2024025981","1702","0","0","0","0","0","0","0","0","0","4","0","","02","3","2024","6","40.44055","-80.238486","1656","11","0","0","0","1","0","0","0","1","","0","0","0","","","4","","1","","40 26:25.980","","0","80 14:18.550","3","0","0","0","2214","0","0","0","N","0","0","0","4","02214","0","","1.0","","9","N","N","N","0","","4","0","1","","3","","","2","4","0","0","0","0","0","2","1","2","07","04","","N","","","","","","","","","",""
"2024033134","0931","1","0","0","0","0","0","0","0","0","7","0","","02","4","2024","2","40.593612","-80.062694","0922","11","0","0","0","0","0","1","0","0","","0","0","0","","","0","N","0","","40 35:37.003","6","0","80 03:45.699","0","0","0","0","2108","0","0","0","Y","0","0","0","1","02108","0","","4.0","1113.0","1","N","N","N","0","","0","0","0","","0","Y","","1","0","0","0","0","0","0","2","0","1","03","","","N","","","","","","","","","",""
"2024028831","1836","0","0","0","0","0","0","0","0","0","7","0","","02","4","2024","3","40.446485","-79.848378","1834","11","0","0","0","0","0","0","0","0","","0","0","0","","","1","","2","","40 26:47.346","","0","79 50:54.159","4","0","0","0","2419","0","0","0","N","0","0","0","1","02419","1","","4.0","","9","N","N","N","1","","0","0","0","","0","","","1","1","0","0","0","0","0","2","0","1","07","","","N","","","","","","","","","",""
"2024028170","1757","0","0","0","0","0","0","0","0","0","8","0","","02","3","2024","1","40.349369","-79.837268","1754","11","0","0","0","0","0","0","0","0","","0","0","0","","","1","N","0","","40 20:57.727","","0","79 50:14.164","8","0","0","0","2304","1","0","0","N","1","0","0","2","02304","0","","1.0","","1","N","N","N","0","","0","0","1","","0","","","2","1","0","0","0","1","0","2","0","1","03","","","N","","","","","","","","","",""
"2024027944","0813","2","0","0","0","0","0","0","0","0","2","0","","02","3","2024","6","40.541336","-79.809506","0811","11","0","0","0","0","0","0","0","0","","0","0","0","","","0","N","0","","40 32:28.808","","0","79 48:34.222","0","0","0","0","2208","0","0","0","N","0","0","0","1","02208","0","","6.0","","1","N","N","N","0","","0","0","0","","0","","","2","0","0","0","0","0","0","2","0","2","04","","","N","","","","","","","","","",""
"2024033234","1642","2","0","0","0","0","0","0","0","0","1","0","","02","3","2024","5","40.431513","-80.024947","1625","11","0","0","0","1","0","1","0","0","","0","0","0","","","0","N","0","","40 25:53.446","","0","80 01:29.809","9","0","0","0","2301","0","0","0","N","0","0","0","3","68B03","0","","1.0","","1","N","N","N","1","","0","0","0","","0","","","3","0","0","0","0","0","1","2","0","3","03","","","N","","","","","","","","","",""
"2024034384","1850","0","0","0","0","0","0","0","0","0","4","0","","02","4","2024","5","40.494689","-80.065116","1845","11","0","0","0","0","0","0","1","0","","0","0","0","","","0","N","0","","40 29:40.881","","7","80 03:54.417","0","0","0","0","2402","0","0","0","N","0","0","0","2","02402","0","","1.0","","1","N","N","N","0","","0","0","2","","0","","","2","0","0","0","0","0","0","2","0","2","03","","","N","","","","","","","","","",""
"2024041929","1200","1","0","0","0","0","0","0","0","0","4","0","","02","5","2024","4","40.428994","-79.888376","1200","11","0","0","0","0","0","0","0","0","","0","0","0","","","0","N","0","","40 25:44.377","","0","79 53:18.155","0","0","0","0","2426","0","0","0","N","0","0","0","2","68B03","0","","1.0","","1","N","N","N","0","","0","0","1","","0","","","2","0","0","0","0","0","0","2","0","2","03","","","N","","","","","","","","","",""
"2024082235","1749","2","0","0","0","0","0","0","0","0","1","0","","02","4","2024","2","40.488917","-80.042472","1729","11","0","0","0","0","0","0","0","0","","0","0","0","","","1","N","0","","40 29:20.100","","0","80 02:32.900","3","0","0","0","2301","0","0","0","N","0","0","0","1","02301","0","","6.0","","1","N","N","N","1","","1","0","0","","0","","","3","1","0","0","0","0","0","2","0","3","03","","","N","","","","","","","","","",""
"2024035730","1643","0","0","1","0","0","0","0","0","0","2","0","","02","4","2024","3","40.534479","-79.843814","1640","11","0","0","0","0","0","1","0","0","","0","0","0","","","1","N","0","","40 32:04.125","2","0","79 50:37.730","2","0","0","0","2208","0","0","0","N","0","0","0","3","02208","0","","1.0","1721.0","1","N","N","N","1","","0","1","1","","0","N","","3","1","0","0","0","0","0","2","1","3","04","03","","N","","","","","","","","","",""
"2024040057","0613","1","0","0","0","0","0","0","0","0","7","0","","02","5","2024","7","40.526036","-80.130694","0559","11","0","0","0","0","1","0","0","0","","0","0","0","","","0","N","0","","40 31:33.728","1","0","80 07:50.498","0","0","0","0","2125","0","0","0","N","0","0","0","1","68B03","0","","4.0","45.0","9","N","N","N","0","","0","0","0","","0","N","","1","0","0","0","0","0","0","2","0","1","07","","","N","","","","","","","","","",""
"2024026489","0251","1","0","0","0","0","0","0","0","0","7","0","","02","3","2024","2","40.461442","-79.812808","0247","11","0","0","0","0","0","0","0","0","","0","0","0","","","0","","2","","40 27:41.190","4","0","79 48:46.110","0","0","0","0","2113","0","0","0","N","0","0","0","1","02113","0","","4.0","330.0","1","N","N","N","0","","0","0","0","","3","N","","1","0","0","0","0","0","0","2","0","1","03","","","N","","","","","","","","","",""
"2024025281","0806","1","0","0","0","0","0","0","0","0","1","0","","02","3","2024","4","40.553327","-80.109608","0804","11","0","1","0","0","0","0","0","0","","0","0","0","","","1","Y","0","","40 33:11.977","","0","80 06:34.589","8","0","0","0","2215","0","0","0","N","0","0","0","2","02215","0","","1.0","","1","N","N","N","0","","0","0","1","","2","N","","2","1","0","0","0","1","0","2","0","2","03","03","","N","","","","","","","","","",""
"2024036134","1608","2","0","0","0","0","0","0","0","0","1","0","","02","4","2024","4","40.428255","-79.947858","1546","11","0","0","0","0","0","0","0","0","","0","0","0","","","2","N","0","","40 25:41.718","","3","79 56:52.289","3","0","0","0","2301","0","0","0","N","0","0","0","3","68B03","0","","1.0","","1","N","N","N","0","","2","0","1","","0","","","3","2","0","0","0","0","0","2","0","3","03","","","N","","","","","","","","","",""
"2024040042","1255","1","0","0","0","0","0","0","0","0","1","0","","02","4","2024","7","40.439244","-80.010581","1239","11","0","0","0","0","0","0","0","0","","0","0","0","","","0","N","0","","40 26:21.277","","3","80 00:38.092","0","0","0","0","2301","0","0","0","N","0","0","0","2","68B03","0","","1.0","","1","N","N","N","1","","0","0","0","","0","","","2","0","0","0","0","0","0","2","0","2","03","03","","N","","","","","","","","","",""
"2024032441","0456","1","0","0","0","0","0","0","0","0","7","0","","02","4","2024","6","40.439614","-80.09","0449","11","0","0","0","0","0","0","0","0","","0","0","0","","","0","N","0","","40 26:22.611","","0","80 05:24.000","0","0","0","0","2115","0","0","0","N","0","0","0","1","02115","0","","4.0","","9","N","N","N","0","","0","0","0","","0","","","1","0","0","0","0","0","0","2","0","1","07","07","","N","","","","","","","","","",""
"2024034386","1955","1","0","0","0","0","0","0","0","0","4","0","","02","4","2024","5","40.456479","-79.823095","1948","11","0","0","0","0","0","0","0","1","","0","0","0","","","0","N","2","","40 27:23.326","","0","79 49:23.142","9","0","0","0","2113","0","0","0","N","0","0","0","2","02113","0","","1.0","","1","N","N","N","0","","0","0","1","","0","","","2","0","0","0","0","0","1","2","0","2","03","03","","N","","","","","","","","","",""
"2024038692","1902","0","0","0","1","0","0","0","0","0","8","0","","02","5","2024","5","40.653611","-79.934338","1853","11","0","0","0","0","0","0","0","0","","0","0","0","","","1","N","0","","40 39:12.999","1","7","79 56:03.617","8","0","0","0","2217","1","0","0","N","0","0","0","2","02505","0","","1.0","1924.0","1","N","N","N","1","","0","0","0","","3","N","","2","1","0","0","0","1","0","2","0","1","03","","","N","","","","","","","","","",""
"2024034309","2151","2","0","0","0","0","0","0","0","0","4","0","","02","4","2024","5","40.449185","-79.762249","2148","11","0","0","0","0","0","0","0","0","","0","0","0","","","0","","1","","40 26:57.065","6","0","79 45:44.095","0","0","0","0","2446","0","0","0","N","0","0","0","2","02446","0","","1.0","2230.0","9","N","N","N","0","","0","0","0","","3","Y","","2","0","0","0","0","0","0","2","0","2","07","","","N","","","","","","","","","",""
"2024041288","1341","1","0","0","0","0","0","0","0","0","1","0","","02","3","2024","7","40.501592","-80.075541","1337","11","0","0","0","0","0","0","0","0","","0","0","0","","","0","N","0","","40 30:05.730","","0","80 04:31.948","0","0","0","0","2405","0","0","0","N","0","0","0","2","02215","0","","1.0","","9","N","N","N","0","","0","0","1","","2","","","2","0","0","0","0","0","0","2","0","2","07","07","","N","","","","","","","","","",""
"2024030530","0850","0","0","0","0","0","0","0","0","0","1","0","","02","3","2024","3","40.438356","-79.863016","0819","11","0","0","0","0","0","1","0","0","","0","0","0","","","1","N","0","","40 26:18.083","4","2","79 51:46.856","3","0","0","0","2419","0","0","0","N","0","0","0","3","68B03","0","","1.0","30.0","1","N","N","N","1","","1","0","2","","0","N","","3","1","0","0","0","0","0","2","0","3","03","03","","N","","","","","","","","","",""
"2024028904","0050","0","0","0","0","0","0","0","0","0","7","0","","02","4","2024","4","40.359111","-79.847834","0045","11","0","0","0","0","0","0","0","0","","0","0","0","","","0","","3","","40 21:32.800","","2","79 50:52.204","0","0","0","0","2303","0","0","0","Y","0","0","0","1","02303","0","","3.0","","9","N","N","N","0","","0","0","1","","0","","","1","0","1","0","0","0","0","2","0","1","07","","","N","","","","","","","","","",""
"2024025848","1328","1","0","0","0","0","0","0","0","0","4","0","","02","3","2024","5","40.315395","-80.006198","1328","11","0","0","0","0","0","1","0","0","","0","0","0","","","0","","1","","40 18:55.422","","0","80 00:22.311","0","0","0","0","2219","0","0","0","N","0","0","0","2","02501","0","","1.0","","1","N","N","N","0","","0","0","1","","2","","","2","0","0","0","0","0","0","2","0","2","03","","","N","","","","","","","","","",""
"2024029379","1515","0","0","0","0","0","0","0","0","0","8","0","","02","4","2024","5","40.540618","-80.179956","1511","11","0","0","1","0","0","0","0","0","","0","0","0","","","1","N","0","","40 32:26.223","6","0","80 10:47.841","3","0","0","0","2458","1","0","0","N","1","0","0","2","02458","0","","1.0","1525.0","9","N","N","N","0","","1","0","1","","0","Y","","2","1","0","0","0","0","0","2","0","1","07","07","","N","","","","","","","","","",""
"2024034168","2056","0","0","0","0","0","0","0","0","0","4","0","","02","4","2024","6","40.344849","-79.938842","2051","11","0","0","0","0","0","1","0","0","","0","0","0","","","1","","2","","40 20:41.458","","7","79 56:19.831","3","0","0","0","2473","0","0","0","N","0","0","0","3","02473","0","","1.0","","9","N","N","N","0","","1","0","2","","2","","","2","1","0","0","0","0","0","2","0","2","07","","","N","","","","","","","","","",""
"2024029285","2037","1","0","0","0","0","0","0","0","0","4","0","","02","3","2024","5","40.351889","-79.853417","2037","11","0","0","0","0","0","0","0","0","","0","0","0","","","0","N","0","","40 21:06.800","","7","79 51:12.300","0","0","0","0","2304","0","0","0","N","0","0","0","2","02304","0","","1.0","","9","N","N","N","0","","0","0","1","","0","","","2","0","0","0","0","0","0","2","0","2","07","07","","N","","","","","","","","","",""
"2024032619","1015","1","0","0","0","0","0","0","0","0","4","0","","02","4","2024","6","40.427914","-79.721723","1010","11","0","0","0","0","0","1","0","0","","0","0","0","","","1","","2","","40 25:40.492","4","0","79 43:18.201","4","0","0","0","2446","0","0","0","N","0","0","0","2","02446","1","","1.0","1043.0","9","N","N","N","0","","0","0","1","","0","N","","2","1","0","0","0","0","0","2","0","2","04","","","N","","","","","","","","","",""
"2024031028","1758","0","0","0","0","0","0","0","0","0","7","0","","02","4","2024","3","40.421505","-79.80239","1756","11","0","0","0","0","0","1","0","0","","0","0","0","","","0","N","0","","40 25:17.418","6","0","79 48:08.603","0","0","0","0","2446","0","0","0","N","0","0","0","1","02446","0","","4.0","2217.0","1","N","N","N","0","","0","0","1","","0","Y","","1","0","0","0","0","0","0","2","0","1","04","","","N","","","","","","","","","",""
"2024040096","2004","1","0","0","0","0","0","0","0","0","8","0","","02","1","2024","4","40.451428","-79.982012","2000","11","0","0","0","0","0","0","0","0","","1","0","0","","","0","N","0","","40 27:05.139","6","0","79 58:55.242","1","0","0","0","2301","1","1","0","N","1","1","0","2","02301","0","2","1.0","2130.0","9","N","N","N","0","0","0","0","0","","0","N","","2","0","0","0","0","0","0","2","0","1","07","","","N","","","","","","","","","",""
"2024028913","0638","0","0","0","0","0","0","0","0","0","7","0","","02","4","2024","3","40.338222","-80.051333","0633","11","0","0","0","0","0","0","1","0","","0","0","0","","","0","N","0","","40 20:17.600","2","7","80 03:04.800","9","0","0","0","2407","0","0","0","N","0","0","0","1","02407","0","","3.0","715.0","9","N","N","N","0","","0","0","1","","0","Y","","1","0","0","0","0","0","1","2","0","1","07","","","N","","","","","","","","","",""
"2024034965","1614","0","0","1","0","0","0","0","0","0","1","0","","02","4","2024","7","40.491712","-79.86538","1614","11","0","0","0","0","0","0","0","1","","0","0","0","","","1","Y","0","","40 29:30.163","5","0","79 51:55.368","2","0","0","0","2408","0","0","0","N","0","0","0","2","02408","0","","1.0","1725.0","1","N","N","Y","0","","0","1","2","","2","Y","","2","1","0","0","0","0","0","2","0","2","03","03","","N","","","","","","","","","",""
"2024026993","1739","1","0","0","0","0","0","0","0","0","1","0","","02","3","2024","2","40.489317","-79.953346","1739","11","0","0","0","0","0","0","0","0","","0","0","0","","","0","N","0","","40 29:21.542","1","0","79 57:12.047","0","0","0","0","2118","0","0","0","N","0","0","0","3","02118","0","","1.0","1845.0","1","N","N","N","0","","0","0","2","","0","Y","","3","0","0","0","0","0","0","2","0","3","03","","","N","","","","","","","","","",""
"2024032382","1718","1","0","0","0","0","0","0","0","0","1","0","","02","4","2024","3","40.347372","-79.816797","1715","11","0","0","0","0","0","1","0","0","","0","0","0","","","1","Y","0","","40 20:50.539","","0","79 49:00.469","8","0","0","0","2477","0","0","0","N","0","0","0","2","02477","0","","1.0","","1","N","","N","1","","0","0","0","","0","","","2","1","0","0","0","1","0","2","0","2","03","","","N","","","","","","","","","",""
"2024030007","0743","2","0","0","0","0","0","0","0","0","1","0","","02","4","2024","7","40.44575","-79.773333","0737","11","0","0","0","0","0","1","0","0","","0","0","0","","","0","N","0","","40 26:44.700","","0","79 46:24.000","0","0","0","0","2446","0","0","0","N","0","0","0","1","02446","0","","4.0","","1","N","N","N","0","","0","0","0","","0","","","2","0","0","0","0","0","0","2","0","2","03","","","N","","","","","","","","","",""
"2024039557","1337","2","0","0","0","0","0","0","0","0","2","0","","02","4","2024","2","40.367693","-79.929718","1334","11","0","0","0","0","0","1","1","0","","0","0","0","","","0","N","1","","40 22:03.694","","0","79 55:46.986","0","0","0","0","2473","0","0","0","N","0","0","0","3","02473","0","","1.0","","1","N","N","N","0","","0","0","0","","2","","","2","0","0","0","0","0","0","2","0","2","03","03","","N","","","","","","","","","",""
"2024030876","0043","0","0","0","0","0","0","0","0","0","7","0","","02","4","2024","4","40.658271","-79.883711","0035","11","0","0","0","0","0","1","0","0","","0","0","0","","","0","","3","","40 39:29.775","1","0","79 53:01.361","0","0","0","0","2220","0","0","0","N","0","0","0","2","02220","0","","4.0","100.0","9","N","N","N","0","","0","0","1","","0","N","","1","0","0","0","0","0","0","1","0","1","07","07","","N","","","","","","","","","",""
"2024031320","1557","1","0","0","0","0","0","0","0","0","4","0","","02","4","2024","5","40.387836","-80.036711","1550","11","0","1","0","0","0","0","0","0","","0","0","0","","","0","","1","","40 23:16.209","","0","80 02:12.160","0","0","0","0","2422","0","0","0","N","0","0","0","3","02422","0","","1.0","","9","","","N","1","","0","0","0","","3","","","2","0","0","0","0","0","0","2","0","2","07","","","N","","","","","","","","","",""
"2024029811","2342","0","0","0","0","0","0","0","0","0","7","0","","02","4","2024","6","40.608026","-79.94723","2337","11","0","0","0","0","0","0","1","0","","0","0","0","","","1","N","0","","40 36:28.894","1","0","79 56:50.027","8","0","0","0","2207","0","0","0","N","0","0","0","1","02207","0","","5.0","113.0","9","N","N","N","0","","0","0","1","","0","N","","1","1","0","0","0","1","0","2","0","1","03","","","N","","","","","","","","","",""
"2024037057","0154","0","0","0","0","0","0","0","0","0","7","0","","02","4","2024","7","40.335247","-80.002332","0150","11","0","0","0","0","0","0","0","0","","0","0","0","","","0","N","0","","40 20:06.888","3","0","80 00:08.396","0","0","0","0","2407","0","0","0","N","0","0","0","1","02407","0","","4.0","235.0","1","N","N","N","0","","0","0","1","","0","N","","1","0","0","0","0","0","0","2","0","1","03","","","N","","","","","","","","","",""
"2024040320","1700","1","0","0","0","0","0","0","0","0","1","0","","02","4","2024","5","40.429681","-79.885525","1635","11","0","0","0","0","0","0","1","0","","0","0","0","","","0","N","0","","40 25:46.853","","0","79 53:07.890","0","0","0","0","2426","0","0","0","N","0","0","0","3","68B03","0","","1.0","","1","N","N","N","0","","0","0","1","","0","","","2","0","0","0","0","0","0","2","0","2","03","","","N","","","","","","","","","",""
"2024039131","0108","1","0","0","0","0","0","0","0","0","7","0","","02","4","2024","7","40.533742","-79.845269","0106","11","0","0","0","0","0","0","0","0","","0","0","0","","","0","N","0","","40 32:01.470","","0","79 50:42.967","0","0","0","0","2208","0","0","0","N","0","0","0","1","02208","0","","5.0","","1","N","N","N","0","","0","0","0","","0","","","1","0","0","0","0","0","0","2","0","1","04","","","N","","","","","","","","","",""
"2024042781","1545","0","0","0","0","0","0","0","0","0","4","1","","02","5","2024","5","40.42793","-79.721709","1539","11","0","0","0","0","0","0","1","0","","0","1","0","","","0","","2","","40 25:40.549","6","0","79 43:18.153","9","0","0","0","2446","0","0","0","N","0","0","0","2","02446","0","","1.0","1600.0","1","N","N","N","0","","0","0","1","","0","Y","","2","0","1","0","0","0","1","2","0","2","03","03","","N","","","","","","","","","",""
"2024029024","0823","0","0","0","0","0","0","0","0","0","7","0","","02","4","2024","3","40.40975","-80.018528","0823","11","0","0","0","0","0","0","0","0","","0","0","0","","","0","N","0","","40 24:35.100","","0","80 01:06.700","0","0","0","0","2301","0","0","0","N","0","0","0","1","02503","0","","4.0","","9","N","N","N","0","","0","0","0","","0","","","1","0","0","0","0","0","0","2","1","1","07","","","N","","","","","","","","","",""
"2024028089","1645","1","0","0","0","0","0","0","0","0","4","0","","02","3","2024","7","40.633614","-80.055804","1640","11","0","0","1","0","0","0","0","0","","0","0","0","","","0","","2","","40 38:01.011","4","0","80 03:20.896","0","0","0","0","2216","0","0","0","N","0","0","0","2","02505","0","","1.0","1707.0","9","","","N","1","","0","0","0","","3","Y","","2","0","0","0","0","0","0","2","0","2","04","04","","N","","","","","","","","","",""