"CRN","ARRIVAL_TM","AUTOMOBILE_COUNT","BELTED_DEATH_COUNT","BELTED_SUSP_SERIOUS_INJ_COUNT","BICYCLE_COUNT","BICYCLE_DEATH_COUNT","BICYCLE_SUSP_SERIOUS_INJ_COUNT","BUS_COUNT","CHLDPAS_DEATH_COUNT","CHLDPAS_SUSP_SERIOUS_INJ_COUNT","COLLISION_TYPE","COMM_VEH_COUNT","CONS_ZONE_SPD_LIM","COUNTY","CRASH_MONTH","CRASH_YEAR","DAY_OF_WEEK","DEC_LATITUDE","DEC_LONGITUDE","DISPATCH_TM","DISTRICT","DRIVER_COUNT_16YR","DRIVER_COUNT_17YR","DRIVER_COUNT_18YR","DRIVER_COUNT_19YR","DRIVER_COUNT_20YR","DRIVER_COUNT_50_64YR","DRIVER_COUNT_65_74YR","DRIVER_COUNT_75PLUS","EST_HRS_CLOSED","FATAL_COUNT","HEAVY_TRUCK_COUNT","HORSE_BUGGY_COUNT","HOUR_OF_DAY","ILLUMINATION","INJURY_COUNT","INTERSECTION_RELATED","INTERSECT_TYPE","LANE_CLOSED","LATITUDE","LN_CLOSE_DIR","LOCATION_TYPE","LONGITUDE","MAX_SEVERITY_LEVEL","MCYCLE_DEATH_COUNT","MCYCLE_SUSP_SERIOUS_INJ_COUNT","MOTORCYCLE_COUNT","MUNICIPALITY","NONMOTR_COUNT","NONMOTR_DEATH_COUNT","NONMOTR_SUSP_SERIOUS_INJ_COUNT","NTFY_HIWY_MAINT","PED_COUNT","PED_DEATH_COUNT","PED_SUSP_SERIOUS_INJ_COUNT","PERSON_COUNT","POLICE_AGCY","POSSIBLE_INJ_COUNT","RDWY_SURF_TYPE_CD","RELATION_TO_ROAD","ROADWAY_CLEARED","ROAD_CONDITION","SCH_BUS_IND","SCH_ZONE_IND","SECONDARY_CRASH","SMALL_TRUCK_COUNT","SPEC_JURIS_CD","SUSP_MINOR_INJ_COUNT","SUSP_SERIOUS_INJ_COUNT","SUV_COUNT","TCD_FUNC_CD","TCD_TYPE","TFC_DETOUR_IND","TIME_OF_DAY","TOTAL_UNITS","TOT_INJ_COUNT","UNBELTED_OCC_COUNT","UNB_DEATH_COUNT","UNB_SUSP_SERIOUS_INJ_COUNT","UNK_INJ_DEG_COUNT","UNK_INJ_PER_COUNT","URBAN_RURAL","VAN_COUNT","VEHICLE_COUNT","WEATHER1","WEATHER2","WORKERS_PRES","WORK_ZONE_IND","WORK_ZONE_LOC","WORK_ZONE_TYPE","WZ_CLOSE_DETOUR","WZ_FLAGGER","WZ_LAW_OFFCR_IND","WZ_LN_CLOSURE","WZ_MOVING","WZ_OTHER","WZ_SHLDER_MDN","WZ_WORKERS_INJ_KILLED"
"2024043681","1153","0","0","0","0","0","0","0","0","0","1","0","","02","5","2024","5","40.427367","-79.921333","1116","11","0","0","0","0","0","1","0","0","","0","0","0","","","1","N","0","","40 25:38.521","","4","79 55:16.798","3","0","0","0","2301","0","0","0","N","0","0","0","3","68B03","0","","1.0","","1","N","N","N","1","","1","0","1","","0","","","3","1","0","0","0","0","0","2","1","3","04","07","","N","","","","","","","","","",""
"2024034670","1159","1","0","0","0","0","0","0","0","0","1","0","","02","4","2024","4","40.408861","-79.905979","1155","11","0","0","1","0","0","0","0","0","","0","0","0","","","1","N","0","","40 24:31.899","4","0","79 54:21.526","8","0","0","0","2438","0","0","0","N","0","0","0","2","02438","0","","1.0","1224.0","1","N","N","N","1","","0","0","0","","0","N","","2","1","0","0","0","1","1","2","0","2","03","03","","N","","","","","","","","","",""
"2024042799","0740","1","0","0","0","0","0","0","0","0","4","1","","02","5","2024","4","40.399969","-79.834788","0730","11","0","0","0","0","0","0","1","0","","0","1","0","","","2","","1","","40 23:59.887","1","0","79 50:05.238","3","0","0","0","2449","0","0","0","N","0","0","0","4","02515","0","","1.0","750.0","1","N","N","N","0","","2","0","0","","2","N","","2","2","0","0","0","0","1","2","0","2","03","03","","N","","","","","","","","","",""
"2024041827","1816","0","0","0","0","0","0","0","0","0","4","0","","02","5","2024","1","40.436691","-79.836671","1812","11","0","0","0","0","0","2","0","0","","0","0","0","","","0","N","1","","40 26:12.087","","0","79 50:12.015","0","0","0","0","2419","0","0","0","N","0","0","0","3","02419","0","","1.0","","1","N","N","N","0","","0","0","1","","3","","","2","0","0","0","0","0","0","2","1","2","03","03","","N","","","","","","","","","",""
"2024041662","0644","1","0","0","0","0","0","0","0","0","2","0","","02","5","2024","6","40.432409","-79.871056","0622","11","0","0","0","0","0","0","0","0","","0","0","0","","","1","N","0","","40 25:56.672","","2","79 52:15.801","3","0","0","0","2411","0","0","0","N","0","0","0","2","68B03","0","","1.0","","9","N","N","N","1","","1","0","0","","4","","","2","1","1","0","0","0","0","2","0","2","07","","","N","","","","","","","","","",""
"2024035695","1133","1","0","0","0","0","0","0","0","0","4","0","","02","4","2024","6","40.451611","-79.886083","1123","11","0","0","0","0","0","0","0","0","","0","0","0","","","0","N","0","","40 27:05.800","7","0","79 53:09.900","0","0","0","1","2301","0","0","0","N","0","0","0","3","02301","0","","6.0","1330.0","1","N","N","N","0","","0","0","1","","0","N","","3","0","0","0","0","0","0","2","0","3","04","","","N","","","","","","","","","",""
"2024032640","0927","2","0","0","0","0","0","0","0","0","4","0","","02","4","2024","6","40.366741","-79.984279","0925","11","0","0","0","0","0","1","0","0","","0","0","0","","","1","","2","","40 22:00.269","","0","79 59:03.404","8","0","0","0","2413","0","0","0","N","0","0","0","2","02413","0","","1.0","","9","N","N","N","0","","0","0","0","","0","","","2","1","0","0","0","1","0","2","0","2","04","","","N","","","","","","","","","",""
"2024036480","2134","1","0","0","0","0","0","0","0","0","1","0","","02","4","2024","6","40.508835","-80.223041","2131","11","0","0","0","1","0","1","0","0","","0","0","0","","","1","Y","0","","40 30:31.806","","0","80 13:22.949","3","0","0","0","2213","0","0","0","N","0","0","0","2","02213","0","","1.0","","9","N","N","N","0","","1","0","1","","2","","","2","1","0","0","0","0","0","2","0","2","07","","","N","","","","","","","","","",""
"2024034597","1850","1","0","0","0","0","0","0","0","0","4","0","","02","4","2024","5","40.42082","-79.884229","1847","11","0","0","0","0","0","1","0","1","","0","0","0","","","2","","1","","40 25:14.953","7","0","79 53:03.224","3","0","0","0","2463","0","0","0","N","0","0","0","3","02463","0","","1.0","1900.0","1","N","N","N","0","","2","0","2","","2","Y","","3","2","0","0","0","0","0","2","0","3","03","03","","N","","","","","","","","","",""
"2024035462","1445","0","0","0","0","0","0","0","0","0","4","0","","02","4","2024","5","40.393812","-80.046283","1443","11","0","0","0","0","0","0","0","0","","0","0","0","","","0","","3","","40 23:37.724","1","0","80 02:46.619","0","0","0","0","2109","0","0","0","N","0","0","0","3","02109","0","","1.0","1525.0","9","N","N","N","0","","0","0","2","","2","Y","","2","0","0","0","0","0","0","2","0","2","07","","","N","","","","","","","","","",""
"2024036861","0717","1","0","0","0","0","0","0","0","0","1","0","55","02","4","2024","5","40.494083","-79.903767","0655","11","0","0","0","0","0","1","0","0","","0","0","0","","","1","N","0","","40 29:38.699","1","0","79 54:13.560","4","0","0","0","2401","0","0","0","N","0","0","0","2","68D02","1","","1.0","717.0","1","N","N","N","1","","0","0","0","","0","N","","2","1","0","0","0","0","0","2","0","2","03","03","Y","Y","2","2","N","N","N","Y","N","N","N","N"
"2024038509","0226","1","0","0","0","0","0","0","0","0","4","0","","02","4","2024","1","40.434185","-79.89502","0220","11","0","0","0","0","0","0","0","0","","0","0","0","","","1","","1","","40 26:03.067","2","0","79 53:42.073","8","0","0","0","2463","0","0","0","N","0","0","0","4","02463","0","","1.0","322.0","1","N","N","N","0","","0","0","1","","3","N","","2","1","0","0","0","1","1","2","0","2","03","","","N","","","","","","","","","",""
"2024041287","0602","1","0","0","0","0","0","0","0","0","5","1","","02","5","2024","6","40.362099","-79.93217","0601","11","0","0","0","0","0","0","0","0","","0","1","0","","","2","","1","","40 21:43.555","1","0","79 55:55.812","3","0","0","0","2473","0","0","0","N","0","0","0","2","02473","1","","1.0","655.0","9","N","N","N","0","","1","0","0","","2","N","","2","2","0","0","0","0","0","2","0","2","04","04","","N","","","","","","","","","",""
"2024033196","1602","0","0","1","0","0","0","0","0","0","2","0","","02","4","2024","1","40.566","-79.792806","1602","11","0","0","0","0","0","1","1","0","","0","0","0","","","2","N","0","","40 33:57.600","5","0","79 47:34.102","2","0","0","0","2206","0","0","0","N","0","0","0","2","02206","0","","1.0","1652.0","1","N","N","N","1","","0","2","1","","0","Y","","2","2","1","0","1","0","0","1","0","2","03","","","N","","","","","","","","","",""
"2024031013","2026","2","0","0","0","0","0","0","0","0","5","0","","02","4","2024","3","40.491914","-80.048146","2021","11","0","0","0","0","0","1","0","0","","0","0","0","","","0","N","0","","40 29:30.891","6","0","80 02:53.325","0","0","0","0","2404","0","0","0","N","0","0","0","1","02404","0","","6.0","2134.0","9","N","N","N","0","","0","0","0","","0","N","","2","0","0","0","0","0","0","2","0","2","07","","","N","","","","","","","","","",""
"2024030881","0252","1","0","0","0","0","0","0","0","0","7","0","","02","4","2024","4","40.498162","-79.854513","0252","11","0","0","0","0","0","0","0","0","","0","0","0","","","1","N","0","","40 29:53.384","4","0","79 51:16.248","3","0","0","0","2112","0","0","0","N","0","0","0","1","02112","0","","4.0","337.0","9","N","N","N","0","","1","0","0","","0","N","","1","1","0","0","0","0","0","2","0","1","07","","","N","","","","","","","","","",""
"2024030120","1558","1","0","0","0","0","0","0","0","0","1","0","","02","4","2024","1","40.567415","-80.007681","1550","11","0","1","0","0","0","0","0","0","","0","0","0","","","0","Y","0","","40 34:02.693","6","0","80 00:27.651","0","0","0","0","2108","0","0","0","N","0","0","0","3","02108","0","","1.0","1650.0","1","N","N","N","1","","0","0","1","","0","N","","3","0","0","0","0","0","0","2","0","3","03","03","","N","","","","","","","","","",""
"2024043336","2223","1","0","0","0","0","0","0","0","0","1","0","","02","5","2024","6","40.429495","-79.999098","2211","11","0","0","0","0","0","0","0","0","","0","0","0","","","0","Y","0","","40 25:46.181","4","3","79 59:56.754","0","0","0","0","2301","0","0","0","N","0","0","0","2","02301","0","","1.0","2300.0","1","N","N","N","0","","0","0","1","","0","N","","2","0","0","0","0","0","0","2","0","2","04","","","N","","","","","","","","","",""
"2024040514","1601","1","0","0","0","0","0","0","0","0","5","0","","02","5","2024","4","40.516944","-79.842833","1556","11","0","0","0","0","0","0","0","0","","0","0","0","","","0","N","0","","40 31:01.000","2","0","79 50:34.200","0","0","0","0","2451","0","0","0","N","0","0","0","3","02451","0","","6.0","1641.0","1","N","N","N","0","","0","0","3","","0","Y","","4","0","1","0","0","0","0","2","0","4","03","","","N","","","","","","","","","",""
"2024039138","1016","1","0","0","0","0","0","0","0","0","4","0","","02","5","2024","6","40.496762","-80.258987","1010","11","0","0","0","0","0","1","0","0","","0","0","0","","","1","N","0","","40 29:48.344","","7","80 15:32.352","4","0","0","0","2203","0","0","0","N","0","0","0","3","02501","1","","1.0","","1","N","N","N","0","","0","0","1","","0","","","2","1","0","0","0","0","0","2","0","2","04","","","N","","","","","","","","","",""
"2024042860","2054","1","0","1","0","0","0","0","0","0","2","0","","02","5","2024","2","40.559434","-79.959163","2049","11","0","1","0","0","0","1","0","0","","0","0","0","","","1","","2","","40 33:33.962","4","0","79 57:32.985","2","0","0","0","2207","0","0","0","N","0","0","0","3","02207","0","","1.0","2235.0","1","N","N","N","1","","0","1","0","","2","N","","2","1","0","0","0","0","0","2","0","2","03","03","","N","","","","","","","","","",""
"2024030238","0744","0","0","0","0","0","0","0","0","0","7","0","","02","4","2024","2","40.464021","-79.846047","0735","11","0","0","0","0","0","0","0","0","","0","0","0","","","0","N","0","","40 27:50.476","","0","79 50:45.768","0","0","0","0","2113","0","0","0","N","0","0","0","1","02113","0","","2.0","","1","N","N","N","0","","0","0","1","","0","","","1","0","0","0","0","0","0","2","0","1","03","03","","N","","","","","","","","","",""
"2024035268","1134","2","0","0","0","0","0","0","0","0","1","0","","02","4","2024","2","40.371008","-79.788039","1132","11","0","0","0","0","1","0","0","1","","0","0","0","","","1","Y","0","","40 22:15.628","4","0","79 47:16.939","8","0","0","0","2111","0","0","0","N","0","0","0","2","02111","0","","1.0","1200.0","1","N","N","N","0","","0","0","0","","0","N","","2","1","0","0","0","1","0","2","0","2","03","03","","N","","","","","","","","","",""
"2024041758","1906","0","0","0","0","0","0","0","0","0","4","0","","02","5","2024","6","40.582129","-79.778494","1900","11","0","0","0","0","0","1","0","0","","0","0","0","","","1","N","0","","40 34:55.665","1","7","79 46:42.580","4","0","0","0","2104","0","0","0","N","0","0","0","3","02514","1","","1.0","1922.0","1","","","N","0","","0","0","2","","2","N","","2","1","0","0","0","0","0","2","0","2","03","","","N","","","","","","","","","",""
"2024031145","0346","2","0","2","0","0","0","0","0","0","5","0","","02","4","2024","7","40.39175","-79.869683","0342","11","0","0","0","0","0","0","0","0","","0","0","0","","","2","N","0","","40 23:30.300","5","0","79 52:10.858","2","0","0","0","2473","0","0","0","N","0","0","0","3","02473","0","","1.0","510.0","1","N","N","N","0","","0","2","1","","0","Y","","3","2","0","0","0","0","0","2","0","3","03","03","","N","","","","","","","","","",""
"2024081636","1753","1","0","0","0","0","0","0","0","0","1","0","","02","9","2024","3","40.417893","-80.05541","1753","11","0","0","0","0","0","1","1","0","","0","0","0","","","0","N","0","","40 25:04.416","","0","80 03:19.475","0","0","0","0","2435","0","0","0","N","0","0","0","3","68B03","0","","1.0","","1","N","N","N","0","","0","0","2","","0","","","3","0","0","0","0","0","0","2","0","3","04","","","N","","","","","","","","","",""
"2024039286","2101","1","0","0","0","0","0","0","0","0","1","0","","02","5","2024","7","40.464031","-79.824168","2058","11","0","0","0","0","0","1","0","0","","0","0","0","","","1","N","0","","40 27:50.513","","7","79 49:27.006","4","0","0","0","2113","0","0","0","N","0","0","0","5","02113","1","","1.0","","9","N","N","N","0","","0","0","2","","0","","","3","1","0","0","0","0","0","2","0","3","07","07","","N","","","","","","","","","",""
"2024042701","1046","0","0","0","0","0","0","0","0","0","1","0","","02","5","2024","6","40.312383","-79.938392","1044","11","0","0","0","0","0","1","0","0","","0","0","0","","","1","N","0","","40 18:44.580","2","0","79 56:18.210","8","0","0","1","2440","0","0","0","N","0","0","0","3","02440","0","","1.0","1120.0","9","N","N","N","0","","0","0","1","","0","N","","2","1","0","0","0","1","0","2","0","2","04","","","N","","","","","","","","","",""
"2024043261","0225","0","0","0","0","0","0","0","0","0","4","0","","02","5","2024","6","40.506739","-80.006878","0222","11","0","0","0","0","0","0","0","0","","0","0","0","","","0","","1","","40 30:24.261","2","0","80 00:24.762","0","0","0","0","2116","0","0","0","N","0","0","0","2","02116","0","","1.0","320.0","1","N","N","N","1","","0","0","1","","2","N","","2","0","0","0","0","0","0","2","0","2","03","","","Y","","","","","","","","","",""
"2024047375","1027","1","0","0","0","0","0","0","0","0","1","1","","02","4","2024","6","40.296914","-79.919702","1026","11","0","0","0","0","0","0","0","0","","0","1","0","","","0","","2","","40 17:48.889","","0","79 55:10.928","0","0","0","0","2440","0","0","0","N","0","0","0","3","02440","0","","1.0","","1","N","N","N","0","","0","0","0","","2","","","2","0","0","0","0","0","0","2","0","2","03","","","N","","","","","","","","","",""
"2024033713","2000","0","0","0","0","0","0","0","0","0","7","0","","02","4","2024","3","40.263995","-79.919059","1951","11","0","0","0","0","0","0","0","0","","0","0","0","","","1","N","0","","40 15:50.382","6","0","79 55:08.613","3","0","0","0","2440","0","0","0","N","0","0","0","1","02440","0","","4.0","2124.0","1","N","N","N","1","","1","0","0","","0","N","","1","1","0","0","0","0","0","2","0","1","03","03","","N","","","","","","","","","",""
"2024042385","1604","1","0","0","0","0","0","0","0","0","5","0","","02","5","2024","2","40.438028","-79.922108","1601","11","0","0","0","0","0","0","1","0","","0","0","0","","","0","N","0","","40 26:16.900","","0","79 55:19.590","0","0","0","0","2301","0","0","0","N","0","0","0","3","02301","0","","1.0","","1","N","N","N","0","","0","0","1","","0","","","2","0","0","0","0","0","0","2","0","2","03","","","N","","","","","","","","","",""
"2024036628","1025","0","0","0","0","0","0","0","0","0","7","0","","02","4","2024","4","40.627322","-79.862473","1023","11","0","1","0","0","0","0","0","0","","0","0","0","","","0","N","0","","40 37:38.359","","0","79 51:44.902","0","0","0","0","2220","0","0","0","N","0","0","0","1","02220","0","","4.0","","1","N","N","N","1","","0","0","0","","0","","","1","0","0","0","0","0","0","2","0","1","03","03","","N","","","","","","","","","",""
"2024034820","1100","1","0","0","0","0","0","0","0","0","4","0","","02","4","2024","2","40.372998","-80.099329","1058","11","0","0","0","1","0","0","0","0","","0","0","0","","","0","","2","","40 22:22.792","6","2","80 05:57.584","9","0","0","0","2102","0","0","0","N","0","0","0","2","02102","0","","1.0","1123.0","1","N","N","N","0","","0","0","0","","2","N","","2","0","0","0","0","0","1","2","1","2","03","03","","N","","","","","","","","","",""
"2024041150","0421","0","0","0","0","0","0","0","0","0","8","0","","02","5","2024","7","40.371824","-79.981943","0419","11","0","0","0","0","0","0","0","0","","1","0","0","","","0","Y","0","","40 22:18.567","5","0","79 58:54.994","1","0","0","0","2413","1","1","0","N","1","1","0","2","02413","0","2","1.0","807.0","9","N","N","N","0","0","0","0","1","","0","Y","","2","0","0","0","0","0","0","2","0","1","07","","","N","","","","","","","","","",""
"2024042409","1014","1","0","0","0","0","0","0","0","0","1","0","","02","5","2024","6","40.376415","-79.894199","1014","11","0","0","0","0","0","0","1","0","","0","0","0","","","0","N","0","","40 22:35.094","","0","79 53:39.118","0","0","0","0","2473","0","0","0","N","0","0","0","2","02473","0","","1.0","","1","N","N","N","0","","0","0","1","","0","","","2","0","0","0","0","0","0","2","0","2","03","03","","N","","","","","","","","","",""
"2024035278","1351","0","0","0","0","0","0","0","0","0","4","0","","02","4","2024","1","40.488583","-79.900206","1350","11","0","0","0","0","0","0","0","1","","0","0","0","","","0","","2","","40 29:18.899","","0","79 54:00.743","0","0","0","0","2401","0","0","0","N","0","0","0","2","02401","0","","1.0","","1","N","N","N","0","","0","0","2","","3","","","2","0","0","0","0","0","0","2","0","2","03","03","","N","","","","","","","","","",""
"2024041977","0700","0","0","0","0","0","0","0","0","0","2","0","","02","5","2024","2","40.462836","-79.768358","0647","11","1","0","0","0","0","0","1","0","","0","0","0","","","0","N","0","","40 27:46.209","5","0","79 46:06.087","0","0","0","0","2466","0","0","0","N","0","0","0","2","02466","0","","1.0","741.0","1","N","N","N","0","","0","0","2","","0","N","","2","0","0","0","0","0","0","2","0","2","03","03","","N","","","","","","","","","",""
"2024042968","0641","1","0","0","0","0","0","0","0","0","2","0","","02","5","2024","2","40.554652","-79.813551","0641","11","0","0","0","0","0","2","0","0","","0","0","0","","","0","N","0","","40 33:16.747","","0","79 48:48.785","0","0","0","0","2208","0","0","0","N","0","0","0","2","68D02","0","","1.0","","1","N","N","N","0","","0","0","0","","0","","","2","0","0","0","0","0","0","2","1","2","03","","","N","","","","","","","","","",""
"2024032678","1120","0","0","0","0","0","0","0","0","0","7","0","","02","4","2024","7","40.461448","-79.862147","1118","11","0","0","0","0","0","0","0","0","","0","0","0","","","0","","2","","40 27:41.211","","0","79 51:43.730","9","0","0","0","2113","0","0","0","N","0","0","0","1","02113","0","","4.0","","1","N","N","N","1","","0","0","0","","0","N","","1","0","0","0","0","0","1","2","0","1","99","98","","N","","","","","","","","","",""
"2024035685","0703","1","0","0","0","0","0","0","0","0","5","1","","02","4","2024","3","40.448889","-79.992138","0657","11","0","0","0","0","0","1","0","0","","0","1","0","","","0","N","0","","40 26:56.000","1","3","79 59:31.698","0","0","0","0","2301","0","0","0","N","0","0","0","2","02301","0","","1.0","705.0","1","N","N","N","0","","0","0","0","","0","N","","2","0","0","0","0","0","0","2","0","2","03","","","N","","","","","","","","","",""
"2024032688","1557","1","0","0","0","0","0","0","0","0","8","0","","02","4","2024","6","40.440264","-80.068827","1553","11","0","0","0","0","0","0","1","0","","0","0","0","","","1","N","0","","40 26:24.951","","7","80 04:07.778","8","0","0","0","2421","1","0","0","N","1","0","0","2","02421","0","","1.0","","9","N","N","N","0","","0","0","0","","3","","","2","1","0","0","0","1","0","2","0","1","07","04","","N","","","","","","","","","",""
"2024036348","1240","1","0","0","0","0","0","0","0","0","4","0","","02","4","2024","1","40.505829","-80.223147","1237","11","0","0","0","0","0","0","1","0","","0","0","0","","","1","","3","","40 30:20.985","1","7","80 13:23.328","3","0","0","0","2213","0","0","0","N","0","0","0","2","02213","0","","1.0","1255.0","1","N","N","N","0","","1","0","1","","2","N","","2","1","0","0","0","0","0","2","0","2","03","","","N","","","","","","","","","",""
"2024032773","0129","0","0","0","0","0","0","0","0","0","7","0","","02","4","2024","1","40.469611","-79.794944","0124","11","0","0","0","0","0","0","0","0","","0","0","0","","","0","N","0","","40 28:10.600","","0","79 47:41.800","0","0","0","0","2113","0","0","0","N","0","0","0","1","02113","0","","2.0","","1","N","N","N","0","","0","0","1","","0","","","1","0","0","0","0","0","0","2","0","1","03","03","","N","","","","","","","","","",""
"2024043462","0926","0","0","0","0","0","0","0","0","0","1","0","","02","5","2024","5","40.616618","-80.095443","0917","11","0","0","0","0","0","1","1","0","","0","0","0","","","1","N","0","","40 36:59.826","1","0","80 05:43.596","8","0","0","0","2212","0","0","0","N","0","0","0","3","68B03","0","","1.0","957.0","1","N","N","N","2","","0","0","1","","0","N","","3","1","0","0","0","1","0","2","0","3","03","","","N","","","","","","","","","",""
"2024042765","1447","1","0","0","0","0","0","0","0","0","7","0","","02","5","2024","7","40.520141","-80.061958","1402","11","0","0","0","0","0","0","0","0","","0","0","0","","","0","N","0","","40 31:12.509","1","0","80 03:43.048","0","0","0","0","2116","0","0","0","N","0","0","0","1","68B03","0","","2.0","1515.0","9","N","N","N","0","","0","0","0","","0","N","","1","0","0","0","0","0","0","2","0","1","07","","","N","","","","","","","","","",""
"2024034587","1815","2","1","0","0","0","0","0","0","0","4","0","","02","4","2024","1","40.368329","-79.816621","1813","11","0","0","0","0","1","0","1","0","","1","0","0","","","1","","3","","40 22:05.985","5","0","79 48:59.836","1","0","0","0","2111","0","0","0","N","0","0","0","2","02501","0","2","1.0","2225.0","1","N","N","N","0","0","0","1","0","","3","Y","","2","1","1","0","1","0","0","2","0","2","03","03","","N","","","","","","","","","",""
"2024042766","1840","0","0","0","0","0","0","0","0","0","7","0","","02","5","2024","7","40.549456","-79.820315","1837","11","0","0","0","0","0","0","0","0","","0","0","0","","","0","N","0","","40 32:58.043","1","0","79 49:13.133","0","0","0","0","2208","0","0","0","N","0","0","0","1","68D02","0","","3.0","1914.0","9","N","N","N","0","","0","0","1","","0","N","","1","0","0","0","0","0","0","2","0","1","07","07","","N","","","","","","","","","",""
"2024034974","1820","1","0","0","0","0","0","0","0","0","1","0","","02","4","2024","7","40.354198","-79.824414","1620","11","0","0","0","0","1","0","0","0","","0","0","0","","","0","","2","","40 21:15.111","","0","79 49:27.892","0","0","0","0","2477","0","0","0","N","0","0","0","2","02477","0","","1.0","","1","N","N","N","0","","0","0","1","","0","","","2","0","0","0","0","0","0","2","0","2","03","03","","N","","","","","","","","","",""
"2024041630","1354","1","0","0","0","0","0","0","0","0","7","0","45","02","5","2024","4","40.495691","-80.121857","1343","11","0","0","0","0","0","0","0","0","","0","0","0","","","1","N","0","","40 29:44.488","","0","80 07:18.684","4","0","0","0","2115","0","0","0","N","0","0","0","1","68B03","1","","5.0","","1","N","N","N","0","","0","0","0","","0","","","1","1","0","0","0","0","0","2","0","1","03","03","Y","Y","4","1","N","N","N","N","N","Y","N","N"
"2024029949","2116","1","0","0","1","0","0","0","0","0","8","0","","02","4","2024","7","40.610373","-79.742288","2113","11","0","0","0","0","0","0","0","0","","0","0","0","","","1","","1","","40 36:37.341","3","0","79 44:32.236","8","0","0","0","2409","1","0","0","N","0","0","0","3","02464","0","","1.0","2134.0","1","N","N","N","0","","0","0","0","","3","N","","2","1","0","0","0","1","0","2","0","1","03","03","","N","","","","","","","","","",""
"2024043491","2121","1","0","0","0","0","0","0","0","0","4","0","","02","5","2024","3","40.616069","-80.055371","2119","11","0","0","0","0","0","0","0","1","","0","0","0","","","0","N","1","","40 36:57.850","","0","80 03:19.335","0","0","0","0","2216","0","0","0","N","0","0","0","2","02505","0","","1.0","","1","N","N","N","0","","0","0","0","","2","","","2","0","0","0","0","0","0","2","1","2","03","03","","N","","","","","","","","","",""
"2024075766","1448","0","0","0","0","0","0","0","0","0","2","0","","02","8","2024","6","40.337144","-80.0464","1440","11","0","0","0","0","0","0","0","0","","0","0","0","","","1","N","0","","40 20:13.720","3","0","80 02:47.040","3","0","0","0","2407","0","0","0","N","0","0","0","4","02047","0","","1.0","1545.0","1","Y","N","N","0","","1","0","1","","2","N","","2","1","2","0","0","0","0","2","1","2","03","03","","N","","","","","","","","","",""
"2024035305","2130","1","0","0","0","0","0","0","0","0","4","0","","02","4","2024","6","40.37297","-80.099357","2125","11","0","0","0","0","0","1","0","0","","0","0","0","","","0","","2","","40 22:22.692","","2","80 05:57.684","0","0","0","0","2102","0","0","0","N","0","0","0","2","02102","0","","1.0","","1","N","N","N","0","","0","0","1","","2","","","2","0","0","0","0","0","0","2","0","2","03","03","","N","","","","","","","","","",""
"2024080248","0402","1","0","0","0","0","0","0","0","0","6","0","","02","8","2024","7","40.47315","-79.961094","0016","11","0","0","0","0","0","0","0","0","","0","0","0","","","0","N","0","","40 28:23.340","","0","79 57:39.940","0","0","0","0","2301","0","0","0","N","0","0","0","2","02301","0","","6.0","","1","N","N","N","0","","0","0","0","","2","","","2","0","0","0","0","0","0","2","0","2","03","03","","N","","","","","","","","","",""
"2024047788","2014","0","0","0","0","0","0","0","0","0","98","0","","02","5","2024","3","40.281322","-79.930598","1941","11","0","0","0","0","0","0","1","0","","0","0","0","","","1","N","0","","40 16:52.758","","0","79 55:50.151","3","0","0","0","2440","0","0","0","N","0","0","0","1","68T10","0","","1.0","","1","N","N","N","0","","1","0","1","","0","","","1","1","0","0","0","0","0","2","0","1","03","","","N","","","","","","","","","",""
"2024036649","1735","1","0","0","0","0","0","0","0","0","4","0","","02","4","2024","4","40.406467","-79.908092","1734","11","0","0","0","0","0","0","0","0","","0","0","0","","","0","","1","","40 24:23.282","7","0","79 54:29.130","0","0","0","0","2438","0","0","0","N","0","0","0","4","02438","0","","1.0","1745.0","1","N","N","N","0","","0","0","1","","3","Y","","2","0","0","0","0","0","0","2","0","2","03","03","","N","","","","","","","","","",""
"2024034015","2055","2","0","0","1","0","0","0","0","0","8","0","","02","4","2024","5","40.365789","-79.965998","2051","11","0","0","0","0","0","0","0","0","","0","0","0","","","0","","2","","40 21:56.840","4","0","79 57:57.593","0","0","0","0","2476","1","0","0","N","0","0","0","2","02476","0","","1.0","2136.0","9","N","N","N","0","","0","0","0","","0","N","","3","0","0","0","0","0","0","2","0","2","07","","","N","","","","","","","","","",""
"2024035845","1944","0","0","0","0","0","0","0","0","0","7","0","","02","4","2024","4","40.499104","-80.210709","1940","11","0","1","0","0","0","0","0","0","","0","0","0","","","2","N","0","","40 29:56.775","","0","80 12:38.554","3","0","0","0","2213","0","0","0","N","0","0","0","2","02213","0","","4.0","","8","N","N","N","0","","2","0","1","","0","","","1","2","0","0","0","0","0","2","0","1","07","08","","N","","","","","","","","","",""
"2024045906","1448","1","0","0","0","0","0","0","0","0","7","0","","02","5","2024","7","40.368329","-79.816621","1445","11","0","0","0","0","0","0","0","0","","0","0","0","","","1","N","2","","40 22:05.985","1","0","79 48:59.836","8","0","0","0","2111","0","0","0","Y","0","0","0","1","02111","0","","2.0","1515.0","1","N","N","N","0","","0","0","0","","0","N","","1","1","0","0","0","1","0","2","0","1","04","04","","N","","","","","","","","","",""