"CRN","ARRIVAL_TM","AUTOMOBILE_COUNT","BELTED_DEATH_COUNT","BELTED_SUSP_SERIOUS_INJ_COUNT","BICYCLE_COUNT","BICYCLE_DEATH_COUNT","BICYCLE_SUSP_SERIOUS_INJ_COUNT","BUS_COUNT","CHLDPAS_DEATH_COUNT","CHLDPAS_SUSP_SERIOUS_INJ_COUNT","COLLISION_TYPE","COMM_VEH_COUNT","CONS_ZONE_SPD_LIM","COUNTY","CRASH_MONTH","CRASH_YEAR","DAY_OF_WEEK","DEC_LATITUDE","DEC_LONGITUDE","DISPATCH_TM","DISTRICT","DRIVER_COUNT_16YR","DRIVER_COUNT_17YR","DRIVER_COUNT_18YR","DRIVER_COUNT_19YR","DRIVER_COUNT_20YR","DRIVER_COUNT_50_64YR","DRIVER_COUNT_65_74YR","DRIVER_COUNT_75PLUS","EST_HRS_CLOSED","FATAL_COUNT","HEAVY_TRUCK_COUNT","HORSE_BUGGY_COUNT","HOUR_OF_DAY","ILLUMINATION","INJURY_COUNT","INTERSECTION_RELATED","INTERSECT_TYPE","LANE_CLOSED","LATITUDE","LN_CLOSE_DIR","LOCATION_TYPE","LONGITUDE","MAX_SEVERITY_LEVEL","MCYCLE_DEATH_COUNT","MCYCLE_SUSP_SERIOUS_INJ_COUNT","MOTORCYCLE_COUNT","MUNICIPALITY","NONMOTR_COUNT","NONMOTR_DEATH_COUNT","NONMOTR_SUSP_SERIOUS_INJ_COUNT","NTFY_HIWY_MAINT","PED_COUNT","PED_DEATH_COUNT","PED_SUSP_SERIOUS_INJ_COUNT","PERSON_COUNT","POLICE_AGCY","POSSIBLE_INJ_COUNT","RDWY_SURF_TYPE_CD","RELATION_TO_ROAD","ROADWAY_CLEARED","ROAD_CONDITION","SCH_BUS_IND","SCH_ZONE_IND","SECONDARY_CRASH","SMALL_TRUCK_COUNT","SPEC_JURIS_CD","SUSP_MINOR_INJ_COUNT","SUSP_SERIOUS_INJ_COUNT","SUV_COUNT","TCD_FUNC_CD","TCD_TYPE","TFC_DETOUR_IND","TIME_OF_DAY","TOTAL_UNITS","TOT_INJ_COUNT","UNBELTED_OCC_COUNT","UNB_DEATH_COUNT","UNB_SUSP_SERIOUS_INJ_COUNT","UNK_INJ_DEG_COUNT","UNK_INJ_PER_COUNT","URBAN_RURAL","VAN_COUNT","VEHICLE_COUNT","WEATHER1","WEATHER2","WORKERS_PRES","WORK_ZONE_IND","WORK_ZONE_LOC","WORK_ZONE_TYPE","WZ_CLOSE_DETOUR","WZ_FLAGGER","WZ_LAW_OFFCR_IND","WZ_LN_CLOSURE","WZ_MOVING","WZ_OTHER","WZ_SHLDER_MDN","WZ_WORKERS_INJ_KILLED"
"2024084001","","1","0","0","0","0","0","0","0","0","7","0","","02","9","2024","3","40.516","-79.791417","","11","1","0","0","0","0","0","0","0","","0","0","0","","","0","N","0","","40 30:57.600","2","0","79 47:29.100","0","0","0","0","2466","0","0","0","N","0","0","0","1","02466","0","","4.0","2159.0","1","N","N","N","0","","0","0","0","","0","N","","1","0","0","0","0","0","0","2","0","1","03","03","","N","","","","","","","","","",""
"2024074025","","2","0","0","0","0","0","0","0","0","4","0","","02","8","2024","7","40.431137","-80.067762","","11","0","0","0","0","0","2","0","0","","0","0","0","","","0","N","0","","40 25:52.092","","0","80 04:03.943","0","0","0","0","2421","0","0","0","N","0","0","0","3","02421","0","","1.0","","1","N","N","N","0","","0","0","0","","0","","","2","0","0","0","0","0","0","2","0","2","03","","","N","","","","","","","","","",""
"2024073497","","0","0","0","0","0","0","0","0","0","7","0","","02","8","2024","7","40.458776","-79.998762","","11","0","0","0","0","0","0","0","0","","0","0","0","","","2","N","0","","40 27:31.593","","0","79 59:55.543","8","0","0","0","2301","0","0","0","N","0","0","0","2","68B03","0","","3.0","","9","N","N","N","0","","0","0","1","","0","","","1","2","0","0","0","2","0","2","0","1","07","07","","N","","","","","","","","","",""
"2024074029","","1","0","0","0","0","0","0","0","0","4","0","","02","8","2024","5","40.320718","-80.08703","","11","0","0","0","0","0","0","0","0","","0","0","0","","","1","","2","","40 19:14.584","5","0","80 05:13.309","3","0","0","0","2123","0","0","0","N","0","0","0","2","02123","0","","1.0","1353.0","1","N","N","N","0","","1","0","1","","3","N","","2","1","0","0","0","0","0","2","0","2","03","","","N","","","","","","","","","",""
"2024081361","","0","0","0","0","0","0","0","0","0","7","0","","02","4","2024","5","40.455083","-79.885722","","11","0","0","0","0","0","0","0","0","","0","0","0","","","1","Y","0","","40 27:18.300","6","0","79 53:08.600","2","0","1","1","2301","0","0","0","N","0","0","0","1","02301","0","","2.0","233.0","1","N","N","N","0","","0","1","0","","0","N","","1","1","0","0","0","0","0","2","0","1","03","03","","N","","","","","","","","","",""
"2024082583","","1","0","0","0","0","0","0","0","0","4","0","","02","1","2024","6","40.416278","-79.925583","","11","0","0","0","0","0","0","0","0","","0","0","0","","","1","N","0","","40 24:58.600","1","7","79 55:32.100","4","0","0","0","2301","0","0","0","N","0","0","0","2","02301","1","","1.0","1945.0","9","N","N","N","1","","0","0","0","","2","N","","2","1","0","0","0","0","0","2","0","2","07","","","N","","","","","","","","","",""
"2024085974","","1","0","0","0","0","0","0","0","0","4","1","","02","3","2024","4","40.464248","-80.053057","","11","0","0","0","0","0","1","0","0","","0","1","0","","","0","","3","","40 27:51.291","","0","80 03:11.005","0","0","0","0","2301","0","0","0","N","0","0","0","2","02301","0","","1.0","","1","N","N","N","0","","0","0","0","","4","","","2","0","0","0","0","0","0","2","0","2","03","","","N","","","","","","","","","",""
"2024085703","","1","0","0","0","0","0","0","0","0","2","0","","02","2","2024","6","40.460389","-79.969067","","11","0","0","0","0","0","0","0","0","","0","0","0","","","3","N","0","","40 27:37.400","5","0","79 58:08.640","3","0","0","0","2301","0","0","0","N","0","0","0","3","02301","0","","1.0","1955.0","1","N","N","N","0","","3","0","1","","0","N","","2","3","0","0","0","0","0","2","0","2","03","03","","N","","","","","","","","","",""
"2024081226","","1","0","0","0","0","0","0","0","0","5","0","","02","6","2024","1","40.462256","-79.895222","","11","0","0","0","0","0","0","0","0","","0","0","0","","","0","N","0","","40 27:44.120","","0","79 53:42.800","9","0","0","0","2301","0","0","0","N","0","0","0","2","02301","0","","6.0","","1","N","N","N","0","","0","0","1","","3","","","2","0","0","0","0","0","1","2","0","2","03","04","","N","","","","","","","","","",""
"2024081032","","1","0","0","0","0","0","0","0","0","5","0","","02","9","2024","4","40.410135","-80.082507","","11","0","0","0","0","0","1","1","0","","0","0","0","","","0","","1","","40 24:36.487","1","0","80 04:57.026","0","0","0","0","2415","0","0","0","N","0","0","0","2","02415","0","","1.0","1820.0","1","N","N","N","0","","0","0","1","","2","N","","2","0","0","0","0","0","0","2","0","2","03","","","N","","","","","","","","","",""
"2024085372","","1","0","0","0","0","0","0","0","0","5","0","","02","2","2024","1","40.437984","-80.021746","","11","0","0","0","0","0","0","0","0","","0","0","0","","","0","N","0","","40 26:16.744","","0","80 01:18.287","0","0","0","0","2301","0","0","0","N","0","0","0","3","02301","0","","2.0","","1","N","N","N","1","","0","0","1","","0","","","3","0","0","0","0","0","0","2","0","3","99","","","N","","","","","","","","","",""
"2024075611","","1","0","0","0","0","0","0","0","0","4","0","","02","8","2024","6","40.449008","-79.951867","","11","0","0","0","0","0","0","0","0","","0","0","0","","","0","","1","","40 26:56.429","","0","79 57:06.720","0","0","0","0","2301","0","0","0","N","0","0","0","2","02301","0","","1.0","","1","N","N","N","0","","0","0","1","","3","","","2","0","0","0","0","0","0","2","0","2","03","","","N","","","","","","","","","",""
"2024081360","","0","0","0","0","0","0","0","0","0","2","0","","02","9","2024","4","40.324717","-80.063139","","11","0","0","0","0","0","0","0","0","","0","0","0","","","1","N","0","","40 19:28.980","","0","80 03:47.300","3","0","0","0","2407","0","0","0","N","0","0","0","1","02407","0","","6.0","","1","N","N","N","0","","1","0","2","","0","","","2","1","0","0","0","0","0","2","0","2","03","03","","N","","","","","","","","","",""
"2024074413","","1","0","0","0","0","0","0","0","0","5","1","55","02","7","2024","3","40.434624","-79.748383","","11","0","0","0","0","0","0","0","0","","0","1","0","","","0","","6","","40 26:04.645","","2","79 44:54.177","0","0","0","0","2446","0","0","0","N","0","0","0","4","68T09","0","","1.0","","1","N","N","N","0","","0","0","0","","3","","","2","0","0","0","0","0","0","2","0","2","03","03","Y","Y","8","2","N","N","Y","Y","N","N","N","N"
"2024082368","","2","0","0","0","0","0","0","0","0","4","0","","02","1","2024","5","40.390056","-80.018972","","11","0","0","0","0","0","0","0","0","","0","0","0","","","0","N","0","","40 23:24.200","7","0","80 01:08.300","0","0","0","0","2301","0","0","0","N","0","0","0","1","02301","0","","6.0","615.0","9","N","N","N","0","","0","0","3","","0","N","","5","0","0","0","0","0","0","2","0","5","04","","","N","","","","","","","","","",""
"2024074445","","1","0","0","0","0","0","0","0","0","5","0","","02","8","2024","2","40.466111","-79.952656","","11","0","0","0","0","0","0","0","0","","0","0","0","","","0","N","0","","40 27:58.000","4","0","79 57:09.560","9","0","0","0","2301","0","0","0","N","0","0","0","1","02301","0","","6.0","2242.0","1","N","N","N","0","","0","0","1","","0","N","","2","0","0","0","0","0","1","2","0","2","03","03","","N","","","","","","","","","",""
"2024081218","","1","0","0","0","0","0","0","0","0","7","0","","02","7","2024","3","40.457799","-79.917818","","11","0","0","0","0","0","0","0","0","","0","0","0","","","0","N","0","","40 27:28.075","","0","79 55:04.145","0","0","0","0","2301","0","0","0","N","0","0","0","1","02301","0","","4.0","","1","N","N","N","0","","0","0","0","","0","","","1","0","1","0","0","0","0","2","0","1","03","03","","N","","","","","","","","","",""
"2024074625","","1","0","0","0","0","0","0","0","0","7","0","","02","8","2024","3","40.434511","-79.995515","","11","0","0","0","0","0","0","0","1","","0","0","0","","","0","N","0","","40 26:04.238","1","3","79 59:43.854","0","0","0","0","2301","0","0","0","Y","0","0","0","1","02301","0","","3.0","1205.0","1","N","N","N","0","","0","0","0","","0","N","","1","0","0","0","0","0","0","2","0","1","03","","","N","","","","","","","","","",""
"2024080250","","1","0","0","0","0","0","0","0","0","1","0","","02","8","2024","2","40.454959","-79.96844","","11","0","0","0","0","0","0","2","0","","0","0","0","","","2","N","0","","40 27:17.854","3","0","79 58:06.384","3","0","0","0","2301","0","0","0","N","0","0","0","3","02301","0","","1.0","1300.0","1","N","N","N","0","","2","0","1","","0","N","","3","2","0","0","0","0","0","2","1","3","03","","","N","","","","","","","","","",""
"2024086042","","1","0","0","0","0","0","0","0","0","5","0","","02","2","2024","5","40.444299","-79.941153","","11","0","0","0","0","0","0","0","0","","0","0","0","","","0","N","0","","40 26:39.478","","0","79 56:28.149","0","0","0","0","2301","0","0","0","N","0","0","0","2","02301","0","","1.0","","1","N","N","N","0","","0","0","1","","0","","","2","0","0","0","0","0","0","2","0","2","03","","","N","","","","","","","","","",""
"2024085404","","0","0","0","0","0","0","0","0","0","7","0","","02","2","2024","5","40.434983","-79.992059","","11","0","0","0","0","0","0","0","0","","0","0","0","","","0","N","0","","40 26:05.939","2","0","79 59:31.411","0","0","0","0","2301","0","0","0","N","0","0","0","1","02301","0","","4.0","1030.0","1","N","N","N","0","","0","0","1","","0","N","","1","0","0","0","0","0","0","2","0","1","03","03","","N","","","","","","","","","",""
"2024080938","","3","0","0","0","0","0","0","0","0","1","0","","02","8","2024","1","40.42707","-79.967027","","11","0","0","0","0","0","0","0","0","","0","0","0","","","0","","1","","40 25:37.452","","0","79 58:01.298","0","0","0","0","2301","0","0","0","N","0","0","0","3","02301","0","","1.0","","1","N","N","N","0","","0","0","0","","2","","","3","0","0","0","0","0","0","2","0","3","03","03","","N","","","","","","","","","",""
"2024080434","","0","0","0","0","0","0","0","0","0","7","0","","02","1","2024","7","40.441347","-79.946492","","11","0","0","0","0","0","0","0","0","","0","0","0","","","0","N","0","","40 26:28.850","","0","79 56:47.370","0","0","0","0","2301","0","0","0","N","0","0","0","1","02301","0","","4.0","","2","N","N","N","0","","0","0","1","","0","","","1","0","0","0","0","0","0","2","0","1","10","06","","N","","","","","","","","","",""
"2024083960","","2","0","0","0","0","0","0","0","0","4","0","","02","9","2024","7","40.447556","-80.014244","","11","0","0","0","0","0","0","0","0","","0","0","0","","","0","N","0","","40 26:51.200","","0","80 00:51.280","0","0","0","0","2301","0","0","0","N","0","0","0","2","02301","0","","1.0","","1","N","N","N","0","","0","0","0","","0","","","2","0","0","0","0","0","0","2","0","2","03","03","","N","","","","","","","","","",""
"2024085279","","0","0","0","0","0","0","0","0","0","5","1","","02","2","2024","5","40.460083","-79.91575","","11","0","0","0","0","0","1","0","0","","0","1","0","","","1","N","0","","40 27:36.300","7","7","79 54:56.700","3","0","0","0","2301","0","0","0","N","0","0","0","2","02301","0","","1.0","900.0","1","N","N","N","0","","1","0","1","","2","N","","2","1","0","0","0","0","1","2","0","2","03","","","N","","","","","","","","","",""
"2024069260","","0","0","0","0","0","0","0","0","0","7","0","","02","8","2024","7","40.540126","-79.823467","","11","0","0","0","0","0","0","0","0","","0","0","0","","","1","","2","","40 32:24.452","1","0","79 49:24.480","4","0","0","0","2208","0","0","0","Y","0","0","0","1","02208","1","","2.0","400.0","1","N","N","N","0","","0","0","1","","0","N","","1","1","0","0","0","0","0","2","0","1","03","03","","N","","","","","","","","","",""
"2024072869","","1","0","0","0","0","0","0","0","0","4","1","","02","8","2024","5","40.342952","-79.837702","","11","0","0","0","0","0","1","0","0","","0","1","0","","","2","N","1","","40 20:34.627","7","0","79 50:15.727","3","0","0","0","2304","0","0","0","N","0","0","0","5","02304","0","","1.0","1230.0","1","N","N","N","0","","2","0","0","","3","N","","2","2","3","0","0","0","0","2","0","2","03","03","","N","","","","","","","","","",""
"2024080253","","1","0","0","0","0","0","0","0","0","1","0","","02","9","2024","4","40.516711","-80.192558","","11","0","0","0","0","0","1","0","0","","0","0","0","","","1","N","0","","40 31:00.160","1","0","80 11:33.209","3","0","0","0","2213","0","0","0","N","0","0","0","3","02213","0","","1.0","30.0","1","Y","N","N","0","","1","0","2","","0","N","","3","1","0","0","0","0","0","2","0","3","03","","","N","","","","","","","","","",""
"2024085288","","1","0","0","0","0","0","0","0","0","7","0","","02","2","2024","2","40.455286","-79.977874","","11","0","0","0","0","0","1","0","0","","0","0","0","","","2","N","0","","40 27:19.029","3","0","79 58:40.347","3","0","0","0","2301","0","0","0","N","0","0","0","2","02301","0","","5.0","1700.0","1","N","N","N","0","","1","0","0","","0","N","","1","2","2","0","0","1","0","2","0","1","03","03","","N","","","","","","","","","",""
"2024073453","","0","0","0","0","0","0","0","0","0","98","0","","02","8","2024","7","40.485183","-79.856869","","11","0","0","0","0","0","0","1","0","","0","0","0","","","0","N","2","","40 29:06.657","","0","79 51:24.730","0","0","0","0","2113","0","0","0","N","0","0","0","1","02113","0","","5.0","","1","","","N","0","","0","0","1","","2","","","1","0","0","0","0","0","0","2","0","1","03","03","","N","","","","","","","","","",""
"2024082580","","1","0","0","0","0","0","0","0","0","1","0","","02","1","2024","6","40.436047","-79.999044","","11","0","0","0","0","0","1","0","0","","0","0","0","","","0","","5","","40 26:09.768","2","2","79 59:56.558","0","0","0","0","2301","0","0","0","N","0","0","0","2","02301","0","","1.0","845.0","9","N","N","N","0","","0","0","1","","2","N","","2","0","0","0","0","0","0","2","0","2","04","","","N","","","","","","","","","",""
"2024084135","","0","0","0","0","0","0","0","0","0","98","0","","02","9","2024","5","40.33204","-79.985697","","11","1","0","0","0","0","0","0","0","","0","0","0","","","0","N","0","","40 19:55.344","3","1","79 59:08.508","0","0","0","0","2454","0","0","0","N","0","0","0","2","02454","0","","1.0","2052.0","1","N","N","N","0","","0","0","1","","0","N","","1","0","0","0","0","0","0","2","0","1","04","04","","N","","","","","","","","","",""
"2024082357","","1","0","0","0","0","0","0","0","0","8","0","","02","1","2024","4","40.451528","-80.018917","","11","0","0","0","0","0","1","0","0","","0","0","0","","","2","N","1","","40 27:05.500","","0","80 01:08.100","3","0","0","0","2301","1","0","0","N","1","0","0","2","02301","0","","1.0","","9","N","N","N","0","","2","0","0","","2","","","2","2","0","0","0","0","0","2","0","1","07","","","N","","","","","","","","","",""
"2024076881","","0","0","0","0","0","0","0","0","0","7","0","","02","8","2024","6","40.340787","-80.063628","","11","0","0","0","0","0","1","0","0","","0","0","0","","","0","","2","","40 20:26.834","","0","80 03:49.059","0","0","0","0","2123","0","0","0","N","0","0","0","1","02123","0","","2.0","","1","N","N","N","0","","0","0","1","","0","","","1","0","0","0","0","0","0","2","0","1","03","","","N","","","","","","","","","",""
"2024076626","","1","0","0","0","0","0","0","0","0","4","0","","02","9","2024","4","40.336271","-79.810273","","11","0","0","0","0","0","0","1","0","","0","0","0","","","1","N","0","","40 20:10.575","5","7","79 48:36.981","4","0","0","0","2477","0","0","0","N","0","0","0","2","02477","1","","1.0","1730.0","1","N","N","N","1","","0","0","0","","0","N","","2","1","0","0","0","0","0","2","0","2","03","03","","N","","","","","","","","","",""
"2024074894","","0","0","0","0","0","0","0","0","0","5","1","","02","8","2024","6","40.454256","-79.9964","","11","0","0","0","0","0","0","0","0","","0","1","0","","","0","N","0","","40 27:15.320","","2","79 59:47.040","9","0","0","0","2301","0","0","0","N","0","0","0","2","02301","0","","1.0","","1","N","N","N","0","","0","0","1","","0","","","2","0","0","0","0","0","1","2","0","2","03","03","","N","","","","","","","","","",""
"2024073557","","1","0","0","0","0","0","0","0","0","7","0","","02","8","2024","4","40.475083","-79.939194","","11","0","0","0","0","0","0","1","0","","0","0","0","","","0","N","0","","40 28:30.300","","0","79 56:21.100","0","0","0","0","2301","0","0","0","N","0","0","0","1","02301","0","","4.0","","1","N","N","N","0","","0","0","0","","0","","","1","0","0","0","0","0","0","2","0","1","03","","","N","","","","","","","","","",""
"2024084942","","1","0","0","0","0","0","0","0","0","7","0","","02","2","2024","5","40.446861","-79.967833","","11","0","0","0","0","0","0","0","0","","0","0","0","","","0","N","0","","40 26:48.700","7","0","79 58:04.200","0","0","0","0","2301","0","0","0","N","0","0","0","1","02301","0","","4.0","110.0","1","N","N","N","0","","0","0","0","","0","N","","1","0","0","0","0","0","0","2","0","1","03","","","N","","","","","","","","","",""
"2024080430","","1","0","0","0","0","0","0","0","0","5","0","","02","6","2024","4","40.427511","-79.928148","","11","0","0","1","0","0","1","0","0","","0","0","0","","","0","","2","","40 25:39.039","3","2","79 55:41.334","0","0","0","0","2301","0","0","0","N","0","0","0","3","02301","0","","1.0","2100.0","1","N","N","N","1","","0","0","0","","0","N","","2","0","0","0","0","0","0","2","0","2","03","","","N","","","","","","","","","",""
"2024082554","","0","0","0","0","0","0","0","0","0","4","0","","02","1","2024","1","40.468083","-80.035333","","11","0","0","0","0","0","0","0","0","","0","0","0","","","0","N","0","","40 28:05.100","","0","80 02:07.200","0","0","0","0","2301","0","0","0","N","0","0","0","2","02301","0","","1.0","","9","N","N","N","0","","0","0","2","","0","","","2","0","0","0","0","0","0","2","0","2","04","","","N","","","","","","","","","",""
"2024074030","","2","0","0","0","0","0","0","0","0","4","0","","02","8","2024","7","40.354564","-80.073579","","11","0","0","0","0","0","0","0","1","","0","0","0","","","0","","1","","40 21:16.430","","0","80 04:24.886","0","0","0","0","2123","0","0","0","N","0","0","0","4","02123","0","","1.0","","9","N","N","N","0","","0","0","0","","3","","","2","0","0","0","0","0","0","2","0","2","07","04","","N","","","","","","","","","",""
"2024074596","","0","0","0","0","0","0","0","0","0","4","0","","02","6","2024","5","40.510518","-80.097829","","11","0","0","0","0","0","1","1","0","","0","0","0","","","0","","2","","40 30:37.863","2","0","80 05:52.186","0","0","0","0","2429","0","0","0","N","0","0","0","2","02215","0","","1.0","1655.0","1","N","N","N","0","","0","0","2","","0","N","","2","0","0","0","0","0","0","2","0","2","","","","N","","","","","","","","","",""
"2024085693","","0","0","0","0","0","0","0","0","0","7","0","","02","2","2024","4","40.404382","-79.975868","","11","0","0","0","0","0","0","0","0","","0","0","0","","","0","","2","","40 24:15.774","","0","79 58:33.126","0","0","0","0","2301","0","0","0","N","0","0","0","2","02301","0","","4.0","","1","N","N","N","0","","0","0","1","","0","","","1","0","0","0","0","0","0","2","0","1","03","03","","N","","","","","","","","","",""
"2024074319","","0","0","0","0","0","0","0","0","0","1","0","","02","8","2024","6","40.42832","-79.93177","","11","0","1","0","1","0","0","0","0","","0","0","0","","","0","","2","","40 25:41.952","4","2","79 55:54.373","0","0","0","0","2301","0","0","0","N","0","0","0","2","02301","0","","1.0","1200.0","1","N","N","N","1","","0","0","1","","0","N","","2","0","0","0","0","0","0","2","0","2","03","","","N","","","","","","","","","",""
"2024081241","","0","0","0","0","0","0","0","0","0","8","0","","02","3","2024","7","40.454421","-79.880365","","11","0","0","0","0","0","0","0","0","","0","0","0","","","1","N","0","","40 27:15.915","","0","79 52:49.314","2","0","0","0","2301","1","0","1","N","1","0","1","2","02301","0","","1.0","","9","N","N","N","0","","0","1","1","","0","","","2","1","0","0","0","0","0","2","0","1","07","04","","N","","","","","","","","","",""
"2024085625","","1","0","0","0","0","0","0","0","0","1","0","","02","2","2024","2","40.478653","-80.042801","","11","0","0","0","0","0","0","0","0","","0","0","0","","","0","Y","0","","40 28:43.149","7","0","80 02:34.083","0","0","0","0","2301","0","0","0","N","0","0","0","3","02301","0","","1.0","1800.0","1","N","N","N","0","","0","0","2","","0","N","","3","0","0","0","0","0","0","2","0","3","03","03","","N","","","","","","","","","",""
"2024086260","","1","0","0","0","0","0","0","0","0","7","0","","02","9","2024","5","40.395328","-79.816953","","11","0","0","0","0","0","0","0","0","","0","0","0","","","0","N","0","","40 23:43.179","","0","79 49:01.029","0","0","0","0","2111","0","0","0","Y","0","0","0","2","02111","0","","4.0","","1","N","N","N","0","","0","0","0","","0","","","1","0","0","0","0","0","0","2","0","1","03","03","","N","","","","","","","","","",""
"2024082604","","1","0","0","0","0","0","0","0","0","5","0","","02","1","2024","4","40.417528","-79.972083","","11","0","0","0","0","0","0","0","0","","0","0","0","","","1","N","0","","40 25:03.100","3","0","79 58:19.500","4","0","0","0","2301","0","0","0","N","0","0","0","1","02301","1","","6.0","9999.0","8","N","N","N","0","","0","0","1","","0","N","","2","1","0","0","0","0","0","2","0","2","03","","","N","","","","","","","","","",""
"2024076723","","0","0","0","0","0","0","0","0","0","4","0","","02","8","2024","7","40.322286","-79.926046","","11","0","0","0","0","0","0","2","0","","0","0","0","","","1","","2","","40 19:20.230","5","0","79 55:33.765","8","0","0","0","2440","0","0","0","N","0","0","0","4","02440","0","","1.0","1921.0","9","N","N","N","1","","0","0","1","","3","N","","2","1","0","0","0","1","0","2","0","2","07","","","N","","","","","","","","","",""
"2024077482","","1","0","0","0","0","0","0","0","0","5","0","","02","9","2024","7","40.392479","-79.869858","","11","0","0","0","0","0","0","0","0","","0","0","0","","","1","N","0","","40 23:32.924","3","0","79 52:11.490","4","0","0","0","2473","0","0","0","N","0","0","0","3","02473","1","","1.0","520.0","1","N","N","N","0","","0","0","1","","0","Y","","2","1","0","0","0","0","2","2","0","2","03","03","","N","","","","","","","","","",""
"2024085363","","0","0","0","0","0","0","0","0","0","7","0","","02","9","2024","2","40.377791","-80.21668","","11","0","0","0","0","0","1","0","0","","1","0","0","","","1","","2","","40 22:40.048","6","0","80 13:00.049","1","0","0","0","2214","0","0","0","N","0","0","0","2","02214","0","2","5.0","805.0","9","N","N","N","1","0","0","1","0","","0","Y","","1","1","2","1","1","0","0","2","0","1","04","04","","N","","","","","","","","","",""
"2024072919","","2","0","0","0","0","0","0","0","0","1","0","","02","8","2024","4","40.336486","-79.979058","","11","0","0","0","0","0","0","0","1","","0","0","0","","","1","","2","","40 20:11.351","","0","79 58:44.609","8","0","0","0","2454","0","0","0","N","0","0","0","6","02454","0","","1.0","","1","N","N","N","0","","0","0","2","","2","","","4","1","0","0","0","1","0","2","0","4","03","98","","N","","","","","","","","","",""
"2024085977","","1","0","0","0","0","0","0","0","0","5","1","","02","3","2024","5","40.412891","-80.010151","","11","0","0","0","0","0","0","0","0","","0","1","0","","","0","","1","","40 24:46.408","","1","80 00:36.544","0","0","0","0","2301","0","0","0","N","0","0","0","2","02301","0","","1.0","","1","N","N","N","0","","0","0","0","","2","","","2","0","0","0","0","0","0","2","0","2","99","","","N","","","","","","","","","",""
"2024081037","","0","0","0","0","0","0","0","0","0","4","0","","02","9","2024","4","40.339396","-79.968009","","11","0","0","0","0","0","0","2","0","","0","0","0","","","1","","2","","40 20:21.827","4","0","79 58:04.833","8","0","0","0","2454","0","0","0","N","0","0","0","2","02454","0","","1.0","1755.0","1","N","N","N","0","","0","0","2","","8","Y","","2","1","0","0","0","1","0","2","0","2","03","02","","N","","","","","","","","","",""
"2024081216","","0","0","0","0","0","0","0","0","0","5","0","","02","7","2024","6","40.463488","-79.930657","","11","0","0","0","0","0","0","0","0","","0","0","0","","","1","","1","","40 27:48.555","","0","79 55:50.364","3","0","0","1","2301","0","0","0","N","0","0","0","2","02301","0","","1.0","","1","N","N","N","0","","1","0","1","","2","","","2","1","0","0","0","0","1","2","0","2","03","","","N","","","","","","","","","",""
"2024081282","","1","0","0","0","0","0","0","0","0","4","0","","02","9","2024","5","40.415946","-79.799867","","11","0","0","0","0","0","0","1","0","","0","0","0","","","0","","1","","40 24:57.407","2","0","79 47:59.520","0","0","0","0","2446","0","0","0","N","0","0","0","2","02446","0","","1.0","1415.0","1","N","N","N","0","","0","0","1","","3","Y","","2","0","0","0","0","0","0","2","0","2","03","98","","N","","","","","","","","","",""
"2024076426","","1","0","0","0","0","0","0","0","0","7","0","","02","9","2024","4","40.266639","-79.890944","","11","0","0","0","0","0","0","0","0","","0","0","0","","","2","","3","","40 15:59.899","","0","79 53:27.400","8","0","0","0","2428","0","0","0","N","0","0","0","3","02105","0","","4.0","","1","N","N","N","0","","0","0","0","","0","","","1","2","2","0","0","2","0","2","0","1","03","03","","N","","","","","","","","","",""
"2024050381","","1","0","0","0","0","0","0","0","0","7","0","","02","6","2024","7","40.566961","-79.795983","","11","0","0","0","0","0","0","0","0","","0","0","0","","","0","","7","","40 34:01.058","1","2","79 47:45.540","0","0","0","0","2206","0","0","0","N","0","0","0","1","02206","0","","2.0","1658.0","1","N","N","N","0","","0","0","0","","2","N","","1","0","0","0","0","0","0","2","0","1","03","03","","N","","","","","","","","","",""
"2024078790","","2","0","0","0","0","0","0","0","0","1","0","","02","9","2024","3","40.446214","-79.827914","","11","0","0","1","0","0","1","1","0","","0","0","0","","","1","N","0","","40 26:46.372","","0","79 49:40.490","3","0","0","0","2113","0","0","0","N","0","0","0","4","02113","0","","1.0","","1","N","N","N","0","","1","0","2","","2","","","4","1","0","0","0","0","0","2","0","4","03","04","","N","","","","","","","","","",""
"2024084938","","0","0","0","0","0","0","0","0","0","6","0","","02","2","2024","3","40.442891","-80.025082","","11","0","0","0","1","0","0","0","0","","0","0","0","","","1","N","0","","40 26:34.408","","0","80 01:30.294","3","0","0","0","2301","0","0","0","N","0","0","0","2","02301","0","","1.0","","1","N","N","N","0","","1","0","0","","0","","","2","1","0","0","0","0","0","2","2","2","03","03","","N","","","","","","","","","",""
"2024073429","","1","0","0","0","0","0","0","0","0","1","1","","02","8","2024","6","40.36806","-80.049309","","11","0","0","0","0","0","0","0","0","","0","1","0","","","0","","2","","40 22:05.017","","0","80 02:57.511","0","0","0","0","2109","0","0","0","N","0","0","0","3","02109","0","","1.0","","1","N","N","N","0","","0","0","1","","0","","","3","0","0","0","0","0","0","2","0","3","03","03","","N","","","","","","","","","",""
"2024068827","","0","0","0","0","0","0","0","0","0","7","0","","02","7","2024","4","40.609403","-79.722272","","11","0","0","0","0","0","1","0","0","","0","0","0","","","0","Y","0","","40 36:33.850","","0","79 43:20.180","0","0","0","0","2106","0","0","0","Y","0","0","0","1","02106","0","","5.0","","1","N","","N","1","","0","0","0","","3","","","1","0","0","0","0","0","0","2","0","1","03","","","N","","","","","","","","","",""