"CRN","ARRIVAL_TM","AUTOMOBILE_COUNT","BELTED_DEATH_COUNT","BELTED_SUSP_SERIOUS_INJ_COUNT","BICYCLE_COUNT","BICYCLE_DEATH_COUNT","BICYCLE_SUSP_SERIOUS_INJ_COUNT","BUS_COUNT","CHLDPAS_DEATH_COUNT","CHLDPAS_SUSP_SERIOUS_INJ_COUNT","COLLISION_TYPE","COMM_VEH_COUNT","CONS_ZONE_SPD_LIM","COUNTY","CRASH_MONTH","CRASH_YEAR","DAY_OF_WEEK","DEC_LATITUDE","DEC_LONGITUDE","DISPATCH_TM","DISTRICT","DRIVER_COUNT_16YR","DRIVER_COUNT_17YR","DRIVER_COUNT_18YR","DRIVER_COUNT_19YR","DRIVER_COUNT_20YR","DRIVER_COUNT_50_64YR","DRIVER_COUNT_65_74YR","DRIVER_COUNT_75PLUS","EST_HRS_CLOSED","FATAL_COUNT","HEAVY_TRUCK_COUNT","HORSE_BUGGY_COUNT","HOUR_OF_DAY","ILLUMINATION","INJURY_COUNT","INTERSECTION_RELATED","INTERSECT_TYPE","LANE_CLOSED","LATITUDE","LN_CLOSE_DIR","LOCATION_TYPE","LONGITUDE","MAX_SEVERITY_LEVEL","MCYCLE_DEATH_COUNT","MCYCLE_SUSP_SERIOUS_INJ_COUNT","MOTORCYCLE_COUNT","MUNICIPALITY","NONMOTR_COUNT","NONMOTR_DEATH_COUNT","NONMOTR_SUSP_SERIOUS_INJ_COUNT","NTFY_HIWY_MAINT","PED_COUNT","PED_DEATH_COUNT","PED_SUSP_SERIOUS_INJ_COUNT","PERSON_COUNT","POLICE_AGCY","POSSIBLE_INJ_COUNT","RDWY_SURF_TYPE_CD","RELATION_TO_ROAD","ROADWAY_CLEARED","ROAD_CONDITION","SCH_BUS_IND","SCH_ZONE_IND","SECONDARY_CRASH","SMALL_TRUCK_COUNT","SPEC_JURIS_CD","SUSP_MINOR_INJ_COUNT","SUSP_SERIOUS_INJ_COUNT","SUV_COUNT","TCD_FUNC_CD","TCD_TYPE","TFC_DETOUR_IND","TIME_OF_DAY","TOTAL_UNITS","TOT_INJ_COUNT","UNBELTED_OCC_COUNT","UNB_DEATH_COUNT","UNB_SUSP_SERIOUS_INJ_COUNT","UNK_INJ_DEG_COUNT","UNK_INJ_PER_COUNT","URBAN_RURAL","VAN_COUNT","VEHICLE_COUNT","WEATHER1","WEATHER2","WORKERS_PRES","WORK_ZONE_IND","WORK_ZONE_LOC","WORK_ZONE_TYPE","WZ_CLOSE_DETOUR","WZ_FLAGGER","WZ_LAW_OFFCR_IND","WZ_LN_CLOSURE","WZ_MOVING","WZ_OTHER","WZ_SHLDER_MDN","WZ_WORKERS_INJ_KILLED"
"2024082117","1747","2","0","0","0","0","0","0","0","0","4","0","","02","9","2024","5","40.406439","-79.829953","1744","11","0","0","0","0","0","0","0","1","","0","0","0","","","2","","1","","40 24:23.179","4","0","79 49:47.832","8","0","0","0","2467","0","0","0","N","0","0","0","2","02467","0","","1.0","1818.0","1","N","N","N","0","","0","0","0","3","2","N","","2","2","1","0","0","2","0","2","0","2","03","03","","N","","","","","","","","","",""
"2024089158","1309","1","0","0","0","0","0","0","0","0","4","0","","02","5","2024","1","40.437781","-79.977697","1304","11","0","0","0","0","0","0","0","0","","0","0","0","","","0","Y","0","","40 26:16.010","1","0","79 58:39.710","0","0","0","0","2301","0","0","0","N","0","0","0","2","02301","0","","1.0","30.0","1","N","N","N","0","","0","0","1","3","3","N","","2","0","0","0","0","0","0","2","0","2","03","","","N","","","","","","","","","",""
"2024089202","1504","1","0","0","0","0","0","0","0","0","5","0","","02","5","2024","4","40.456895","-80.029299","1458","11","0","0","0","0","0","0","0","0","","0","0","0","","","0","N","0","","40 27:24.823","","0","80 01:45.476","0","0","0","0","2301","0","0","0","N","0","0","0","2","02301","0","","1.0","","1","N","N","N","0","","0","0","0","0","0","","","2","0","0","0","0","0","0","2","1","2","03","03","","N","","","","","","","","","",""
"2024083039","2025","1","0","0","1","0","0","0","0","0","8","0","","02","7","2024","2","40.443671","-80.027079","2026","11","0","0","0","0","0","0","0","0","","0","0","0","","","1","N","0","","40 26:37.215","4","0","80 01:37.483","3","0","0","0","2301","1","0","0","N","0","0","0","2","02301","0","","1.0","1500.0","1","N","N","N","0","","1","0","0","0","0","N","","2","1","0","0","0","0","1","2","0","1","03","03","","N","","","","","","","","","",""
"2024088957","1626","0","0","0","0","0","0","0","0","0","1","0","","02","10","2024","3","40.325034","-80.081392","1625","11","0","0","0","0","0","0","1","0","","0","0","0","","","1","Y","0","","40 19:30.123","2","0","80 04:53.011","3","0","0","0","2123","0","0","0","N","0","0","0","5","02123","0","","1.0","1728.0","1","N","N","N","0","","1","0","4","3","2","N","","4","1","0","0","0","0","0","2","0","4","03","03","","N","","","","","","","","","",""
"2024089084","0025","1","0","0","0","0","0","0","0","0","7","0","","02","7","2024","1","40.494311","-80.011398","0013","11","0","0","0","0","0","1","0","0","","0","0","0","","","1","N","0","","40 29:39.520","1","3","80 00:41.031","3","0","0","0","2301","0","0","0","N","0","0","0","1","68B03","0","","3.0","55.0","1","N","N","N","0","","1","0","0","0","0","N","","1","1","0","0","0","0","0","2","0","1","03","03","","N","","","","","","","","","",""
"2024089167","1213","1","0","0","0","0","0","0","0","0","5","1","","02","5","2024","3","40.446218","-80.009478","1159","11","0","0","0","0","0","0","0","0","","0","0","0","","","1","N","0","","40 26:46.386","","0","80 00:34.120","8","0","0","0","2301","0","0","0","N","0","0","0","3","02301","0","","1.0","","1","N","N","N","0","","0","0","0","0","0","","","2","1","1","0","0","1","0","2","1","2","03","","","N","","","","","","","","","",""
"2024083184","2041","0","0","0","0","0","0","0","0","0","6","0","","02","9","2024","2","40.328364","-79.796571","2041","11","0","0","0","0","0","2","0","0","","0","0","0","","","1","N","0","","40 19:42.110","4","0","79 47:47.656","8","0","0","0","2477","0","0","0","N","0","0","0","4","02477","0","","1.0","2130.0","1","N","N","N","1","","0","0","1","0","0","Y","","2","1","0","0","0","1","0","2","0","2","03","","","N","","","","","","","","","",""
"2024082501","0949","2","0","0","0","0","0","0","0","0","1","0","","02","1","2024","2","40.454218","-79.948539","0936","11","0","0","0","0","1","0","0","0","","0","0","0","","","2","","1","","40 27:15.186","3","0","79 56:54.741","8","0","0","0","2301","0","0","0","N","0","0","0","5","02301","0","","1.0","40.0","1","N","N","N","0","","0","0","0","3","2","N","","2","2","0","0","0","2","0","2","0","2","03","","","N","","","","","","","","","",""
"2024085328","0848","1","0","0","0","0","0","0","0","0","6","0","","02","2","2024","6","40.420486","-79.986365","0845","11","0","0","0","1","0","0","0","0","","0","0","0","","","0","","3","","40 25:13.750","2","0","79 59:10.915","0","0","0","0","2301","0","0","0","N","0","0","0","2","02301","0","","1.0","1010.0","1","N","N","Y","0","","0","0","1","0","0","N","","2","0","0","0","0","0","0","2","0","2","03","03","","N","","","","","","","","","",""
"2024089175","1617","0","0","0","0","0","0","0","0","0","5","0","","02","5","2024","7","40.447027","-79.894739","1613","11","0","0","0","0","0","1","0","0","","0","1","0","","","0","N","0","","40 26:49.298","1","0","79 53:41.062","0","0","0","0","2301","0","0","0","N","0","0","0","4","02301","0","","1.0","1700.0","1","N","N","N","0","","0","0","1","3","2","N","","2","0","0","0","0","0","0","2","0","2","03","","","N","","","","","","","","","",""
"2024081823","1302","0","0","0","0","0","0","0","0","0","7","0","","02","9","2024","7","40.451222","-80.108778","1255","11","1","0","0","0","0","0","0","0","","0","0","0","","","1","N","0","","40 27:04.400","7","0","80 06:31.600","8","0","0","0","2126","0","0","0","N","0","0","0","6","02126","0","","2.0","1315.0","9","N","N","N","0","","0","0","2","0","0","N","","2","1","0","0","0","1","0","2","0","2","07","","","N","","","","","","","","","",""
"2024082932","2230","1","0","1","0","0","0","0","0","0","4","0","","02","9","2024","7","40.54964","-79.804692","2229","11","0","0","0","0","0","0","0","0","","0","0","0","","","2","","1","","40 32:58.703","6","0","79 48:16.890","2","0","0","0","2121","0","0","0","N","0","0","0","2","02514","1","","1.0","2329.0","1","N","N","N","0","","0","1","1","3","3","Y","","2","2","0","0","0","0","0","2","0","2","03","","","N","","","","","","","","","",""
"2024089042","1049","0","0","0","0","0","0","0","0","0","1","2","","02","8","2024","5","40.447302","-80.16571","1047","11","0","0","0","0","0","0","0","0","","0","2","0","","","0","","6","","40 26:50.286","","2","80 09:56.557","0","0","0","0","2115","0","0","0","N","0","0","0","2","68B03","0","","1.0","","1","N","N","N","0","","0","0","0","0","0","","","2","0","0","0","0","0","0","2","0","2","03","","","N","","","","","","","","","",""
"2024085253","1700","1","0","0","0","0","0","0","0","0","4","0","","02","9","2024","4","40.388174","-80.010913","1657","11","0","0","0","0","0","1","0","0","","0","0","0","","","1","","1","","40 23:17.426","","0","80 00:39.286","3","0","0","0","2301","0","0","0","N","0","0","0","4","02301","0","","1.0","","1","N","N","N","0","","1","0","1","3","3","","","2","1","0","0","0","0","0","2","0","2","03","","","N","","","","","","","","","",""
"2024084970","0552","1","0","0","0","0","0","0","0","0","4","0","","02","2","2024","6","40.456544","-79.936485","0549","11","0","0","0","0","0","0","1","0","","0","0","0","","","1","","1","","40 27:23.558","7","0","79 56:11.345","3","0","0","0","2301","0","0","0","N","0","0","0","3","02301","0","","1.0","640.0","9","N","N","N","0","","1","0","2","3","2","N","","3","1","0","0","0","0","0","2","0","3","04","","","N","","","","","","","","","",""
"2024088327","1235","1","0","0","0","0","0","0","0","0","4","1","","02","5","2024","6","40.46341","-80.024558","1231","11","0","0","0","0","0","0","0","0","","0","1","0","","","1","","2","","40 27:48.276","","0","80 01:28.410","3","0","0","0","2301","0","0","0","N","0","0","0","2","02301","0","","1.0","","1","N","N","Y","0","","1","0","0","1","3","","","2","1","0","0","0","0","0","2","0","2","03","","","N","","","","","","","","","",""
"2024082597","1644","2","0","0","0","0","0","0","0","0","4","0","","02","1","2024","4","40.470309","-79.908671","1642","11","0","0","0","0","0","1","0","0","","0","0","0","","","0","","2","","40 28:13.111","3","99","79 54:31.217","0","0","0","0","2301","0","0","0","N","0","0","0","2","02301","0","","1.0","1710.0","9","N","N","N","0","","0","0","0","3","2","N","","2","0","0","0","0","0","0","2","0","2","07","","","N","","","","","","","","","",""
"2024085871","1838","1","0","0","0","0","0","0","0","0","4","0","","02","3","2024","1","40.455879","-79.977029","1833","11","0","0","0","0","0","0","0","0","","0","0","0","","","0","","1","","40 27:21.164","","0","79 58:37.304","0","0","0","0","2301","0","0","0","N","0","0","0","2","02301","0","","1.0","","1","N","N","N","0","","0","0","1","3","3","","","2","0","0","0","0","0","0","2","0","2","03","","","N","","","","","","","","","",""
"2024085787","0342","2","0","0","0","0","0","0","0","0","5","0","","02","2","2024","1","40.457656","-79.988979","0322","11","0","0","0","0","0","0","0","0","","0","0","0","","","1","N","0","","40 27:27.563","","0","79 59:20.326","3","0","0","0","2301","0","0","0","N","0","0","0","2","02301","0","","1.0","","1","N","N","N","0","","1","0","0","9","9","","","2","1","0","0","0","0","1","2","0","2","03","03","","N","","","","","","","","","",""
"2024082513","0738","1","0","0","0","0","0","0","0","0","4","0","","02","1","2024","4","40.456591","-79.997633","0723","11","0","0","0","0","0","0","0","0","","0","0","0","","","0","","1","","40 27:23.726","7","0","79 59:51.477","0","0","0","0","2301","0","0","0","N","0","0","0","2","02301","0","","1.0","20.0","9","N","N","N","0","","0","0","1","3","2","N","","2","0","0","0","0","0","0","2","0","2","07","07","","N","","","","","","","","","",""
"2024088373","1133","1","0","0","0","0","0","0","0","0","4","1","","02","5","2024","3","40.42559","-79.926631","1127","11","0","0","0","0","0","1","0","0","","0","1","0","","","1","","1","","40 25:32.124","4","2","79 55:35.871","8","0","0","0","2301","0","0","0","N","0","0","0","4","02301","0","","1.0","1200.0","1","N","N","N","0","","0","0","0","3","3","N","","2","1","0","0","0","1","0","2","0","2","03","","","N","","","","","","","","","",""
"2024087207","0215","1","0","0","0","0","0","0","0","0","7","0","","02","10","2024","1","40.542941","-80.035934","0214","11","0","0","0","0","0","0","0","0","","0","0","0","","","0","N","0","","40 32:34.587","2","0","80 02:09.362","0","0","0","0","2108","0","0","0","N","0","0","0","1","02108","0","","5.0","305.0","1","N","N","N","0","","0","0","0","0","0","N","","1","0","0","0","0","0","0","2","0","1","03","","","N","","","","","","","","","",""
"2024088168","1650","0","0","0","0","0","0","0","0","0","5","0","","02","10","2024","2","40.561374","-79.800657","1632","11","0","0","0","0","0","0","0","0","","0","0","0","","","0","N","0","","40 33:40.945","","0","79 48:02.364","0","0","0","0","2121","0","0","0","N","0","0","0","1","68D02","0","","2.0","","1","N","N","N","0","","0","0","1","0","0","","","2","0","0","0","0","0","0","2","0","2","03","03","","N","","","","","","","","","",""
"2024085852","2234","2","0","0","0","0","0","0","0","0","4","0","","02","3","2024","6","40.451583","-79.953111","2228","11","0","0","0","0","0","1","0","0","","0","0","0","","","0","N","0","","40 27:05.700","4","0","79 57:11.200","0","0","0","0","2301","0","0","0","N","0","0","0","4","02301","0","","1.0","2300.0","9","N","N","N","0","","0","0","0","0","0","N","","2","0","1","0","0","0","0","2","0","2","07","","","N","","","","","","","","","",""
"2024082505","1817","2","0","0","0","0","0","0","0","0","4","0","","02","1","2024","2","40.46363","-79.952869","1754","11","0","0","0","0","0","0","0","0","","0","0","0","","","0","","5","","40 27:49.069","6","0","79 57:10.328","0","0","0","0","2301","0","0","0","N","0","0","0","3","02301","0","","1.0","35.0","1","N","N","N","0","","0","0","0","3","2","N","","2","0","0","0","0","0","0","2","0","2","03","03","","N","","","","","","","","","",""
"2024082171","1728","2","0","0","0","0","0","0","0","0","4","0","","02","7","2024","4","40.455278","-79.966","1716","11","0","1","0","0","0","0","0","1","","0","0","0","","","1","","2","","40 27:19.000","","0","79 57:57.600","4","0","0","0","2301","0","0","0","N","0","0","0","4","02301","1","","1.0","","9","N","N","N","0","","0","0","0","3","3","","","2","1","0","0","0","0","0","2","0","2","07","04","","N","","","","","","","","","",""
"2024082542","1606","1","0","0","0","0","0","0","0","0","6","0","","02","1","2024","1","40.479222","-80.030833","1554","11","0","0","0","0","0","0","0","0","","0","0","0","","","1","N","0","","40 28:45.200","","0","80 01:51.000","4","0","0","0","2301","0","0","0","N","0","0","0","1","02301","1","","1.0","","9","N","N","N","1","","0","0","0","0","0","N","","2","1","0","0","0","0","0","2","0","2","07","","","N","","","","","","","","","",""
"2024082381","1856","2","0","0","0","0","0","0","0","0","4","0","","02","1","2024","6","40.448933","-79.932572","1849","11","0","0","0","0","0","0","0","0","","0","0","0","","","0","","2","","40 26:56.158","","0","79 55:57.259","0","0","0","0","2301","0","0","0","N","0","0","0","2","02301","0","","1.0","","8","N","N","N","0","","0","0","0","0","0","","","2","0","0","0","0","0","0","2","0","2","07","04","","N","","","","","","","","","",""
"2024085842","0142","1","0","0","0","0","0","0","0","0","1","0","","02","3","2024","6","40.46525","-79.932889","0135","11","0","0","0","0","0","0","0","0","","0","0","0","","","0","N","0","","40 27:54.900","4","0","79 55:58.400","0","0","0","0","2301","0","0","0","N","0","0","0","2","02301","0","","6.0","230.0","1","N","N","N","0","","0","0","1","0","0","N","","3","0","0","0","0","0","0","2","0","2","03","","","N","","","","","","","","","",""
"2024083993","0020","1","0","0","0","0","0","0","0","0","7","0","","02","9","2024","1","40.596956","-79.982231","0013","11","0","0","0","0","0","0","0","0","","0","0","0","","","1","N","0","","40 35:49.043","","0","79 58:56.030","3","0","0","0","2207","0","0","0","N","0","0","0","1","02207","0","","5.0","","1","N","N","N","0","","1","0","0","0","0","","","1","1","0","0","0","0","0","2","0","1","03","03","","N","","","","","","","","","",""
"2024082512","0807","1","0","0","0","0","0","0","0","0","1","0","","02","1","2024","2","40.410941","-80.006026","0759","11","0","0","0","0","0","0","0","0","","0","0","0","","","0","N","0","","40 24:39.389","","0","80 00:21.695","0","0","0","0","2301","0","0","0","N","0","0","0","2","02301","0","","1.0","","1","N","N","N","0","","0","0","1","0","0","","","2","0","0","0","0","0","0","2","0","2","03","","","N","","","","","","","","","",""
"2024087470","0646","2","0","0","0","0","0","0","0","0","1","1","","02","3","2024","3","40.454296","-79.994948","0637","11","0","0","0","0","0","1","0","0","","0","1","0","","","0","N","0","","40 27:15.465","","0","79 59:41.814","0","0","0","0","2301","0","0","0","N","0","0","0","4","02301","0","","1.0","","1","N","N","Y","0","","0","0","1","0","0","","","4","0","0","0","0","0","0","2","0","4","03","","","N","","","","","","","","","",""
"2024084956","0312","1","0","0","0","0","0","0","0","0","4","0","","02","2","2024","7","40.459026","-79.874671","0300","11","0","0","0","0","0","0","0","0","","0","0","0","","","0","N","0","","40 27:32.493","4","0","79 52:28.816","9","0","0","0","2301","0","0","0","N","0","0","0","2","02301","0","","1.0","555.0","1","N","N","N","1","","0","0","0","0","0","N","","2","0","0","0","0","0","1","2","0","2","03","","","N","","","","","","","","","",""
"2024084958","0917","0","0","0","0","0","0","0","0","0","7","0","","02","9","2024","7","40.257705","-79.796872","0911","11","0","0","0","0","0","0","0","0","","0","0","0","","","0","N","0","","40 15:27.739","","0","79 47:48.740","0","0","0","0","2105","0","0","0","N","0","0","0","1","02105","0","","5.0","","1","N","N","N","0","","0","0","1","0","0","","","1","0","0","0","0","0","0","1","0","1","03","03","","N","","","","","","","","","",""
"2024083256","1254","0","0","0","0","0","0","1","0","0","99","1","","02","9","2024","3","40.44149","-79.881009","1240","11","0","0","0","0","0","1","0","0","","0","0","0","","","0","N","0","","40 26:29.363","3","0","79 52:51.634","0","0","0","0","2478","0","0","0","N","0","0","0","2","02503","0","","1.0","1358.0","1","N","N","N","0","","0","0","1","0","0","N","","2","0","0","0","0","0","0","2","0","2","04","","","N","","","","","","","","","",""
"2024085818","1335","0","0","0","0","0","0","0","0","0","5","0","","02","2","2024","4","40.426444","-79.965556","1325","11","0","0","0","0","0","0","0","0","","0","0","0","","","0","N","0","","40 25:35.200","","0","79 57:56.000","0","0","0","0","2301","0","0","0","N","0","0","0","2","02301","0","","1.0","","1","N","N","N","0","","0","0","2","0","0","","","2","0","0","0","0","0","0","2","0","2","03","","","N","","","","","","","","","",""
"2024084963","2104","1","0","0","0","0","0","0","0","0","7","0","","02","2","2024","5","40.390138","-79.981797","2047","11","0","0","0","0","0","0","0","0","","0","0","0","","","0","","2","","40 23:24.496","","0","79 58:54.469","0","0","0","0","2301","0","0","0","N","0","0","0","2","02301","0","","5.0","","1","N","N","N","0","","0","0","0","0","0","","","1","0","0","0","0","0","0","2","0","1","03","03","","N","","","","","","","","","",""
"2024085650","0758","2","0","0","0","0","0","0","0","0","4","0","","02","2","2024","4","40.496692","-80.01005","0746","11","0","0","0","0","0","1","0","0","","0","0","0","","","0","N","0","","40 29:48.090","6","0","80 00:36.180","0","0","0","0","2301","0","0","0","N","0","0","0","2","02301","0","","1.0","835.0","9","N","N","N","0","","0","0","0","0","0","N","","2","0","0","0","0","0","0","2","0","2","07","04","","N","","","","","","","","","",""
"2024082490","0729","1","0","0","0","0","0","0","0","0","7","0","","02","1","2024","1","40.438536","-80.005746","0719","11","0","0","0","0","0","0","0","0","","0","0","0","","","0","N","0","","40 26:18.728","","2","80 00:20.686","0","0","0","0","2301","0","0","0","N","0","0","0","1","02301","0","","2.0","","2","N","N","N","0","","0","0","0","0","0","","","1","0","0","0","0","0","0","2","0","1","04","","","N","","","","","","","","","",""
"2024080501","0710","0","0","0","0","0","0","0","0","0","98","0","","02","9","2024","3","40.470327","-79.706467","0639","11","0","0","0","0","0","0","0","0","","0","0","0","","","0","N","0","","40 28:13.176","","0","79 42:23.282","0","0","0","0","2466","0","0","0","N","0","0","0","1","02466","0","","1.0","","1","N","N","N","0","","0","0","1","0","0","","","1","0","0","0","0","0","0","2","0","1","03","03","","N","","","","","","","","","",""
"2024089228","1012","2","0","0","0","0","0","0","0","0","4","0","","02","6","2024","7","40.413609","-79.989683","0949","11","0","0","0","0","0","0","0","0","","0","0","0","","","0","","1","","40 24:48.993","","0","79 59:22.859","9","0","0","0","2301","0","0","0","N","0","0","0","2","02301","0","","1.0","","1","N","N","N","0","","0","0","0","3","3","","","2","0","0","0","0","0","1","2","0","2","03","03","","N","","","","","","","","","",""
"2024085277","2337","1","0","0","0","0","0","0","0","0","4","0","","02","2","2024","7","40.452258","-79.980795","2329","11","0","0","0","0","0","0","0","0","","0","0","0","","","0","","2","","40 27:08.127","","0","79 58:50.861","9","0","0","0","2301","0","0","0","N","0","0","0","2","02301","0","","1.0","","1","N","N","N","0","","0","0","1","0","0","","","2","0","0","0","0","0","1","2","0","2","03","","","N","","","","","","","","","",""
"2024085614","1054","0","0","0","0","0","0","0","0","0","1","0","","02","2","2024","4","40.470711","-79.965133","1043","11","0","0","0","0","0","0","0","0","","0","0","0","","","0","N","0","","40 28:14.560","2","3","79 57:54.480","0","0","0","0","2301","0","0","0","N","0","0","0","2","02301","0","","1.0","1115.0","1","N","N","N","0","","0","0","2","0","0","N","","2","0","0","0","0","0","0","2","0","2","03","03","","N","","","","","","","","","",""
"2024082481","0728","1","0","0","0","0","0","0","0","0","1","0","","02","1","2024","2","40.415242","-80.011961","0712","11","0","0","0","0","0","0","0","0","","0","0","0","","","0","","6","","40 24:54.870","","2","80 00:43.061","0","0","0","0","2301","0","0","0","N","0","0","0","2","02301","0","","7.0","","2","N","N","N","0","","0","0","1","0","0","","","2","0","0","0","0","0","0","2","0","2","03","","","N","","","","","","","","","",""
"2024082598","0847","1","0","0","0","0","0","0","0","0","1","0","","02","1","2024","6","40.460528","-80.013667","0815","11","0","0","0","0","0","0","0","0","","0","0","0","","","0","N","0","","40 27:37.900","","0","80 00:49.200","0","0","0","0","2301","0","0","0","N","0","0","0","2","02301","0","","2.0","","6","N","N","N","1","","0","0","0","0","0","","","2","0","0","0","0","0","0","2","0","2","02","09","","N","","","","","","","","","",""
"2024085622","0011","0","0","0","0","0","0","0","0","0","7","0","","02","2","2024","6","40.45939","-79.96157","0001","11","0","0","0","0","0","0","0","0","","0","0","0","","","0","","2","","40 27:33.805","7","0","79 57:41.652","0","0","0","0","2301","0","0","0","N","0","0","0","1","02301","0","","5.0","130.0","2","N","N","N","0","","0","0","1","0","0","N","","1","0","0","0","0","0","0","2","0","1","10","10","","N","","","","","","","","","",""
"2024081168","1034","0","0","0","0","0","0","0","0","0","0","0","","02","9","2024","1","40.489556","-79.882856","1031","11","0","0","0","0","0","1","0","0","","0","0","0","","","0","N","0","","40 29:22.402","7","0","79 52:58.280","0","0","0","0","2112","0","0","0","N","0","0","0","1","02112","0","","1.0","1100.0","1","N","N","N","0","","0","0","0","0","0","Y","","1","0","0","0","0","0","0","2","1","1","","","","N","","","","","","","","","",""
"2024085631","0003","0","0","0","0","0","0","0","0","0","4","0","","02","2","2024","6","40.425783","-80.019783","2359","11","0","0","0","0","0","0","0","0","","0","0","0","","","0","","1","","40 25:32.817","","0","80 01:11.217","0","0","0","0","2301","0","0","0","N","0","0","0","2","02301","0","","1.0","","1","N","N","N","0","","0","0","2","3","2","","","2","0","1","0","0","0","0","2","0","2","03","03","","N","","","","","","","","","",""
"2024087623","0958","1","0","0","0","0","0","0","0","0","1","0","","02","10","2024","2","40.618062","-79.903593","0953","11","0","0","0","0","0","1","0","0","","0","0","0","","","1","","2","","40 37:05.023","3","0","79 54:12.933","4","0","0","0","2220","0","0","0","N","0","0","0","2","02220","1","","1.0","1030.0","1","N","N","N","1","","0","0","0","0","0","N","","2","1","0","0","0","0","0","1","0","2","03","98","","N","","","","","","","","","",""
"2024085775","1814","0","0","0","0","0","0","0","0","0","1","0","","02","2","2024","4","40.478908","-80.043019","1805","11","0","0","0","0","0","0","0","1","","0","0","0","","","0","","1","","40 28:44.067","","0","80 02:34.868","9","0","0","0","2301","0","0","0","N","0","0","0","2","02301","0","","1.0","","1","N","N","N","0","","0","0","1","0","0","","","2","0","0","0","0","0","1","2","0","2","03","03","","N","","","","","","","","","",""
"2024088371","2126","1","0","0","0","0","0","0","0","0","4","0","","02","5","2024","4","","","2123","11","0","0","0","0","0","1","0","0","","1","0","0","","","1","","2","","40 26:07.6","4","0","79 59:03.9","1","1","0","1","2301","0","0","0","N","0","0","0","3","02301","0","2","1.0","2337.0","1","N","N","N","0","0","1","0","1","3","8","N","","3","1","0","0","0","0","0","2","0","3","04","","","N","","","","","","","","","",""
"2024085707","0946","0","0","0","0","0","0","0","0","0","5","0","","02","2","2024","3","40.452642","-79.910341","0935","11","0","0","0","0","0","0","0","0","","0","0","0","","","0","","2","","40 27:09.512","","0","79 54:37.228","0","0","0","0","2301","0","0","0","N","0","0","0","2","02301","0","","1.0","","1","N","N","N","0","","0","0","1","3","2","","","2","0","0","0","0","0","0","2","1","2","03","","","N","","","","","","","","","",""
"2024088095","1540","1","0","0","0","0","0","0","0","0","4","0","","02","4","2024","3","40.413608","-79.989694","1530","11","0","0","0","0","0","0","0","0","","0","0","0","","","2","Y","0","","40 24:48.990","3","0","79 59:22.900","3","0","0","0","2301","0","0","0","N","0","0","0","5","02301","0","","1.0","30.0","1","N","N","N","0","","1","0","1","3","3","N","","2","2","0","0","0","1","0","2","0","2","03","","","N","","","","","","","","","",""
"2024085704","2026","1","0","0","0","0","0","0","0","0","1","0","","02","2","2024","7","40.396126","-79.998023","2017","11","0","0","1","0","0","1","0","0","","0","0","0","","","0","N","0","","40 23:46.053","","0","79 59:52.883","0","0","0","0","2301","0","0","0","N","0","0","0","2","02301","0","","1.0","","1","N","N","N","0","","0","0","1","3","2","","","2","0","0","0","0","0","0","2","0","2","03","03","","N","","","","","","","","","",""
"2024084953","1812","0","0","0","0","0","0","0","0","0","8","0","","02","2","2024","2","40.465303","-79.914543","1810","11","0","0","0","0","0","0","1","0","","0","0","0","","","1","","1","","40 27:55.090","","0","79 54:52.354","3","0","0","0","2301","1","0","0","N","1","0","0","2","02301","0","","1.0","","1","N","N","N","1","","1","0","0","3","3","","","2","1","0","0","0","0","0","2","0","1","03","","","N","","","","","","","","","",""
"2024089213","0741","1","0","0","0","0","0","0","0","0","1","0","","02","10","2024","5","40.435681","-80.064795","0739","11","0","0","0","0","0","0","0","0","","0","0","0","","","1","N","1","","40 26:08.453","","0","80 03:53.263","4","0","0","0","2421","0","0","0","N","0","0","0","2","02421","1","","1.0","","1","N","N","N","0","","0","0","1","3","2","","","2","1","0","0","0","0","0","2","0","2","03","03","","N","","","","","","","","","",""
"2024085710","1930","1","0","0","0","0","0","0","0","0","4","0","","02","2","2024","3","40.451276","-79.954071","1918","11","0","0","0","0","0","0","0","0","","0","0","0","","","1","","2","","40 27:04.595","4","0","79 57:14.657","8","0","0","0","2301","0","0","0","N","0","0","0","2","02301","0","","1.0","2000.0","1","N","N","N","0","","0","0","1","0","0","N","","2","1","0","0","0","1","0","2","0","2","03","","","N","","","","","","","","","",""
"2024087591","1031","1","0","0","0","0","0","0","0","0","4","0","","02","3","2024","5","40.439718","-79.955918","1027","11","0","0","0","0","0","1","0","0","","0","0","0","","","0","","2","","40 26:22.986","","0","79 57:21.305","0","0","0","0","2301","0","0","0","N","0","0","0","2","02301","0","","6.0","","1","N","N","N","0","","0","0","0","3","3","","","2","0","1","0","0","0","0","2","1","2","03","","","N","","","","","","","","","",""
"2024089056","0538","0","0","0","0","0","0","0","0","0","7","0","","02","9","2024","3","40.497525","-79.866506","0514","11","0","0","0","0","0","0","0","0","","0","0","0","","","0","N","0","","40 29:51.089","","0","79 51:59.423","0","0","0","0","2112","0","0","0","Y","0","0","0","1","68D02","0","","4.0","","99","N","N","N","0","","0","0","1","0","0","","","1","0","1","0","0","0","0","2","0","1","99","","","N","","","","","","","","","",""
"2024085876","2250","1","0","0","0","0","0","0","0","0","5","0","","02","3","2024","2","40.485306","-80.03725","2241","11","0","0","0","0","0","0","0","0","","0","0","0","","","0","N","0","","40 29:07.100","1","0","80 02:14.100","0","0","0","0","2301","0","0","0","N","0","0","0","1","02301","0","","6.0","2315.0","1","N","N","N","0","","0","0","1","0","0","N","","2","0","0","0","0","0","0","2","0","2","03","","","N","","","","","","","","","",""