"CRN","ARRIVAL_TM","AUTOMOBILE_COUNT","BELTED_DEATH_COUNT","BELTED_SUSP_SERIOUS_INJ_COUNT","BICYCLE_COUNT","BICYCLE_DEATH_COUNT","BICYCLE_SUSP_SERIOUS_INJ_COUNT","BUS_COUNT","CHLDPAS_DEATH_COUNT","CHLDPAS_SUSP_SERIOUS_INJ_COUNT","COLLISION_TYPE","COMM_VEH_COUNT","CONS_ZONE_SPD_LIM","COUNTY","CRASH_MONTH","CRASH_YEAR","DAY_OF_WEEK","DEC_LATITUDE","DEC_LONGITUDE","DISPATCH_TM","DISTRICT","DRIVER_COUNT_16YR","DRIVER_COUNT_17YR","DRIVER_COUNT_18YR","DRIVER_COUNT_19YR","DRIVER_COUNT_20YR","DRIVER_COUNT_50_64YR","DRIVER_COUNT_65_74YR","DRIVER_COUNT_75PLUS","EST_HRS_CLOSED","FATAL_COUNT","HEAVY_TRUCK_COUNT","HORSE_BUGGY_COUNT","HOUR_OF_DAY","ILLUMINATION","INJURY_COUNT","INTERSECTION_RELATED","INTERSECT_TYPE","LANE_CLOSED","LATITUDE","LN_CLOSE_DIR","LOCATION_TYPE","LONGITUDE","MAX_SEVERITY_LEVEL","MCYCLE_DEATH_COUNT","MCYCLE_SUSP_SERIOUS_INJ_COUNT","MOTORCYCLE_COUNT","MUNICIPALITY","NONMOTR_COUNT","NONMOTR_DEATH_COUNT","NONMOTR_SUSP_SERIOUS_INJ_COUNT","NTFY_HIWY_MAINT","PED_COUNT","PED_DEATH_COUNT","PED_SUSP_SERIOUS_INJ_COUNT","PERSON_COUNT","POLICE_AGCY","POSSIBLE_INJ_COUNT","RDWY_SURF_TYPE_CD","RELATION_TO_ROAD","ROADWAY_CLEARED","ROAD_CONDITION","SCH_BUS_IND","SCH_ZONE_IND","SECONDARY_CRASH","SMALL_TRUCK_COUNT","SPEC_JURIS_CD","SUSP_MINOR_INJ_COUNT","SUSP_SERIOUS_INJ_COUNT","SUV_COUNT","TCD_FUNC_CD","TCD_TYPE","TFC_DETOUR_IND","TIME_OF_DAY","TOTAL_UNITS","TOT_INJ_COUNT","UNBELTED_OCC_COUNT","UNB_DEATH_COUNT","UNB_SUSP_SERIOUS_INJ_COUNT","UNK_INJ_DEG_COUNT","UNK_INJ_PER_COUNT","URBAN_RURAL","VAN_COUNT","VEHICLE_COUNT","WEATHER1","WEATHER2","WORKERS_PRES","WORK_ZONE_IND","WORK_ZONE_LOC","WORK_ZONE_TYPE","WZ_CLOSE_DETOUR","WZ_FLAGGER","WZ_LAW_OFFCR_IND","WZ_LN_CLOSURE","WZ_MOVING","WZ_OTHER","WZ_SHLDER_MDN","WZ_WORKERS_INJ_KILLED"
"2024081677","2307","1","0","0","0","0","0","0","0","0","0","0","10","02","9","2024","6","40.609191","-79.993552","2303","11","0","0","0","0","0","1","0","0","","0","0","0","","","0","","2","","40 36:33.086","1","0","79 59:36.787","0","0","0","0","2108","0","0","0","N","0","0","0","1","02108","0","","1.0","2345.0","1","N","N","N","0","","0","0","0","","7","N","","1","0","0","0","0","0","0","1","0","1","03","03","Y","Y","4","1","","Y","N","Y","Y","","","N"
"2024083072","1514","0","0","0","0","0","0","0","0","0","4","1","","02","9","2024","3","40.567965","-80.049495","1509","11","0","0","0","0","0","0","0","0","","0","1","0","","","0","","1","","40 34:04.675","1","0","80 02:58.181","0","0","0","0","2108","0","0","0","N","0","0","0","4","02108","0","","1.0","1603.0","1","Y","N","N","0","","0","0","0","","3","N","","2","0","0","0","0","0","0","2","1","2","04","04","","N","","","","","","","","","",""
"2024077790","1834","1","0","0","0","0","0","0","0","0","4","0","","02","9","2024","1","40.541209","-79.779983","1833","11","0","0","0","0","0","1","0","0","","0","0","0","","","1","","1","","40 32:28.351","7","0","79 46:47.940","3","0","0","0","2462","0","0","0","N","0","0","0","2","02462","0","","1.0","1909.0","1","","N","N","0","","1","0","1","","2","N","","2","1","0","0","0","0","0","2","0","2","03","03","","N","","","","","","","","","",""
"2024087743","1654","1","0","0","0","0","0","0","0","0","5","1","","02","4","2024","3","40.441229","-79.994373","1621","11","0","0","0","0","0","2","0","0","","0","1","0","","","0","N","0","","40 26:28.423","2","0","79 59:39.744","0","0","0","0","2301","0","0","0","N","0","0","0","2","02301","0","","1.0","1654.0","1","N","N","N","0","","0","0","0","","0","N","","2","0","0","0","0","0","0","2","0","2","03","03","","N","","","","","","","","","",""
"2024083818","1600","0","0","0","0","0","0","0","0","0","4","0","","02","9","2024","4","40.535691","-79.97054","1556","11","0","0","0","0","0","0","0","0","","0","0","0","","","1","","1","","40 32:08.486","","0","79 58:13.945","3","0","0","0","2118","0","0","0","Y","0","0","0","3","02118","0","","1.0","","1","N","N","N","0","","1","0","2","","2","","","2","1","0","0","0","0","0","2","0","2","03","03","","N","","","","","","","","","",""
"2024081331","1506","1","0","0","0","0","0","0","0","0","7","0","25","02","9","2024","5","40.563726","-79.773851","1456","11","0","0","0","0","0","1","0","0","","0","0","0","","","0","N","0","","40 33:49.415","","3","79 46:25.863","0","0","0","0","2104","0","0","0","N","0","0","0","1","02514","0","","2.0","","1","N","N","N","0","","0","0","0","","2","","","1","0","0","0","0","0","0","2","0","1","03","","Y","Y","4","1","","Y","N","","","","Y","N"
"2024087045","1640","1","0","0","0","0","0","0","0","0","1","0","","02","9","2024","5","40.523833","-80.005492","1636","11","0","0","0","0","0","0","0","0","","0","0","0","","","0","N","0","","40 31:25.797","","0","80 00:19.771","0","0","0","0","2116","0","0","0","N","0","0","0","3","02116","0","","1.0","","1","N","N","N","0","","0","0","2","","0","","","3","0","0","0","0","0","0","2","0","3","03","03","","N","","","","","","","","","",""
"2024085862","0327","0","0","0","0","0","0","0","0","0","7","0","","02","3","2024","1","40.457667","-80.022528","0324","11","0","0","0","0","0","0","0","0","","0","0","0","","","0","N","0","","40 27:27.600","","0","80 01:21.099","0","0","0","0","2301","0","0","0","N","0","0","0","1","02301","0","","4.0","","1","N","N","N","0","","0","0","1","","0","","","1","0","0","0","0","0","0","2","0","1","03","","","N","","","","","","","","","",""
"2024082506","1931","0","0","0","0","0","0","0","0","0","1","0","","02","1","2024","2","40.434283","-79.996661","1913","11","0","0","0","0","0","0","0","0","","0","0","0","","","0","","6","","40 26:03.420","3","2","79 59:47.979","0","0","0","0","2301","0","0","0","N","0","0","0","2","02301","0","","7.0","2000.0","1","N","N","N","0","","0","0","2","","4","N","","2","0","0","0","0","0","0","2","0","2","03","","","N","","","","","","","","","",""
"2024089124","2025","1","0","0","0","0","0","0","0","0","7","0","","02","5","2024","4","40.459884","-79.873728","2016","11","0","0","0","0","0","0","0","0","","0","0","0","","","1","N","0","","40 27:35.582","","0","79 52:25.421","2","0","0","0","2301","0","0","0","N","0","0","0","1","02301","0","","4.0","","1","N","N","N","0","","0","1","0","","0","","","1","1","0","0","0","0","0","2","0","1","03","","","N","","","","","","","","","",""
"2024083309","0808","0","0","0","0","0","0","0","0","0","1","0","","02","6","2024","6","40.418036","-80.05511","0745","11","0","0","0","0","0","0","0","0","","0","0","0","","","0","N","0","","40 25:04.929","4","0","80 03:18.395","0","0","0","0","2435","0","0","0","N","0","0","0","2","68B03","0","","1.0","909.0","1","N","N","N","0","","0","0","2","","0","N","","2","0","0","0","0","0","0","2","0","2","03","","","N","","","","","","","","","",""
"2024082577","1000","0","0","0","0","0","0","0","0","0","7","0","","02","1","2024","3","40.42217","-79.985423","0958","11","0","0","0","0","0","0","0","0","","0","0","0","","","0","","2","","40 25:19.812","","0","79 59:07.522","0","0","0","0","2301","0","0","0","N","0","0","0","1","02301","0","","5.0","","7","N","N","N","0","","0","0","1","","0","","","1","0","0","0","0","0","0","2","0","1","10","10","","N","","","","","","","","","",""
"2024082016","0728","0","0","0","0","0","0","0","0","0","4","0","","02","9","2024","3","40.633507","-80.003968","0718","11","0","0","0","0","0","1","1","0","","0","0","0","","","0","","1","","40 38:00.625","3","0","80 00:14.283","0","0","0","0","2216","0","0","0","N","0","0","0","2","02505","0","","1.0","804.0","1","N","N","N","1","","0","0","1","","2","N","","2","0","0","0","0","0","0","2","0","2","03","03","","N","","","","","","","","","",""
"2024080059","1250","2","0","0","0","0","0","0","0","0","4","0","","02","8","2024","7","40.415088","-80.011322","1237","11","0","0","0","0","0","0","0","0","","0","0","0","","","0","","2","","40 24:54.316","","0","80 00:40.760","0","0","0","0","2301","0","0","0","N","0","0","0","3","02301","0","","1.0","","1","N","N","N","0","","0","0","0","","2","","","2","0","0","0","0","0","0","2","0","2","03","03","","N","","","","","","","","","",""
"2024085364","1845","0","0","0","0","0","0","0","0","0","8","0","","02","2","2024","6","40.385018","-79.994955","1842","11","0","0","0","0","0","0","0","0","","0","0","0","","","1","","2","","40 23:06.065","","0","79 59:41.839","8","0","0","0","2301","1","0","0","N","1","0","0","5","02301","0","","1.0","","9","N","N","N","0","","0","0","1","","2","","","2","1","0","0","0","1","0","2","0","1","07","","","N","","","","","","","","","",""
"2024085890","1709","2","0","0","0","0","0","0","0","0","4","0","","02","3","2024","3","40.440493","-79.960229","1707","11","0","0","0","0","0","1","0","0","","0","0","0","","","0","","1","","40 26:25.775","","0","79 57:36.823","0","0","0","0","2301","0","0","0","N","0","0","0","3","02301","0","","1.0","","1","N","N","N","0","","0","0","0","","2","","","2","0","0","0","0","0","0","2","0","2","03","","","N","","","","","","","","","",""
"2024082367","2335","1","0","0","0","0","0","0","0","0","7","0","","02","1","2024","4","40.386083","-79.991778","2317","11","0","0","0","0","0","0","0","0","","0","0","0","","","0","N","0","","40 23:09.900","4","0","79 59:30.400","0","0","0","0","2301","0","0","0","N","0","0","0","1","02301","0","","5.0","1.0","9","N","N","N","0","","0","0","0","","0","N","","1","0","0","0","0","0","0","2","0","1","04","","","N","","","","","","","","","",""
"2024085716","2357","0","0","0","0","0","0","0","0","0","7","0","","02","2","2024","6","40.483611","-79.944514","2347","11","0","0","0","0","0","0","0","0","","0","0","0","","","0","N","0","","40 29:01.000","","0","79 56:40.250","0","0","0","0","2301","0","0","0","N","0","0","0","2","02301","0","","5.0","","7","N","N","N","0","","0","0","1","","0","","","1","0","0","0","0","0","0","2","0","1","10","10","","N","","","","","","","","","",""
"2024084502","1038","1","0","0","0","0","0","0","0","0","5","0","","02","9","2024","1","40.445972","-80.022286","1038","11","0","0","0","0","0","0","1","0","","0","0","0","","","1","N","0","","40 26:45.500","3","0","80 01:20.230","8","0","0","0","2301","0","0","0","N","0","0","0","5","02301","0","","1.0","1138.0","1","N","N","N","0","","0","0","1","","0","N","","2","1","0","0","0","1","0","2","0","2","03","","","N","","","","","","","","","",""
"2024085892","1628","0","0","0","0","0","0","0","0","0","8","0","","02","3","2024","3","40.443111","-79.981111","1625","11","0","0","0","0","0","1","0","0","","0","0","0","","","2","N","0","","40 26:35.200","","0","79 58:52.000","8","0","0","0","2301","2","0","0","N","2","0","0","3","02301","0","","1.0","","1","N","N","N","0","","0","0","1","","8","","","3","2","0","0","0","2","0","2","0","1","03","","","N","","","","","","","","","",""
"2024087976","0546","0","0","0","0","0","0","0","0","0","4","0","","02","9","2024","5","40.362373","-79.826135","0542","11","0","0","0","0","0","1","0","0","","0","0","0","","","1","","1","","40 21:44.541","2","0","79 49:34.085","8","0","0","0","2111","0","0","0","N","0","0","0","3","02111","0","","1.0","620.0","1","N","N","N","0","","0","0","1","","2","N","","2","1","0","0","0","1","0","2","1","2","03","03","","N","","","","","","","","","",""
"2024081064","2034","2","0","0","0","0","0","0","0","0","4","0","","02","9","2024","7","40.436894","-79.977757","2027","11","0","0","0","0","0","0","0","0","","0","0","0","","","0","","1","","40 26:12.819","","0","79 58:39.925","0","0","0","0","2301","0","0","0","N","0","0","0","2","02301","0","","1.0","","1","N","N","N","0","","0","0","0","","3","","","2","0","0","0","0","0","0","2","0","2","03","","","N","","","","","","","","","",""
"2024083287","0932","1","0","0","0","0","0","0","0","0","7","0","","02","9","2024","2","40.56778","-79.798003","0914","11","0","0","0","0","0","1","0","0","","0","0","0","","","0","N","0","","40 34:04.008","1","0","79 47:52.809","9","0","0","0","2206","0","0","0","N","0","0","0","1","68D02","0","","4.0","1023.0","1","N","N","N","0","","0","0","0","","0","N","","1","0","0","0","0","0","1","2","0","1","03","03","","N","","","","","","","","","",""
"2024079643","1432","0","0","0","0","0","0","0","0","0","7","0","","02","9","2024","7","40.386","-79.823306","1429","11","0","0","0","0","0","0","0","0","","0","0","0","","","0","N","0","","40 23:09.600","","7","79 49:23.900","0","0","0","0","2111","0","0","0","N","0","0","0","1","02111","0","","6.0","","1","N","N","N","0","","0","0","1","","0","","","1","0","0","0","0","0","0","2","0","1","03","03","","N","","","","","","","","","",""
"2024088383","0925","0","0","0","0","0","0","0","0","0","8","1","","02","5","2024","6","40.443669","-79.995245","0918","11","0","0","0","0","0","0","0","0","","0","1","0","","","1","","1","","40 26:37.208","","0","79 59:42.883","3","0","0","0","2301","1","0","0","N","1","0","0","3","02301","0","","1.0","","1","N","N","N","0","","1","0","0","","2","","","2","1","0","0","0","0","0","2","0","1","04","","","N","","","","","","","","","",""
"2024079056","1708","1","0","0","0","0","0","0","0","0","1","0","","02","9","2024","4","40.445961","-79.988229","1622","11","0","0","0","0","0","0","0","0","","0","0","0","","","3","N","0","","40 26:45.459","4","0","79 59:17.623","4","0","0","0","2301","0","0","0","N","0","0","0","4","02301","3","","1.0","1830.0","1","N","N","N","1","","0","0","1","","0","N","","3","3","0","0","0","0","0","2","0","3","03","","","N","","","","","","","","","",""
"2024083987","1611","3","0","0","0","0","0","0","0","0","1","0","","02","9","2024","3","40.436013","-79.999653","1606","11","0","0","0","0","0","0","0","0","","0","0","0","","","0","N","0","","40 26:09.647","","2","79 59:58.752","0","0","0","0","2301","0","0","0","N","0","0","0","3","02301","0","","1.0","","1","N","N","N","0","","0","0","0","","0","","","3","0","0","0","0","0","0","2","0","3","03","","","N","","","","","","","","","",""
"2024089043","1832","0","0","0","0","0","0","0","0","0","1","0","","02","8","2024","4","40.406171","-80.107544","1826","11","0","0","0","0","0","0","1","0","","0","0","0","","","0","N","0","","40 24:22.217","","0","80 06:27.158","0","0","0","0","2102","0","0","0","N","0","0","0","2","68B03","0","","1.0","","1","N","N","Y","0","","0","0","2","","0","","","2","0","0","0","0","0","0","2","0","2","03","","","N","","","","","","","","","",""
"2024082253","1316","2","0","0","0","0","0","0","0","0","2","0","","02","9","2024","3","40.43306","-80.028534","1306","11","0","0","0","0","0","0","0","0","","0","0","0","","","0","","3","","40 25:59.015","1","0","80 01:42.722","0","0","0","0","2301","0","0","0","N","0","0","0","1","02301","0","","5.0","1357.0","1","N","N","N","1","","0","0","1","","0","N","","5","0","0","0","0","0","0","2","1","5","04","","","N","","","","","","","","","",""
"2024085726","2135","0","0","0","0","0","0","0","0","0","4","0","","02","2","2024","6","40.484222","-79.907838","2130","11","0","0","1","0","0","0","0","0","","0","0","0","","","2","","3","","40 29:03.199","5","0","79 54:28.216","2","0","0","0","2301","0","0","0","N","0","0","0","2","02301","1","","1.0","2300.0","7","N","N","N","1","","0","1","1","","0","N","","2","2","0","0","0","0","0","2","0","2","10","10","","N","","","","","","","","","",""
"2024083055","0050","1","0","0","0","0","0","0","0","0","7","0","","02","2","2024","5","40.434775","-80.05031","0042","11","0","0","0","0","0","0","0","0","","0","0","0","","","1","N","0","","40 26:05.191","5","0","80 03:01.115","3","0","0","0","2301","0","0","0","N","0","0","0","1","02301","0","","4.0","200.0","1","N","N","N","0","","1","0","0","","0","N","","1","1","0","0","0","0","0","2","0","1","03","03","","N","","","","","","","","","",""
"2024063509","1013","0","0","0","0","0","0","0","0","0","5","1","","02","7","2024","5","40.419463","-79.882659","1013","11","0","0","0","0","0","0","0","0","","0","1","0","","","0","","2","","40 25:10.065","1","0","79 52:57.574","0","0","0","0","2463","0","0","0","N","0","0","0","7","02463","0","","1.0","1050.0","1","N","N","N","0","","0","0","1","","0","Y","","2","0","0","0","0","0","0","2","0","2","03","03","","N","","","","","","","","","",""
"2024085758","1815","1","0","0","0","0","0","0","0","0","7","0","","02","2","2024","7","40.381531","-79.997934","1804","11","0","0","0","0","0","0","0","0","","0","0","0","","","0","N","0","","40 22:53.511","3","0","79 59:52.561","0","0","0","0","2301","0","0","0","N","0","0","0","1","02301","0","","4.0","1900.0","1","N","N","N","0","","0","0","0","","0","N","","2","0","0","0","0","0","0","2","0","1","03","","","N","","","","","","","","","",""
"2024082532","1333","1","0","0","0","0","0","0","0","0","7","0","","02","1","2024","6","40.453581","-79.877821","1304","11","0","0","0","0","0","1","0","0","","0","0","0","","","0","","2","","40 27:12.891","6","0","79 52:40.155","0","0","0","0","2301","0","0","0","N","0","0","0","1","02301","0","","4.0","1500.0","99","N","N","N","0","","0","0","0","","0","N","","1","0","0","0","0","0","0","2","0","1","99","","","N","","","","","","","","","",""
"2024086454","1715","0","0","0","0","0","0","0","0","0","4","0","","02","10","2024","5","40.455155","-80.136297","1712","11","0","0","0","0","0","1","0","0","","0","0","0","","","0","N","2","","40 27:18.557","","0","80 08:10.668","0","0","0","0","2115","0","0","0","N","0","0","0","3","02115","0","","1.0","","1","N","N","N","1","","0","0","1","","3","","","2","0","0","0","0","0","0","2","0","2","03","","","N","","","","","","","","","",""
"2024086034","9999","0","0","0","0","0","0","0","0","0","7","0","","02","2","2024","1","40.473012","-80.038535","0504","11","0","0","0","0","0","0","0","0","","0","0","0","","","1","N","0","","40 28:22.843","","0","80 02:18.726","3","0","0","0","2301","0","0","0","N","0","0","0","1","02301","0","","4.0","","1","N","N","N","0","","1","0","1","","0","","","1","1","0","0","0","0","0","2","0","1","03","","","N","","","","","","","","","",""
"2024076965","0759","1","0","0","0","0","0","0","0","0","4","0","","02","9","2024","5","40.449197","-79.901322","0749","11","0","0","0","0","0","0","0","0","","0","0","0","","","0","","1","","40 26:57.109","4","0","79 54:04.759","0","0","0","0","2301","0","0","0","N","0","0","0","4","02301","0","","1.0","845.0","1","N","N","N","0","","0","0","1","","2","N","","2","0","0","0","0","0","0","2","0","2","03","03","","N","","","","","","","","","",""
"2024082448","1354","1","0","0","0","0","0","0","0","0","5","1","","02","1","2024","4","40.441309","-80.031071","1343","11","0","0","0","0","0","1","0","0","","0","1","0","","","0","N","0","","40 26:28.712","","0","80 01:51.856","0","0","0","0","2301","0","0","0","N","0","0","0","3","02301","0","","1.0","","1","N","N","N","0","","0","0","0","","0","","","2","0","0","0","0","0","0","2","0","2","03","03","","N","","","","","","","","","",""
"2024079081","0450","0","0","0","1","1","0","0","0","0","8","0","","02","8","2024","5","40.538571","-79.962409","0450","11","0","0","0","0","0","1","0","0","","1","0","0","","","0","","1","","40 32:18.856","1","0","79 57:44.674","1","0","0","0","2118","1","1","0","N","0","0","0","2","02501","0","2","1.0","800.0","1","N","N","N","1","0","0","0","0","","2","Y","","2","0","0","0","0","0","0","2","0","1","03","03","","N","","","","","","","","","",""
"2024083928","1647","1","0","0","0","0","0","0","0","0","7","0","","02","9","2024","6","40.529931","-80.233388","1643","11","0","0","0","0","0","0","0","0","","0","0","0","","","0","N","0","","40 31:47.753","","0","80 14:00.198","9","0","0","0","2213","0","0","0","N","0","0","0","1","02213","0","","4.0","","1","N","N","N","0","","0","0","0","","0","","","1","0","1","0","0","0","1","2","0","1","03","03","","N","","","","","","","","","",""
"2024089045","0943","1","0","0","0","0","0","0","0","0","7","0","","02","8","2024","6","40.35633","-80.11828","0813","11","0","0","0","0","0","0","0","0","","0","0","0","","","0","N","0","","40 21:22.789","","0","80 07:05.807","0","0","0","0","2119","0","0","0","N","0","0","0","3","68B03","0","","1.0","","1","N","N","N","0","","0","0","0","","0","","","1","0","0","0","0","0","0","2","0","1","03","","","N","","","","","","","","","",""
"2024082497","0533","1","0","0","0","0","0","0","0","0","6","0","","02","9","2024","7","40.335829","-79.846511","0531","11","0","0","0","0","0","0","0","0","","0","0","0","","","1","N","1","","40 20:08.984","","0","79 50:47.439","3","0","0","0","2304","0","0","0","N","0","0","0","1","02304","0","","4.0","","1","N","N","N","0","","1","0","0","","0","","","2","1","1","0","0","0","0","2","1","2","03","03","","N","","","","","","","","","",""
"2024083266","0753","0","0","0","0","0","0","0","0","0","0","0","","02","8","2024","3","40.507089","-80.038692","0728","11","0","0","0","0","0","1","0","0","","0","0","0","","","1","N","0","","40 30:25.520","","0","80 02:19.290","2","0","1","1","2116","0","0","0","N","0","0","0","1","68B03","0","","1.0","","1","N","N","N","0","","0","1","0","","0","","","1","1","0","0","0","0","0","2","0","1","03","","","N","","","","","","","","","",""
"2024082605","0825","1","0","0","0","0","0","0","0","0","4","0","","02","1","2024","2","40.452642","-79.910341","0818","11","0","0","0","0","0","1","1","0","","0","0","0","","","1","","1","","40 27:09.512","4","0","79 54:37.228","3","0","0","0","2301","0","0","0","N","0","0","0","2","02301","0","","1.0","855.0","1","N","N","N","0","","1","0","1","","2","N","","2","1","0","0","0","0","0","2","0","2","03","","","N","","","","","","","","","",""
"2024083027","0715","1","0","0","0","0","0","0","0","0","4","0","","02","9","2024","3","40.499667","-80.225861","0708","11","0","0","0","0","0","1","0","0","","0","0","0","","","1","N","0","","40 29:58.800","","0","80 13:33.100","3","0","0","0","2213","0","0","0","N","0","0","0","2","02501","0","","1.0","","9","","","N","1","","1","0","0","","0","","","2","1","0","0","0","0","0","2","0","2","07","04","","N","","","","","","","","","",""
"2024077711","1639","1","0","0","0","0","0","0","0","0","7","0","","02","9","2024","7","40.595693","-80.146254","1638","11","0","1","0","0","0","0","0","0","","0","0","0","","","0","N","0","","40 35:44.495","3","0","80 08:46.514","0","0","0","0","2480","0","0","0","N","0","0","0","2","02480","0","","4.0","1745.0","1","N","N","N","0","","0","0","0","","0","N","","1","0","0","0","0","0","0","1","0","1","03","","","N","","","","","","","","","",""
"2024083414","0920","1","0","0","0","0","0","0","0","0","1","1","","02","9","2024","3","40.43563","-79.968839","0920","11","0","0","0","0","0","0","0","1","","0","1","0","","","0","Y","0","","40 26:08.269","","2","79 58:07.820","0","0","0","0","2301","0","0","0","N","0","0","0","2","02301","0","","1.0","","1","N","N","N","0","","0","0","0","","0","","","3","0","0","0","0","0","0","2","0","2","03","","","N","","","","","","","","","",""
"2024082965","0746","0","0","0","0","0","0","0","0","0","7","0","","02","9","2024","3","40.435855","-79.96495","0721","11","0","0","0","0","0","0","0","0","","0","0","0","","","0","N","0","","40 26:09.078","","3","79 57:53.819","0","0","0","0","2301","0","0","0","N","0","0","0","1","02301","0","","3.0","","9","N","N","N","0","","0","0","1","","0","","","1","0","0","0","0","0","0","2","0","1","07","","","N","","","","","","","","","",""
"2024082369","0847","1","0","0","0","0","0","0","0","0","4","0","","02","1","2024","5","40.397889","-80.026389","0835","11","0","0","0","0","0","1","0","0","","0","0","0","","","2","","3","","40 23:52.400","1","0","80 01:35.000","8","0","0","0","2301","0","0","0","N","0","0","0","2","02301","0","","1.0","910.0","1","N","N","Y","0","","0","0","1","","0","N","","2","2","0","0","0","2","0","2","0","2","03","","","N","","","","","","","","","",""
"2024083031","2159","2","0","0","0","0","0","0","0","0","4","0","","02","9","2024","5","40.41752","-80.02991","2154","11","0","0","0","0","0","0","0","1","","0","0","0","","","0","N","0","","40 25:03.071","","7","80 01:47.675","0","0","0","0","2301","0","0","0","N","0","0","0","2","02301","0","","1.0","","1","N","N","N","0","","0","0","0","","0","","","2","0","0","0","0","0","0","2","0","2","03","","","N","","","","","","","","","",""
"2024084947","0820","1","0","0","0","0","0","0","0","0","7","0","","02","2","2024","7","40.449399","-79.982419","0815","11","0","0","0","0","0","0","0","0","","0","0","0","","","1","N","0","","40 26:57.836","4","0","79 58:56.710","3","0","0","0","2301","0","0","0","N","0","0","0","2","02301","0","","4.0","900.0","9","N","N","N","0","","1","0","0","","0","N","","1","1","0","0","0","0","0","2","0","1","04","","","N","","","","","","","","","",""
"2024082494","1950","1","0","0","0","0","0","0","0","0","4","0","","02","1","2024","7","40.442879","-80.025052","1943","11","0","0","0","0","0","1","0","0","","0","0","0","","","1","N","0","","40 26:34.365","4","7","80 01:30.187","8","0","0","0","2301","0","0","0","N","0","0","0","4","02301","0","","1.0","2010.0","1","N","N","N","0","","0","0","1","","0","N","","2","1","0","0","0","1","0","2","0","2","03","","","N","","","","","","","","","",""
"2024083398","1917","0","0","0","0","0","0","0","0","0","0","0","","02","9","2024","3","40.436592","-79.972717","1905","11","0","0","0","0","0","0","0","0","","0","0","0","","","0","N","0","","40 26:11.732","","1","79 58:21.781","0","0","0","0","2301","0","0","0","N","0","0","0","1","02301","0","","1.0","","1","N","N","N","0","","0","0","1","","0","","","1","0","0","0","0","0","0","2","0","1","03","","","N","","","","","","","","","",""
"2024082612","0851","0","0","0","0","0","0","0","0","0","7","0","","02","9","2024","1","40.394469","-79.997344","0843","11","0","0","0","0","0","1","0","0","","0","0","0","","","0","","2","","40 23:40.087","","7","79 59:50.439","0","0","0","0","2301","0","0","0","N","0","0","0","1","02301","0","","4.0","","1","N","N","N","0","","0","0","1","","2","","","2","0","0","0","0","0","0","2","0","1","03","","","N","","","","","","","","","",""
"2024081532","1329","0","0","0","0","0","0","0","0","0","5","0","","02","9","2024","3","40.454973","-80.170116","1329","11","0","0","0","0","0","0","1","0","","0","0","0","","","1","N","0","","40 27:17.903","4","0","80 10:12.417","8","0","0","1","2115","0","0","0","N","0","0","0","2","02115","0","","1.0","1404.0","1","N","N","N","0","","0","0","1","","2","N","","2","1","0","0","0","1","0","2","0","2","03","03","","N","","","","","","","","","",""
"2024076985","1806","0","0","0","0","0","0","0","0","0","4","0","","02","9","2024","5","40.477806","-79.759129","1801","11","0","0","0","0","0","1","0","0","","0","0","0","","","2","","3","","40 28:40.100","6","0","79 45:32.863","3","0","0","0","2466","0","0","0","N","0","0","0","4","02466","0","","1.0","1844.0","1","N","N","N","0","","2","0","2","","3","N","","2","2","0","0","0","0","0","2","0","2","03","03","","N","","","","","","","","","",""
"2024078710","1409","1","0","0","0","0","0","0","0","0","4","0","","02","9","2024","3","40.437061","-79.992617","1409","11","0","0","0","0","1","0","0","0","","0","0","0","","","1","","1","","40 26:13.420","7","0","79 59:33.422","3","0","0","0","2301","0","0","0","N","0","0","0","2","02508","0","","1.0","1521.0","1","N","N","N","0","","1","0","1","","3","N","","2","1","0","0","0","0","0","2","0","2","03","03","","N","","","","","","","","","",""
"2024082327","1920","2","0","0","0","0","0","0","0","0","1","0","","02","1","2024","6","40.444232","-80.028216","1919","11","0","0","0","0","0","0","0","0","","0","0","0","","","1","","1","","40 26:39.234","1","0","80 01:41.577","4","0","0","0","2301","0","0","0","N","0","0","0","4","02301","1","","1.0","1955.0","1","N","N","N","0","","0","0","1","","2","N","","3","1","0","0","0","0","0","2","0","3","03","","","N","","","","","","","","","",""
"2024081266","1743","0","0","0","0","0","0","0","0","0","7","0","","02","9","2024","6","40.344472","-79.883611","1743","11","0","0","0","0","0","1","0","0","","0","0","0","","","1","N","0","","40 20:40.100","6","0","79 53:01.000","8","0","0","0","2304","0","0","0","N","0","0","0","1","02304","0","","2.0","1753.0","1","N","N","N","0","","0","0","1","","0","Y","","1","1","0","0","0","1","0","2","0","1","03","03","","N","","","","","","","","","",""
"2024082325","1651","0","0","0","0","0","0","0","0","0","4","0","","02","1","2024","6","40.456793","-79.998781","1650","11","0","0","0","0","0","0","0","0","","0","0","0","","","1","","1","","40 27:24.455","2","0","79 59:55.613","4","0","0","0","2301","0","0","0","N","0","0","0","2","02301","1","","1.0","1730.0","1","N","N","N","0","","0","0","2","","2","N","","2","1","0","0","0","0","0","2","0","2","03","","","N","","","","","","","","","",""
"2024078590","1646","1","0","0","0","0","0","0","0","0","4","0","","02","9","2024","5","40.505808","-80.223128","1644","11","0","0","0","0","0","1","0","0","","0","0","0","","","1","","3","","40 30:20.909","2","0","80 13:23.260","3","0","0","0","2213","0","0","0","N","0","0","0","3","02213","0","","1.0","1720.0","1","N","N","N","1","","1","0","0","","0","N","","2","1","0","0","0","0","0","2","0","2","03","","","N","","","","","","","","","",""