"CRN","ARRIVAL_TM","AUTOMOBILE_COUNT","BELTED_DEATH_COUNT","BELTED_SUSP_SERIOUS_INJ_COUNT","BICYCLE_COUNT","BICYCLE_DEATH_COUNT","BICYCLE_SUSP_SERIOUS_INJ_COUNT","BUS_COUNT","CHLDPAS_DEATH_COUNT","CHLDPAS_SUSP_SERIOUS_INJ_COUNT","COLLISION_TYPE","COMM_VEH_COUNT","CONS_ZONE_SPD_LIM","COUNTY","CRASH_MONTH","CRASH_YEAR","DAY_OF_WEEK","DEC_LATITUDE","DEC_LONGITUDE","DISPATCH_TM","DISTRICT","DRIVER_COUNT_16YR","DRIVER_COUNT_17YR","DRIVER_COUNT_18YR","DRIVER_COUNT_19YR","DRIVER_COUNT_20YR","DRIVER_COUNT_50_64YR","DRIVER_COUNT_65_74YR","DRIVER_COUNT_75PLUS","EST_HRS_CLOSED","FATAL_COUNT","HEAVY_TRUCK_COUNT","HORSE_BUGGY_COUNT","HOUR_OF_DAY","ILLUMINATION","INJURY_COUNT","INTERSECTION_RELATED","INTERSECT_TYPE","LANE_CLOSED","LATITUDE","LN_CLOSE_DIR","LOCATION_TYPE","LONGITUDE","MAX_SEVERITY_LEVEL","MCYCLE_DEATH_COUNT","MCYCLE_SUSP_SERIOUS_INJ_COUNT","MOTORCYCLE_COUNT","MUNICIPALITY","NONMOTR_COUNT","NONMOTR_DEATH_COUNT","NONMOTR_SUSP_SERIOUS_INJ_COUNT","NTFY_HIWY_MAINT","PED_COUNT","PED_DEATH_COUNT","PED_SUSP_SERIOUS_INJ_COUNT","PERSON_COUNT","POLICE_AGCY","POSSIBLE_INJ_COUNT","RDWY_SURF_TYPE_CD","RELATION_TO_ROAD","ROADWAY_CLEARED","ROAD_CONDITION","SCH_BUS_IND","SCH_ZONE_IND","SECONDARY_CRASH","SMALL_TRUCK_COUNT","SPEC_JURIS_CD","SUSP_MINOR_INJ_COUNT","SUSP_SERIOUS_INJ_COUNT","SUV_COUNT","TCD_FUNC_CD","TCD_TYPE","TFC_DETOUR_IND","TIME_OF_DAY","TOTAL_UNITS","TOT_INJ_COUNT","UNBELTED_OCC_COUNT","UNB_DEATH_COUNT","UNB_SUSP_SERIOUS_INJ_COUNT","UNK_INJ_DEG_COUNT","UNK_INJ_PER_COUNT","URBAN_RURAL","VAN_COUNT","VEHICLE_COUNT","WEATHER1","WEATHER2","WORKERS_PRES","WORK_ZONE_IND","WORK_ZONE_LOC","WORK_ZONE_TYPE","WZ_CLOSE_DETOUR","WZ_FLAGGER","WZ_LAW_OFFCR_IND","WZ_LN_CLOSURE","WZ_MOVING","WZ_OTHER","WZ_SHLDER_MDN","WZ_WORKERS_INJ_KILLED"
"2024083033","0244","1","0","0","0","0","0","0","0","0","7","0","","02","9","2024","1","40.451161","-80.07171","0240","11","0","0","0","0","0","0","0","0","","0","0","0","","","0","","11","","40 27:04.181","","0","80 04:18.156","0","0","0","0","2301","0","0","0","N","0","0","0","1","02301","0","","4.0","","1","N","N","N","0","","0","0","0","","0","","","1","0","0","0","0","0","0","2","0","1","03","","","N","","","","","","","","","",""
"2024084239","0151","0","0","0","0","0","0","0","0","0","5","0","","02","9","2024","1","40.454406","-80.024417","0147","11","0","0","0","0","0","1","0","0","","0","0","0","","","0","N","0","","40 27:15.860","","0","80 01:27.900","0","0","0","0","2301","0","0","0","N","0","0","0","1","02301","0","","6.0","","1","N","N","N","0","","0","0","2","","0","","","2","0","0","0","0","0","0","2","0","2","03","03","","N","","","","","","","","","",""
"2024082527","2014","2","0","0","0","0","0","0","0","0","4","0","","02","1","2024","5","40.449701","-79.986071","2011","11","0","0","0","0","0","0","0","0","","0","0","0","","","0","","1","","40 26:58.924","6","0","79 59:09.856","0","0","0","0","2301","0","0","0","N","0","0","0","2","02301","0","","1.0","2030.0","9","N","N","N","0","","0","0","0","","3","N","","2","0","0","0","0","0","0","2","0","2","07","","","N","","","","","","","","","",""
"2024081566","0930","0","0","0","0","0","0","0","0","0","7","1","","02","1","2024","2","40.467691","-79.928149","0850","11","0","0","0","0","0","0","0","0","","0","1","0","","","0","","1","","40 28:03.686","1","0","79 55:41.337","0","0","0","0","2301","0","0","0","N","0","0","0","1","02301","0","","4.0","1100.0","1","N","N","N","0","","0","0","0","","2","N","","1","0","0","0","0","0","0","2","0","1","03","","","N","","","","","","","","","",""
"2024081847","2243","1","0","0","0","0","0","0","0","0","5","0","","02","9","2024","6","40.472778","-79.929514","2230","11","0","0","0","0","0","0","0","0","","0","0","0","","","0","N","0","","40 28:22.000","4","0","79 55:46.250","0","0","0","0","2301","0","0","0","N","0","0","0","3","02301","0","","6.0","0.0","1","N","N","N","0","","0","0","2","","0","N","","3","0","1","0","0","0","0","2","0","3","03","03","","N","","","","","","","","","",""
"2024085641","2123","1","0","0","0","0","0","0","0","0","4","0","","02","2","2024","6","40.407103","-79.991946","2120","11","0","0","0","0","0","0","0","0","","0","0","0","","","1","N","0","","40 24:25.570","5","0","79 59:31.006","4","0","0","0","2301","0","0","0","N","0","0","0","2","02301","1","","1.0","2200.0","1","N","N","N","0","","0","0","1","","0","N","","2","1","0","0","0","0","0","2","0","2","03","03","","N","","","","","","","","","",""
"2024082422","0228","1","0","0","0","0","0","0","0","0","4","0","","02","1","2024","3","40.421543","-79.984409","0223","11","0","0","0","0","0","0","0","0","","0","0","0","","","0","","3","","40 25:17.554","5","0","79 59:03.873","0","0","0","0","2301","0","0","0","N","0","0","0","2","02301","0","","4.0","330.0","7","N","N","N","0","","0","0","1","","0","N","","2","0","0","0","0","0","0","2","0","2","10","09","","N","","","","","","","","","",""
"2024082606","2104","1","0","0","0","0","0","0","0","0","7","0","","02","9","2024","1","40.369494","-79.828971","2104","11","0","0","0","0","0","0","0","0","","0","0","0","","","0","N","0","","40 22:10.180","5","0","79 49:44.297","0","0","0","0","2111","0","0","0","N","0","0","0","1","02111","0","","4.0","2141.0","1","N","N","N","0","","0","0","0","","0","Y","","1","0","0","0","0","0","0","2","0","1","03","03","","N","","","","","","","","","",""
"2024082345","0202","1","0","0","0","0","0","0","0","0","5","0","","02","1","2024","2","40.419417","-80.025056","0202","11","0","0","0","0","0","0","0","0","","0","0","0","","","0","N","0","","40 25:09.900","","0","80 01:30.200","0","0","0","0","2301","0","0","0","N","0","0","0","2","02301","0","","6.0","","1","N","N","N","1","","0","0","0","","3","","","2","0","0","0","0","0","0","2","0","2","03","","","N","","","","","","","","","",""
"2024082530","0937","1","0","0","0","0","0","0","0","0","6","0","","02","1","2024","6","40.459716","-79.939818","0925","11","0","0","0","0","0","0","0","0","","0","0","0","","","0","N","0","","40 27:34.979","","0","79 56:23.343","0","0","0","0","2301","0","0","0","N","0","0","0","3","02301","0","","1.0","","1","N","N","N","0","","0","0","0","","0","","","2","0","0","0","0","0","0","2","1","2","03","","","N","","","","","","","","","",""
"2024083315","0838","2","0","0","0","0","0","0","0","0","1","1","","02","7","2024","6","40.62704","-80.096794","0831","11","0","1","1","0","0","1","0","0","","0","1","0","","","0","N","0","","40 37:37.344","1","0","80 05:48.458","0","0","0","0","2212","0","0","0","N","0","0","0","5","68B03","0","","1.0","928.0","1","N","N","Y","0","","0","0","2","","0","N","","5","0","0","0","0","0","0","2","0","5","03","","","N","","","","","","","","","",""
"2024081933","2103","0","0","0","0","0","0","0","0","0","4","0","","02","9","2024","7","40.375313","-80.098309","2058","11","0","0","1","0","0","0","0","0","","0","0","0","","","2","N","0","","40 22:31.126","4","7","80 05:53.914","2","0","1","1","2102","0","0","0","N","0","0","0","3","02102","0","","1.0","2149.0","1","N","N","N","0","","1","1","1","","0","Y","","2","2","1","0","0","0","0","2","0","2","03","03","","N","","","","","","","","","",""
"2024082565","0827","0","0","0","0","0","0","0","0","0","7","0","","02","1","2024","3","40.428192","-79.996783","0827","11","0","0","0","0","0","0","0","0","","0","0","0","","","0","N","0","","40 25:41.490","","0","79 59:48.420","0","0","0","0","2301","0","0","0","N","0","0","0","1","02301","0","","1.0","","6","N","N","N","0","","0","0","1","","0","","","1","0","0","0","0","0","0","2","0","1","10","","","N","","","","","","","","","",""
"2024077759","1328","1","0","0","0","0","0","0","0","0","4","0","","02","9","2024","5","40.348669","-79.940503","1328","11","0","0","0","0","0","0","1","0","","0","0","0","","","0","N","0","","40 20:55.208","","7","79 56:25.812","0","0","0","0","2473","0","0","0","N","0","0","0","3","02473","0","","1.0","","1","N","N","N","0","","0","0","1","","0","","","2","0","0","0","0","0","0","2","0","2","03","","","N","","","","","","","","","",""
"2024081359","1406","1","0","0","0","0","0","0","0","0","4","0","","02","9","2024","2","40.342678","-80.015927","1358","11","0","0","0","0","0","0","0","0","","0","0","0","","","0","","2","","40 20:33.640","2","0","80 00:57.338","0","0","0","0","2407","0","0","0","N","0","0","0","2","02407","0","","1.0","1447.0","1","N","N","N","0","","0","0","0","","3","N","","2","0","0","0","0","0","0","2","1","2","03","03","","N","","","","","","","","","",""
"2024081846","2201","0","0","0","0","0","0","0","0","0","4","0","","02","9","2024","6","40.475502","-79.92899","2152","11","0","0","0","0","0","0","0","0","","0","0","0","","","0","","2","","40 28:31.807","4","0","79 55:44.365","0","0","0","0","2301","0","0","0","N","0","0","0","2","02301","0","","6.0","2300.0","1","N","N","N","0","","0","0","2","","3","N","","2","0","0","0","0","0","0","2","0","2","03","03","","N","","","","","","","","","",""
"2024080851","0944","0","0","0","0","0","0","0","0","0","1","1","","02","9","2024","4","40.538665","-79.830396","0940","11","0","0","0","0","0","1","1","0","","0","1","0","","","0","N","2","","40 32:19.195","","0","79 49:49.424","0","0","0","0","2208","0","0","0","N","0","0","0","2","02208","0","","1.0","","1","N","N","N","0","","0","0","1","","2","N","","2","0","0","0","0","0","0","2","0","2","03","03","","N","","","","","","","","","",""
"2024082552","0858","0","0","0","0","0","0","0","0","0","1","0","","02","1","2024","4","40.455714","-79.96607","0853","11","0","0","0","0","0","0","0","0","","0","0","0","","","0","","5","","40 27:20.571","2","3","79 57:57.853","0","0","0","0","2301","0","0","0","N","0","0","0","6","02301","0","","1.0","938.0","1","N","N","N","0","","0","0","3","","2","N","","3","0","0","0","0","0","0","2","0","3","04","","","N","","","","","","","","","",""
"2024081824","1312","1","0","0","0","0","0","0","0","0","7","0","","02","9","2024","7","40.451588","-79.798877","1302","11","0","0","0","0","0","0","0","1","","0","0","0","","","0","N","0","","40 27:05.716","2","0","79 47:55.958","0","0","0","0","2113","0","0","0","N","0","0","0","1","02113","0","","4.0","1409.0","1","N","N","N","0","","0","0","0","","0","N","","1","0","0","0","0","0","0","2","0","1","","","","N","","","","","","","","","",""
"2024082339","1731","1","0","0","0","0","0","0","0","0","7","0","","02","1","2024","7","40.443778","-79.97475","1724","11","0","1","0","0","0","0","0","0","","0","0","0","","","0","N","0","","40 26:37.600","","0","79 58:29.100","0","0","0","0","2301","0","0","0","N","0","0","0","2","02301","0","","4.0","","7","N","N","N","0","","0","0","0","","0","","","1","0","0","0","0","0","0","2","0","1","10","","","N","","","","","","","","","",""
"2024083042","0637","0","0","0","0","0","0","0","0","0","7","0","","02","6","2024","3","40.454548","-80.054079","0631","11","0","0","0","0","0","0","0","0","","0","0","0","","","0","N","0","","40 27:16.372","","0","80 03:14.684","0","0","0","0","2301","0","0","0","N","0","0","0","1","02301","0","","5.0","","1","N","N","N","0","","0","0","1","","0","","","1","0","0","0","0","0","0","2","0","1","03","03","","N","","","","","","","","","",""
"2024079912","1709","0","0","0","0","0","0","0","0","0","4","0","","02","9","2024","6","40.409031","-80.086296","1706","11","0","0","0","0","0","0","1","1","","0","0","0","","","1","","1","","40 24:32.513","","0","80 05:10.664","8","0","0","0","2415","0","0","0","N","0","0","0","2","02415","0","","1.0","","1","N","N","Y","1","","0","0","2","","2","","","3","1","0","0","0","1","0","2","0","3","03","","","N","","","","","","","","","",""
"2024077558","0632","1","0","0","0","0","0","0","0","0","7","0","","02","9","2024","1","40.446066","-79.851055","0629","11","0","0","0","0","0","0","0","0","","0","0","0","","","0","N","0","","40 26:45.838","","0","79 51:03.798","9","0","0","0","2419","0","0","0","N","0","0","0","1","02419","0","","4.0","","1","N","N","N","0","","0","0","0","","0","","","1","0","0","0","0","0","1","2","0","1","03","","","N","","","","","","","","","",""
"2024082312","1232","1","0","0","0","0","0","0","0","0","7","0","","02","1","2024","4","40.431147","-80.010609","1227","11","0","0","0","0","0","1","0","0","","0","0","0","","","0","","1","","40 25:52.130","","0","80 00:38.193","0","0","0","0","2301","0","0","0","N","0","0","0","1","02301","0","","4.0","","1","N","N","N","0","","0","0","0","","3","","","1","0","0","0","0","0","0","2","0","1","03","","","N","","","","","","","","","",""
"2024082333","1304","1","0","0","0","0","0","0","0","0","7","0","","02","1","2024","7","40.387028","-80.002167","1237","11","0","0","0","0","0","0","0","0","","0","0","0","","","0","","1","","40 23:13.300","","0","80 00:07.800","0","0","0","0","2301","0","0","0","N","0","0","0","1","02301","0","","4.0","","7","N","N","N","0","","0","0","0","","0","","","1","0","0","0","0","0","0","2","0","1","10","","","N","","","","","","","","","",""
"2024080103","1802","1","0","0","0","0","0","0","0","0","1","0","","02","9","2024","6","40.408908","-79.87685","1746","11","0","0","0","0","0","1","0","0","","0","0","0","","","1","N","0","","40 24:32.068","","3","79 52:36.659","3","0","0","0","2456","0","0","0","N","0","0","0","2","02515","0","","1.0","","1","N","N","N","1","","1","0","0","","0","N","","2","1","1","0","0","0","0","2","0","2","03","","","N","","","","","","","","","",""
"2024083310","1632","1","0","0","0","0","0","0","0","0","7","0","","02","6","2024","1","40.536071","-80.076595","1608","11","0","0","1","0","0","0","0","0","","0","0","0","","","1","N","0","","40 32:09.856","","0","80 04:35.742","8","0","0","0","2215","0","0","0","N","0","0","0","2","68B03","0","","4.0","","1","N","N","N","0","","0","0","0","","0","","","1","1","0","0","0","1","0","2","0","1","03","","","N","","","","","","","","","",""
"2024083581","2158","1","0","0","0","0","0","0","0","0","2","0","","02","9","2024","4","40.602811","-80.049858","2144","11","0","0","0","0","0","0","0","0","","0","0","0","","","0","","1","","40 36:10.120","2","0","80 02:59.489","0","0","0","0","2108","0","0","0","Y","0","0","0","3","02108","0","","1.0","2230.0","1","N","N","N","0","","0","0","1","","2","Y","","2","0","0","0","0","0","0","2","0","2","03","03","","N","","","","","","","","","",""
"2024082570","1729","0","0","0","0","0","0","0","0","0","7","0","","02","1","2024","6","40.438722","-79.94625","1725","11","0","0","0","0","0","0","0","0","","0","0","0","","","0","N","0","","40 26:19.400","","0","79 56:46.500","0","0","0","0","2301","0","0","0","N","0","0","0","1","02301","0","","5.0","","1","N","N","N","0","","0","0","1","","3","","","1","0","0","0","0","0","0","2","0","1","04","04","","N","","","","","","","","","",""
"2024080713","2155","2","0","0","0","0","0","0","0","0","4","0","","02","9","2024","3","40.613174","-79.956169","2150","11","0","1","1","0","0","0","0","0","","0","0","0","","","1","","3","","40 36:47.428","4","0","79 57:22.209","3","0","0","0","2207","0","0","0","Y","0","0","0","2","02207","0","","1.0","2310.0","1","N","N","N","0","","1","0","0","","0","Y","","2","1","0","0","0","0","0","2","0","2","03","03","","N","","","","","","","","","",""
"2024084078","1828","1","0","0","0","0","0","0","0","0","7","0","","02","9","2024","5","40.365792","-80.047217","1827","11","0","1","0","0","0","0","0","0","","0","0","0","","","1","N","0","","40 21:56.850","","0","80 02:49.980","3","0","0","0","2109","0","0","0","N","0","0","0","1","02109","0","","2.0","","1","N","N","N","0","","1","0","0","","0","","","1","1","0","0","0","0","0","2","0","1","03","03","","N","","","","","","","","","",""
"2024085792","2052","2","0","0","0","0","0","0","0","0","5","0","","02","2","2024","1","40.481521","-80.046055","2034","11","0","0","0","1","0","0","0","0","","0","0","0","","","0","N","0","","40 28:53.476","1","0","80 02:45.798","0","0","0","0","2301","0","0","0","N","0","0","0","2","02301","0","","1.0","2125.0","1","N","N","N","0","","0","0","0","","0","N","","2","0","0","0","0","0","0","2","0","2","03","03","","N","","","","","","","","","",""
"2024080815","1430","2","0","0","0","0","0","0","0","0","1","0","","02","9","2024","1","40.355674","-79.825824","1424","11","0","0","0","0","0","1","0","0","","0","0","0","","","4","N","0","","40 21:20.426","6","0","79 49:32.966","8","0","0","0","2477","0","0","0","N","0","0","0","4","02477","0","","1.0","1459.0","1","N","N","N","0","","0","0","0","","0","N","","2","4","0","0","0","4","0","2","0","2","03","","","N","","","","","","","","","",""
"2024082335","1331","0","0","0","0","0","0","0","0","0","7","0","","02","1","2024","7","40.45575","-79.881694","1254","11","0","0","0","0","0","0","0","0","","0","0","0","","","0","","2","","40 27:20.700","","0","79 52:54.100","0","0","0","0","2301","0","0","0","N","0","0","0","1","02301","0","","4.0","","2","N","N","N","0","","0","0","1","","0","","","1","0","0","0","0","0","0","2","0","1","10","","","N","","","","","","","","","",""
"2024079188","1938","2","0","0","0","0","0","0","0","0","7","0","","02","9","2024","5","40.378293","-79.980387","1936","11","0","0","0","0","0","0","0","0","","0","0","0","","","0","N","1","","40 22:41.854","5","0","79 58:49.394","0","0","0","0","2413","0","0","0","N","0","0","0","1","02413","0","","2.0","2035.0","1","N","N","N","0","","0","0","0","","0","Y","","2","0","0","0","0","0","0","2","0","2","03","03","","N","","","","","","","","","",""
"2024082330","1235","3","0","0","0","0","0","0","0","0","1","0","","02","1","2024","7","40.449833","-79.929639","1228","11","0","0","0","0","0","0","0","0","","0","0","0","","","2","","1","","40 26:59.400","5","0","79 55:46.700","8","0","0","0","2301","0","0","0","N","0","0","0","3","02301","0","","1.0","1515.0","7","N","N","Y","0","","0","0","0","","2","N","","3","2","0","0","0","2","1","2","0","3","10","","","N","","","","","","","","","",""
"2024082452","1226","0","0","0","0","0","0","0","0","0","4","0","","02","1","2024","5","40.44925","-79.901436","1217","11","0","0","0","0","0","1","0","1","","0","0","0","","","1","","1","","40 26:57.300","6","0","79 54:05.169","3","0","0","0","2301","0","0","0","N","0","0","0","3","02301","0","","1.0","1317.0","1","N","N","N","0","","1","0","0","","2","N","","2","1","0","0","0","0","0","2","2","2","03","03","","N","","","","","","","","","",""
"2024082323","1622","0","0","0","0","0","0","0","0","0","4","0","","02","1","2024","6","40.459204","-79.970699","1602","11","0","0","0","0","0","1","0","0","","0","0","0","","","0","","2","","40 27:33.135","3","7","79 58:14.516","0","0","0","0","2301","0","0","0","N","0","0","0","2","02301","0","","1.0","1700.0","1","N","N","N","0","","0","0","1","","2","N","","2","0","0","0","0","0","0","2","1","2","03","03","","N","","","","","","","","","",""
"2024080007","2247","1","0","0","0","0","0","0","0","0","4","1","","02","9","2024","7","40.426794","-80.030914","2232","11","0","0","0","0","0","1","1","0","","0","1","0","","","0","N","0","","40 25:36.459","4","0","80 01:51.290","0","0","0","0","2301","0","0","0","N","0","0","0","3","68B03","0","","1.0","30.0","1","N","N","N","1","","0","0","0","","8","N","","3","0","0","0","0","0","0","2","0","3","03","03","","N","","","","","","","","","",""
"2024081804","0729","0","0","0","0","0","0","0","0","0","7","0","25","02","9","2024","5","40.352808","-80.104514","0726","11","0","0","0","0","0","0","0","0","","0","0","0","","","1","N","0","","40 21:10.110","5","0","80 06:16.250","8","0","0","0","2414","0","0","0","N","0","0","0","1","02414","0","","5.0","918.0","1","N","N","N","1","","0","0","0","","0","Y","","1","1","0","0","0","1","0","2","0","1","03","","Y","Y","1","2","N","Y","N","Y","N","N","N","N"
"2024082854","1128","2","0","0","0","0","0","0","0","0","4","0","","02","9","2024","2","40.435684","-79.786842","1125","11","0","0","0","0","0","0","0","0","","0","0","0","","","0","N","0","","40 26:08.463","4","7","79 47:12.632","0","0","0","0","2446","0","0","0","N","0","0","0","3","02446","0","","1.0","1150.0","1","N","N","N","0","","0","0","0","","0","N","","2","0","0","0","0","0","0","2","0","2","03","03","","N","","","","","","","","","",""
"2024085748","1540","2","0","0","0","0","0","0","0","0","4","0","","02","2","2024","6","40.452127","-79.92348","1533","11","0","0","0","0","0","0","0","0","","0","0","0","","","0","N","0","","40 27:07.658","3","0","79 55:24.528","0","0","0","0","2301","0","0","0","N","0","0","0","3","02301","0","","1.0","1611.0","1","N","N","N","0","","0","0","1","","2","N","","3","0","0","0","0","0","0","2","0","3","04","","","N","","","","","","","","","",""
"2024082204","0754","1","0","0","0","0","0","0","0","0","4","1","55","02","9","2024","4","40.44165","-79.827541","0718","11","0","0","0","0","0","1","0","0","","0","1","0","","","1","N","0","","40 26:29.939","","7","79 49:39.147","3","0","0","0","2124","0","0","0","N","0","0","0","3","68B03","0","","1.0","","1","N","N","N","0","","1","0","0","","0","","","2","1","1","0","0","0","0","2","0","2","03","","Y","Y","4","1","N","N","N","Y","N","N","Y","N"
"2024082307","1353","1","0","0","0","0","0","0","0","0","4","0","","02","1","2024","2","40.465954","-79.953549","1348","11","0","0","0","0","0","1","0","1","","0","0","0","","","1","","1","","40 27:57.435","7","0","79 57:12.777","8","0","0","0","2301","0","0","0","N","0","0","0","2","02301","0","","1.0","1415.0","1","N","N","N","0","","0","0","1","","2","N","","2","1","0","0","0","1","0","2","0","2","03","03","","N","","","","","","","","","",""
"2024084973","0234","1","0","0","0","0","0","0","0","0","7","0","","02","2","2024","1","40.391968","-79.990586","0229","11","0","0","0","0","0","0","0","0","","0","0","0","","","0","N","0","","40 23:31.084","5","0","79 59:26.111","9","0","0","0","2301","0","0","0","N","0","0","0","2","02301","0","","5.0","800.0","1","N","N","N","0","","0","0","0","","0","N","","1","0","1","0","0","0","1","2","0","1","03","03","","N","","","","","","","","","",""
"2024081410","1916","1","0","0","0","0","0","0","0","0","7","0","","02","8","2024","2","40.645262","-79.938098","1902","11","0","0","0","0","0","0","0","0","","0","0","0","","","1","N","2","","40 38:42.944","1","0","79 56:17.152","3","0","0","0","2217","0","0","0","N","0","0","0","1","02505","0","","2.0","1938.0","1","N","N","N","0","","1","0","0","","0","N","","1","1","0","0","0","0","0","2","0","1","03","","","N","","","","","","","","","",""
"2024082555","1000","0","0","0","0","0","0","0","0","0","0","0","","02","1","2024","2","40.404278","-79.976083","0955","11","0","0","0","0","0","1","0","0","","0","0","0","","","0","N","0","","40 24:15.400","","0","79 58:33.900","0","0","0","0","2301","0","0","0","N","0","0","0","1","02301","0","","1.0","","1","N","N","N","1","","0","0","0","","0","","","1","0","0","0","0","0","0","2","0","1","03","03","","N","","","","","","","","","",""
"2024085360","2214","1","0","0","0","0","0","0","0","0","7","0","","02","2","2024","4","40.434333","-80.027592","2202","11","0","0","0","0","0","1","0","0","","0","0","0","","","0","N","0","","40 26:03.600","","0","80 01:39.330","0","0","0","0","2301","0","0","0","Y","0","0","0","1","02301","0","","5.0","","1","N","N","N","0","","0","0","0","","0","","","1","0","0","0","0","0","0","2","0","1","03","03","","N","","","","","","","","","",""
"2024082630","1513","2","0","0","0","0","0","0","0","0","4","0","","02","9","2024","2","40.584886","-79.827559","1500","11","0","0","0","0","0","1","0","0","","0","0","0","","","0","N","0","","40 35:05.588","2","7","79 49:39.211","0","0","0","0","2209","0","0","0","N","0","0","0","4","02209","0","","1.0","1559.0","1","N","N","N","0","","0","0","0","","0","N","","2","0","0","0","0","0","0","2","0","2","03","03","","N","","","","","","","","","",""
"2024077238","1045","1","0","0","0","0","0","0","0","0","4","0","","02","9","2024","6","40.449801","-79.827044","1039","11","0","0","0","0","0","0","1","0","","0","0","0","","","0","","2","","40 26:59.284","","0","79 49:37.359","9","0","0","0","2113","0","0","0","N","0","0","0","2","02113","0","","1.0","","1","N","N","N","0","","0","0","1","","3","","","2","0","0","0","0","0","1","2","0","2","03","","","N","","","","","","","","","",""
"2024081527","1255","2","0","0","0","0","0","0","0","0","1","0","","02","9","2024","5","40.341778","-79.828083","1244","11","0","0","0","0","0","1","0","0","","0","0","0","","","0","N","0","","40 20:30.400","1","7","79 49:41.100","0","0","0","0","2304","0","0","0","N","0","0","0","2","02304","0","","1.0","1316.0","1","N","N","N","0","","0","0","0","","0","N","","2","0","0","0","0","0","0","2","0","2","03","03","","N","","","","","","","","","",""
"2024083392","0934","2","0","0","0","0","0","0","0","0","4","0","","02","9","2024","3","40.449","-79.951837","0909","11","0","0","0","0","0","0","0","0","","0","0","0","","","0","","1","","40 26:56.401","3","0","79 57:06.614","0","0","0","0","2301","0","0","0","N","0","0","0","2","02301","0","","1.0","950.0","1","N","N","N","0","","0","0","0","","3","N","","2","0","0","0","0","0","0","2","0","2","03","","","N","","","","","","","","","",""
"2024082096","1120","1","0","0","0","0","0","0","0","0","4","0","","02","9","2024","2","40.490511","-79.877739","1118","11","0","0","0","0","0","0","0","1","","0","0","0","","","1","","6","","40 29:25.841","1","8","79 52:39.861","3","0","0","0","2112","0","0","0","N","0","0","0","3","68D02","0","","1.0","1157.0","1","N","N","N","0","","1","0","1","","0","N","","2","1","0","0","0","0","0","2","0","2","03","","","N","","","","","","","","","",""
"2024085695","0913","0","0","0","0","0","0","0","0","0","1","0","","02","2","2024","6","40.456198","-79.991291","0819","11","0","0","0","0","0","0","0","0","","0","0","0","","","0","N","0","","40 27:22.312","","2","79 59:28.646","0","0","0","0","2301","0","0","0","N","0","0","0","3","02301","0","","1.0","","1","N","N","Y","0","","0","0","3","","0","","","3","0","0","0","0","0","0","2","0","3","03","03","","N","","","","","","","","","",""
"2024082457","1810","0","0","0","0","0","0","0","0","0","8","0","","02","1","2024","5","40.434715","-80.013073","1806","11","0","0","0","0","0","0","0","0","","0","0","0","","","2","N","0","","40 26:04.975","","0","80 00:47.062","8","0","0","0","2301","2","0","0","N","2","0","0","3","02301","0","","1.0","","1","N","N","N","0","","0","0","0","","0","","","2","2","0","0","0","2","0","2","0","1","03","03","","N","","","","","","","","","",""
"2024079264","1314","1","0","0","0","0","0","0","0","0","5","0","","02","9","2024","7","40.426041","-79.870592","1310","11","0","0","0","0","0","0","0","0","","0","0","0","","","1","N","0","","40 25:33.746","6","0","79 52:14.132","3","0","0","0","2431","0","0","0","N","0","0","0","2","02431","0","","4.0","1345.0","1","N","N","N","0","","1","0","1","","0","N","","2","1","1","0","0","0","0","2","0","2","03","","","N","","","","","","","","","",""
"2024082428","0836","3","0","0","0","0","0","0","0","0","1","0","","02","1","2024","3","40.455231","-79.966007","0830","11","0","0","0","0","0","1","0","0","","0","0","0","","","0","","2","","40 27:18.833","","0","79 57:57.626","9","0","0","0","2301","0","0","0","N","0","0","0","3","02301","0","","1.0","","2","N","N","N","0","","0","0","0","","0","","","3","0","0","0","0","0","1","2","0","3","10","10","","N","","","","","","","","","",""
"2024080679","2024","1","0","0","0","0","0","0","0","0","4","0","","02","9","2024","3","40.61001","-80.053373","2021","11","0","0","1","0","0","0","0","0","","0","0","0","","","0","","1","","40 36:36.035","","0","80 03:12.143","0","0","0","0","2108","0","0","0","N","0","0","0","3","02108","0","","1.0","","1","N","N","N","1","","0","0","1","","2","","","3","0","0","0","0","0","0","2","0","3","03","","","N","","","","","","","","","",""
"2024085320","1344","1","0","0","0","0","0","0","0","0","1","0","","02","2","2024","7","40.459884","-79.907172","1343","11","0","0","0","0","0","0","0","0","","0","0","0","","","1","Y","0","","40 27:35.584","","0","79 54:25.818","3","0","0","0","2301","0","0","0","N","0","0","0","3","02301","0","","1.0","","1","N","N","N","0","","1","0","1","","0","","","2","1","0","0","0","0","0","2","0","2","03","03","","N","","","","","","","","","",""
"2024085770","1342","0","0","0","0","0","0","0","0","0","4","1","","02","2","2024","4","40.4384","-79.95775","1325","11","0","0","0","0","0","1","0","0","","0","1","0","","","0","","1","","40 26:18.239","","0","79 57:27.899","0","0","0","0","2301","0","0","0","N","0","0","0","2","02301","0","","4.0","","1","N","N","N","0","","0","0","0","","0","","","2","0","0","0","0","0","0","2","1","2","03","","","N","","","","","","","","","",""