"CRN","ARRIVAL_TM","AUTOMOBILE_COUNT","BELTED_DEATH_COUNT","BELTED_SUSP_SERIOUS_INJ_COUNT","BICYCLE_COUNT","BICYCLE_DEATH_COUNT","BICYCLE_SUSP_SERIOUS_INJ_COUNT","BUS_COUNT","CHLDPAS_DEATH_COUNT","CHLDPAS_SUSP_SERIOUS_INJ_COUNT","COLLISION_TYPE","COMM_VEH_COUNT","CONS_ZONE_SPD_LIM","COUNTY","CRASH_MONTH","CRASH_YEAR","DAY_OF_WEEK","DEC_LATITUDE","DEC_LONGITUDE","DISPATCH_TM","DISTRICT","DRIVER_COUNT_16YR","DRIVER_COUNT_17YR","DRIVER_COUNT_18YR","DRIVER_COUNT_19YR","DRIVER_COUNT_20YR","DRIVER_COUNT_50_64YR","DRIVER_COUNT_65_74YR","DRIVER_COUNT_75PLUS","EST_HRS_CLOSED","FATAL_COUNT","HEAVY_TRUCK_COUNT","HORSE_BUGGY_COUNT","HOUR_OF_DAY","ILLUMINATION","INJURY_COUNT","INTERSECTION_RELATED","INTERSECT_TYPE","LANE_CLOSED","LATITUDE","LN_CLOSE_DIR","LOCATION_TYPE","LONGITUDE","MAX_SEVERITY_LEVEL","MCYCLE_DEATH_COUNT","MCYCLE_SUSP_SERIOUS_INJ_COUNT","MOTORCYCLE_COUNT","MUNICIPALITY","NONMOTR_COUNT","NONMOTR_DEATH_COUNT","NONMOTR_SUSP_SERIOUS_INJ_COUNT","NTFY_HIWY_MAINT","PED_COUNT","PED_DEATH_COUNT","PED_SUSP_SERIOUS_INJ_COUNT","PERSON_COUNT","POLICE_AGCY","POSSIBLE_INJ_COUNT","RDWY_SURF_TYPE_CD","RELATION_TO_ROAD","ROADWAY_CLEARED","ROAD_CONDITION","SCH_BUS_IND","SCH_ZONE_IND","SECONDARY_CRASH","SMALL_TRUCK_COUNT","SPEC_JURIS_CD","SUSP_MINOR_INJ_COUNT","SUSP_SERIOUS_INJ_COUNT","SUV_COUNT","TCD_FUNC_CD","TCD_TYPE","TFC_DETOUR_IND","TIME_OF_DAY","TOTAL_UNITS","TOT_INJ_COUNT","UNBELTED_OCC_COUNT","UNB_DEATH_COUNT","UNB_SUSP_SERIOUS_INJ_COUNT","UNK_INJ_DEG_COUNT","UNK_INJ_PER_COUNT","URBAN_RURAL","VAN_COUNT","VEHICLE_COUNT","WEATHER1","WEATHER2","WORKERS_PRES","WORK_ZONE_IND","WORK_ZONE_LOC","WORK_ZONE_TYPE","WZ_CLOSE_DETOUR","WZ_FLAGGER","WZ_LAW_OFFCR_IND","WZ_LN_CLOSURE","WZ_MOVING","WZ_OTHER","WZ_SHLDER_MDN","WZ_WORKERS_INJ_KILLED"
"2024082385","2257","0","0","0","0","0","0","0","0","0","7","0","","02","1","2024","6","40.42725","-79.994333","2253","11","0","0","0","0","0","0","0","0","","0","0","0","","","0","N","0","","40 25:38.100","","0","79 59:39.600","0","0","0","0","2301","0","0","0","N","0","0","0","1","02301","0","","4.0","","1","N","N","N","0","","0","0","1","","0","","","1","0","0","0","0","0","0","2","0","1","03","","","N","","","","","","","","","",""
"2024080324","2313","1","0","0","0","0","0","0","0","0","7","0","","02","9","2024","2","40.475801","-80.057196","2310","11","0","0","0","0","0","0","0","0","","0","0","0","","","0","Y","0","","40 28:32.883","6","8","80 03:25.905","0","0","0","0","2122","0","0","0","N","0","0","0","1","02122","0","","7.0","2338.0","1","N","N","N","0","","0","0","0","","0","N","","1","0","0","0","0","0","0","2","0","1","03","03","","N","","","","","","","","","",""
"2024082304","2251","1","0","0","0","0","0","0","0","0","1","0","","02","9","2024","7","40.395774","-80.033054","2244","11","0","0","0","0","0","0","0","0","","1","0","0","","","0","","3","","40 23:44.788","7","0","80 01:58.994","1","1","0","1","2422","0","0","0","N","0","0","0","5","02501","0","2","1.0","150.0","1","N","N","Y","0","0","0","0","0","","2","Y","","2","0","0","0","0","0","0","2","0","2","03","03","","N","","","","","","","","","",""
"2024074321","1243","0","0","0","0","0","0","0","0","0","8","0","","02","8","2024","3","40.3075","-79.889417","1241","11","0","0","0","0","0","0","0","0","","0","0","0","","","1","N","0","","40 18:27.000","","0","79 53:21.900","8","0","0","0","2302","1","0","0","N","1","0","0","1","02302","0","","1.0","","1","N","N","N","0","","0","0","0","","0","","","2","1","0","0","0","1","0","2","1","1","03","","","N","","","","","","","","","",""
"2024077789","1155","0","0","0","0","0","0","0","0","0","7","0","","02","7","2024","1","40.456428","-79.761798","1148","11","0","0","0","0","0","0","0","0","","0","0","0","","","0","N","0","","40 27:23.139","","0","79 45:42.473","0","0","0","0","2446","0","0","0","N","0","0","0","1","02446","0","","4.0","","1","N","N","N","0","","0","0","1","","0","","","1","0","1","0","0","0","0","2","0","1","03","03","","N","","","","","","","","","",""
"2024082492","2235","0","0","0","0","0","0","0","0","0","1","0","","02","1","2024","7","40.436121","-79.968018","2227","11","0","0","0","0","0","0","0","0","","0","0","0","","","0","","6","","40 26:10.036","4","2","79 58:04.865","0","0","0","0","2301","0","0","0","N","0","0","0","4","02301","0","","7.0","2315.0","6","N","N","N","0","","0","0","2","","4","N","","2","0","0","0","0","0","0","2","0","2","98","04","","N","","","","","","","","","",""
"2024082424","0308","1","0","0","0","0","0","0","0","0","0","0","","02","1","2024","3","40.453899","-79.995428","0242","11","0","0","0","0","0","0","0","0","","0","0","0","","","0","","7","","40 27:14.036","","8","79 59:43.539","9","0","0","0","2301","0","0","0","N","0","0","0","1","02301","0","","1.0","","6","N","N","N","0","","0","0","0","","0","","","1","0","0","0","0","0","1","2","0","1","10","09","","N","","","","","","","","","",""
"2024082421","2325","0","0","0","0","0","0","0","0","0","1","0","","02","1","2024","2","40.382084","-79.995843","2312","11","0","0","0","0","0","1","0","0","","0","0","0","","","0","N","0","","40 22:55.503","","0","79 59:45.034","0","0","0","0","2301","0","0","0","N","0","0","0","2","02301","0","","1.0","","6","N","N","N","1","","0","0","1","","2","","","2","0","0","0","0","0","0","2","0","2","02","09","","N","","","","","","","","","",""
"2024076761","0650","1","0","0","0","0","0","0","0","0","98","0","","02","9","2024","5","40.577674","-80.026777","0642","11","0","0","0","0","0","1","0","0","","0","0","0","","","1","N","0","","40 34:39.625","2","0","80 01:36.396","4","0","0","0","2108","0","0","0","N","0","0","0","1","02108","1","","1.0","720.0","1","N","N","N","0","","0","0","0","","0","N","","1","1","0","0","0","0","0","2","0","1","03","03","","N","","","","","","","","","",""
"2024082321","0904","1","0","0","0","0","0","0","0","0","1","0","","02","1","2024","6","40.415032","-80.011267","0859","11","0","0","0","0","0","0","0","0","","0","0","0","","","0","","2","","40 24:54.116","","0","80 00:40.560","0","0","0","0","2301","0","0","0","N","0","0","0","2","02301","0","","1.0","","1","N","N","N","1","","0","0","0","","2","","","2","0","0","0","0","0","0","2","0","2","03","","","N","","","","","","","","","",""
"2024078366","1322","0","0","0","0","0","0","0","0","0","7","0","","02","9","2024","2","40.467431","-80.065611","1322","11","0","0","0","0","0","0","0","0","","0","0","0","","","1","","1","","40 28:02.752","1","0","80 03:56.198","4","0","0","0","2444","0","0","0","N","0","0","0","1","02444","1","","4.0","1347.0","1","N","N","N","0","","0","0","1","","0","Y","","1","1","0","0","0","0","0","2","0","1","03","","","N","","","","","","","","","",""
"2024082520","0302","1","0","0","0","0","0","0","0","0","5","1","","02","1","2024","5","40.42672","-80.02187","0256","11","0","0","0","0","0","0","0","0","","0","1","0","","","1","N","0","","40 25:36.192","","0","80 01:18.732","8","0","0","0","2301","0","0","0","N","0","0","0","3","02301","0","","1.0","","9","N","N","N","0","","0","0","0","","0","","","2","1","0","0","0","1","0","2","0","2","07","","","N","","","","","","","","","",""
"2024085013","1524","0","0","0","0","0","0","1","0","0","1","1","","02","9","2024","2","40.411302","-79.913368","1505","11","0","0","0","0","0","1","0","0","","0","0","0","","","0","","2","","40 24:40.687","","0","79 54:48.126","0","0","0","0","2438","0","0","0","N","0","0","0","2","02503","0","","1.0","","9","N","N","N","0","","0","0","1","","2","","","2","0","0","0","0","0","0","2","0","2","07","","","N","","","","","","","","","",""
"2024082508","0655","1","0","0","0","0","0","0","0","0","1","1","","02","1","2024","3","40.48864","-79.923549","0645","11","0","0","0","0","0","0","0","0","","0","1","0","","","0","N","0","","40 29:19.104","","0","79 55:24.776","0","0","0","0","2301","0","0","0","N","0","0","0","2","02301","0","","1.0","","9","N","N","N","0","","0","0","0","","0","","","2","0","0","0","0","0","0","2","0","2","07","","","N","","","","","","","","","",""
"2024085744","1459","1","0","0","0","0","0","0","0","0","5","0","","02","2","2024","6","40.471071","-80.027817","1456","11","0","0","0","0","0","0","0","1","","0","0","0","","","0","N","0","","40 28:15.854","","0","80 01:40.140","0","0","0","0","2301","0","0","0","N","0","0","0","2","02301","0","","2.0","","1","N","N","N","0","","0","0","1","","0","","","2","0","0","0","0","0","0","2","0","2","03","03","","N","","","","","","","","","",""
"2024082436","0600","1","0","0","0","0","0","0","0","0","7","0","","02","1","2024","4","40.464806","-79.934556","0547","11","0","0","0","0","0","0","0","0","","0","0","0","","","0","N","0","","40 27:53.300","","0","79 56:04.400","0","0","0","0","2301","0","0","0","N","0","0","0","1","02301","0","","5.0","","2","N","N","N","0","","0","0","0","","2","","","1","0","0","0","0","0","0","2","0","1","10","98","","N","","","","","","","","","",""
"2024082441","1811","1","0","0","0","0","0","0","0","0","1","0","","02","1","2024","4","40.0","-79.0","1805","11","0","0","0","0","0","0","0","0","","0","0","0","","","0","N","0","","40 00:00.000","","0","79 00:00.000","0","0","0","0","2301","0","0","0","N","0","0","0","2","02301","0","","1.0","","1","N","N","N","0","","0","0","1","","0","","","2","0","0","0","0","0","0","1","0","2","03","98","","N","","","","","","","","","",""
"2024082560","2105","2","0","0","0","0","0","0","0","0","5","0","","02","1","2024","3","40.432842","-79.936554","2100","11","0","0","0","0","0","0","0","0","","0","0","0","","","0","","1","","40 25:58.231","","0","79 56:11.594","0","0","0","0","2301","0","0","0","N","0","0","0","4","02301","0","","1.0","","1","N","N","N","0","","0","0","0","","2","","","2","0","0","0","0","0","0","2","0","2","03","03","","N","","","","","","","","","",""
"2024080919","1536","0","0","0","0","0","0","0","0","0","7","0","","02","9","2024","6","40.519778","-79.984861","1527","11","1","0","0","0","0","0","0","0","","0","0","0","","","0","N","0","","40 31:11.200","","0","79 59:05.500","0","0","0","0","2118","0","0","0","N","0","0","0","1","02118","0","","4.0","","1","N","N","N","0","","0","0","1","","0","","","1","0","0","0","0","0","0","2","0","1","03","03","","N","","","","","","","","","",""
"2024082521","0838","1","0","0","0","0","0","0","0","0","1","0","","02","1","2024","5","40.488196","-79.937754","0827","11","0","0","0","0","0","0","0","0","","0","0","0","","","1","N","0","","40 29:17.506","","0","79 56:15.913","3","0","0","0","2301","0","0","0","N","0","0","0","2","02301","0","","1.0","","8","N","N","N","1","","1","0","0","","0","","","2","1","0","0","0","0","0","2","0","2","07","05","","N","","","","","","","","","",""
"2024082575","1836","2","0","0","0","0","0","0","0","0","5","0","","02","1","2024","6","40.387639","-79.984194","1836","11","0","0","0","0","0","0","0","0","","0","0","0","","","1","N","0","","40 23:15.500","","0","79 59:03.100","3","0","0","0","2301","1","0","0","N","1","0","0","2","02301","0","","6.0","","7","N","N","N","0","","1","0","0","","0","","","3","1","0","0","0","0","0","2","0","2","02","","","N","","","","","","","","","",""
"2024082388","1723","0","0","0","0","0","0","0","0","0","4","0","","02","9","2024","3","40.525361","-80.032716","1715","11","0","0","0","0","0","0","0","0","","0","0","0","","","1","","3","","40 31:31.298","7","0","80 01:57.776","3","0","0","0","2116","0","0","0","N","0","0","0","2","02116","0","","1.0","1823.0","1","N","N","N","0","","1","0","1","","3","Y","","2","1","0","0","0","0","0","2","1","2","03","03","","N","","","","","","","","","",""
"2024083273","2129","1","0","0","0","0","0","0","0","0","7","0","","02","9","2024","4","40.513849","-79.854322","2115","11","0","0","0","0","0","0","0","0","","0","0","0","","","1","N","0","","40 30:49.855","2","0","79 51:15.559","3","0","0","0","2112","0","0","0","N","0","0","0","2","68D02","0","","4.0","2200.0","1","N","N","N","0","","1","0","0","","0","Y","","1","1","0","0","0","0","0","2","0","1","03","03","","N","","","","","","","","","",""
"2024082331","1235","1","0","0","0","0","0","0","0","0","5","0","","02","1","2024","7","40.450139","-79.929861","1228","11","0","0","0","0","0","0","0","0","","0","0","0","","","1","N","0","","40 27:00.500","5","0","79 55:47.500","8","0","0","0","2301","0","0","0","N","0","0","0","3","02301","0","","1.0","1515.0","7","N","N","N","0","","0","0","1","","0","N","","3","1","0","0","0","1","2","2","0","3","10","10","","N","","","","","","","","","",""
"2024082564","1424","0","0","0","0","0","0","0","0","0","5","1","","02","1","2024","3","40.441258","-79.959176","1405","11","0","0","0","0","0","0","1","0","","0","1","0","","","0","","2","","40 26:28.527","","0","79 57:33.033","0","0","0","0","2301","0","0","0","N","0","0","0","2","02301","0","","1.0","","1","N","N","N","0","","0","0","1","","0","","","2","0","0","0","0","0","0","2","0","2","03","","","N","","","","","","","","","",""
"2024079044","0817","1","0","0","0","0","0","0","0","0","4","0","","02","9","2024","5","40.667166","-80.102145","0813","11","0","0","0","0","0","0","0","0","","0","0","0","","","1","","1","","40 40:01.799","5","0","80 06:07.722","3","0","0","0","2212","0","0","0","N","0","0","0","2","02505","0","","1.0","848.0","1","N","N","N","0","","1","0","1","","2","Y","","2","1","0","0","0","0","0","2","0","2","03","03","","N","","","","","","","","","",""
"2024079527","2310","1","0","0","0","0","0","0","0","0","7","0","","02","9","2024","6","40.341806","-79.886417","2308","11","0","0","0","0","0","0","0","0","","0","0","0","","","2","N","0","","40 20:30.500","5","0","79 53:11.100","3","0","0","0","2433","0","0","0","N","0","0","0","2","02433","0","","4.0","2351.0","1","N","N","N","0","","2","0","0","","0","N","","1","2","2","0","0","0","0","2","0","1","03","03","","N","","","","","","","","","",""
"2024077269","1224","0","0","0","0","0","0","0","0","0","7","0","","02","9","2024","6","40.529964","-79.900713","1220","11","0","0","0","0","0","1","0","0","","0","0","0","","","0","","2","","40 31:47.871","6","0","79 54:02.566","0","0","0","0","2432","0","0","0","N","0","0","0","1","02432","0","","4.0","1330.0","1","N","N","N","0","","0","0","1","","0","Y","","1","0","0","0","0","0","0","2","0","1","03","","","N","","","","","","","","","",""
"2024082433","1116","2","0","0","0","0","0","0","0","0","6","0","","02","1","2024","3","40.439","-79.944194","1108","11","0","0","0","0","0","0","0","0","","0","0","0","","","0","N","0","","40 26:20.400","6","0","79 56:39.100","0","0","0","0","2301","0","0","0","N","0","0","0","1","02301","0","","2.0","1210.0","7","N","N","N","0","","0","0","2","","0","N","","4","0","0","0","0","0","0","2","0","4","10","03","","N","","","","","","","","","",""
"2024078589","1856","1","0","0","0","0","0","0","0","0","6","0","","02","9","2024","2","40.318028","-80.078933","1855","11","0","0","0","0","0","1","0","0","","0","0","0","","","2","N","0","","40 19:04.900","3","0","80 04:44.160","4","0","0","0","2123","0","0","0","N","0","0","0","2","02123","2","","1.0","2005.0","1","N","N","N","0","","0","0","1","","0","N","","2","2","0","0","0","0","0","2","0","2","03","03","","N","","","","","","","","","",""
"2024068634","1830","0","0","0","0","0","0","0","0","0","4","0","","02","8","2024","4","40.629942","-79.968716","1826","11","0","0","0","0","0","0","0","0","","0","0","0","","","0","N","2","","40 37:47.792","6","0","79 58:07.379","0","0","0","0","2217","0","0","0","N","0","0","0","3","02505","0","","1.0","1845.0","1","N","N","N","0","","0","0","2","","3","Y","","2","0","1","0","0","0","0","2","0","2","03","","","N","","","","","","","","","",""
"2024086002","0306","0","0","0","0","0","0","0","0","0","1","1","","02","3","2024","1","40.477573","-80.04196","0256","11","0","0","0","0","0","1","0","0","","0","1","0","","","2","Y","0","","40 28:39.261","","0","80 02:31.057","3","0","0","0","2301","0","0","0","N","0","0","0","4","02301","0","","1.0","","9","N","N","N","0","","1","0","1","","0","","","2","2","1","0","0","1","0","2","0","2","07","","","N","","","","","","","","","",""
"2024077881","2248","1","0","0","0","0","0","0","0","0","98","0","","02","9","2024","7","40.260972","-79.837028","2242","11","0","0","0","0","0","0","0","0","","0","0","0","","","0","N","0","","40 15:39.500","","0","79 50:13.300","0","0","0","0","2105","0","0","0","N","0","0","0","2","02105","0","","1.0","","1","N","N","N","0","","0","0","0","","0","","","1","0","0","0","0","0","0","1","0","1","03","","","N","","","","","","","","","",""
"2024080252","1135","1","0","0","0","0","0","0","0","0","5","0","","02","9","2024","3","40.384307","-80.043748","1130","11","0","0","0","0","0","0","1","0","","0","0","0","","","0","N","0","","40 23:03.506","","0","80 02:37.491","0","0","0","0","2109","0","0","0","N","0","0","0","1","02109","0","","6.0","","1","N","N","N","0","","0","0","1","","0","","","2","0","0","0","0","0","0","2","0","2","03","","","N","","","","","","","","","",""
"2024081586","1602","1","0","0","1","0","1","0","0","0","8","0","","02","9","2024","6","40.438042","-79.919366","1539","11","0","0","0","0","0","0","0","0","","0","0","0","","","1","","1","","40 26:16.950","","0","79 55:09.716","2","0","0","0","2301","1","0","1","N","0","0","0","2","02301","0","","1.0","","1","N","N","N","0","","0","1","0","","2","","","2","1","0","0","0","0","0","2","0","1","03","03","","N","","","","","","","","","",""
"2024082352","1305","2","0","0","0","0","0","0","0","0","5","0","","02","1","2024","4","40.381026","-79.995112","1256","11","0","0","0","0","0","0","0","0","","0","0","0","","","0","N","0","","40 22:51.692","","0","79 59:42.403","0","0","0","0","2301","0","0","0","N","0","0","0","2","02301","0","","1.0","","9","N","N","N","0","","0","0","0","","0","","","2","0","0","0","0","0","0","2","0","2","98","","","N","","","","","","","","","",""
"2024078591","0555","1","0","0","0","0","0","0","0","0","4","0","","02","9","2024","6","40.458915","-80.172072","0549","11","0","0","0","0","0","1","1","0","","0","0","0","","","2","","1","","40 27:32.093","6","0","80 10:19.460","3","0","0","0","2213","0","0","0","N","0","0","0","2","02213","0","","1.0","640.0","1","N","N","N","0","","2","0","0","","2","N","","2","2","0","0","0","0","0","2","1","2","03","","","N","","","","","","","","","",""
"2024077905","0901","0","0","0","0","0","0","0","0","0","1","0","","02","9","2024","6","40.443489","-79.828349","0858","11","0","0","0","0","0","0","1","0","","0","0","0","","","0","","6","","40 26:36.560","","2","79 49:42.057","0","0","0","0","2419","0","0","0","N","0","0","0","2","02419","0","","1.0","","1","N","N","N","0","","0","0","2","","4","","","2","0","0","0","0","0","0","2","0","2","03","04","","N","","","","","","","","","",""
"2024077912","1525","1","0","0","0","0","0","0","0","0","4","0","","02","9","2024","6","40.345134","-80.02739","1523","11","0","0","0","0","0","1","0","1","","0","0","0","","","3","","1","","40 20:42.483","4","0","80 01:38.603","3","0","0","0","2407","0","0","0","N","0","0","0","3","02407","0","","1.0","1608.0","1","N","N","N","0","","3","0","1","","2","N","","2","3","1","0","0","0","0","2","0","2","03","03","","N","","","","","","","","","",""
"2024082329","1250","1","0","0","0","0","0","0","0","0","7","0","","02","1","2024","7","40.419583","-80.009167","1234","11","0","0","0","0","0","0","0","0","","0","0","0","","","0","N","0","","40 25:10.500","","0","80 00:33.000","0","0","0","0","2301","0","0","0","N","0","0","0","1","02301","0","","4.0","","7","N","N","N","0","","0","0","0","","0","","","1","0","0","0","0","0","0","2","0","1","02","04","","N","","","","","","","","","",""
"2024077807","1050","0","0","0","0","0","0","0","0","0","4","0","","02","9","2024","1","40.642221","-79.938418","1035","11","0","0","0","0","0","1","0","0","","0","0","0","","","0","","1","","40 38:31.997","","0","79 56:18.305","0","0","0","0","2217","0","0","0","N","0","0","0","4","02505","0","","1.0","","1","N","N","N","0","","0","0","2","","2","","","2","0","0","0","0","0","0","2","0","2","03","03","","N","","","","","","","","","",""
"2024069739","1823","1","0","0","0","0","0","0","0","0","4","0","","02","8","2024","7","40.550102","-79.997795","1807","11","0","0","1","0","0","0","1","0","","0","0","0","","","1","","2","","40 33:00.368","2","0","79 59:52.062","3","0","0","0","2116","0","0","0","N","0","0","0","2","02116","0","","1.0","1902.0","1","N","N","N","0","","1","0","1","","3","N","","2","1","0","0","0","0","0","2","0","2","03","03","","N","","","","","","","","","",""
"2024072551","0908","2","0","0","0","0","0","0","0","0","1","0","","02","8","2024","4","40.357266","-79.832667","0908","11","0","0","0","0","0","1","0","0","","0","0","0","","","1","","3","","40 21:26.158","4","0","79 49:57.602","3","0","0","0","2304","0","0","0","N","0","0","0","3","02304","0","","1.0","946.0","1","N","N","Y","0","","1","0","1","","2","N","","3","1","0","0","0","0","0","2","0","3","03","03","","N","","","","","","","","","",""
"2024081041","2021","1","0","0","0","0","0","0","0","0","4","0","","02","9","2024","1","40.453102","-79.980321","2015","11","0","0","0","0","0","0","0","0","","0","0","0","","","4","","1","","40 27:11.168","5","0","79 58:49.155","3","0","0","0","2301","0","0","0","N","0","0","0","5","02301","0","","1.0","2145.0","1","N","N","N","0","","3","0","1","","0","N","","2","4","1","0","0","1","0","2","0","2","03","","","N","","","","","","","","","",""
"2024082337","1344","0","0","0","0","0","0","0","0","0","1","0","","02","1","2024","7","40.384444","-79.978131","1339","11","0","0","0","0","0","1","0","0","","0","0","0","","","0","N","0","","40 23:04.000","6","0","79 58:41.270","9","0","0","0","2301","0","0","0","N","0","0","0","6","02301","0","","1.0","1418.0","7","N","N","Y","3","","0","0","1","","0","N","","4","0","1","0","0","0","1","2","0","4","10","09","","N","","","","","","","","","",""
"2024080916","1935","1","0","0","0","0","0","0","0","0","4","0","","02","9","2024","7","40.429179","-79.921185","1925","11","0","0","0","0","0","1","0","0","","0","0","0","","","2","","1","","40 25:45.044","","0","79 55:16.266","3","0","0","0","2301","0","0","0","N","0","0","0","2","02301","1","","1.0","","1","N","N","N","0","","1","0","1","","2","","","2","2","0","0","0","0","0","2","0","2","03","","","N","","","","","","","","","",""
"2024081675","2235","0","0","0","0","0","0","0","0","0","7","0","","02","9","2024","6","40.460232","-79.84266","2233","11","0","0","0","0","0","0","0","0","","0","0","0","","","1","","5","","40 27:36.835","","0","79 50:33.577","3","0","0","1","2113","0","0","0","N","0","0","0","1","02113","0","","2.0","","1","N","N","N","0","","1","0","0","","0","","","1","1","0","0","0","0","0","2","0","1","03","03","","N","","","","","","","","","",""
"2024085724","0342","1","0","0","0","0","0","0","0","0","7","0","","02","2","2024","7","40.444247","-79.996346","0338","11","0","0","0","0","0","0","0","0","","0","0","0","","","0","N","0","","40 26:39.290","4","0","79 59:46.844","0","0","0","0","2301","0","0","0","N","0","0","0","2","02301","0","","2.0","400.0","1","N","N","N","0","","0","0","0","","0","N","","1","0","0","0","0","0","0","2","0","1","03","","","N","","","","","","","","","",""
"2024078457","2055","0","0","0","0","0","0","0","0","0","7","0","","02","9","2024","7","40.445485","-79.76524","2053","11","0","0","0","0","0","0","1","0","","0","0","0","","","0","","1","","40 26:43.746","","0","79 45:54.863","0","0","0","0","2446","0","0","0","N","0","0","0","1","02446","0","","4.0","","1","N","N","N","0","","0","0","1","","0","","","1","0","0","0","0","0","0","2","0","1","03","03","","N","","","","","","","","","",""
"2024082319","0642","1","0","0","0","0","0","0","0","0","4","0","","02","1","2024","6","40.439417","-79.996833","0636","11","0","0","1","0","0","1","0","0","","0","0","0","","","0","","1","","40 26:21.900","","0","79 59:48.600","0","0","0","0","2301","0","0","0","N","0","0","0","2","02301","0","","1.0","","1","N","N","N","0","","0","0","1","","2","","","2","0","0","0","0","0","0","2","0","2","03","","","N","","","","","","","","","",""
"2024071116","1939","0","0","0","0","0","0","0","0","0","0","0","","02","8","2024","5","40.422296","-79.749694","1937","11","0","0","1","0","0","0","0","0","","0","0","0","","","1","","3","","40 25:20.265","","0","79 44:58.898","3","0","0","1","2446","0","0","0","N","0","0","0","1","02446","0","","1.0","","1","N","N","N","0","","1","0","0","","0","","","1","1","0","0","0","0","0","2","0","1","03","03","","N","","","","","","","","","",""
"2024082579","1255","0","0","0","0","0","0","0","0","0","4","0","","02","1","2024","7","40.461649","-79.96866","1245","11","0","0","0","0","0","1","0","0","","0","0","0","","","0","","1","","40 27:41.937","1","1","79 58:07.177","0","0","0","0","2301","0","0","0","N","0","0","0","3","02301","0","","1.0","30.0","9","N","N","N","0","","0","0","2","","3","N","","2","0","0","0","0","0","0","2","0","2","03","","","N","","","","","","","","","",""
"2024080060","1108","2","0","0","0","0","0","0","0","0","0","0","","02","9","2024","2","40.493355","-79.810272","1056","11","0","0","0","0","1","0","0","0","","0","0","0","","","1","N","0","","40 29:36.077","","0","79 48:36.980","3","0","0","0","2113","0","0","0","N","0","0","0","3","02113","0","","1.0","","1","N","N","N","0","","1","0","0","","0","","","2","1","0","0","0","0","0","2","0","2","03","","","N","","","","","","","","","",""
"2024077664","1947","0","0","0","0","0","0","0","0","0","5","0","","02","9","2024","7","40.539083","-79.840067","1944","11","0","0","0","0","0","1","0","0","","0","0","0","","","2","","1","","40 32:20.699","4","2","79 50:24.241","3","0","0","1","2208","0","0","0","N","0","0","0","3","02208","0","","1.0","2030.0","1","N","N","N","0","","2","0","1","","8","N","","2","2","0","0","0","0","0","2","0","2","03","","","N","","","","","","","","","",""
"2024082569","1745","1","0","0","0","0","0","0","0","0","4","0","","02","1","2024","5","40.449027","-79.951897","1738","11","0","0","0","0","0","1","0","0","","0","0","0","","","0","","1","","40 26:56.497","","0","79 57:06.829","0","0","0","0","2301","0","0","0","N","0","0","0","2","02301","0","","1.0","","1","N","N","N","1","","0","0","0","","3","","","2","0","0","0","0","0","0","2","0","2","04","04","","N","","","","","","","","","",""
"2024081365","0730","0","0","0","0","0","0","0","0","0","4","0","","02","9","2024","6","40.361102","-80.029856","0726","11","0","0","0","0","0","1","0","0","","0","0","0","","","0","","1","","40 21:39.966","6","0","80 01:47.481","0","0","0","0","2416","0","0","0","N","0","0","0","4","02416","0","","1.0","30.0","1","N","N","N","1","","0","0","1","","3","N","","2","0","0","0","0","0","0","2","0","2","03","03","","N","","","","","","","","","",""
"2024076983","1630","1","0","0","0","0","0","0","0","0","98","0","","02","9","2024","5","40.547969","-79.909041","1624","11","0","0","0","0","0","0","0","0","","0","0","0","","","0","N","0","","40 32:52.689","","0","79 54:32.548","0","0","0","0","2209","0","0","0","N","0","0","0","2","02209","0","","1.0","","1","N","N","N","0","","0","0","0","","0","","","1","0","0","0","0","0","0","2","0","1","03","03","","N","","","","","","","","","",""
"2024072848","0747","0","0","0","0","0","0","0","0","0","4","0","","02","8","2024","5","40.454014","-79.885672","0744","11","0","0","0","0","0","0","0","0","","0","0","0","","","3","","1","","40 27:14.452","","0","79 53:08.418","3","0","0","0","2301","0","0","0","N","0","0","0","5","02301","0","","1.0","","1","N","N","N","0","","3","0","2","","2","","","2","3","0","0","0","0","0","2","0","2","03","","","N","","","","","","","","","",""
"2024082316","2045","0","0","0","0","0","0","0","0","0","7","0","","02","1","2024","2","40.444694","-80.028914","2044","11","0","0","0","0","0","0","0","1","","0","0","0","","","0","","3","","40 26:40.898","","3","80 01:44.092","0","0","0","0","2301","0","0","0","N","0","0","0","1","02301","0","","3.0","","1","N","N","N","0","","0","0","1","","3","","","1","0","0","0","0","0","0","2","0","1","04","","","N","","","","","","","","","",""
"2024085354","1926","1","0","0","0","0","0","0","0","0","5","1","","02","2","2024","2","40.464308","-79.920331","1918","11","0","0","0","0","0","0","0","0","","0","1","0","","","0","N","0","","40 27:51.510","","0","79 55:13.190","0","0","0","0","2301","0","0","0","N","0","0","0","1","02301","0","","6.0","","1","N","N","N","0","","0","0","0","","0","","","2","0","0","0","0","0","0","2","0","2","03","","","N","","","","","","","","","",""