"CRN","ARRIVAL_TM","AUTOMOBILE_COUNT","BELTED_DEATH_COUNT","BELTED_SUSP_SERIOUS_INJ_COUNT","BICYCLE_COUNT","BICYCLE_DEATH_COUNT","BICYCLE_SUSP_SERIOUS_INJ_COUNT","BUS_COUNT","CHLDPAS_DEATH_COUNT","CHLDPAS_SUSP_SERIOUS_INJ_COUNT","COLLISION_TYPE","COMM_VEH_COUNT","CONS_ZONE_SPD_LIM","COUNTY","CRASH_MONTH","CRASH_YEAR","DAY_OF_WEEK","DEC_LATITUDE","DEC_LONGITUDE","DISPATCH_TM","DISTRICT","DRIVER_COUNT_16YR","DRIVER_COUNT_17YR","DRIVER_COUNT_18YR","DRIVER_COUNT_19YR","DRIVER_COUNT_20YR","DRIVER_COUNT_50_64YR","DRIVER_COUNT_65_74YR","DRIVER_COUNT_75PLUS","EST_HRS_CLOSED","FATAL_COUNT","HEAVY_TRUCK_COUNT","HORSE_BUGGY_COUNT","HOUR_OF_DAY","ILLUMINATION","INJURY_COUNT","INTERSECTION_RELATED","INTERSECT_TYPE","LANE_CLOSED","LATITUDE","LN_CLOSE_DIR","LOCATION_TYPE","LONGITUDE","MAX_SEVERITY_LEVEL","MCYCLE_DEATH_COUNT","MCYCLE_SUSP_SERIOUS_INJ_COUNT","MOTORCYCLE_COUNT","MUNICIPALITY","NONMOTR_COUNT","NONMOTR_DEATH_COUNT","NONMOTR_SUSP_SERIOUS_INJ_COUNT","NTFY_HIWY_MAINT","PED_COUNT","PED_DEATH_COUNT","PED_SUSP_SERIOUS_INJ_COUNT","PERSON_COUNT","POLICE_AGCY","POSSIBLE_INJ_COUNT","RDWY_SURF_TYPE_CD","RELATION_TO_ROAD","ROADWAY_CLEARED","ROAD_CONDITION","SCH_BUS_IND","SCH_ZONE_IND","SECONDARY_CRASH","SMALL_TRUCK_COUNT","SPEC_JURIS_CD","SUSP_MINOR_INJ_COUNT","SUSP_SERIOUS_INJ_COUNT","SUV_COUNT","TCD_FUNC_CD","TCD_TYPE","TFC_DETOUR_IND","TIME_OF_DAY","TOTAL_UNITS","TOT_INJ_COUNT","UNBELTED_OCC_COUNT","UNB_DEATH_COUNT","UNB_SUSP_SERIOUS_INJ_COUNT","UNK_INJ_DEG_COUNT","UNK_INJ_PER_COUNT","URBAN_RURAL","VAN_COUNT","VEHICLE_COUNT","WEATHER1","WEATHER2","WORKERS_PRES","WORK_ZONE_IND","WORK_ZONE_LOC","WORK_ZONE_TYPE","WZ_CLOSE_DETOUR","WZ_FLAGGER","WZ_LAW_OFFCR_IND","WZ_LN_CLOSURE","WZ_MOVING","WZ_OTHER","WZ_SHLDER_MDN","WZ_WORKERS_INJ_KILLED"
"2024071437","2045","2","0","0","0","0","0","0","0","0","4","0","","02","8","2024","7","40.283241","-79.836962","2040","11","0","0","0","0","1","0","0","0","","0","0","0","","","0","","2","","40 16:59.669","5","0","79 50:13.063","0","0","0","0","2105","0","0","0","N","0","0","0","2","02105","0","","1.0","2100.0","9","N","N","N","0","","0","0","0","","3","N","","2","0","0","0","0","0","0","2","0","2","07","03","","N","","","","","","","","","",""
"2024071329","1532","1","0","0","0","0","0","0","0","0","7","0","","02","8","2024","6","40.46487","-79.853242","1528","11","0","0","0","0","0","0","0","1","","0","0","0","","","0","","2","","40 27:53.532","","0","79 51:11.672","0","0","0","0","2113","0","0","0","Y","0","0","0","1","02113","0","","5.0","","1","N","N","N","0","","0","0","0","","3","","","1","0","0","0","0","0","0","2","0","1","03","98","","N","","","","","","","","","",""
"2024078351","1409","0","0","0","0","0","0","0","0","0","0","0","","02","9","2024","2","40.493444","-79.870417","1404","11","0","0","0","0","0","1","0","0","","0","0","0","","","1","N","0","","40 29:36.400","2","0","79 52:13.500","3","0","0","1","2112","0","0","0","N","0","0","0","1","02112","0","","1.0","1532.0","4","N","N","N","0","","1","0","0","","0","N","","1","1","0","0","0","0","0","2","0","1","03","","","N","","","","","","","","","",""
"2024070186","1640","0","0","0","0","0","0","0","0","0","1","0","","02","8","2024","3","40.434048","-79.745369","1636","11","0","0","0","0","0","1","0","1","","0","0","0","","","3","","2","","40 26:02.573","","0","79 44:43.329","3","0","0","0","2446","0","0","0","N","0","0","0","6","02446","0","","1.0","","1","N","N","N","2","","3","0","3","","0","","","5","3","0","0","0","0","0","2","0","5","04","","","N","","","","","","","","","",""
"2024083591","0200","0","0","0","0","0","0","0","0","0","7","0","","02","9","2024","2","40.444481","-80.028849","0156","11","0","0","0","0","0","0","0","0","","0","0","0","","","0","N","3","","40 26:40.132","","0","80 01:43.857","0","0","0","0","2301","0","0","0","N","0","0","0","2","02301","0","","2.0","","1","N","N","N","1","","0","0","0","","3","","","1","0","0","0","0","0","0","2","0","1","03","","","N","","","","","","","","","",""
"2024086847","0642","1","0","0","0","0","0","0","0","0","4","0","","02","9","2024","3","40.64898","-80.09675","0633","11","0","0","0","0","0","1","0","0","","0","0","0","","","0","","1","","40 38:56.327","3","0","80 05:48.301","0","0","0","0","2212","0","0","0","N","0","0","0","2","02505","0","","1.0","739.0","1","N","N","N","1","","0","0","0","","2","N","","2","0","0","0","0","0","0","2","0","2","03","03","","N","","","","","","","","","",""
"2024081722","2028","4","0","0","0","0","0","0","0","0","5","0","","02","9","2024","6","40.495784","-79.976538","2027","11","0","0","0","0","1","0","0","0","","0","0","0","","","0","N","0","","40 29:44.824","7","0","79 58:35.537","0","0","0","0","2445","0","0","0","N","0","0","0","2","02445","0","","1.0","2157.0","1","N","N","Y","1","","0","0","1","","0","Y","","6","0","0","0","0","0","0","2","0","6","03","03","","N","","","","","","","","","",""
"2024071458","2258","2","0","0","0","0","0","0","0","0","1","0","","02","8","2024","7","40.439772","-80.021622","2241","11","0","0","0","0","0","0","0","0","","0","0","0","","","0","N","0","","40 26:23.180","","0","80 01:17.840","0","0","0","0","2301","0","0","0","N","0","0","0","5","02301","0","","1.0","","1","N","N","N","0","","0","0","1","","0","","","3","0","0","0","0","0","0","2","0","3","03","03","","N","","","","","","","","","",""
"2024083913","1358","1","0","0","0","0","0","0","0","0","8","0","","02","9","2024","6","40.465028","-79.826306","1354","11","0","0","0","0","0","0","0","0","","0","0","0","","","1","N","0","","40 27:54.100","","7","79 49:34.700","3","0","0","0","2113","1","0","0","N","1","0","0","2","02113","0","","1.0","","1","N","N","N","0","","1","0","0","","3","","","2","1","0","0","0","0","0","2","0","1","03","","","N","","","","","","","","","",""
"2024082590","1354","1","0","0","0","0","0","0","0","0","4","0","","02","1","2024","5","40.479334","-79.952861","1338","11","0","0","0","0","0","0","0","0","","0","0","0","","","0","Y","1","","40 28:45.602","2","0","79 57:10.299","0","0","0","0","2301","0","0","0","N","0","0","0","2","02301","0","","1.0","9999.0","1","N","N","N","0","","0","0","2","","3","N","","3","0","0","0","0","0","0","2","0","3","04","","","N","","","","","","","","","",""
"2024081775","1208","0","0","0","0","0","0","0","0","0","4","1","","02","9","2024","4","40.491611","-80.257833","1203","11","0","0","0","0","0","0","0","0","","0","1","0","","","1","","2","","40 29:29.800","","0","80 15:28.200","8","0","0","0","2203","0","0","0","N","0","0","0","2","02501","0","","1.0","","1","N","N","N","0","","0","0","1","","3","","","2","1","0","0","0","1","0","2","0","2","03","03","","N","","","","","","","","","",""
"2024082561","0255","0","0","0","0","0","0","0","0","0","7","0","","02","1","2024","1","40.449409","-80.017193","0245","11","0","0","0","0","0","0","0","0","","0","0","0","","","0","N","0","","40 26:57.874","1","2","80 01:01.895","0","0","0","0","2301","0","0","0","N","0","0","0","1","02301","0","","4.0","330.0","9","N","N","N","0","","0","0","1","","0","N","","1","0","0","0","0","0","0","2","0","1","02","","","N","","","","","","","","","",""
"2024080245","1727","0","0","0","0","0","0","0","0","0","0","0","","02","9","2024","1","40.453186","-79.965231","1721","11","0","0","0","0","0","0","0","0","","0","0","0","","","0","N","0","","40 27:11.470","5","0","79 57:54.830","0","0","0","0","2301","0","0","0","N","0","0","0","1","02301","0","","1.0","1750.0","1","N","N","N","1","","0","0","0","","2","N","","1","0","0","0","0","0","0","2","0","1","03","","","N","","","","","","","","","",""
"2024077813","2120","1","0","0","0","0","0","0","0","0","1","0","","02","9","2024","7","40.354097","-79.914378","2111","11","0","0","0","0","0","0","0","0","","0","0","0","","","0","","3","","40 21:14.750","2","0","79 54:51.761","0","0","0","0","2473","0","0","0","N","0","0","0","4","02473","0","","1.0","2140.0","1","N","N","N","0","","0","0","1","","0","N","","2","0","0","0","0","0","0","2","0","2","03","03","","N","","","","","","","","","",""
"2024078587","0114","1","0","0","0","0","0","0","0","0","7","0","","02","9","2024","3","40.443861","-80.06625","0114","11","0","0","0","0","0","0","0","0","","0","0","0","","","0","N","0","","40 26:37.900","","0","80 03:58.500","0","0","0","0","2439","0","0","0","N","0","0","0","1","02439","0","","2.0","","1","N","N","N","0","","0","0","0","","0","","","1","0","0","0","0","0","0","2","0","1","03","03","","N","","","","","","","","","",""
"2024066334","1843","1","0","0","0","0","0","0","0","0","8","0","","02","7","2024","4","40.395041","-80.034313","1842","11","0","0","0","0","0","0","1","0","","0","0","0","","","1","","2","","40 23:42.148","2","0","80 02:03.528","8","0","0","0","2422","1","0","0","N","1","0","0","2","02422","0","","1.0","1903.0","1","N","N","N","0","","0","0","0","","2","N","","2","1","0","0","0","1","0","2","0","1","03","03","","N","","","","","","","","","",""
"2024082310","1607","1","0","0","0","0","0","0","0","0","4","0","","02","1","2024","3","40.466264","-79.941914","1602","11","0","0","0","0","0","0","0","0","","0","0","0","","","1","N","0","","40 27:58.550","","0","79 56:30.890","3","0","0","0","2301","0","0","0","N","0","0","0","2","02301","0","","1.0","","1","N","N","Y","0","","1","0","1","","0","","","2","1","0","0","0","0","0","2","0","2","03","03","","N","","","","","","","","","",""
"2024082794","1734","2","0","0","0","0","0","0","0","0","4","0","","02","9","2024","3","40.450698","-79.892521","1732","11","0","0","0","0","0","1","0","0","","0","0","0","","","0","","1","","40 27:02.514","","0","79 53:33.077","0","0","0","0","2301","0","0","0","N","0","0","0","2","02301","0","","1.0","","1","N","N","N","0","","0","0","0","","3","","","2","0","0","0","0","0","0","2","0","2","03","","","N","","","","","","","","","",""
"2024083041","1844","0","0","0","0","0","0","0","0","0","4","1","","02","6","2024","5","40.420814","-80.026053","1836","11","0","0","0","0","0","1","0","0","","0","1","0","","","1","N","0","","40 25:14.930","","0","80 01:33.790","8","0","0","0","2301","0","0","0","N","0","0","0","3","02301","0","","6.0","","1","N","N","N","0","","0","0","1","","0","","","2","1","0","0","0","1","0","2","0","2","03","03","","N","","","","","","","","","",""
"2024072675","2015","0","0","0","1","0","1","0","0","0","8","0","","02","5","2024","4","40.404774","-79.873526","1954","11","0","0","0","0","0","0","1","0","","0","0","0","","","1","","2","","40 24:17.187","3","0","79 52:24.692","2","0","0","0","2410","1","0","1","N","0","0","0","2","68B03","0","","1.0","100.0","1","N","N","N","0","","0","1","1","","0","Y","","2","1","0","0","0","0","0","2","0","1","03","","","N","","","","","","","","","",""
"2024081813","1446","1","0","0","0","0","0","0","0","0","1","0","","02","9","2024","4","40.198195","-79.881334","1437","11","0","0","0","0","0","0","0","0","","0","0","0","","","0","N","0","","40 11:53.503","","0","79 52:52.803","0","0","0","0","2204","0","0","0","N","0","0","0","2","02105","0","","1.0","","1","N","N","N","0","","0","0","1","","0","","","2","0","0","0","0","0","0","2","0","2","03","03","","N","","","","","","","","","",""
"2024072251","1632","0","0","0","0","0","0","0","0","0","4","0","","02","7","2024","4","40.660106","-80.006799","1632","11","0","0","0","0","0","1","0","0","","0","0","0","","","0","N","0","","40 39:36.383","2","7","80 00:24.477","0","0","0","0","2216","0","0","0","N","0","0","0","3","02505","0","","1.0","1704.0","9","N","N","N","0","","0","0","1","","3","N","","2","0","0","0","0","0","0","1","1","2","07","","","N","","","","","","","","","",""
"2024077528","2115","0","0","0","0","0","0","0","0","0","0","0","","02","9","2024","5","40.429308","-79.931864","2110","11","0","0","0","0","0","0","0","0","","0","0","0","","","1","N","0","","40 25:45.507","4","2","79 55:54.711","3","0","0","1","2301","0","0","0","N","0","0","0","1","02301","0","","1.0","2145.0","1","N","N","N","0","","1","0","0","","0","N","","1","1","0","0","0","0","0","2","0","1","03","03","","N","","","","","","","","","",""
"2024079088","1630","1","0","0","0","0","0","0","0","0","1","0","","02","9","2024","3","40.457952","-80.191748","1624","11","0","0","0","0","0","0","1","0","","0","0","0","","","1","","3","","40 27:28.627","3","0","80 11:30.294","3","0","0","1","2203","0","0","0","N","0","0","0","2","02203","0","","1.0","1700.0","1","N","N","N","0","","1","0","0","","2","N","","2","1","0","0","0","0","0","2","0","2","03","03","","N","","","","","","","","","",""
"2024071958","2253","0","0","0","0","0","0","0","0","0","7","0","","02","6","2024","7","40.438493","-80.012088","2235","11","0","0","0","0","0","0","1","0","","0","0","0","","","0","N","0","","40 26:18.573","4","3","80 00:43.516","0","0","0","0","2301","0","0","0","Y","0","0","0","2","68B03","0","","7.0","1105.0","1","N","N","N","0","","0","0","1","","0","N","","1","0","0","0","0","0","0","2","0","1","03","","","N","","","","","","","","","",""
"2024077877","2325","0","0","0","0","0","0","0","0","0","7","0","","02","9","2024","6","40.385008","-79.862757","2322","11","0","0","0","0","0","0","0","0","","0","0","0","","","1","N","2","","40 23:06.030","1","3","79 51:45.924","3","0","0","0","2303","0","0","0","N","0","0","0","1","02303","0","","4.0","2330.0","8","N","N","N","0","","1","0","1","","0","N","","1","1","0","0","0","0","0","2","0","1","07","","","N","","","","","","","","","",""
"2024082720","0647","2","0","0","0","0","0","0","0","0","1","0","","02","9","2024","6","40.433539","-79.962929","0607","11","0","0","0","0","0","0","0","0","","0","0","0","","","1","N","0","","40 26:00.742","","0","79 57:46.544","8","0","0","0","2301","0","0","0","N","0","0","0","5","68B03","0","","1.0","","1","N","N","N","0","","0","0","3","","0","","","5","1","1","0","0","1","0","2","0","5","03","03","","N","","","","","","","","","",""
"2024077276","1422","1","0","0","0","0","0","0","0","0","4","0","","02","9","2024","6","40.336262","-79.810281","1420","11","0","0","0","0","0","0","1","0","","0","0","0","","","0","N","0","","40 20:10.544","","7","79 48:37.011","0","0","0","0","2477","0","0","0","N","0","0","0","2","02477","0","","1.0","","1","N","N","N","1","","0","0","0","","0","N","","2","0","1","0","0","0","0","2","0","2","03","03","","N","","","","","","","","","",""
"2024082322","1656","2","0","0","0","0","0","0","0","0","4","0","","02","1","2024","6","40.392969","-79.997316","1640","11","0","0","0","0","0","1","0","0","","0","0","0","","","0","","2","","40 23:34.690","","7","79 59:50.336","0","0","0","0","2301","0","0","0","N","0","0","0","2","02301","0","","1.0","","1","N","N","N","0","","0","0","0","","2","","","2","0","0","0","0","0","0","2","0","2","03","","","N","","","","","","","","","",""
"2024070778","0722","0","0","0","0","0","0","0","0","0","7","0","","02","8","2024","5","40.520917","-79.765278","0659","11","0","0","0","0","0","0","0","0","","0","0","0","","","0","N","0","","40 31:15.300","1","0","79 45:55.000","0","0","0","0","2466","0","0","0","N","0","0","0","1","02466","0","","4.0","754.0","1","N","N","N","0","","0","0","1","","0","N","","1","0","0","0","0","0","0","2","0","1","03","","","N","","","","","","","","","",""
"2024071185","2036","0","0","0","0","0","0","0","0","0","7","0","","02","8","2024","6","40.582409","-80.041535","2034","11","0","0","0","0","0","0","0","1","","0","0","0","","","1","N","0","","40 34:56.673","3","0","80 02:29.527","4","0","0","0","2108","0","0","0","N","0","0","0","1","02108","1","","4.0","2130.0","1","N","N","N","0","","0","0","1","","0","N","","1","1","0","0","0","0","0","2","0","1","03","","","N","","","","","","","","","",""
"2024068481","0222","1","0","0","0","0","0","0","0","0","2","0","","02","7","2024","6","40.305221","-79.890313","0216","11","0","0","0","0","0","0","0","0","","0","0","0","","","0","N","0","","40 18:18.794","","0","79 53:25.125","0","0","0","0","2302","0","0","0","N","0","0","0","1","02302","0","","6.0","","1","N","N","N","0","","0","0","1","","0","","","2","0","0","0","0","0","0","2","0","2","03","03","","N","","","","","","","","","",""
"2024082567","2225","1","0","0","0","0","0","0","0","0","1","0","","02","1","2024","3","40.449401","-80.025234","2224","11","0","0","0","0","0","0","0","0","","0","0","0","","","0","N","0","","40 26:57.842","","3","80 01:30.843","9","0","0","0","2301","0","0","0","N","0","0","0","3","02301","0","","1.0","","9","N","N","N","0","","0","0","2","","2","","","3","0","0","0","0","0","2","2","0","3","04","04","","N","","","","","","","","","",""
"2024072782","1501","1","0","0","0","0","0","0","0","0","1","0","","02","8","2024","4","40.436696","-80.001973","1439","11","0","0","0","0","0","1","0","0","","0","0","0","","","5","N","0","","40 26:12.106","","0","80 00:07.101","3","0","0","0","2301","0","0","0","N","0","0","0","5","68B03","0","","1.0","","1","N","N","N","0","","5","0","1","","0","","","2","5","0","0","0","0","0","2","0","2","03","03","","N","","","","","","","","","",""
"2024084103","1154","0","0","0","0","0","0","0","0","0","7","0","","02","9","2024","6","40.505861","-79.793169","1144","11","0","0","0","0","0","1","0","0","","0","0","0","","","0","N","2","","40 30:21.099","","0","79 47:35.409","0","0","0","0","2113","0","0","0","N","0","0","0","1","02113","0","","5.0","","9","N","N","N","0","","0","0","1","","0","","","1","0","0","0","0","0","0","2","0","1","04","98","","N","","","","","","","","","",""
"2024083090","1625","2","0","1","0","0","0","0","0","0","2","0","","02","9","2024","3","40.338972","-79.960743","1625","11","0","0","0","0","0","0","0","0","","0","0","0","","","1","Y","0","","40 20:20.298","5","7","79 57:38.674","2","0","0","0","2454","0","0","0","N","0","0","0","2","02454","0","","1.0","1705.0","1","N","N","N","0","","0","1","0","","0","N","","2","1","0","0","0","0","0","2","0","2","04","04","","N","","","","","","","","","",""
"2024083205","1325","0","0","0","0","0","0","0","0","0","4","0","","02","9","2024","6","40.505396","-80.223062","1325","11","0","0","0","0","0","1","0","0","","0","0","0","","","0","N","0","","40 30:19.425","7","7","80 13:23.024","0","0","0","0","2213","0","0","0","N","0","0","0","2","02213","0","","1.0","1340.0","1","N","N","N","0","","0","0","2","","0","N","","2","0","0","0","0","0","0","2","0","2","03","03","","N","","","","","","","","","",""
"2024077989","1838","0","0","0","0","0","0","0","0","0","4","0","","02","9","2024","5","40.529377","-80.008727","1836","11","1","1","0","0","0","0","0","0","","0","0","0","","","0","N","0","","40 31:45.757","","7","80 00:31.417","0","0","0","0","2116","0","0","0","N","0","0","0","3","02116","0","","1.0","","1","N","N","N","0","","0","0","2","","0","","","2","0","0","0","0","0","0","2","0","2","03","03","","N","","","","","","","","","",""
"2024082832","1439","1","0","0","0","0","0","0","0","0","1","0","","02","9","2024","6","40.60118","-80.048855","1433","11","0","2","0","0","0","0","0","0","","0","0","0","","","0","","1","","40 36:04.249","1","0","80 02:55.879","0","0","0","0","2216","0","0","0","N","0","0","0","4","02505","0","","1.0","1501.0","1","N","N","N","0","","0","0","1","","2","N","","2","0","0","0","0","0","0","2","0","2","03","","","N","","","","","","","","","",""
"2024078578","2024","0","0","0","0","0","0","0","0","0","98","0","","02","9","2024","3","40.530624","-79.955814","2020","11","0","0","0","0","0","1","0","0","","0","0","0","","","0","N","0","","40 31:50.247","","0","79 57:20.929","0","0","0","0","2118","0","0","0","N","0","0","0","1","02118","0","","1.0","","1","N","N","N","0","","0","0","1","","0","","","1","0","0","0","0","0","0","2","0","1","03","03","","N","","","","","","","","","",""
"2024078806","1639","1","0","0","0","0","0","0","0","0","1","0","","02","9","2024","6","40.615708","-80.09424","1631","11","0","0","0","0","0","0","0","0","","0","0","0","","","0","","1","","40 36:56.550","","2","80 05:39.265","0","0","0","0","2481","0","0","0","N","0","0","0","4","02505","0","","1.0","","1","N","N","N","0","","0","0","1","","0","","","2","0","0","0","0","0","0","2","0","2","03","04","","N","","","","","","","","","",""
"2024083574","2315","2","0","0","0","0","0","0","0","0","1","0","","02","9","2024","1","40.421843","-80.012594","2306","11","0","0","0","0","0","0","0","0","","0","0","0","","","0","","2","","40 25:18.633","","0","80 00:45.338","9","0","0","0","2301","0","0","0","N","0","0","0","2","02301","0","","1.0","","1","N","N","N","0","","0","0","0","","0","","","2","0","0","0","0","0","1","2","0","2","03","03","","N","","","","","","","","","",""
"2024066995","2211","0","0","0","0","0","0","0","0","0","5","0","","02","8","2024","5","40.500861","-80.051889","2207","11","0","1","0","0","0","0","0","0","","0","0","0","","","0","N","0","","40 30:03.100","5","0","80 03:06.800","0","0","0","0","2404","0","0","0","N","0","0","0","1","02404","0","","6.0","2257.0","1","N","N","N","1","","0","0","2","","0","Y","","3","0","1","0","0","0","0","2","0","3","03","","","N","","","","","","","","","",""
"2024070823","1045","0","0","0","0","0","0","0","0","0","4","0","","02","8","2024","3","40.525638","-80.005583","1042","11","0","0","0","0","0","1","0","0","","0","0","0","","","0","N","0","","40 31:32.296","","7","80 00:20.099","0","0","0","0","2116","0","0","0","N","0","0","0","2","02116","0","","1.0","","1","N","N","N","0","","0","0","2","","0","","","2","0","0","0","0","0","0","2","0","2","03","03","","N","","","","","","","","","",""
"2024082334","1258","1","0","0","0","0","0","0","0","0","7","0","","02","1","2024","7","40.436889","-80.025806","1237","11","0","0","0","0","0","0","0","1","","0","0","0","","","0","","2","","40 26:12.800","7","0","80 01:32.900","0","0","0","0","2301","0","0","0","N","0","0","0","1","02301","0","","5.0","1329.0","7","N","N","N","0","","0","0","0","","3","N","","1","0","0","0","0","0","0","2","0","1","10","09","","N","","","","","","","","","",""
"2024082427","0756","0","0","0","0","0","0","0","0","0","7","0","","02","1","2024","3","40.385944","-79.984028","0735","11","0","0","0","0","0","1","0","0","","0","0","0","","","0","N","0","","40 23:09.400","","0","79 59:02.500","0","0","0","0","2301","0","0","0","N","0","0","0","2","02301","0","","4.0","","7","N","N","N","0","","0","0","1","","0","","","1","0","0","0","0","0","0","2","0","1","10","10","","N","","","","","","","","","",""
"2024084237","0038","1","0","0","0","0","0","0","0","0","4","1","","02","9","2024","6","40.448799","-80.081855","0026","11","0","0","0","0","0","0","0","0","","0","1","0","","","1","","1","","40 26:55.676","","0","80 04:54.678","3","0","0","0","2301","0","0","0","N","0","0","0","2","02301","0","","1.0","","1","N","N","N","0","","1","0","0","","0","","","2","1","0","0","0","0","0","2","0","2","03","03","","N","","","","","","","","","",""
"2024072902","1419","1","0","0","0","0","0","0","0","0","1","0","","02","8","2024","5","40.473881","-79.972003","1413","11","0","0","0","0","0","0","0","0","","0","0","0","","","1","N","0","","40 28:25.971","2","2","79 58:19.209","3","0","0","0","2445","0","0","0","N","0","0","0","2","02445","0","","1.0","1511.0","1","N","N","N","1","","1","0","0","","4","N","","2","1","0","0","0","0","0","2","0","2","03","04","","N","","","","","","","","","",""
"2024072491","2029","1","0","0","0","0","0","0","0","0","7","0","","02","8","2024","7","40.437718","-80.215436","2005","11","0","0","0","1","0","0","0","0","","0","0","0","","","0","N","0","","40 26:15.785","3","0","80 12:55.569","0","0","0","0","2214","0","0","0","N","0","0","0","1","68B03","0","","5.0","2100.0","9","N","N","N","0","","0","0","0","","0","N","","1","0","0","0","0","0","0","2","0","1","07","07","","N","","","","","","","","","",""
"2024080105","0634","1","0","0","0","0","0","0","0","0","4","0","","02","9","2024","2","40.356008","-79.898146","0633","11","0","0","0","0","0","0","1","0","","0","0","0","","","0","","3","","40 21:21.627","","0","79 53:53.327","0","0","0","0","2473","0","0","0","N","0","0","0","2","02304","0","","1.0","","1","N","N","N","0","","0","0","0","","2","","","2","0","0","0","0","0","0","2","1","2","03","03","","N","","","","","","","","","",""
"2024072490","1925","1","0","0","0","0","0","0","0","0","7","0","","02","8","2024","7","40.615875","-80.095713","1911","11","0","0","0","0","0","0","0","0","","0","0","0","","","0","N","0","","40 36:57.149","1","0","80 05:44.568","0","0","0","0","2212","0","0","0","Y","0","0","0","1","68B03","0","","5.0","2000.0","9","N","N","N","0","","0","0","0","","0","N","","1","0","0","0","0","0","0","2","0","1","07","07","","N","","","","","","","","","",""
"2024071578","1240","1","0","0","0","0","0","0","0","0","1","0","","02","8","2024","1","40.431783","-79.730146","1234","11","0","0","0","0","0","0","1","1","","0","0","0","","","3","N","0","","40 25:54.418","4","0","79 43:48.524","3","0","0","0","2446","0","0","0","N","0","0","0","6","02446","0","","1.0","1330.0","1","N","N","N","0","","3","0","2","","0","N","","3","3","0","0","0","0","0","2","0","3","03","03","","N","","","","","","","","","",""
"2024078727","2018","0","0","0","0","0","0","0","0","0","8","0","","02","7","2024","1","40.446108","-80.052069","2018","11","0","0","0","0","0","0","0","0","","1","0","0","","","0","N","0","","40 26:45.990","2","0","80 03:07.450","1","0","0","0","2301","1","1","0","N","1","1","0","3","02301","0","2","1.0","2100.0","1","N","N","N","0","0","0","0","1","","0","N","","2","0","0","0","0","0","0","2","0","1","03","","","N","","","","","","","","","",""
"2024082420","2205","0","0","0","0","0","0","0","0","0","7","0","","02","1","2024","2","40.452204","-80.007655","2154","11","0","0","0","0","0","0","0","0","","0","0","0","","","0","","1","","40 27:07.936","","0","80 00:27.559","9","0","0","0","2301","0","0","0","N","0","0","0","1","02301","0","","4.0","","6","N","N","N","1","","0","0","0","","2","","","1","0","0","0","0","0","1","2","0","1","10","10","","N","","","","","","","","","",""
"2024083596","0740","1","0","0","0","0","0","0","0","0","4","1","","02","9","2024","2","40.366215","-80.015121","0740","11","0","0","0","0","0","0","0","0","","0","1","0","","","0","N","0","","40 21:58.375","2","7","80 00:54.437","0","0","0","0","2416","0","0","0","N","0","0","0","3","02416","0","","1.0","745.0","9","N","N","N","0","","0","0","0","","0","N","","3","0","0","0","0","0","0","2","1","3","07","","","N","","","","","","","","","",""
"2024083197","1721","0","0","0","0","0","0","0","0","0","4","0","","02","9","2024","3","40.444162","-79.99103","1709","11","0","0","0","0","0","0","0","0","","0","0","0","","","0","Y","0","","40 26:38.983","","3","79 59:27.709","0","0","0","0","2301","0","0","0","N","0","0","0","2","02301","0","","1.0","","1","N","N","N","2","","0","0","0","","0","","","2","0","0","0","0","0","0","2","0","2","03","03","","N","","","","","","","","","",""
"2024071330","1217","1","0","0","0","0","0","0","0","0","4","0","","02","8","2024","4","40.395397","-79.997478","1214","11","0","0","1","0","0","0","0","0","","0","0","0","","","1","","2","","40 23:43.429","1","0","79 59:50.919","3","0","0","0","2301","0","0","0","N","0","0","0","2","02301","0","","1.0","30.0","1","N","N","N","0","","1","0","1","","3","N","","2","1","0","0","0","0","0","2","0","2","03","","","N","","","","","","","","","",""
"2024080545","1852","0","0","0","0","0","0","0","0","0","4","0","","02","9","2024","2","40.439118","-79.919498","1852","11","0","0","0","0","0","0","0","0","","0","0","0","","","0","","2","","40 26:20.824","5","0","79 55:10.192","0","0","0","0","2301","0","0","0","N","0","0","0","1","02301","0","","6.0","1930.0","1","N","N","N","0","","0","0","2","","0","N","","2","0","0","0","0","0","0","2","0","2","03","","","N","","","","","","","","","",""
"2024077443","2235","0","0","0","0","0","0","0","0","0","7","0","","02","9","2024","6","40.285582","-80.023363","2228","11","0","0","0","0","0","1","0","0","","0","0","0","","","0","N","0","","40 17:08.096","5","0","80 01:24.107","0","0","0","0","2219","0","0","0","N","0","0","0","1","02219","0","","4.0","2326.0","9","N","N","N","1","","0","0","0","","0","N","","1","0","1","0","0","0","0","2","0","1","07","07","","N","","","","","","","","","",""
"2024078394","1555","0","0","0","0","0","0","1","0","0","4","1","","02","9","2024","2","40.611099","-80.104488","1547","11","0","0","0","0","0","0","2","0","","0","0","0","","","0","","2","","40 36:39.958","","7","80 06:16.158","0","0","0","0","2481","0","0","0","N","0","0","0","5","02481","0","","1.0","","1","Y","N","N","0","","0","0","1","","3","","","2","0","0","0","0","0","0","1","0","2","03","","","N","","","","","","","","","",""
"2024071245","0112","0","0","0","0","0","0","0","0","0","5","0","","02","8","2024","7","40.468763","-79.860105","0112","11","0","0","0","0","0","0","0","0","","0","0","0","","","1","N","0","","40 28:07.545","6","0","79 51:36.378","3","0","0","0","2113","0","0","0","N","0","0","0","1","02113","0","","4.0","210.0","1","N","N","N","0","","1","0","1","","0","N","","2","1","0","0","0","0","0","2","1","2","03","","","N","","","","","","","","","",""