"CRN","ARRIVAL_TM","AUTOMOBILE_COUNT","BELTED_DEATH_COUNT","BELTED_SUSP_SERIOUS_INJ_COUNT","BICYCLE_COUNT","BICYCLE_DEATH_COUNT","BICYCLE_SUSP_SERIOUS_INJ_COUNT","BUS_COUNT","CHLDPAS_DEATH_COUNT","CHLDPAS_SUSP_SERIOUS_INJ_COUNT","COLLISION_TYPE","COMM_VEH_COUNT","CONS_ZONE_SPD_LIM","COUNTY","CRASH_MONTH","CRASH_YEAR","DAY_OF_WEEK","DEC_LATITUDE","DEC_LONGITUDE","DISPATCH_TM","DISTRICT","DRIVER_COUNT_16YR","DRIVER_COUNT_17YR","DRIVER_COUNT_18YR","DRIVER_COUNT_19YR","DRIVER_COUNT_20YR","DRIVER_COUNT_50_64YR","DRIVER_COUNT_65_74YR","DRIVER_COUNT_75PLUS","EST_HRS_CLOSED","FATAL_COUNT","HEAVY_TRUCK_COUNT","HORSE_BUGGY_COUNT","HOUR_OF_DAY","ILLUMINATION","INJURY_COUNT","INTERSECTION_RELATED","INTERSECT_TYPE","LANE_CLOSED","LATITUDE","LN_CLOSE_DIR","LOCATION_TYPE","LONGITUDE","MAX_SEVERITY_LEVEL","MCYCLE_DEATH_COUNT","MCYCLE_SUSP_SERIOUS_INJ_COUNT","MOTORCYCLE_COUNT","MUNICIPALITY","NONMOTR_COUNT","NONMOTR_DEATH_COUNT","NONMOTR_SUSP_SERIOUS_INJ_COUNT","NTFY_HIWY_MAINT","PED_COUNT","PED_DEATH_COUNT","PED_SUSP_SERIOUS_INJ_COUNT","PERSON_COUNT","POLICE_AGCY","POSSIBLE_INJ_COUNT","RDWY_SURF_TYPE_CD","RELATION_TO_ROAD","ROADWAY_CLEARED","ROAD_CONDITION","SCH_BUS_IND","SCH_ZONE_IND","SECONDARY_CRASH","SMALL_TRUCK_COUNT","SPEC_JURIS_CD","SUSP_MINOR_INJ_COUNT","SUSP_SERIOUS_INJ_COUNT","SUV_COUNT","TCD_FUNC_CD","TCD_TYPE","TFC_DETOUR_IND","TIME_OF_DAY","TOTAL_UNITS","TOT_INJ_COUNT","UNBELTED_OCC_COUNT","UNB_DEATH_COUNT","UNB_SUSP_SERIOUS_INJ_COUNT","UNK_INJ_DEG_COUNT","UNK_INJ_PER_COUNT","URBAN_RURAL","VAN_COUNT","VEHICLE_COUNT","WEATHER1","WEATHER2","WORKERS_PRES","WORK_ZONE_IND","WORK_ZONE_LOC","WORK_ZONE_TYPE","WZ_CLOSE_DETOUR","WZ_FLAGGER","WZ_LAW_OFFCR_IND","WZ_LN_CLOSURE","WZ_MOVING","WZ_OTHER","WZ_SHLDER_MDN","WZ_WORKERS_INJ_KILLED"
"2024072531","0823","1","0","0","0","0","0","0","0","0","4","0","","02","5","2024","6","40.446722","-79.895361","0818","11","0","0","0","0","0","0","0","0","","0","0","0","","","2","N","0","","40 26:48.200","","7","79 53:43.300","3","0","0","0","2301","0","0","0","N","0","0","0","4","02301","0","","1.0","","1","N","N","N","0","","2","0","1","","0","","","2","2","0","0","0","0","0","2","0","2","03","","","N","","","","","","","","","",""
"2024069539","2221","2","0","0","0","0","0","0","0","0","4","0","","02","8","2024","4","40.496131","-79.976881","2215","11","1","0","0","0","0","0","0","0","","0","0","0","","","0","","1","","40 29:46.072","","0","79 58:36.771","0","0","0","0","2118","0","0","0","N","0","0","0","2","02118","0","","1.0","","1","N","N","N","0","","0","0","0","","3","","","2","0","0","0","0","0","0","2","0","2","03","03","","N","","","","","","","","","",""
"2024071303","1814","2","0","0","0","0","0","0","0","0","1","0","","02","8","2024","3","40.586529","-79.950409","1810","11","0","1","0","0","0","0","0","1","","0","0","0","","","1","","2","","40 35:11.506","2","0","79 57:01.473","3","0","0","0","2207","0","0","0","N","0","0","0","2","02207","0","","1.0","1853.0","1","N","N","N","0","","1","0","0","","0","N","","2","1","0","0","0","0","0","2","0","2","03","03","","N","","","","","","","","","",""
"2024071845","1335","1","0","0","0","0","0","0","0","0","1","0","","02","8","2024","2","40.497719","-80.054075","1334","11","0","0","0","0","0","1","0","0","","0","0","0","","","0","","1","","40 29:51.788","","0","80 03:14.669","0","0","0","0","2404","0","0","0","N","0","0","0","2","02404","0","","1.0","","9","N","N","N","0","","0","0","1","","0","","","3","0","0","0","0","0","0","2","0","2","04","07","","N","","","","","","","","","",""
"2024071125","1500","0","0","0","0","0","0","0","0","0","1","1","","02","8","2024","6","40.615708","-80.09424","1500","11","0","0","0","0","0","1","0","0","","0","1","0","","","0","","1","","40 36:56.550","","2","80 05:39.265","0","0","0","0","2481","0","0","0","N","0","0","0","2","02481","0","","1.0","","1","N","N","N","0","","0","0","1","","2","","","2","0","0","0","0","0","0","2","0","2","03","03","","N","","","","","","","","","",""
"2024073060","1159","1","0","0","0","0","0","0","0","0","1","0","","02","8","2024","2","40.453287","-79.947347","1147","11","0","0","0","0","1","0","0","0","","0","0","0","","","0","","2","","40 27:11.832","3","0","79 56:50.450","0","0","0","0","2301","0","0","0","N","0","0","0","2","02301","0","","1.0","1215.0","1","N","N","N","1","","0","0","0","","0","N","","2","0","0","0","0","0","0","2","0","2","03","","","N","","","","","","","","","",""
"2024071332","1758","1","0","0","0","0","0","0","0","0","1","0","","02","8","2024","6","40.359048","-80.059984","1758","11","0","0","0","0","0","0","0","0","","0","0","0","","","1","","3","","40 21:32.572","2","0","80 03:35.941","4","0","0","0","2109","0","0","0","N","0","0","0","2","02109","1","","1.0","1825.0","1","N","N","N","0","","0","0","1","","0","N","","2","1","0","0","0","0","0","2","0","2","04","","","N","","","","","","","","","",""
"2024070857","2105","0","0","0","0","0","0","0","0","0","4","0","","02","8","2024","7","40.377298","-79.801359","2102","11","0","0","0","0","0","1","0","0","","0","0","0","","","3","","2","","40 22:38.272","6","0","79 48:04.891","2","0","1","2","2111","0","0","0","N","0","0","0","3","02501","0","","1.0","100.0","1","N","N","N","0","","2","1","1","","0","Y","","3","3","0","0","0","0","0","2","0","3","03","","","N","","","","","","","","","",""
"2024063358","2223","0","0","0","0","0","0","0","0","0","7","0","","02","7","2024","1","40.393444","-80.037361","2222","11","0","0","0","0","0","0","0","0","","0","0","0","","","0","N","0","","40 23:36.400","1","0","80 02:14.500","0","0","0","0","2422","0","0","0","N","0","0","0","1","02422","0","","2.0","2356.0","1","N","N","N","0","","0","0","2","","0","N","","2","0","0","0","0","0","0","2","0","2","03","03","","N","","","","","","","","","",""
"2024072207","0936","0","0","0","0","0","0","0","0","0","7","0","","02","8","2024","3","40.312245","-79.807107","0931","11","0","1","0","0","0","0","0","0","","0","0","0","","","0","N","0","","40 18:44.081","5","0","79 48:25.585","0","0","0","0","2105","0","0","0","N","0","0","0","1","02105","0","","4.0","1126.0","1","N","N","N","0","","0","0","1","","0","Y","","1","0","0","0","0","0","0","2","0","1","04","03","","N","","","","","","","","","",""
"2024071480","0542","0","0","0","0","0","0","0","0","0","98","0","","02","8","2024","5","40.278375","-79.937885","0525","11","0","0","0","0","0","0","0","0","","0","0","0","","","0","N","0","","40 16:42.149","","0","79 56:16.387","0","0","0","0","2440","0","0","0","N","0","0","0","1","68T10","0","","1.0","","1","N","N","N","0","","0","0","1","","0","","","1","0","0","0","0","0","0","2","0","1","03","","","N","","","","","","","","","",""
"2024071115","1713","0","0","0","0","0","0","0","0","0","4","0","","02","8","2024","5","40.347079","-79.952523","1713","11","0","0","0","0","0","0","1","0","","0","0","0","","","1","N","0","","40 20:49.486","","7","79 57:09.084","3","0","0","0","2473","0","0","0","N","0","0","0","2","02473","0","","1.0","","1","N","N","N","0","","1","0","2","","3","N","","2","1","0","0","0","0","0","2","0","2","03","","","N","","","","","","","","","",""
"2024072897","2129","1","0","0","0","0","0","0","0","0","4","0","","02","8","2024","4","40.29212","-80.030541","2123","11","0","0","0","0","0","1","0","0","","0","0","0","","","0","","2","","40 17:31.633","2","0","80 01:49.947","0","0","0","0","2407","0","0","0","N","0","0","0","2","02407","0","","1.0","2215.0","1","N","N","N","0","","0","0","1","","0","N","","2","0","0","0","0","0","0","2","0","2","03","03","","N","","","","","","","","","",""
"2024085401","1703","0","0","0","0","0","0","0","0","0","4","0","","02","2","2024","2","40.435598","-79.983173","1659","11","0","0","0","0","0","0","1","0","","0","0","0","","","0","","2","","40 26:08.152","","0","79 58:59.424","0","0","0","0","2301","0","0","0","N","0","0","0","3","02301","0","","1.0","","1","N","N","N","0","","0","0","2","","3","","","2","0","0","0","0","0","0","2","0","2","03","","","N","","","","","","","","","",""
"2024072906","2034","1","0","0","0","0","0","0","0","0","4","0","","02","8","2024","3","40.435719","-79.962508","2034","11","0","0","0","0","1","0","0","0","","0","0","0","","","0","N","0","","40 26:08.587","","0","79 57:45.029","0","0","0","0","2301","0","0","0","N","0","0","0","3","02301","0","","1.0","","1","N","N","N","0","","0","0","1","","0","","","2","0","0","0","0","0","0","2","0","2","03","","","N","","","","","","","","","",""
"2024070888","1936","0","0","0","0","0","0","0","0","0","0","0","","02","8","2024","4","40.521845","-80.047918","1930","11","0","0","0","0","0","0","0","0","","0","0","0","","","1","N","0","","40 31:18.641","","0","80 02:52.506","3","0","0","1","2116","0","0","0","N","0","0","0","1","02116","0","","1.0","","1","N","N","N","0","","1","0","0","","0","","","1","1","0","0","0","0","0","2","0","1","","","","N","","","","","","","","","",""
"2024070501","1655","1","0","0","0","0","0","0","0","0","7","0","","02","8","2024","4","40.374722","-79.893667","1651","11","0","0","0","0","0","0","0","0","","0","0","0","","","0","N","0","","40 22:29.000","","0","79 53:37.200","0","0","0","0","2473","0","0","0","N","0","0","0","1","02473","0","","4.0","","1","N","N","N","0","","0","0","0","","0","","","1","0","0","0","0","0","0","2","0","1","03","03","","N","","","","","","","","","",""
"2024072979","1752","0","0","0","0","0","0","0","0","0","1","0","","02","8","2024","4","40.491197","-79.950639","1748","11","0","0","0","0","0","1","0","0","","0","0","0","","","0","N","0","","40 29:28.309","1","0","79 57:02.302","0","0","0","0","2430","0","0","0","N","0","0","0","2","02430","0","","1.0","1812.0","1","N","N","N","0","","0","0","2","","0","N","","2","0","0","0","0","0","0","2","0","2","03","","","N","","","","","","","","","",""
"2024071891","1517","0","0","0","0","0","0","0","0","0","5","0","","02","8","2024","1","40.411169","-80.069321","1517","11","0","0","0","0","0","0","0","0","","0","0","0","","","1","N","0","","40 24:40.207","3","0","80 04:09.554","4","0","0","0","2435","0","0","0","N","0","0","0","3","68B03","1","","1.0","1555.0","1","N","N","N","1","","0","0","1","","0","N","","2","1","0","0","0","0","0","2","0","2","03","","","N","","","","","","","","","",""
"2024071980","0829","1","0","0","0","0","0","0","0","0","0","1","","02","8","2024","5","40.448232","-80.11097","0751","11","0","0","0","0","0","1","0","0","","0","1","0","","","0","N","0","","40 26:53.635","","0","80 06:39.492","0","0","0","0","2115","0","0","0","N","0","0","0","3","68B03","0","","1.0","","1","N","N","N","0","","0","0","1","","0","","","3","0","0","0","0","0","0","2","0","3","03","","","N","","","","","","","","","",""
"2024071594","1225","1","0","0","0","0","0","0","0","0","1","0","","02","8","2024","1","40.451502","-79.908186","1221","11","0","0","0","0","0","0","0","0","","0","0","0","","","0","","1","","40 27:05.406","3","0","79 54:29.469","0","0","0","0","2301","0","0","0","N","0","0","0","2","02301","0","","1.0","1245.0","1","N","N","N","0","","0","0","1","","2","N","","2","0","0","0","0","0","0","2","0","2","03","","","N","","","","","","","","","",""
"2024072488","1920","0","0","0","0","0","0","0","0","0","1","0","","02","8","2024","6","40.425419","-79.908103","1904","11","0","0","0","0","0","0","0","0","","0","0","0","","","0","N","0","","40 25:31.507","","0","79 54:29.170","0","0","0","0","2301","0","0","0","N","0","0","0","2","68B03","0","","1.0","","1","N","N","N","1","","0","0","1","","0","","","2","0","0","0","0","0","0","2","0","2","03","","","N","","","","","","","","","",""
"2024067506","1329","1","0","0","0","0","0","0","0","0","4","0","","02","8","2024","5","40.549582","-79.914118","1319","11","0","0","0","0","0","0","0","0","","0","0","0","","","2","","1","","40 32:58.496","","0","79 54:50.825","3","0","0","0","2209","0","0","0","N","0","0","0","3","02209","0","","1.0","","1","N","N","N","0","","2","0","1","","2","","","2","2","0","0","0","0","0","2","0","2","03","03","","N","","","","","","","","","",""
"2024071110","0825","0","0","0","0","0","0","0","0","0","7","0","","02","8","2024","6","40.522556","-79.880194","0825","11","0","1","0","0","0","0","0","0","","0","0","0","","","0","N","0","","40 31:21.200","4","7","79 52:48.700","0","0","0","0","2432","0","0","0","N","0","0","0","1","02432","0","","4.0","946.0","1","N","N","N","0","","0","0","1","","0","N","","1","0","0","0","0","0","0","2","0","1","03","","","N","","","","","","","","","",""
"2024070787","0733","0","0","0","0","0","0","0","0","0","4","0","","02","8","2024","5","40.652306","-79.792583","0728","11","0","0","0","0","1","0","0","0","","0","0","0","","","0","","1","","40 39:08.301","7","0","79 47:33.297","0","0","0","0","2202","0","0","0","Y","0","0","0","2","02202","0","","1.0","836.0","1","N","N","N","1","","0","0","1","","3","N","","2","0","0","0","0","0","0","1","0","2","03","","","N","","","","","","","","","",""
"2024071051","1555","0","0","0","0","0","0","0","0","0","4","0","","02","8","2024","3","40.63669","-79.940808","1546","11","0","0","0","0","0","0","0","0","","0","0","0","","","0","","1","","40 38:12.084","2","7","79 56:26.910","0","0","0","0","2217","0","0","0","N","0","0","0","2","02505","0","","1.0","1615.0","1","N","N","N","0","","0","0","2","","3","N","","2","0","0","0","0","0","0","2","0","2","03","","","N","","","","","","","","","",""
"2024073045","0126","0","0","1","0","0","0","0","0","0","1","0","","02","8","2024","1","40.477905","-80.04222","0122","11","0","0","0","0","0","0","0","0","","0","0","0","","","3","N","0","","40 28:40.457","","0","80 02:31.991","2","0","0","0","2301","0","0","0","N","0","0","0","6","02301","1","","1.0","","1","N","N","N","0","","1","1","2","","0","","","2","3","0","0","0","0","0","2","0","2","03","03","","N","","","","","","","","","",""
"2024071367","1113","1","0","0","0","0","0","0","0","0","4","0","","02","8","2024","6","40.534524","-80.011025","1109","11","0","0","0","0","0","1","0","0","","0","0","0","","","0","N","0","","40 32:04.285","2","7","80 00:39.691","0","0","0","0","2116","0","0","0","N","0","0","0","3","02116","0","","1.0","1130.0","1","N","N","N","0","","0","0","1","","0","N","","2","0","0","0","0","0","0","2","0","2","03","","","N","","","","","","","","","",""
"2024071528","1647","0","0","0","0","0","0","0","0","0","7","0","","02","8","2024","7","40.634694","-79.970694","1642","11","0","1","0","0","0","0","0","0","","0","0","0","","","0","N","0","","40 38:04.900","5","0","79 58:14.500","0","0","0","0","2217","0","0","0","N","0","0","0","1","02505","0","","4.0","1739.0","9","N","N","N","0","","0","0","1","","0","Y","","1","0","0","0","0","0","0","1","0","1","04","","","N","","","","","","","","","",""
"2024071121","1111","0","0","0","0","0","0","0","0","0","4","0","","02","8","2024","5","40.385473","-79.864025","1110","11","0","0","0","0","0","0","0","0","","0","0","0","","","3","N","0","","40 23:07.704","","0","79 51:50.491","4","0","0","0","2473","0","0","0","N","0","0","0","6","02473","3","","1.0","","1","N","N","N","0","","0","0","2","","0","","","2","3","0","0","0","0","0","2","0","2","03","03","","N","","","","","","","","","",""
"2024071325","1040","2","0","0","0","0","0","0","0","0","4","0","","02","8","2024","6","40.435046","-79.790499","1035","11","0","0","0","0","0","0","0","0","","0","0","0","","","2","N","0","","40 26:06.166","4","7","79 47:25.795","3","0","0","0","2446","0","0","0","N","0","0","0","5","02446","0","","1.0","1058.0","1","N","N","N","0","","2","0","0","","0","Y","","2","2","0","0","0","0","0","2","0","2","03","98","","N","","","","","","","","","",""
"2024069814","1249","0","0","0","0","0","0","0","0","0","1","0","","02","8","2024","2","40.514523","-80.007083","1246","11","0","0","0","0","0","1","2","0","","0","0","0","","","0","N","0","","40 30:52.282","","0","80 00:25.498","0","0","0","0","2116","0","0","0","N","0","0","0","6","02116","0","","1.0","","1","N","N","Y","0","","0","0","3","","0","","","3","0","0","0","0","0","0","2","0","3","03","03","","N","","","","","","","","","",""
"2024072895","1910","1","0","0","0","0","0","0","0","0","1","0","","02","7","2024","6","40.448306","-79.789139","1901","11","0","0","0","0","0","0","0","0","","0","0","0","","","0","N","0","","40 26:53.900","3","0","79 47:20.900","0","0","0","0","2446","0","0","0","N","0","0","0","1","02446","0","","2.0","1940.0","1","N","N","Y","0","","0","0","1","","0","N","","2","0","1","0","0","0","0","2","0","2","03","","","N","","","","","","","","","",""
"2024068711","1055","1","0","0","0","0","0","0","0","0","4","0","","02","6","2024","7","40.403932","-80.090557","1052","11","0","0","0","0","0","0","1","0","","0","0","0","","","0","","1","","40 24:14.156","","0","80 05:26.004","0","0","0","0","2415","0","0","0","N","0","0","0","2","02415","0","","1.0","","1","N","N","N","0","","0","0","1","","3","","","2","0","0","0","0","0","0","2","0","2","","","","N","","","","","","","","","",""
"2024070900","0636","0","0","0","0","0","0","0","0","0","5","0","","02","8","2024","5","40.303925","-79.932628","0631","11","0","0","0","0","0","0","0","0","","0","0","0","","","0","N","0","","40 18:14.131","1","0","79 55:57.462","0","0","0","0","2440","0","0","0","N","0","0","0","2","02440","0","","1.0","641.0","1","N","N","N","0","","0","0","2","","0","N","","2","0","0","0","0","0","0","2","0","2","03","03","","N","","","","","","","","","",""
"2024071810","1021","0","0","0","0","0","0","0","0","0","7","0","","02","8","2024","1","40.405556","-79.803889","1014","11","0","0","0","0","0","0","0","0","","0","0","0","","","0","N","0","","40 24:20.000","1","0","79 48:14.000","0","0","0","0","2446","0","0","0","N","0","0","0","1","02446","0","","4.0","1105.0","1","N","N","N","0","","0","0","1","","0","N","","1","0","0","0","0","0","0","2","0","1","04","","","N","","","","","","","","","",""
"2024067193","1839","1","0","0","0","0","0","0","0","0","4","0","","02","8","2024","7","40.53276","-79.958616","1839","11","0","0","0","0","0","0","0","0","","0","0","0","","","3","","2","","40 31:57.936","","0","79 57:31.019","3","0","0","0","2118","0","0","0","N","0","0","0","3","02118","0","","1.0","","1","N","N","N","0","","3","0","1","","2","","","2","3","0","0","0","0","0","2","0","2","03","03","","N","","","","","","","","","",""
"2024072151","1523","0","0","0","0","0","0","0","0","0","0","0","","02","8","2024","1","40.652182","-79.76047","1518","11","0","0","0","0","0","1","0","0","","0","0","0","","","0","N","0","","40 39:07.854","5","0","79 45:37.691","0","0","0","0","2202","0","0","0","N","0","0","0","2","68D02","0","","2.0","1600.0","9","N","N","N","0","","0","0","1","","0","Y","","1","0","0","0","0","0","0","1","0","1","03","03","","N","","","","","","","","","",""
"2024072238","1153","1","0","0","0","0","0","0","0","0","4","0","","02","8","2024","3","40.350869","-79.834306","1153","11","0","0","0","0","0","1","1","0","","0","0","0","","","2","","2","","40 21:03.128","","0","79 50:03.501","3","0","0","0","2304","0","0","0","N","0","0","0","3","02304","0","","1.0","","1","N","N","N","0","","2","0","1","","3","","","2","2","0","0","0","0","0","2","0","2","03","03","","N","","","","","","","","","",""
"2024071541","1238","0","0","0","0","0","0","0","0","0","4","0","","02","8","2024","7","40.437617","-79.770056","1233","11","0","0","0","0","0","1","0","0","","0","0","0","","","0","N","0","","40 26:15.420","2","7","79 46:12.200","0","0","0","0","2446","0","0","0","N","0","0","0","2","02446","0","","1.0","1304.0","1","N","N","N","0","","0","0","2","","0","N","","2","0","0","0","0","0","0","2","0","2","03","03","","N","","","","","","","","","",""
"2024070490","1715","2","0","0","0","0","0","0","0","0","4","0","","02","8","2024","3","40.434219","-79.751256","1714","11","0","0","0","1","0","1","0","0","","0","0","0","","","0","N","0","","40 26:03.190","","7","79 45:04.523","0","0","0","0","2446","0","0","0","N","0","0","0","3","02446","0","","1.0","","1","N","N","N","0","","0","0","1","","0","","","3","0","0","0","0","0","0","2","0","3","04","","","N","","","","","","","","","",""
"2024072924","1634","1","0","0","0","0","0","0","0","0","2","0","","02","8","2024","2","40.43478","-79.754711","1632","11","0","0","0","0","0","0","0","1","","0","0","0","","","2","","2","","40 26:05.208","2","0","79 45:16.961","3","0","0","0","2446","0","0","0","N","0","0","0","3","02446","0","","1.0","1722.0","1","N","N","N","0","","2","0","1","","3","N","","2","2","0","0","0","0","0","2","0","2","03","","","N","","","","","","","","","",""
"2024069857","1530","0","0","0","1","0","0","0","0","0","8","0","","02","8","2024","2","40.33975","-79.829892","1530","11","0","0","0","0","0","0","1","0","","0","0","0","","","1","","2","","40 20:23.099","","0","79 49:47.612","3","0","0","0","2304","1","0","0","N","0","0","0","2","02304","0","","1.0","","1","N","N","N","0","","1","0","1","","0","","","2","1","1","0","0","0","0","2","0","1","03","03","","N","","","","","","","","","",""
"2024071796","1339","2","0","0","0","0","0","0","0","0","4","0","","02","8","2024","7","40.509733","-79.855527","1333","11","0","1","0","0","0","0","0","0","","0","0","0","","","2","","2","","40 30:35.037","2","0","79 51:19.898","3","0","0","0","2112","0","0","0","N","0","0","0","5","02112","0","","1.0","1426.0","1","N","N","N","0","","2","0","0","","0","N","","2","2","0","0","0","0","0","2","0","2","03","","","N","","","","","","","","","",""
"2024072843","1105","2","0","0","0","0","0","0","0","0","1","0","","02","8","2024","4","40.500017","-80.219299","1104","11","1","1","0","0","0","0","0","0","","0","0","0","","","0","","1","","40 30:00.062","3","0","80 13:09.478","0","0","0","0","2213","0","0","0","N","0","0","0","4","02213","0","","1.0","1125.0","1","N","N","N","0","","0","0","0","","2","N","","2","0","0","0","0","0","0","2","0","2","03","","","N","","","","","","","","","",""
"2024072543","1456","1","0","0","0","0","0","0","0","0","1","0","","02","8","2024","1","40.322203","-79.92599","1450","11","0","0","1","0","0","0","0","0","","0","0","0","","","0","N","2","","40 19:19.930","1","0","79 55:33.565","0","0","0","0","2440","0","0","0","N","0","0","0","2","02440","0","","1.0","1516.0","1","N","N","N","0","","0","0","1","","0","N","","2","0","0","0","0","0","0","2","0","2","03","03","","N","","","","","","","","","",""
"2024071957","0419","2","0","1","0","0","0","0","0","0","7","0","","02","6","2024","7","40.433809","-79.98935","0334","11","0","0","0","0","0","0","0","0","","0","0","0","","","2","N","0","","40 26:01.712","3","0","79 59:21.660","2","0","0","0","2301","0","0","0","N","0","0","0","2","68B03","0","","3.0","448.0","1","N","N","N","0","","1","1","0","","0","N","","2","2","0","0","0","0","0","2","0","2","03","","","N","","","","","","","","","",""
"2024072582","1204","1","0","0","0","0","0","0","0","0","1","0","","02","8","2024","4","40.561469","-80.039386","1155","11","0","0","0","0","0","0","1","0","","0","0","0","","","0","N","0","","40 33:41.289","","0","80 02:21.791","0","0","0","0","2108","0","0","0","N","0","0","0","2","02108","0","","1.0","","1","N","N","N","0","","0","0","1","","2","N","","2","0","0","0","0","0","0","2","0","2","03","03","","N","","","","","","","","","",""
"2024079742","0342","1","0","0","0","0","0","0","0","0","5","0","","02","9","2024","1","40.444117","-79.880339","0340","11","0","0","0","0","0","0","0","0","","0","0","0","","","0","N","0","","40 26:38.820","","0","79 52:49.220","0","0","0","0","2478","0","0","0","N","0","0","0","2","02478","0","","6.0","","1","N","N","N","0","","0","0","0","","0","","","2","0","0","0","0","0","0","2","1","2","03","","","N","","","","","","","","","",""
"2024070110","1300","1","0","0","0","0","0","0","0","0","1","0","","02","8","2024","7","40.424945","-79.790087","1253","11","0","0","0","0","1","0","0","1","","0","0","0","","","3","N","0","","40 25:29.801","3","0","79 47:24.314","3","0","0","0","2446","0","0","0","N","0","0","0","4","02446","0","","1.0","1333.0","1","N","N","N","0","","3","0","2","","0","N","","3","3","0","0","0","0","0","2","0","3","03","03","","N","","","","","","","","","",""
"2024071352","0820","0","0","0","0","0","0","0","0","0","0","0","","02","8","2024","2","40.36714","-79.971881","0816","11","0","0","0","0","0","0","0","0","","0","0","0","","","0","","2","","40 22:01.704","","0","79 58:18.773","0","0","0","1","2413","0","0","0","N","0","0","0","1","02413","0","","4.0","","1","N","N","N","0","","0","0","0","","0","","","1","0","0","0","0","0","0","2","0","1","03","03","","N","","","","","","","","","",""
"2024070640","0929","1","0","0","0","0","0","0","0","0","4","0","","02","8","2024","7","40.516991","-80.221394","0925","11","0","0","0","0","0","1","0","0","","0","0","0","","","1","","1","","40 31:01.169","","0","80 13:17.018","3","0","0","0","2213","0","0","0","N","0","0","0","2","02213","0","","1.0","","1","N","N","N","1","","1","0","0","","2","","","2","1","0","0","0","0","0","2","0","2","03","03","","N","","","","","","","","","",""
"2024070741","1206","0","0","0","0","0","0","0","0","0","1","0","","02","4","2024","5","40.433625","-79.963127","1159","11","0","0","0","0","0","0","1","1","","0","0","0","","","1","N","0","","40 26:01.050","4","0","79 57:47.257","4","0","0","0","2301","0","0","0","N","0","0","0","3","68B03","1","","1.0","1240.0","9","N","N","N","0","","0","0","2","","0","N","","2","1","0","0","0","0","0","2","0","2","04","","","N","","","","","","","","","",""
"2024072421","1533","2","0","0","0","0","0","0","0","0","4","0","","02","8","2024","3","40.436912","-79.851989","1528","11","1","0","0","0","0","0","0","1","","0","0","0","","","0","","2","","40 26:12.882","6","0","79 51:07.159","0","0","0","0","2431","0","0","0","N","0","0","0","2","02431","0","","1.0","1620.0","1","N","N","N","0","","0","0","0","","3","N","","2","0","0","0","0","0","0","2","0","2","03","","","N","","","","","","","","","",""
"2024071383","1400","0","0","0","0","0","0","0","0","0","8","0","","02","8","2024","6","40.438199","-79.774254","1356","11","0","0","0","0","0","0","0","1","","0","0","0","","","1","","1","","40 26:17.518","4","0","79 46:27.313","2","0","0","0","2446","1","0","1","N","1","0","1","2","02446","0","","1.0","1500.0","1","N","N","N","0","","0","1","1","","2","Y","","2","1","0","0","0","0","0","2","0","1","03","98","","N","","","","","","","","","",""
"2024071376","1748","1","0","0","0","0","0","0","0","0","4","0","","02","8","2024","7","40.341554","-79.836755","1746","11","0","0","0","0","0","1","0","0","","0","0","0","","","0","","1","","40 20:29.594","","0","79 50:12.317","0","0","0","0","2304","0","0","0","N","0","0","0","4","02304","0","","1.0","","1","N","N","N","0","","0","0","2","","3","","","3","0","0","0","0","0","0","2","0","3","03","","","N","","","","","","","","","",""
"2024071840","1042","1","0","0","0","0","0","0","0","0","4","0","","02","8","2024","2","40.46174","-79.965337","1040","11","0","0","0","0","0","0","1","0","","0","0","0","","","1","","2","","40 27:42.263","4","0","79 57:55.212","3","0","0","0","2301","0","0","0","N","0","0","0","2","02301","0","","1.0","1115.0","1","N","N","N","0","","1","0","1","","0","N","","2","1","0","0","0","0","0","2","0","2","03","04","","N","","","","","","","","","",""
"2024070672","0230","0","0","0","0","0","0","0","0","0","1","0","","02","8","2024","1","40.447231","-79.945353","0224","11","0","0","1","0","0","0","0","0","","0","0","0","","","1","","2","","40 26:50.030","4","0","79 56:43.271","8","0","0","1","2301","0","0","0","N","0","0","0","2","02301","0","","1.0","300.0","1","N","N","N","0","","0","0","1","","2","N","","2","1","0","0","0","1","0","2","0","2","03","","","N","","","","","","","","","",""
"2024070386","1330","0","0","0","0","0","0","0","0","0","1","0","","02","3","2024","5","40.41933","-80.0522","1316","11","0","0","0","0","0","0","0","0","","0","0","0","","","1","N","0","","40 25:09.588","3","0","80 03:07.919","3","0","0","0","2435","0","0","0","N","0","0","0","2","68B03","0","","1.0","1405.0","1","N","N","N","0","","1","0","2","","0","N","","2","1","0","0","0","0","0","2","0","2","03","","","N","","","","","","","","","",""
"2024071449","1308","0","0","0","0","0","0","0","0","0","7","1","","02","8","2024","2","40.323045","-79.820748","1304","11","0","0","0","0","0","1","0","0","","0","1","0","","","1","","2","","40 19:22.963","4","0","79 49:14.692","4","0","0","0","2304","0","0","0","Y","0","0","0","1","02304","1","","2.0","1535.0","1","N","N","N","0","","0","0","0","","2","Y","","1","1","0","0","0","0","0","2","0","1","03","03","","N","","","","","","","","","",""