"CRN","ARRIVAL_TM","AUTOMOBILE_COUNT","BELTED_DEATH_COUNT","BELTED_SUSP_SERIOUS_INJ_COUNT","BICYCLE_COUNT","BICYCLE_DEATH_COUNT","BICYCLE_SUSP_SERIOUS_INJ_COUNT","BUS_COUNT","CHLDPAS_DEATH_COUNT","CHLDPAS_SUSP_SERIOUS_INJ_COUNT","COLLISION_TYPE","COMM_VEH_COUNT","CONS_ZONE_SPD_LIM","COUNTY","CRASH_MONTH","CRASH_YEAR","DAY_OF_WEEK","DEC_LATITUDE","DEC_LONGITUDE","DISPATCH_TM","DISTRICT","DRIVER_COUNT_16YR","DRIVER_COUNT_17YR","DRIVER_COUNT_18YR","DRIVER_COUNT_19YR","DRIVER_COUNT_20YR","DRIVER_COUNT_50_64YR","DRIVER_COUNT_65_74YR","DRIVER_COUNT_75PLUS","EST_HRS_CLOSED","FATAL_COUNT","HEAVY_TRUCK_COUNT","HORSE_BUGGY_COUNT","HOUR_OF_DAY","ILLUMINATION","INJURY_COUNT","INTERSECTION_RELATED","INTERSECT_TYPE","LANE_CLOSED","LATITUDE","LN_CLOSE_DIR","LOCATION_TYPE","LONGITUDE","MAX_SEVERITY_LEVEL","MCYCLE_DEATH_COUNT","MCYCLE_SUSP_SERIOUS_INJ_COUNT","MOTORCYCLE_COUNT","MUNICIPALITY","NONMOTR_COUNT","NONMOTR_DEATH_COUNT","NONMOTR_SUSP_SERIOUS_INJ_COUNT","NTFY_HIWY_MAINT","PED_COUNT","PED_DEATH_COUNT","PED_SUSP_SERIOUS_INJ_COUNT","PERSON_COUNT","POLICE_AGCY","POSSIBLE_INJ_COUNT","RDWY_SURF_TYPE_CD","RELATION_TO_ROAD","ROADWAY_CLEARED","ROAD_CONDITION","SCH_BUS_IND","SCH_ZONE_IND","SECONDARY_CRASH","SMALL_TRUCK_COUNT","SPEC_JURIS_CD","SUSP_MINOR_INJ_COUNT","SUSP_SERIOUS_INJ_COUNT","SUV_COUNT","TCD_FUNC_CD","TCD_TYPE","TFC_DETOUR_IND","TIME_OF_DAY","TOTAL_UNITS","TOT_INJ_COUNT","UNBELTED_OCC_COUNT","UNB_DEATH_COUNT","UNB_SUSP_SERIOUS_INJ_COUNT","UNK_INJ_DEG_COUNT","UNK_INJ_PER_COUNT","URBAN_RURAL","VAN_COUNT","VEHICLE_COUNT","WEATHER1","WEATHER2","WORKERS_PRES","WORK_ZONE_IND","WORK_ZONE_LOC","WORK_ZONE_TYPE","WZ_CLOSE_DETOUR","WZ_FLAGGER","WZ_LAW_OFFCR_IND","WZ_LN_CLOSURE","WZ_MOVING","WZ_OTHER","WZ_SHLDER_MDN","WZ_WORKERS_INJ_KILLED"
"2024071543","0904","0","0","0","0","0","0","0","0","0","4","0","","02","8","2024","4","","-79.925972","0904","11","0","0","0","1","0","0","0","0","","0","0","0","","","0","","2","","40 20:46.74","2","0","79 55:33.500","0","0","0","0","2473","0","0","0","Y","0","0","0","5","02473","0","","1.0","944.0","1","N","N","N","1","","0","0","1","","0","Y","","2","0","0","0","0","0","0","2","0","2","03","","","N","","","","","","","","","",""
"2024068835","2344","2","0","0","0","0","0","0","0","0","5","0","","02","8","2024","4","40.492917","-80.050167","2340","11","0","0","0","0","0","0","0","0","","0","0","0","","","0","N","0","","40 29:34.500","","0","80 03:00.600","0","0","0","0","2404","0","0","0","N","0","0","0","1","02404","0","","6.0","","1","N","N","N","0","","0","0","0","","0","","","2","0","0","0","0","0","0","2","0","2","03","","","N","","","","","","","","","",""
"2024086170","1722","0","0","0","0","0","0","0","0","0","2","0","","02","10","2024","4","40.383417","-80.012861","1720","11","0","1","0","0","0","0","0","0","","0","0","0","","","2","N","0","","40 23:00.300","","0","80 00:46.300","2","0","0","0","2101","0","0","0","N","0","0","0","3","02101","0","","4.0","","1","N","N","N","1","","1","1","1","","0","","","2","2","1","0","1","0","1","2","0","2","03","03","","N","","","","","","","","","",""
"2024072874","1216","2","0","0","0","0","0","0","0","0","4","0","","02","8","2024","5","40.451141","-80.250558","1212","11","0","0","0","0","0","0","0","0","","0","0","0","","","0","","2","","40 27:04.107","6","0","80 15:02.007","0","0","0","0","2203","0","0","0","N","0","0","0","2","02203","0","","1.0","1240.0","1","N","N","N","0","","0","0","0","","3","Y","","2","0","0","0","0","0","0","2","0","2","03","","","N","","","","","","","","","",""
"2024067917","1623","0","0","0","0","0","0","0","0","0","4","0","","02","8","2024","2","40.588826","-79.949144","1619","11","0","0","0","0","0","0","0","0","","0","0","0","","","1","N","0","","40 35:19.773","5","7","79 56:56.918","4","0","0","0","2207","0","0","0","N","0","0","0","3","02207","1","","1.0","1710.0","1","N","N","N","0","","0","0","2","","3","N","","2","1","0","0","0","0","0","2","0","2","03","04","","N","","","","","","","","","",""
"2024070476","1615","0","0","0","0","0","0","0","0","0","4","0","","02","8","2024","7","40.36605","-79.949443","1610","11","0","0","0","0","0","0","0","1","","0","0","0","","","3","","2","","40 21:57.779","5","0","79 56:57.996","3","0","0","0","2403","0","0","0","N","0","0","0","7","02403","0","","1.0","1700.0","1","N","N","Y","0","","3","0","3","","3","N","","3","3","0","0","0","0","0","2","0","3","03","03","","N","","","","","","","","","",""
"2024070474","1711","2","0","0","0","0","0","0","0","0","1","0","","02","7","2024","2","40.622546","-79.958176","1701","11","0","0","0","0","0","1","0","0","","0","0","0","","","2","","1","","40 37:21.167","1","0","79 57:29.432","4","0","0","0","2217","0","0","0","N","0","0","0","2","02505","2","","1.0","1731.0","9","N","N","N","0","","0","0","0","","3","N","","2","2","0","0","0","0","0","2","0","2","04","07","","N","","","","","","","","","",""
"2024070091","1312","1","0","0","0","0","0","0","0","0","7","0","","02","8","2024","5","40.31297","-80.031942","1312","11","0","0","0","0","0","0","0","1","","0","0","0","","","0","N","0","","40 18:46.691","","0","80 01:54.991","9","0","0","0","2407","0","0","0","N","0","0","0","1","02407","0","","4.0","","1","N","N","N","0","","0","0","0","","0","","","1","0","0","0","0","0","1","2","0","1","03","","","N","","","","","","","","","",""
"2024084950","1353","0","0","0","0","0","0","0","0","0","4","0","","02","2","2024","2","40.460651","-79.922749","1347","11","0","0","0","0","0","1","1","0","","0","0","0","","","0","","1","","40 27:38.342","1","0","79 55:21.897","0","0","0","0","2301","0","0","0","N","0","0","0","2","02301","0","","1.0","1500.0","1","N","N","N","0","","0","0","2","","2","N","","2","0","0","0","0","0","0","2","0","2","03","03","","N","","","","","","","","","",""
"2024069714","1714","0","0","0","0","0","0","0","0","0","1","0","","02","8","2024","7","40.425593","-79.906283","1634","11","0","0","0","0","0","0","1","0","","0","0","0","","","0","N","0","","40 25:32.133","","0","79 54:22.619","0","0","0","0","2301","0","0","0","N","0","0","0","7","68B03","0","","1.0","","1","N","N","N","0","","0","0","3","","0","","","3","0","0","0","0","0","0","2","0","3","03","","","N","","","","","","","","","",""
"2024070494","1557","0","0","0","0","0","0","0","0","0","1","0","","02","8","2024","4","40.335233","-79.94696","1554","11","0","0","0","0","0","0","0","1","","0","0","0","","","1","N","1","","40 20:06.840","","0","79 56:49.056","3","0","0","0","2454","0","0","0","N","0","0","0","3","02454","0","","1.0","","1","N","N","N","0","","1","0","2","","2","","","2","1","0","0","0","0","0","2","0","2","03","03","","N","","","","","","","","","",""
"2024072986","1518","0","0","0","0","0","0","0","0","0","1","0","","02","8","2024","3","40.357632","-80.121849","1516","11","2","0","0","0","0","0","0","0","","0","0","0","","","1","","1","","40 21:27.474","","0","80 07:18.657","4","0","0","0","2119","0","0","0","N","0","0","0","5","02119","1","","1.0","","1","N","N","N","0","","0","0","3","","2","","","3","1","0","0","0","0","0","2","0","3","03","03","","N","","","","","","","","","",""
"2024069482","1137","0","0","0","0","0","0","1","0","0","1","1","","02","8","2024","6","40.538053","-80.011489","1119","11","0","0","0","0","0","1","0","0","","0","0","0","","","1","Y","0","","40 32:16.992","2","0","80 00:41.359","3","0","0","0","2116","0","0","0","N","0","0","0","2","02503","0","","1.0","1152.0","1","N","N","N","0","","1","0","1","","0","N","","2","1","0","0","0","0","0","2","0","2","","","","N","","","","","","","","","",""
"2024070737","1605","2","0","0","0","0","0","0","0","0","1","0","","02","2","2024","6","40.431414","-80.025506","1535","11","0","0","0","0","0","0","0","0","","0","0","0","","","0","N","0","","40 25:53.090","4","0","80 01:31.820","0","0","0","0","2301","0","0","0","N","0","0","0","3","68B03","0","","1.0","1615.0","1","N","N","N","0","","0","0","1","","0","N","","3","0","0","0","0","0","0","2","0","3","03","","","N","","","","","","","","","",""
"2024070815","0912","1","0","0","0","0","0","0","0","0","4","0","","02","8","2024","2","40.407866","-79.909253","0910","11","0","0","0","0","0","0","0","0","","0","0","0","","","2","N","1","","40 24:28.317","6","0","79 54:33.311","3","0","0","0","2438","0","0","0","N","0","0","0","4","02438","1","","1.0","1006.0","1","N","N","N","0","","1","0","0","","2","N","","2","2","0","0","0","0","0","2","1","2","03","03","","N","","","","","","","","","",""
"2024069479","1826","1","0","0","0","0","0","0","0","0","5","1","","02","8","2024","6","40.392122","-79.934685","1826","11","0","0","0","0","0","0","0","0","","0","0","0","","","0","","7","","40 23:31.639","","8","79 56:04.865","9","0","0","0","2301","0","0","0","N","0","0","0","2","02301","0","","1.0","","1","N","N","N","0","","0","0","0","","0","","","2","0","0","0","0","0","1","2","0","2","03","","","N","","","","","","","","","",""
"2024069287","0633","1","0","0","0","0","0","0","0","0","4","0","","02","7","2024","3","40.599816","-80.093299","0633","11","0","0","0","0","0","2","0","0","","0","0","0","","","1","N","0","","40 35:59.336","","0","80 05:35.878","4","0","0","0","2481","0","0","0","N","0","0","0","4","68B03","1","","1.0","","1","N","N","N","2","","0","0","1","","0","","","4","1","0","0","0","0","0","2","0","4","03","","","N","","","","","","","","","",""
"2024069300","2011","1","0","0","0","0","0","0","0","0","1","0","","02","8","2024","6","40.434063","-79.752161","2010","11","0","0","0","0","0","1","0","0","","0","0","0","","","2","N","0","","40 26:02.628","3","7","79 45:07.780","8","0","0","0","2446","0","0","0","N","0","0","0","7","02446","0","","1.0","2030.0","1","N","N","N","0","","0","0","1","","0","N","","2","2","0","0","0","2","0","2","0","2","03","03","","N","","","","","","","","","",""
"2024067580","0800","2","0","0","0","0","0","0","0","0","4","0","","02","8","2024","2","40.343665","-79.837649","0759","11","0","1","0","0","0","1","0","0","","0","0","0","","","1","","1","","40 20:37.194","5","0","79 50:15.536","3","0","0","0","2304","0","0","0","N","0","0","0","3","02304","0","","1.0","911.0","1","N","N","Y","0","","1","0","1","","3","Y","","3","1","0","0","0","0","0","2","0","3","03","03","","N","","","","","","","","","",""
"2024082006","0736","1","0","0","0","0","0","0","0","0","4","0","","02","9","2024","1","40.300455","-79.922824","0731","11","0","0","0","0","0","0","0","0","","0","0","0","","","0","","2","","40 18:01.638","","0","79 55:22.167","0","0","0","0","2440","0","0","0","N","0","0","0","4","02440","0","","1.0","","1","N","N","N","1","","0","0","0","","0","","","2","0","0","0","0","0","0","2","0","2","03","03","","N","","","","","","","","","",""
"2024070908","0516","0","0","0","0","0","0","0","0","0","7","0","","02","8","2024","6","40.36489","-80.016756","0514","11","0","0","0","0","0","0","0","0","","0","0","0","","","0","N","0","","40 21:53.603","6","0","80 01:00.320","0","0","0","0","2416","0","0","0","N","0","0","0","1","02416","0","","5.0","555.0","9","N","N","N","1","","0","0","0","","0","N","","1","0","0","0","0","0","0","2","0","1","07","07","","N","","","","","","","","","",""
"2024067935","1105","2","0","0","0","0","0","0","0","0","2","0","","02","8","2024","3","40.496864","-79.891643","1059","11","0","0","0","0","0","0","0","1","","0","0","0","","","0","","1","","40 29:48.710","","0","79 53:29.914","9","0","0","0","2432","0","0","0","N","0","0","0","2","02432","0","","1.0","","1","N","N","N","0","","0","0","0","","3","","","2","0","0","0","0","0","1","2","0","2","03","03","","N","","","","","","","","","",""
"2024069740","1453","0","0","0","0","0","0","0","0","0","4","1","","02","8","2024","5","40.505883","-79.793524","1444","11","0","0","0","0","0","0","0","0","","0","1","0","","","0","N","0","","40 30:21.178","6","0","79 47:36.685","0","0","0","0","2113","0","0","0","N","0","0","0","2","02113","0","","1.0","1530.0","1","N","N","N","0","","0","0","1","","0","Y","","2","0","0","0","0","0","0","2","0","2","03","03","","N","","","","","","","","","",""
"2024067261","0318","1","0","0","0","0","0","0","0","0","7","0","","02","8","2024","1","40.52927","-79.965488","0315","11","0","0","0","0","0","1","0","0","","0","0","0","","","1","N","0","","40 31:45.373","1","0","79 57:55.755","3","0","0","0","2118","0","0","0","N","0","0","0","1","02118","0","","4.0","410.0","9","N","N","N","0","","1","0","0","","0","N","","1","1","0","0","0","0","0","2","0","1","07","07","","N","","","","","","","","","",""
"2024083298","1749","1","0","0","0","0","0","0","0","0","4","0","","02","9","2024","7","40.516602","-79.848526","1745","11","0","0","0","0","0","0","0","0","","0","0","0","","","0","","2","","40 30:59.766","","0","79 50:54.692","0","0","0","0","2451","0","0","0","N","0","0","0","2","02451","0","","6.0","","1","N","N","N","1","","0","0","1","","0","","","3","0","0","0","0","0","0","2","0","3","03","03","","N","","","","","","","","","",""
"2024067477","2235","0","0","1","0","0","0","1","0","0","1","1","","02","8","2024","1","40.454353","-79.977737","2232","11","0","0","0","0","0","0","0","0","","0","0","0","","","2","","2","","40 27:15.671","3","0","79 58:39.852","2","0","0","0","2301","0","0","0","N","0","0","0","7","02503","0","","1.0","2310.0","1","N","N","N","0","","1","1","1","","2","Y","","2","2","0","0","0","0","0","2","0","2","03","","","N","","","","","","","","","",""
"2024069943","2141","1","0","0","0","0","0","0","0","0","4","0","","02","8","2024","3","40.385029","-79.822554","2134","11","0","0","0","0","0","0","0","0","","0","0","0","","","0","N","0","","40 23:06.103","2","7","79 49:21.193","0","0","0","0","2111","0","0","0","N","0","0","0","5","02111","0","","1.0","2226.0","1","N","N","N","0","","0","0","1","","0","N","","2","0","4","0","0","0","0","2","0","2","03","03","","N","","","","","","","","","",""
"2024082383","2037","1","0","0","0","0","0","0","0","0","4","0","","02","1","2024","6","40.418806","-79.925611","2026","11","0","0","0","0","0","0","0","0","","0","0","0","","","0","N","0","","40 25:07.700","","0","79 55:32.200","9","0","0","0","2301","0","0","0","N","0","0","0","1","02301","0","","6.0","","9","N","N","N","0","","0","0","1","","0","","","2","0","0","0","0","0","1","2","0","2","07","04","","N","","","","","","","","","",""
"2024070126","1404","1","0","0","0","0","0","0","0","0","4","0","","02","8","2024","6","40.376139","-80.03651","1404","11","0","0","1","0","0","0","0","0","","0","0","0","","","0","","2","","40 22:34.102","","0","80 02:11.435","0","0","0","0","2109","0","0","0","N","0","0","0","3","02109","0","","1.0","","1","N","N","N","0","","0","0","1","","2","","","2","0","0","0","0","0","0","2","0","2","03","03","","N","","","","","","","","","",""
"2024067315","1608","0","0","0","0","0","0","0","0","0","0","0","","02","8","2024","7","40.356005","-79.898147","1604","11","0","0","0","0","0","0","0","0","","0","0","0","","","1","","2","","40 21:21.617","1","0","79 53:53.328","3","0","0","1","2423","0","0","0","N","0","0","0","2","02304","0","","1.0","1634.0","9","N","N","N","0","","1","0","0","","0","N","","1","1","0","0","0","0","0","2","0","1","03","03","","N","","","","","","","","","",""
"2024070784","0855","0","0","0","0","0","0","0","0","0","2","0","","02","8","2024","7","40.42905","-80.008983","0843","11","0","0","0","0","0","0","0","0","","0","0","0","","","0","N","0","","40 25:44.580","","0","80 00:32.340","0","0","0","0","2301","0","0","0","N","0","0","0","1","02301","0","","6.0","","1","N","N","N","1","","0","0","2","","0","","","3","0","0","0","0","0","0","2","0","3","03","","","N","","","","","","","","","",""
"2024080036","0822","1","0","0","0","0","0","0","0","0","7","0","","02","9","2024","2","40.495596","-79.867904","0821","11","0","0","0","0","0","0","0","0","","0","0","0","","","0","","2","","40 29:44.145","1","0","79 52:04.453","0","0","0","0","2112","0","0","0","N","0","0","0","1","02112","0","","2.0","904.0","1","N","N","N","0","","0","0","0","","0","N","","1","0","0","0","0","0","0","2","0","1","","","","N","","","","","","","","","",""
"2024067840","0803","0","0","0","0","0","0","0","0","0","4","1","","02","8","2024","2","40.443634","-80.097142","0800","11","0","0","0","0","0","0","0","1","","0","1","0","","","0","N","0","","40 26:37.082","","7","80 05:49.710","0","0","0","0","2115","0","0","0","N","0","0","0","2","02115","0","","1.0","","1","N","N","N","0","","0","0","1","","0","","","3","0","0","0","0","0","0","2","1","3","03","03","","N","","","","","","","","","",""
"2024069359","1506","1","0","0","0","0","0","0","0","0","4","0","","02","8","2024","7","40.576692","-80.222516","1504","11","0","0","1","0","0","0","1","0","","0","0","0","","","2","","2","","40 34:36.090","1","0","80 13:21.056","3","0","0","0","2441","0","0","0","N","0","0","0","2","02441","0","","1.0","1547.0","1","N","N","N","0","","2","0","1","","2","N","","2","2","0","0","0","0","0","2","0","2","03","03","","N","","","","","","","","","",""
"2024078399","1549","1","0","0","0","0","0","0","0","0","7","0","","02","9","2024","2","40.393782","-79.836916","1539","11","0","0","0","0","1","0","0","0","","0","0","0","","","0","","3","","40 23:37.616","3","3","79 50:12.899","0","0","0","0","2425","0","0","0","N","0","0","0","1","02515","0","","2.0","1625.0","1","N","N","N","0","","0","0","0","","3","N","","1","0","0","0","0","0","0","2","0","1","03","03","","N","","","","","","","","","",""
"2024070740","2148","1","0","0","0","0","0","0","0","0","7","0","","02","4","2024","3","40.488294","-80.009524","2132","11","0","0","0","0","0","0","0","0","","0","0","0","","","0","N","0","","40 29:17.857","2","0","80 00:34.285","0","0","0","0","2301","0","0","0","N","0","0","0","1","68B03","0","","3.0","2220.0","9","N","N","N","0","","0","0","0","","0","N","","1","0","0","0","0","0","0","2","0","1","07","04","","N","","","","","","","","","",""
"2024085014","1723","1","0","0","0","0","0","0","0","0","4","1","","02","9","2024","2","40.454018","-79.912411","1658","11","0","0","0","0","0","2","0","0","","0","1","0","","","0","","1","","40 27:14.464","","0","79 54:44.679","0","0","0","0","2301","0","0","0","N","0","0","0","4","02301","0","","1.0","","9","N","N","N","0","","0","0","0","","1","","","2","0","0","0","0","0","0","2","0","2","07","","","N","","","","","","","","","",""
"2024064688","1206","0","0","0","0","0","0","0","0","0","1","0","90","02","7","2024","4","40.29465","-79.917972","1204","11","0","0","0","0","0","0","0","0","","0","0","0","","","1","N","0","","40 17:40.741","1","0","79 55:04.699","3","0","0","1","2440","0","0","0","N","0","0","0","5","02440","0","","1.0","1239.0","1","N","N","N","0","","1","0","1","","8","N","","2","1","1","0","0","0","0","2","0","2","03","03","Y","Y","4","1","","","N","Y","","","","N"
"2024069608","1714","1","0","0","0","0","0","0","0","0","1","0","","02","8","2024","6","40.431991","-79.8017","1709","11","0","0","0","0","0","0","0","0","","0","0","0","","","1","N","0","","40 25:55.166","3","3","79 48:06.121","3","0","0","0","2446","0","0","0","N","0","0","0","6","02446","0","","1.0","1759.0","1","N","N","N","0","","1","0","2","","2","N","","3","1","0","0","0","0","0","2","0","3","03","","","N","","","","","","","","","",""
"2024068220","2312","0","0","0","0","0","0","0","0","0","2","0","","02","8","2024","3","40.409695","-79.832964","2307","11","0","0","0","0","0","0","0","0","","0","0","0","","","3","Y","0","","40 24:34.903","","0","79 49:58.671","3","0","0","0","2124","0","0","0","N","0","0","0","5","02124","2","","1.0","","1","N","N","N","0","","1","0","2","","0","","","2","3","0","0","0","0","0","2","0","2","03","","","N","","","","","","","","","",""
"2024070173","1631","1","0","0","0","0","0","0","0","0","7","0","","02","6","2024","6","40.304716","-79.895075","1630","11","0","0","0","0","0","1","0","0","","0","0","0","","","0","","2","","40 18:16.976","","0","79 53:42.270","0","0","0","0","2302","0","0","0","N","0","0","0","1","02302","0","","4.0","","1","N","N","N","0","","0","0","0","","3","","","1","0","0","0","0","0","0","2","0","1","03","","","N","","","","","","","","","",""
"2024068460","1723","1","0","0","0","0","0","0","0","0","4","0","","02","8","2024","4","40.433913","-79.821467","1720","11","0","0","0","1","0","0","1","0","","0","0","0","","","0","","3","","40 26:02.088","3","0","79 49:17.282","0","0","0","0","2419","0","0","0","N","0","0","0","3","02419","0","","1.0","1805.0","1","N","N","Y","0","","0","0","2","","3","Y","","3","0","0","0","0","0","0","2","0","3","03","03","","N","","","","","","","","","",""
"2024069028","0951","0","0","0","0","0","0","0","0","0","4","0","","02","8","2024","6","40.454695","-79.880702","0923","11","0","0","0","0","0","0","1","0","","0","0","0","","","0","","1","","40 27:16.902","","0","79 52:50.527","0","0","0","0","2301","0","0","0","N","0","0","0","2","02301","0","","1.0","","1","N","N","N","0","","0","0","2","","2","","","2","0","0","0","0","0","0","2","0","2","04","","","N","","","","","","","","","",""
"2024069720","1916","1","0","0","0","0","0","0","0","0","7","0","","02","6","2024","1","40.467887","-80.200541","1916","11","0","0","0","0","0","0","0","0","","0","0","0","","","0","N","0","","40 28:04.394","","0","80 12:01.949","0","0","0","0","2203","0","0","0","N","0","0","0","1","68B03","0","","3.0","","9","N","N","N","0","","0","0","0","","0","","","1","0","0","0","0","0","0","2","0","1","07","","","N","","","","","","","","","",""
"2024068384","1543","1","0","0","0","0","0","0","0","0","5","0","","02","8","2024","4","40.536091","-80.183394","1537","11","0","0","0","0","0","0","0","0","","0","0","0","","","0","Y","0","","40 32:09.929","1","0","80 11:00.217","0","0","0","0","2458","0","0","0","N","0","0","0","3","02458","0","","1.0","1610.0","1","N","N","N","0","","0","0","2","","0","N","","3","0","0","0","0","0","0","2","0","3","03","03","","N","","","","","","","","","",""
"2024084504","2136","2","0","0","0","0","0","0","0","0","1","0","","02","9","2024","7","40.475529","-79.848493","2134","11","0","0","0","0","0","1","0","0","","0","0","0","","","3","N","1","","40 28:31.904","2","0","79 50:54.576","3","0","0","0","2113","0","0","0","N","0","0","0","6","02113","0","","1.0","2227.0","1","N","N","Y","0","","3","0","3","","2","N","","5","3","0","0","0","0","0","2","0","5","03","03","","N","","","","","","","","","",""
"2024084629","1629","0","0","0","0","0","0","0","0","0","7","0","","02","9","2024","3","40.475869","-80.065384","1627","11","0","0","0","0","0","0","0","0","","0","0","0","","","1","N","0","","40 28:33.129","1","0","80 03:55.382","3","0","0","0","2122","0","0","0","N","0","0","0","1","02122","0","","2.0","1647.0","1","N","N","N","0","","1","0","1","","0","N","","1","1","0","0","0","0","0","2","0","1","03","03","","N","","","","","","","","","",""
"2024084976","0222","1","0","0","0","0","0","0","0","0","5","1","","02","2","2024","7","40.438439","-79.897106","0220","11","0","0","0","0","0","0","0","0","","0","1","0","","","1","N","0","","40 26:18.380","5","0","79 53:49.580","8","0","0","0","2301","0","0","0","N","0","0","0","1","02301","0","","6.0","300.0","1","N","N","N","0","","0","0","0","","0","N","","2","1","1","0","0","1","0","2","0","2","03","","","N","","","","","","","","","",""
"2024068543","0034","0","0","0","0","0","0","0","0","0","7","0","","02","6","2024","7","40.560675","-79.92866","0031","11","0","0","0","0","0","1","0","0","","0","0","0","","","1","","1","","40 33:38.431","","0","79 55:43.175","8","0","0","0","2207","0","0","0","N","0","0","0","1","02207","0","","5.0","","1","N","N","N","0","","0","0","1","","0","","","1","1","0","0","0","1","0","2","0","1","03","","","N","","","","","","","","","",""
"2024081679","0344","2","0","0","0","0","0","0","0","0","4","0","","02","9","2024","1","40.465529","-80.061289","0341","11","0","0","0","0","0","0","0","0","","0","0","0","","","1","","3","","40 27:55.906","6","0","80 03:40.640","4","0","0","0","2444","0","0","0","N","0","0","0","5","02444","1","","1.0","425.0","1","N","N","N","0","","0","0","0","","2","N","","2","1","2","0","0","0","0","2","0","2","03","03","","N","","","","","","","","","",""
"2024070720","0452","2","0","0","0","0","0","0","0","0","1","0","","02","8","2024","6","40.415464","-80.060299","0442","11","0","0","0","0","0","1","0","0","","0","0","0","","","0","N","0","","40 24:55.670","","0","80 03:37.075","0","0","0","0","2435","0","0","0","N","0","0","0","3","68B03","0","","1.0","","1","N","N","N","0","","0","0","1","","0","","","3","0","0","0","0","0","0","2","0","3","03","","","N","","","","","","","","","",""
"2024082855","1443","1","0","0","0","0","0","0","0","0","6","0","","02","9","2024","2","40.382981","-79.857466","1437","11","0","0","0","2","0","0","0","0","","0","0","0","","","0","","1","","40 22:58.732","","0","79 51:26.878","0","0","0","0","2303","0","0","0","N","0","0","0","2","02303","0","","1.0","","9","N","N","N","0","","0","0","1","","0","","","2","0","0","0","0","0","0","2","0","2","07","04","","N","","","","","","","","","",""
"2024068152","0629","1","0","0","0","0","0","0","0","0","7","0","","02","8","2024","3","40.493667","-80.036472","0619","11","0","0","0","0","0","0","1","0","","0","0","0","","","1","N","0","","40 29:37.200","3","0","80 02:11.300","3","0","0","0","2116","0","0","0","N","0","0","0","1","02116","0","","4.0","655.0","1","N","N","N","0","","1","0","0","","0","N","","1","1","0","0","0","0","0","2","0","1","03","03","","N","","","","","","","","","",""
"2024070172","1030","0","0","0","0","0","0","0","0","0","4","0","","02","8","2024","2","40.42559","-79.926631","1023","11","0","1","0","0","0","1","0","0","","0","0","0","","","0","","3","","40 25:32.124","","2","79 55:35.871","0","0","0","0","2301","0","0","0","N","0","0","0","2","02301","0","","1.0","","1","N","N","N","1","","0","0","1","","3","","","2","0","0","0","0","0","0","2","0","2","03","03","","N","","","","","","","","","",""
"2024070754","0519","0","0","0","0","0","0","0","0","0","4","0","","02","7","2024","4","40.428776","-79.938606","0518","11","0","0","0","0","0","0","0","0","","0","0","0","","","1","N","0","","40 25:43.595","4","0","79 56:18.980","3","0","0","0","2301","0","0","0","N","0","0","0","3","68B03","0","","1.0","619.0","9","N","N","N","2","","1","0","0","","0","N","","2","1","0","0","0","0","0","2","0","2","07","","","N","","","","","","","","","",""
"2024085629","1652","1","0","0","0","0","0","0","0","0","1","0","","02","2","2024","7","40.440641","-79.993045","1634","11","0","1","0","0","0","0","0","0","","0","0","0","","","0","N","0","","40 26:26.307","","0","79 59:34.961","0","0","0","0","2301","0","0","0","N","0","0","0","2","02301","0","","1.0","","1","N","N","N","0","","0","0","1","","0","","","2","0","0","0","0","0","0","2","0","2","03","03","","N","","","","","","","","","",""
"2024082401","1304","1","0","0","0","0","0","0","0","0","6","0","","02","1","2024","7","40.419231","-79.98927","1304","11","0","0","0","0","0","0","0","0","","0","0","0","","","0","","2","","40 25:09.231","4","0","79 59:21.372","0","0","0","0","2301","0","0","0","N","0","0","0","2","02301","0","","4.0","1400.0","2","N","N","N","0","","0","0","1","","0","N","","2","0","0","0","0","0","0","2","0","2","06","02","","N","","","","","","","","","",""
"2024067491","1413","2","0","1","0","0","0","0","0","0","4","0","","02","7","2024","2","40.526015","-79.842684","1411","11","0","0","0","1","0","1","0","0","","0","0","0","","","2","","1","","40 31:33.654","","0","79 50:33.661","2","0","0","0","2451","0","0","0","N","0","0","0","3","02451","0","","1.0","","1","","","N","0","","1","1","0","","3","","","2","2","0","0","0","0","0","2","0","2","03","","","N","","","","","","","","","",""
"2024070996","0701","1","0","0","0","0","0","0","0","0","1","0","","02","8","2024","5","40.435892","","0647","11","0","0","0","0","0","1","0","0","","0","0","0","","","0","","1","","40 26:09.212","","0","79 57:29.55","0","0","0","0","2301","0","0","0","N","0","0","0","3","02301","0","","1.0","","1","N","N","N","2","","0","0","0","","2","","","3","0","0","0","0","0","0","2","0","3","03","03","","N","","","","","","","","","",""
"2024069335","1641","0","0","0","0","0","0","0","0","0","7","0","","02","8","2024","5","40.599174","-80.121746","1636","11","0","0","0","0","0","0","0","1","","0","0","0","","","1","N","0","","40 35:57.027","","0","80 07:18.287","4","0","0","0","2481","0","0","0","N","0","0","0","1","02481","1","","4.0","","1","N","N","N","0","","0","0","1","","0","","","1","1","0","0","0","0","0","1","0","1","03","03","","N","","","","","","","","","",""