"CRN","ARRIVAL_TM","AUTOMOBILE_COUNT","BELTED_DEATH_COUNT","BELTED_SUSP_SERIOUS_INJ_COUNT","BICYCLE_COUNT","BICYCLE_DEATH_COUNT","BICYCLE_SUSP_SERIOUS_INJ_COUNT","BUS_COUNT","CHLDPAS_DEATH_COUNT","CHLDPAS_SUSP_SERIOUS_INJ_COUNT","COLLISION_TYPE","COMM_VEH_COUNT","CONS_ZONE_SPD_LIM","COUNTY","CRASH_MONTH","CRASH_YEAR","DAY_OF_WEEK","DEC_LATITUDE","DEC_LONGITUDE","DISPATCH_TM","DISTRICT","DRIVER_COUNT_16YR","DRIVER_COUNT_17YR","DRIVER_COUNT_18YR","DRIVER_COUNT_19YR","DRIVER_COUNT_20YR","DRIVER_COUNT_50_64YR","DRIVER_COUNT_65_74YR","DRIVER_COUNT_75PLUS","EST_HRS_CLOSED","FATAL_COUNT","HEAVY_TRUCK_COUNT","HORSE_BUGGY_COUNT","HOUR_OF_DAY","ILLUMINATION","INJURY_COUNT","INTERSECTION_RELATED","INTERSECT_TYPE","LANE_CLOSED","LATITUDE","LN_CLOSE_DIR","LOCATION_TYPE","LONGITUDE","MAX_SEVERITY_LEVEL","MCYCLE_DEATH_COUNT","MCYCLE_SUSP_SERIOUS_INJ_COUNT","MOTORCYCLE_COUNT","MUNICIPALITY","NONMOTR_COUNT","NONMOTR_DEATH_COUNT","NONMOTR_SUSP_SERIOUS_INJ_COUNT","NTFY_HIWY_MAINT","PED_COUNT","PED_DEATH_COUNT","PED_SUSP_SERIOUS_INJ_COUNT","PERSON_COUNT","POLICE_AGCY","POSSIBLE_INJ_COUNT","RDWY_SURF_TYPE_CD","RELATION_TO_ROAD","ROADWAY_CLEARED","ROAD_CONDITION","SCH_BUS_IND","SCH_ZONE_IND","SECONDARY_CRASH","SMALL_TRUCK_COUNT","SPEC_JURIS_CD","SUSP_MINOR_INJ_COUNT","SUSP_SERIOUS_INJ_COUNT","SUV_COUNT","TCD_FUNC_CD","TCD_TYPE","TFC_DETOUR_IND","TIME_OF_DAY","TOTAL_UNITS","TOT_INJ_COUNT","UNBELTED_OCC_COUNT","UNB_DEATH_COUNT","UNB_SUSP_SERIOUS_INJ_COUNT","UNK_INJ_DEG_COUNT","UNK_INJ_PER_COUNT","URBAN_RURAL","VAN_COUNT","VEHICLE_COUNT","WEATHER1","WEATHER2","WORKERS_PRES","WORK_ZONE_IND","WORK_ZONE_LOC","WORK_ZONE_TYPE","WZ_CLOSE_DETOUR","WZ_FLAGGER","WZ_LAW_OFFCR_IND","WZ_LN_CLOSURE","WZ_MOVING","WZ_OTHER","WZ_SHLDER_MDN","WZ_WORKERS_INJ_KILLED"
"2024067446","2319","1","0","0","0","0","0","0","0","0","7","0","","02","8","2024","7","40.597947","-79.943538","2314","11","0","0","0","1","0","0","0","0","","0","0","0","","","0","N","0","","40 35:52.610","","0","79 56:36.737","0","0","0","0","2207","0","0","0","N","0","0","0","1","02207","0","","4.0","","9","N","N","N","0","","0","0","0","","0","","","1","0","0","0","0","0","0","2","0","1","07","","","N","","","","","","","","","",""
"2024073224","1503","1","0","0","0","0","0","0","0","0","4","0","","02","8","2024","6","40.398572","-79.901211","1458","11","0","1","0","0","0","0","0","0","","0","0","0","","","0","","1","","40 23:54.859","","0","79 54:04.358","0","0","0","0","2448","0","0","0","N","0","0","0","3","02448","0","","1.0","","1","N","N","N","0","","0","0","1","","0","","","2","0","0","0","0","0","0","2","0","2","03","03","","N","","","","","","","","","",""
"2024067189","1940","0","0","0","0","0","0","0","0","0","7","0","","02","8","2024","7","40.550008","-80.085604","1940","11","0","0","0","0","0","0","0","0","","0","0","0","","","0","","3","","40 33:00.030","1","0","80 05:08.175","0","0","0","0","2215","0","0","0","N","0","0","0","1","02215","0","","2.0","2030.0","9","N","N","N","0","","0","0","1","","2","Y","","1","0","0","0","0","0","0","2","0","1","07","","","N","","","","","","","","","",""
"2024062908","0925","1","0","0","0","0","0","0","0","0","4","0","","02","7","2024","7","40.496139","-79.976878","0921","11","0","0","0","0","0","0","0","1","","0","0","0","","","0","","1","","40 29:46.101","5","0","79 58:36.759","0","0","0","0","2118","0","0","0","N","0","0","0","3","02118","0","","1.0","1004.0","1","N","N","N","0","","0","0","1","","3","N","","2","0","0","0","0","0","0","2","0","2","03","","","N","","","","","","","","","",""
"2024070452","1545","0","0","0","0","0","0","0","0","0","1","0","","02","8","2024","3","40.371586","-79.974875","1545","11","0","0","0","0","1","1","0","1","","0","0","0","","","2","Y","0","","40 22:17.710","","0","79 58:29.550","8","0","0","0","2413","0","0","0","N","0","0","0","4","02413","0","","1.0","","1","N","N","N","0","","0","0","3","","0","","","3","2","0","0","0","2","0","2","0","3","03","","","N","","","","","","","","","",""
"2024070127","1721","0","0","0","0","0","0","0","0","0","4","0","","02","8","2024","7","40.354889","-80.115734","1720","11","0","0","0","0","0","0","0","1","","0","0","0","","","1","","6","","40 21:17.601","","2","80 06:56.642","4","0","0","0","2119","0","0","0","N","0","0","0","4","02119","1","","1.0","","1","N","N","N","1","","0","0","1","","4","","","2","1","0","0","0","0","0","2","0","2","03","03","","N","","","","","","","","","",""
"2024068906","1348","0","0","0","0","0","0","0","0","0","7","0","","02","8","2024","5","40.240833","-79.837111","1342","11","0","0","0","0","0","0","0","0","","0","0","0","","","3","N","0","","40 14:27.000","6","0","79 50:13.600","8","0","0","0","2105","0","0","0","N","0","0","0","3","02105","0","","4.0","1429.0","1","N","N","N","0","","0","0","1","","0","Y","","1","3","0","0","0","3","0","1","0","1","03","03","","N","","","","","","","","","",""
"2024066130","0943","0","0","0","0","0","0","0","0","1","4","0","","02","7","2024","4","40.525514","-80.06985","0936","11","0","1","0","0","0","0","0","0","","0","0","0","","","6","","2","","40 31:31.852","3","2","80 04:11.460","2","0","0","0","2215","0","0","0","N","0","0","0","6","02215","0","","1.0","1000.0","1","N","N","N","0","","3","3","2","","2","N","","2","6","1","0","1","0","0","2","0","2","03","","","N","","","","","","","","","",""
"2024067725","1805","1","0","0","0","0","0","0","0","0","7","0","45","02","7","2024","3","40.504742","-80.137849","1745","11","0","0","0","0","0","1","0","0","","0","0","0","","","0","N","0","","40 30:17.070","2","0","80 08:16.256","0","0","0","0","2115","0","0","0","Y","0","0","0","1","68B03","0","","3.0","1830.0","1","N","N","N","0","","0","0","0","","0","N","","1","0","0","0","0","0","0","2","0","1","03","03","N","Y","4","1","","","N","Y","","","","N"
"2024079268","1957","1","0","0","0","0","0","0","0","0","7","0","","02","8","2024","7","40.593448","-80.095411","1933","11","0","0","0","0","0","0","0","0","","0","0","0","","","0","N","0","","40 35:36.412","","0","80 05:43.481","0","0","0","0","2481","0","0","0","N","0","0","0","1","68B03","0","","4.0","","9","N","N","N","0","","0","0","0","","0","","","1","0","0","0","0","0","0","2","0","1","07","07","","N","","","","","","","","","",""
"2024060298","1341","1","0","0","0","0","0","0","0","0","4","0","","02","7","2024","2","40.427083","-79.964833","1332","11","0","0","0","0","0","0","0","0","","0","0","0","","","0","","1","","40 25:37.500","7","0","79 57:53.400","0","0","0","0","2301","0","0","0","N","0","0","0","3","02301","0","","1.0","1400.0","1","N","N","N","0","","0","0","1","","3","N","","2","0","0","0","0","0","0","2","0","2","03","","","N","","","","","","","","","",""
"2024068633","0824","1","0","0","0","0","0","0","0","0","7","0","","02","8","2024","1","40.581524","-80.082081","0824","11","0","0","0","0","0","0","0","0","","0","0","0","","","0","N","0","","40 34:53.488","","0","80 04:55.492","0","0","0","0","2481","0","0","0","N","0","0","0","1","02481","0","","4.0","","1","N","N","N","0","","0","0","0","","0","","","1","0","0","0","0","0","0","2","0","1","","","","N","","","","","","","","","",""
"2024064977","1021","1","0","0","0","0","0","0","0","0","6","0","","02","7","2024","7","40.327722","-80.109222","1006","11","1","0","0","0","0","0","0","0","","0","0","0","","","0","N","0","","40 19:39.800","","7","80 06:33.200","0","0","0","0","2119","0","0","0","N","0","0","0","2","02119","0","","6.0","","1","N","N","Y","0","","0","0","1","","0","","","2","0","0","0","0","0","0","2","0","2","03","03","","N","","","","","","","","","",""
"2024078490","0900","0","0","0","0","0","0","0","0","0","7","0","","02","8","2024","6","40.502508","-80.025689","0848","11","0","0","0","0","0","0","0","0","","0","0","0","","","1","N","0","","40 30:09.027","1","0","80 01:32.480","3","0","0","0","2116","0","0","0","N","0","0","0","1","68B03","0","","2.0","930.0","9","N","N","N","0","","1","0","1","","0","N","","1","1","0","0","0","0","0","2","0","1","07","07","","N","","","","","","","","","",""
"2024067378","1649","2","0","0","0","0","0","0","0","0","1","0","","02","8","2024","1","40.452755","-80.17234","1644","11","0","0","0","1","0","0","0","0","","0","0","0","","","0","","1","","40 27:09.919","1","8","80 10:20.425","0","0","0","0","2214","0","0","0","N","0","0","0","3","02214","0","","1.0","1730.0","1","N","N","N","0","","0","0","0","","4","N","","2","0","0","0","0","0","0","2","0","2","03","","","N","","","","","","","","","",""
"2024066461","1850","0","0","0","0","0","0","0","0","0","7","0","","02","7","2024","2","40.546748","-79.830365","1843","11","0","0","0","0","0","1","0","0","","0","0","0","","","0","N","0","","40 32:48.291","2","0","79 49:49.315","0","0","0","0","2208","0","0","0","N","0","0","0","1","68D02","0","","3.0","1919.0","9","N","N","Y","0","","0","0","1","","0","N","","1","0","0","0","0","0","0","2","0","1","07","","","N","","","","","","","","","",""
"2024072891","1329","1","0","0","0","0","0","0","0","0","1","0","","02","8","2024","5","40.395971","-80.066138","1312","11","0","0","0","0","0","0","0","0","","0","0","0","","","1","N","0","","40 23:45.496","1","0","80 03:58.096","8","0","0","0","2117","0","0","0","N","0","0","0","2","02117","0","","1.0","1357.0","1","N","N","N","1","","0","0","0","","0","Y","","2","1","0","0","0","1","0","2","0","2","03","03","","N","","","","","","","","","",""
"2024058150","","2","0","0","0","0","0","0","0","0","4","0","","02","6","2024","5","40.305838","-80.015777","","11","0","0","0","1","0","0","0","0","","0","0","0","","","1","","2","","40 18:21.016","","0","80 00:56.797","8","0","0","0","2219","0","0","0","N","0","0","0","2","00000","0","","1.0","","1","","","N","0","","0","0","0","","3","","","2","1","1","0","0","1","0","2","0","2","03","","","N","","","","","","","","","",""
"2024064102","1619","1","0","0","0","0","0","0","0","0","1","0","","02","7","2024","3","40.478636","-79.967043","1605","11","0","0","1","0","0","0","0","0","","0","0","0","","","0","","6","","40 28:43.090","","2","79 58:01.353","0","0","0","0","2118","0","0","0","N","0","0","0","2","02118","0","","1.0","","1","N","N","N","0","","0","0","1","","3","","","2","0","0","0","0","0","0","2","0","2","03","","","N","","","","","","","","","",""
"2024065543","2128","1","0","0","0","0","0","0","0","0","7","0","","02","7","2024","6","40.536335","-80.201762","2125","11","0","0","1","0","0","0","0","0","","0","0","0","","","1","N","0","","40 32:10.807","2","0","80 12:06.344","3","0","0","0","2213","0","0","0","N","0","0","0","1","02213","0","","4.0","2217.0","1","N","N","N","0","","1","0","0","","0","Y","","1","1","1","0","0","0","0","2","0","1","03","","","N","","","","","","","","","",""
"2024078440","0833","0","0","0","0","0","0","0","0","0","4","0","","02","7","2024","1","40.43708","-79.998329","0830","11","0","0","0","0","0","0","1","0","","1","0","0","","","0","","5","","40 26:13.487","3","2","79 59:53.986","1","1","0","1","2301","0","0","0","N","0","0","0","4","02301","0","3","1.0","1012.0","1","N","N","N","1","0","0","0","0","","2","N","","2","0","1","0","0","0","0","2","0","2","03","","","N","","","","","","","","","",""
"2024067710","0933","0","0","0","0","0","0","0","0","0","1","2","45","02","7","2024","4","40.481148","-80.120701","0916","11","0","0","0","0","0","0","0","0","","0","2","0","","","0","N","0","","40 28:52.134","","0","80 07:14.523","0","0","0","0","2126","0","0","0","N","0","0","0","2","68B03","0","","1.0","","1","Y","N","N","0","","0","0","0","","0","","","2","0","0","0","0","0","0","2","0","2","03","","N","Y","4","1","","","N","Y","","","","N"
"2024063692","1325","1","0","0","0","0","0","0","0","0","7","0","","02","7","2024","2","40.517668","-79.993531","1321","11","0","0","0","0","1","0","0","0","","0","0","0","","","0","N","0","","40 31:03.603","3","0","79 59:36.711","0","0","0","0","2116","0","0","0","N","0","0","0","1","02116","0","","4.0","1350.0","9","","","N","0","","0","0","0","","0","N","","1","0","0","0","0","0","0","2","0","1","07","07","","N","","","","","","","","","",""
"2024068646","1700","0","0","0","0","0","0","0","0","0","1","0","","02","7","2024","4","40.359969","-80.111573","1656","11","0","0","0","0","0","1","1","0","","0","0","0","","","1","","1","","40 21:35.888","2","0","80 06:41.661","3","0","0","0","2414","0","0","0","N","0","0","0","2","02414","0","","1.0","1715.0","1","N","N","N","1","","1","0","1","","2","Y","","2","1","0","0","0","0","0","2","0","2","03","","","N","","","","","","","","","",""
"2024064712","1720","0","0","0","0","0","0","0","0","0","7","0","","02","7","2024","3","40.360377","-79.845443","1716","11","0","0","0","0","0","0","0","0","","0","0","0","","","0","","3","","40 21:37.358","3","8","79 50:43.593","0","0","0","0","2303","0","0","0","N","0","0","0","3","02303","0","","2.0","1746.0","1","N","N","N","0","","0","0","1","","0","N","","1","0","0","0","0","0","0","2","0","1","03","","","N","","","","","","","","","",""
"2024074810","1859","0","0","0","0","0","0","0","0","0","4","0","","02","8","2024","3","40.526048","-79.963069","1856","11","0","0","0","0","0","0","0","0","","0","0","0","","","0","N","0","","40 31:33.774","5","7","79 57:47.050","0","0","0","0","2118","0","0","0","N","0","0","0","3","02118","0","","1.0","1940.0","1","N","N","N","0","","0","0","2","","3","N","","2","0","0","0","0","0","0","2","0","2","03","","","N","","","","","","","","","",""
"2024076594","0906","1","0","0","0","0","0","0","0","0","2","0","","02","8","2024","3","40.550328","-80.019148","0902","11","0","0","0","0","0","0","1","0","","0","0","0","","","2","","2","","40 33:01.182","3","0","80 01:08.932","3","0","0","0","2116","0","0","0","N","0","0","0","5","02116","0","","1.0","1009.0","1","N","N","N","0","","2","0","1","","2","N","","2","2","1","0","0","0","0","2","0","2","03","03","","N","","","","","","","","","",""
"2024064443","0934","0","0","0","0","0","0","2","0","0","1","2","","02","7","2024","2","40.587","-79.99475","0918","11","0","0","0","0","0","0","0","0","","0","0","0","","","4","N","0","","40 35:13.200","","0","79 59:41.100","3","0","0","0","2108","0","0","0","N","0","0","0","6","02503","0","","6.0","","1","N","N","N","0","","4","0","0","","0","","","2","4","0","0","0","0","0","1","0","2","03","03","","N","","","","","","","","","",""
"2024076994","1550","0","0","0","0","0","0","0","0","0","1","0","","02","8","2024","7","40.427387","-79.922623","1545","11","0","0","0","0","0","0","1","0","","0","0","0","","","1","N","0","","40 25:38.592","3","4","79 55:21.443","3","0","0","0","2301","0","0","0","N","0","0","0","3","68B03","0","","1.0","1612.0","9","N","N","N","0","","1","0","3","","0","N","","3","1","0","0","0","0","0","2","0","3","07","04","","N","","","","","","","","","",""
"2024067253","0033","0","0","0","0","0","0","0","0","0","7","0","","02","8","2024","1","40.34441","-79.883992","0028","11","0","0","0","0","0","0","0","0","","0","0","0","","","0","","3","","40 20:39.875","3","3","79 53:02.372","0","0","0","0","2433","0","0","0","N","0","0","0","1","02433","0","","2.0","51.0","9","N","N","N","1","","0","0","0","","0","Y","","1","0","0","0","0","0","0","2","0","1","07","","","N","","","","","","","","","",""
"2024075799","1416","0","0","0","0","0","0","0","0","0","0","0","","02","8","2024","5","40.315582","-79.992436","1411","11","0","0","0","0","0","0","0","0","","0","0","0","","","1","N","0","","40 18:56.096","6","0","79 59:32.768","8","0","0","0","2219","0","0","0","N","0","0","0","2","02219","0","","1.0","1440.0","1","N","N","N","0","","0","0","1","","0","N","","1","1","0","0","0","1","0","2","0","1","03","03","","N","","","","","","","","","",""
"2024066327","1955","0","0","0","0","0","0","0","0","0","0","0","","02","7","2024","4","40.451221","-79.71538","1953","11","0","0","0","0","0","0","0","0","","0","0","0","","","1","N","0","","40 27:04.397","5","0","79 42:55.369","8","0","0","1","2466","0","0","0","N","0","0","0","1","02466","0","","1.0","2027.0","1","N","N","N","0","","0","0","0","","0","N","","1","1","0","0","0","1","0","2","0","1","03","","","N","","","","","","","","","",""
"2024063577","0854","0","0","0","0","0","0","0","0","0","5","0","","02","7","2024","3","40.542291","-79.964248","0851","11","0","0","0","0","0","0","1","0","","0","0","0","","","1","","1","","40 32:32.247","2","0","79 57:51.294","3","0","0","0","2118","0","0","0","N","0","0","0","2","02118","0","","1.0","932.0","1","N","N","N","0","","1","0","2","","2","N","","2","1","0","0","0","0","0","2","0","2","03","03","","N","","","","","","","","","",""
"2024065436","2045","2","0","1","0","0","0","0","0","0","4","0","","02","7","2024","7","40.392306","-80.046961","2040","11","0","0","0","0","0","0","0","0","","0","0","0","","","4","","1","","40 23:32.303","5","0","80 02:49.061","2","0","0","0","2109","0","0","0","N","0","0","0","4","02109","0","","1.0","2145.0","1","N","N","N","0","","3","1","0","","3","Y","","2","4","0","0","0","0","0","2","0","2","03","03","","N","","","","","","","","","",""
"2024068377","2234","1","0","0","0","0","0","0","0","0","8","0","","02","6","2024","3","40.562547","-79.857682","2228","11","0","0","0","0","0","0","0","0","","0","0","0","","","1","","3","","40 33:45.169","1","0","79 51:27.654","2","0","0","0","2209","1","0","1","N","1","0","1","2","02501","0","","1.0","300.0","1","N","N","N","0","","0","1","0","","0","Y","","2","1","0","0","0","0","0","2","0","1","03","03","","N","","","","","","","","","",""
"2024066194","1452","1","0","0","0","0","0","0","0","0","7","0","","02","7","2024","4","40.302944","-79.992722","1445","11","0","0","0","0","0","1","0","0","","0","0","0","","","1","N","0","","40 18:10.600","1","0","79 59:33.800","3","0","0","0","2219","0","0","0","N","0","0","0","1","02219","0","","4.0","1506.0","1","N","N","N","0","","1","0","0","","0","N","","1","1","1","0","0","0","0","2","0","1","03","03","","N","","","","","","","","","",""
"2024069950","0520","0","0","0","0","0","0","0","0","0","7","0","","02","8","2024","1","40.497218","-80.20616","0520","11","0","0","0","0","0","0","0","0","","0","0","0","","","0","","6","","40 29:49.986","1","2","80 12:22.176","0","0","0","0","2213","0","0","0","N","0","0","0","1","02213","0","","2.0","604.0","1","N","N","N","0","","0","0","0","","0","N","","1","0","0","0","0","0","0","2","1","1","03","","","N","","","","","","","","","",""
"2024058852","1458","1","0","0","0","0","0","0","0","0","4","0","","02","7","2024","5","40.505079","-80.008967","1454","11","0","0","0","0","0","0","0","0","","0","0","0","","","4","N","0","","40 30:18.283","2","0","80 00:32.281","3","0","0","0","2116","0","0","0","N","0","0","0","4","02116","0","","1.0","1548.0","1","N","N","Y","0","","4","0","1","","0","N","","2","4","0","0","0","0","0","2","0","2","03","03","","N","","","","","","","","","",""
"2024072548","0948","0","0","0","0","0","0","1","0","0","2","1","","02","8","2024","6","40.47525","-79.867583","0923","11","0","0","0","0","0","0","0","0","","0","0","0","","","0","N","0","","40 28:30.900","","0","79 52:03.300","0","0","0","0","2113","0","0","0","N","0","0","0","1","02503","0","","6.0","","1","N","N","N","0","","0","0","1","","0","","","2","0","0","0","0","0","0","2","0","2","03","03","","N","","","","","","","","","",""
"2024066606","1719","2","0","0","0","0","0","0","0","0","5","0","","02","8","2024","5","40.547017","-80.191976","1716","11","0","0","1","0","0","0","0","0","","0","0","0","","","0","N","0","","40 32:49.261","4","0","80 11:31.114","0","0","0","0","2427","0","0","0","N","0","0","0","1","02427","0","","6.0","1800.0","1","N","N","N","0","","0","0","0","","0","N","","2","0","0","0","0","0","0","2","0","2","03","03","","N","","","","","","","","","",""
"2024070636","2118","0","0","0","0","0","0","0","0","0","7","0","","02","7","2024","6","40.524556","-79.912556","2118","11","0","0","0","0","0","0","0","0","","0","0","0","","","0","Y","0","","40 31:28.400","7","0","79 54:45.200","0","0","0","0","2432","0","0","0","N","0","0","0","1","02432","0","","4.0","2300.0","1","N","N","N","1","","0","0","0","","0","Y","","1","0","0","0","0","0","0","2","0","1","03","","","N","","","","","","","","","",""
"2024079282","0606","0","0","0","0","0","0","0","0","0","7","0","","02","8","2024","6","40.428627","-79.928815","0548","11","0","0","0","0","0","1","0","0","","0","0","0","","","1","N","0","","40 25:43.058","4","0","79 55:43.734","4","0","0","0","2301","0","0","0","N","0","0","0","2","68B03","1","","2.0","700.0","1","N","N","N","0","","0","0","2","","0","N","","2","1","0","0","0","0","0","2","0","2","03","","","N","","","","","","","","","",""
"2024072090","1834","1","0","0","0","0","0","0","0","0","4","0","","02","8","2024","2","40.541084","-79.801974","1829","11","0","0","0","0","0","0","0","0","","0","0","0","","","1","N","0","","40 32:27.902","","7","79 48:07.105","3","0","0","0","2418","0","0","0","N","0","0","0","2","02514","0","","1.0","","1","N","N","N","1","","1","0","0","","0","","","2","1","0","0","0","0","0","2","0","2","03","03","","N","","","","","","","","","",""
"2024078943","0009","0","0","0","0","0","0","0","0","0","7","0","","02","9","2024","6","40.615731","-79.790961","2344","11","0","0","0","0","0","0","0","0","","0","0","0","","","0","N","0","","40 36:56.630","5","0","79 47:27.460","0","0","0","0","2206","0","0","0","N","0","0","0","1","68D02","0","","4.0","34.0","9","N","N","N","1","","0","0","0","","0","Y","","1","0","0","0","0","0","0","1","0","1","07","04","","N","","","","","","","","","",""
"2024064445","1805","1","0","0","0","0","0","1","0","0","4","1","","02","7","2024","5","40.34925","-79.927019","1750","11","0","0","0","0","0","0","0","0","","0","0","0","","","2","N","0","","40 20:57.299","7","7","79 55:37.268","3","0","0","0","2473","0","0","0","N","0","0","0","2","02503","1","","1.0","1850.0","1","N","N","N","0","","1","0","0","","0","Y","","2","2","0","0","0","0","0","2","0","2","03","","","N","","","","","","","","","",""
"2024065793","1555","1","0","0","0","0","0","0","0","0","4","0","","02","7","2024","3","40.435056","-79.785972","1540","11","0","0","0","0","0","0","1","0","","0","0","0","","","0","N","0","","40 26:06.200","3","7","79 47:09.500","0","0","0","0","2446","0","0","0","N","0","0","0","2","02446","0","","1.0","1615.0","9","N","N","N","0","","0","0","1","","0","N","","2","0","0","0","0","0","0","2","0","2","03","","","N","","","","","","","","","",""
"2024076642","1652","2","0","0","0","0","0","0","0","0","1","1","","02","8","2024","3","40.426281","-79.915205","1649","11","0","0","0","0","1","1","0","0","","0","1","0","","","1","N","0","","40 25:34.612","3","4","79 54:54.738","3","0","0","0","2301","0","0","0","N","0","0","0","9","68B03","0","","1.0","1814.0","9","N","N","N","1","","1","0","2","","0","Y","","6","1","0","0","0","0","0","2","0","6","07","","","N","","","","","","","","","",""
"2024067443","1719","1","0","0","0","0","0","0","0","0","1","0","","02","7","2024","1","40.37298","-80.09936","1712","11","0","0","0","0","0","0","0","0","","0","0","0","","","1","","2","","40 22:22.729","3","2","80 05:57.696","3","0","0","0","2102","0","0","0","N","0","0","0","5","02102","0","","1.0","1747.0","1","N","N","N","0","","1","0","0","","2","N","","2","1","0","0","0","0","0","2","1","2","03","03","","N","","","","","","","","","",""
"2024064924","0240","1","0","0","0","0","0","0","0","0","7","0","","02","7","2024","7","40.425554","-79.926454","0231","11","0","0","0","0","0","0","0","0","","0","0","0","","","0","","2","","40 25:31.995","","2","79 55:35.234","0","0","0","0","2301","0","0","0","N","0","0","0","1","02301","0","","2.0","","1","N","N","N","0","","0","0","0","","0","","","1","0","0","0","0","0","0","2","0","1","03","","","N","","","","","","","","","",""
"2024069100","1811","0","0","0","0","0","0","0","0","0","7","0","","02","8","2024","6","40.336474","-79.841882","1807","11","1","0","0","0","0","0","0","0","","0","0","0","","","0","","2","","40 20:11.306","4","0","79 50:30.776","0","0","0","0","2304","0","0","0","N","0","0","0","1","02304","0","","2.0","1840.0","1","N","N","N","0","","0","0","1","","0","N","","1","0","0","0","0","0","0","2","0","1","03","","","N","","","","","","","","","",""
"2024065514","0735","2","0","0","0","0","0","0","0","0","1","0","","02","7","2024","2","40.274101","-79.886396","0728","11","0","0","0","0","0","0","1","0","","0","0","0","","","1","N","0","","40 16:26.763","1","3","79 53:11.026","4","0","0","0","2428","0","0","0","N","0","0","0","2","02105","1","","1.0","811.0","1","N","N","N","0","","0","0","0","","0","N","","2","1","0","0","0","0","0","2","0","2","03","03","","N","","","","","","","","","",""
"2024065230","1815","1","0","0","0","0","0","0","0","0","4","0","","02","7","2024","5","40.438231","-79.996043","1813","11","0","0","0","0","1","0","0","0","","0","0","0","","","0","","1","","40 26:17.633","2","0","79 59:45.755","9","0","0","0","2301","0","0","0","N","0","0","0","3","02301","0","","1.0","10.0","1","N","N","N","0","","0","0","1","","2","N","","2","0","0","0","0","0","1","2","0","2","03","","","N","","","","","","","","","",""
"2024066219","1457","0","0","0","0","0","0","0","0","0","7","0","","02","7","2024","7","40.635356","-80.056896","1453","11","1","0","0","0","0","0","0","0","","0","0","0","","","0","N","0","","40 38:07.283","","0","80 03:24.827","0","0","0","0","2216","0","0","0","N","0","0","0","2","02505","0","","2.0","","1","N","N","N","0","","0","0","1","","0","N","","1","0","0","0","0","0","0","2","0","1","03","","","N","","","","","","","","","",""
"2024077511","1428","0","0","0","0","0","0","0","0","0","4","1","","02","9","2024","5","40.328413","-80.140325","1428","11","0","0","0","0","0","0","0","0","","0","1","0","","","1","N","0","","40 19:42.287","1","0","80 08:25.170","4","0","0","0","2119","0","0","0","N","0","0","0","2","68B03","1","","1.0","1530.0","1","N","N","N","0","","0","0","1","","0","N","","2","1","0","0","0","0","0","2","0","2","03","03","","N","","","","","","","","","",""
"2024078830","0100","0","0","0","0","0","0","0","0","0","7","0","25","02","8","2024","4","","-79.875964","0047","11","0","0","0","0","0","0","0","0","","0","0","0","","","0","N","0","","40 24:32.30","","0","79 52:33.470","9","0","0","0","2456","0","0","0","N","0","0","0","1","68B03","0","","2.0","","1","N","N","N","0","","0","0","1","","0","","","1","0","1","0","0","0","1","1","0","1","03","","N","Y","8","1","Y","","N","","","","","N"
"2024079278","1254","0","0","0","0","0","0","0","0","0","5","0","","02","8","2024","3","40.436047","-79.999044","1235","11","0","0","0","0","0","1","1","0","","0","0","0","","","2","","5","","40 26:09.768","","2","79 59:56.558","3","0","0","0","2301","0","0","0","N","0","0","0","7","68B03","1","","1.0","","1","N","N","N","0","","1","0","4","","2","","","4","2","0","0","0","0","1","2","0","4","03","","","N","","","","","","","","","",""
"2024075351","1950","1","0","0","0","0","0","0","0","0","7","0","","02","8","2024","5","40.489556","-79.778861","1948","11","0","0","0","0","0","0","0","0","","0","0","0","","","0","N","0","","40 29:22.400","1","0","79 46:43.900","0","0","0","0","2466","0","0","0","N","0","0","0","1","02466","0","","2.0","2031.0","1","N","N","Y","0","","0","0","0","","0","N","","1","0","0","0","0","0","0","2","0","1","03","03","","N","","","","","","","","","",""
"2024078889","0804","0","0","0","0","0","0","0","0","0","1","1","","02","9","2024","3","40.367949","-80.012871","0800","11","0","0","0","0","0","1","0","0","","0","1","0","","","0","N","0","","40 22:04.617","2","0","80 00:46.337","0","0","0","0","2416","0","0","0","N","0","0","0","2","02416","0","","1.0","819.0","1","N","N","N","0","","0","0","1","","0","N","","2","0","0","0","0","0","0","2","0","2","03","03","","N","","","","","","","","","",""
"2024066961","0624","1","0","0","0","0","0","0","0","0","7","0","","02","8","2024","6","40.469725","-79.89457","0619","11","0","0","0","0","0","0","0","0","","0","0","0","","","0","","2","","40 28:11.010","1","0","79 53:40.452","0","0","0","0","2301","0","0","0","N","0","0","0","1","02301","0","","4.0","645.0","9","N","N","N","0","","0","0","0","","0","N","","1","0","0","0","0","0","0","2","0","1","07","","","N","","","","","","","","","",""
"2024068103","1357","2","0","0","0","0","0","0","0","0","1","0","","02","7","2024","2","40.426212","-79.914738","1356","11","0","0","0","0","1","0","0","0","","0","0","0","","","1","N","0","","40 25:34.362","3","4","79 54:53.056","3","0","0","0","2301","0","0","0","N","0","0","0","2","68B03","0","","1.0","1452.0","9","N","N","N","0","","1","0","0","","0","N","","2","1","0","0","0","0","0","2","0","2","07","98","","N","","","","","","","","","",""