"CRN","ARRIVAL_TM","AUTOMOBILE_COUNT","BELTED_DEATH_COUNT","BELTED_SUSP_SERIOUS_INJ_COUNT","BICYCLE_COUNT","BICYCLE_DEATH_COUNT","BICYCLE_SUSP_SERIOUS_INJ_COUNT","BUS_COUNT","CHLDPAS_DEATH_COUNT","CHLDPAS_SUSP_SERIOUS_INJ_COUNT","COLLISION_TYPE","COMM_VEH_COUNT","CONS_ZONE_SPD_LIM","COUNTY","CRASH_MONTH","CRASH_YEAR","DAY_OF_WEEK","DEC_LATITUDE","DEC_LONGITUDE","DISPATCH_TM","DISTRICT","DRIVER_COUNT_16YR","DRIVER_COUNT_17YR","DRIVER_COUNT_18YR","DRIVER_COUNT_19YR","DRIVER_COUNT_20YR","DRIVER_COUNT_50_64YR","DRIVER_COUNT_65_74YR","DRIVER_COUNT_75PLUS","EST_HRS_CLOSED","FATAL_COUNT","HEAVY_TRUCK_COUNT","HORSE_BUGGY_COUNT","HOUR_OF_DAY","ILLUMINATION","INJURY_COUNT","INTERSECTION_RELATED","INTERSECT_TYPE","LANE_CLOSED","LATITUDE","LN_CLOSE_DIR","LOCATION_TYPE","LONGITUDE","MAX_SEVERITY_LEVEL","MCYCLE_DEATH_COUNT","MCYCLE_SUSP_SERIOUS_INJ_COUNT","MOTORCYCLE_COUNT","MUNICIPALITY","NONMOTR_COUNT","NONMOTR_DEATH_COUNT","NONMOTR_SUSP_SERIOUS_INJ_COUNT","NTFY_HIWY_MAINT","PED_COUNT","PED_DEATH_COUNT","PED_SUSP_SERIOUS_INJ_COUNT","PERSON_COUNT","POLICE_AGCY","POSSIBLE_INJ_COUNT","RDWY_SURF_TYPE_CD","RELATION_TO_ROAD","ROADWAY_CLEARED","ROAD_CONDITION","SCH_BUS_IND","SCH_ZONE_IND","SECONDARY_CRASH","SMALL_TRUCK_COUNT","SPEC_JURIS_CD","SUSP_MINOR_INJ_COUNT","SUSP_SERIOUS_INJ_COUNT","SUV_COUNT","TCD_FUNC_CD","TCD_TYPE","TFC_DETOUR_IND","TIME_OF_DAY","TOTAL_UNITS","TOT_INJ_COUNT","UNBELTED_OCC_COUNT","UNB_DEATH_COUNT","UNB_SUSP_SERIOUS_INJ_COUNT","UNK_INJ_DEG_COUNT","UNK_INJ_PER_COUNT","URBAN_RURAL","VAN_COUNT","VEHICLE_COUNT","WEATHER1","WEATHER2","WORKERS_PRES","WORK_ZONE_IND","WORK_ZONE_LOC","WORK_ZONE_TYPE","WZ_CLOSE_DETOUR","WZ_FLAGGER","WZ_LAW_OFFCR_IND","WZ_LN_CLOSURE","WZ_MOVING","WZ_OTHER","WZ_SHLDER_MDN","WZ_WORKERS_INJ_KILLED"
"2024079311","2332","1","0","0","0","0","0","0","0","0","1","0","","02","7","2024","7","40.426211","-79.914734","2322","11","0","0","0","0","0","2","0","0","","0","0","0","","","0","N","0","","40 25:34.360","","0","79 54:53.044","0","0","0","0","2301","0","0","0","N","0","0","0","2","68B03","0","","1.0","","1","N","N","N","0","","0","0","1","","0","","","2","0","0","0","0","0","0","2","0","2","03","03","","N","","","","","","","","","",""
"2024068945","1727","1","0","0","0","0","0","0","0","0","1","0","","02","6","2024","1","40.421329","-80.095582","1721","11","0","0","0","0","0","0","0","0","","0","0","0","","","0","N","0","","40 25:16.783","","0","80 05:44.096","0","0","0","0","2457","0","0","0","N","0","0","0","2","68B03","0","","1.0","","1","N","N","N","0","","0","0","1","","0","","","2","0","0","0","0","0","0","2","0","2","03","","","N","","","","","","","","","",""
"2024068087","0108","1","0","0","0","0","0","0","0","0","7","0","","02","7","2024","4","40.428041","-79.889905","0042","11","0","0","0","0","0","0","0","0","","0","0","0","","","0","","6","","40 25:40.949","","2","79 53:23.658","0","0","0","0","2426","0","0","0","Y","0","0","0","1","68B03","0","","2.0","","1","N","N","N","0","","0","0","0","","0","","","1","0","0","0","0","0","0","2","0","1","03","","","N","","","","","","","","","",""
"2024064794","1518","1","0","0","0","0","0","0","0","0","1","0","","02","7","2024","4","40.489459","-79.903413","1514","11","0","0","0","0","0","1","1","0","","0","0","0","","","1","N","0","","40 29:22.053","2","0","79 54:12.287","3","0","0","0","2401","0","0","0","N","0","0","0","2","02401","0","","1.0","1530.0","1","N","N","N","1","","1","0","0","","0","N","","2","1","2","0","0","0","0","2","0","2","03","03","","N","","","","","","","","","",""
"2024062589","0907","0","0","0","0","0","0","0","0","0","1","0","","02","7","2024","6","40.381513","-79.81298","0907","11","0","0","0","0","0","0","0","0","","0","0","0","","","1","","1","","40 22:53.446","","0","79 48:46.729","4","0","0","0","2424","0","0","0","N","0","0","0","6","02424","1","","1.0","","1","N","N","N","1","","0","0","1","","0","N","","2","1","0","0","0","0","0","2","0","2","03","03","","N","","","","","","","","","",""
"2024067178","0555","1","0","0","0","0","0","0","0","0","98","0","","02","7","2024","3","40.498671","-79.785048","0451","11","0","0","0","0","0","0","0","0","","0","0","0","","","0","N","0","","40 29:55.214","","0","79 47:06.171","0","0","0","0","2466","0","0","0","N","0","0","0","1","68T02","0","","1.0","","1","N","N","N","0","","0","0","0","","0","","","1","0","0","0","0","0","0","2","0","1","03","","","N","","","","","","","","","",""
"2024078592","1001","1","0","0","0","0","0","0","0","0","4","0","","02","9","2024","2","40.299062","-80.029812","0953","11","0","0","0","0","0","0","0","0","","0","0","0","","","0","","3","","40 17:56.623","","0","80 01:47.323","0","0","0","0","2407","0","0","0","N","0","0","0","2","02407","0","","1.0","","1","N","N","N","1","","0","0","0","","3","","","2","0","0","0","0","0","0","2","0","2","03","03","","N","","","","","","","","","",""
"2024076101","1243","0","0","0","0","0","0","0","0","0","4","0","","02","8","2024","3","40.434899","-79.754794","1239","11","0","0","0","0","0","1","0","0","","0","0","0","","","1","","1","","40 26:05.638","","0","79 45:17.257","8","0","0","0","2446","0","0","0","N","0","0","0","3","02446","0","","1.0","","1","N","N","N","0","","0","0","2","","0","","","2","1","0","0","0","1","0","2","0","2","03","","","N","","","","","","","","","",""
"2024073575","0847","0","0","0","0","0","0","0","0","0","98","0","","02","8","2024","3","40.636021","-79.939212","0838","11","0","0","0","0","0","0","0","0","","0","0","0","","","0","N","0","","40 38:09.675","","0","79 56:21.164","0","0","0","0","2217","0","0","0","N","0","0","0","2","02505","0","","1.0","","1","N","N","N","0","","0","0","1","","0","","","1","0","0","0","0","0","0","2","0","1","03","03","","N","","","","","","","","","",""
"2024064781","0933","0","0","0","0","0","0","0","0","0","7","1","","02","7","2024","6","40.328787","-79.79728","0930","11","0","0","0","0","0","0","0","0","","0","1","0","","","0","N","0","","40 19:43.632","6","0","79 47:50.209","0","0","0","0","2477","0","0","0","Y","0","0","0","1","02477","0","","2.0","1036.0","1","N","N","N","0","","0","0","0","","0","N","","1","0","0","0","0","0","0","2","0","1","03","","","N","","","","","","","","","",""
"2024064340","0120","1","0","0","0","0","0","0","0","0","7","0","","02","7","2024","5","40.439426","-80.008738","0109","11","0","0","0","0","0","0","0","0","","0","0","0","","","1","N","0","","40 26:21.933","3","8","80 00:31.455","3","0","0","0","2301","0","0","0","N","0","0","0","1","02301","0","","2.0","140.0","1","N","N","N","0","","1","0","0","","0","N","","1","1","0","0","0","0","0","2","0","1","03","03","","N","","","","","","","","","",""
"2024075616","1754","1","0","0","0","0","0","0","0","0","4","0","","02","8","2024","4","40.449829","-79.929669","1744","11","0","0","0","0","0","0","0","0","","0","0","0","","","1","","1","","40 26:59.386","2","0","79 55:46.809","3","0","0","0","2301","0","0","0","N","0","0","0","2","02301","0","","1.0","1900.0","1","N","N","N","0","","1","0","1","","2","N","","2","1","0","0","0","0","0","2","0","2","03","","","N","","","","","","","","","",""
"2024067741","0931","1","0","0","0","0","0","0","0","0","7","0","","02","7","2024","3","40.592204","-79.772614","0905","11","0","0","0","0","0","0","1","0","","0","0","0","","","1","N","0","","40 35:31.934","","0","79 46:21.412","4","0","0","0","2104","0","0","0","Y","0","0","0","1","68D02","1","","4.0","","9","N","N","N","0","","0","0","0","","0","","","1","1","0","0","0","0","0","2","0","1","07","","","N","","","","","","","","","",""
"2024074286","0755","0","0","0","0","0","0","0","0","0","1","0","","02","8","2024","3","40.629278","-80.024271","0751","11","0","0","0","0","0","1","0","0","","0","0","0","","","0","N","0","","40 37:45.400","","0","80 01:27.375","0","0","0","0","2216","0","0","0","N","0","0","0","2","02505","0","","1.0","","1","Y","N","N","1","","0","0","1","","8","","","2","0","0","0","0","0","0","2","0","2","03","03","","N","","","","","","","","","",""
"2024065103","2310","0","0","0","0","0","0","0","0","0","4","0","","02","7","2024","7","40.473709","-80.028824","2247","11","0","0","0","0","0","0","0","0","","0","0","0","","","0","","1","","40 28:25.351","","0","80 01:43.766","0","0","0","0","2301","0","0","0","N","0","0","0","2","02301","0","","1.0","","1","N","N","N","0","","0","0","2","","2","","","2","0","0","0","0","0","0","2","0","2","03","03","","N","","","","","","","","","",""
"2024064302","0650","2","0","0","0","0","0","0","0","0","5","0","","02","7","2024","1","40.466008","-79.890086","0647","11","0","0","0","0","0","0","0","0","","0","0","0","","","1","N","0","","40 27:57.630","7","0","79 53:24.310","3","0","0","0","2301","0","0","0","N","0","0","0","3","02301","0","","6.0","720.0","1","N","N","N","0","","1","0","1","","0","N","","3","1","0","0","0","0","0","2","0","3","03","","","N","","","","","","","","","",""
"2024066707","1326","0","0","0","0","0","0","0","0","0","1","0","30","02","8","2024","5","40.436842","-79.827461","1324","11","0","0","0","0","0","0","1","1","","0","0","0","","","0","N","0","","40 26:12.632","4","0","79 49:38.859","0","0","0","0","2419","0","0","0","N","0","0","0","2","02419","0","","1.0","1400.0","1","N","N","N","0","","0","0","2","","0","N","","2","0","0","0","0","0","0","2","0","2","","","N","Y","8","1","","","N","","","","","N"
"2024067346","1136","0","0","0","0","0","0","0","0","0","4","0","","02","8","2024","1","40.445944","-79.84844","1133","11","0","0","0","0","0","0","0","1","","0","0","0","","","0","","1","","40 26:45.400","","0","79 50:54.384","0","0","0","0","2419","0","0","0","N","0","0","0","2","02419","0","","1.0","","1","N","N","N","0","","0","0","2","","2","","","2","0","0","0","0","0","0","2","0","2","03","03","","N","","","","","","","","","",""
"2024066319","1649","1","0","0","0","0","0","0","0","0","6","0","","02","7","2024","6","40.35125","-80.048278","1615","11","0","0","0","0","0","0","0","0","","0","0","0","","","0","N","0","","40 21:04.500","","7","80 02:53.800","9","0","0","0","2407","0","0","0","N","0","0","0","2","02407","0","","1.0","","1","N","N","N","0","","0","0","1","","0","","","2","0","0","0","0","0","1","2","0","2","03","","","N","","","","","","","","","",""
"2024078235","0322","1","0","0","0","0","0","0","0","0","7","0","","02","9","2024","2","40.35401","-79.956241","0319","11","0","0","0","1","0","0","0","0","","0","0","0","","","1","N","0","","40 21:14.435","1","0","79 57:22.467","3","0","0","0","2473","0","0","0","N","0","0","0","1","02473","0","","2.0","400.0","1","","","N","0","","1","0","0","","0","N","","1","1","0","0","0","0","0","2","0","1","03","03","","N","","","","","","","","","",""
"2024063879","0258","0","0","0","0","0","0","0","0","0","7","0","","02","7","2024","1","40.389979","-79.884764","0255","11","0","0","0","0","0","0","0","0","","0","0","0","","","0","N","0","","40 23:23.923","","0","79 53:05.152","9","0","0","0","2473","0","0","0","N","0","0","0","1","02473","0","","4.0","","1","N","N","N","0","","0","0","1","","0","","","1","0","0","0","0","0","1","2","0","1","03","03","","N","","","","","","","","","",""
"2024079269","2328","4","0","0","0","0","0","0","0","0","1","0","","02","8","2024","2","40.430289","-79.95737","2322","11","0","0","0","0","0","1","0","0","","0","0","0","","","1","N","0","","40 25:49.040","4","0","79 57:26.532","8","0","0","0","2301","0","0","0","N","0","0","0","4","68B03","0","","1.0","32.0","1","N","N","Y","0","","0","0","0","","0","N","","4","1","0","0","0","1","0","2","0","4","03","","","N","","","","","","","","","",""
"2024068497","2250","1","0","0","0","0","0","0","0","0","7","0","","02","7","2024","3","40.466969","-80.198115","2247","11","0","0","0","0","0","0","0","0","","0","0","0","","","0","N","0","","40 28:01.087","","3","80 11:53.215","9","0","0","0","2213","0","0","0","N","0","0","0","1","02213","0","","2.0","","1","N","N","N","0","","0","0","0","","0","","","1","0","0","0","0","0","1","2","0","1","03","03","","N","","","","","","","","","",""
"2024066225","0950","1","0","0","0","0","0","0","0","0","1","0","30","02","7","2024","1","40.430025","-79.812092","0945","11","0","0","0","0","0","1","0","0","","0","0","0","","","1","","2","","40 25:48.090","","0","79 48:43.532","3","0","0","0","2124","0","0","0","N","0","0","0","2","02124","0","","1.0","","1","N","N","N","0","","1","0","1","","2","","","2","1","2","0","0","0","0","2","0","2","03","","N","Y","2","1","N","N","N","N","N","N","N","N"
"2024064873","1334","0","0","0","0","0","0","0","0","0","1","0","","02","7","2024","5","40.53176","-80.189163","1330","11","1","0","0","0","0","0","1","0","","0","0","0","","","3","Y","0","","40 31:54.337","5","3","80 11:20.987","3","0","0","0","2213","0","0","0","N","0","0","0","4","02213","0","","1.0","1410.0","1","N","N","N","1","","3","0","2","","0","Y","","3","3","1","0","0","0","0","2","0","3","03","","","N","","","","","","","","","",""
"2024077516","1527","1","0","0","0","0","0","0","0","0","1","0","","02","9","2024","2","40.330931","-79.932288","1526","11","0","0","0","0","0","0","0","0","","0","0","0","","","1","","6","","40 19:51.350","","2","79 55:56.236","3","0","0","0","2473","0","0","0","N","0","0","0","3","02473","0","","1.0","","1","N","N","N","0","","1","0","1","","4","","","2","1","0","0","0","0","0","2","0","2","03","","","N","","","","","","","","","",""
"2024065106","1202","1","0","0","0","0","0","0","0","0","4","0","","02","7","2024","5","40.453194","-80.159944","1158","11","0","0","0","0","0","0","0","0","","0","0","0","","","0","N","0","","40 27:11.500","","7","80 09:35.800","0","0","0","0","2115","0","0","0","N","0","0","0","3","02115","0","","1.0","","1","N","N","N","0","","0","0","1","","0","","","2","0","0","0","0","0","0","2","0","2","03","03","","N","","","","","","","","","",""
"2024065272","1942","0","0","0","0","0","0","0","0","0","4","0","","02","7","2024","7","40.477155","-80.066225","1936","11","0","0","0","0","0","0","0","0","","0","0","0","","","0","","2","","40 28:37.757","1","0","80 03:58.410","0","0","0","0","2122","0","0","0","N","0","0","0","2","02122","0","","1.0","2044.0","1","N","N","N","0","","0","0","1","","2","N","","2","0","1","0","0","0","0","2","1","2","03","03","","N","","","","","","","","","",""
"2024064419","0815","1","0","0","0","0","0","0","0","0","7","0","","02","7","2024","5","40.601611","-80.072194","0808","11","0","0","0","0","0","0","0","0","","0","0","0","","","0","N","0","","40 36:05.800","1","0","80 04:19.900","0","0","0","0","2481","0","0","0","N","0","0","0","1","02481","0","","2.0","820.0","9","N","N","N","0","","0","0","0","","0","N","","1","0","0","0","0","0","0","2","0","1","03","","","N","","","","","","","","","",""
"2024068213","1902","0","0","0","0","0","0","0","0","0","7","0","","02","8","2024","3","40.600729","-79.977492","1853","11","0","0","0","0","0","0","0","0","","0","0","0","","","0","N","3","","40 36:02.623","","0","79 58:38.970","0","0","0","0","2207","0","0","0","N","0","0","0","1","02207","0","","5.0","","9","N","N","N","1","","0","0","0","","0","","","1","0","0","0","0","0","0","1","0","1","07","","","N","","","","","","","","","",""
"2024065195","2031","1","0","0","0","0","0","0","0","0","4","0","","02","7","2024","3","40.450394","-79.948744","2031","11","0","0","0","0","0","2","0","0","","0","0","0","","","0","","1","","40 27:01.418","","0","79 56:55.477","0","0","0","0","2301","0","0","0","N","0","0","0","2","02503","0","","1.0","","1","N","N","N","0","","0","0","1","","2","","","2","0","0","0","0","0","0","2","0","2","03","03","","N","","","","","","","","","",""
"2024068038","1710","3","0","0","0","0","0","0","0","0","7","0","","02","8","2024","7","40.490543","-79.876679","1658","11","0","0","0","0","0","0","0","0","","0","0","0","","","0","N","0","","40 29:25.954","1","0","79 52:36.045","0","0","0","0","2112","0","0","0","N","0","0","0","3","68D02","0","","4.0","1757.0","9","N","N","N","0","","0","0","0","","0","N","","3","0","0","0","0","0","0","2","0","3","03","03","","N","","","","","","","","","",""
"2024063289","0730","1","0","0","0","0","0","0","0","0","4","0","","02","7","2024","2","40.558091","-80.016201","0725","11","0","0","0","0","0","1","0","0","","0","0","0","","","0","","2","","40 33:29.128","","0","80 00:58.322","0","0","0","1","2108","0","0","0","N","0","0","0","2","02108","0","","1.0","","1","N","N","N","0","","0","0","0","","3","","","2","0","0","0","0","0","0","2","0","2","03","","","N","","","","","","","","","",""
"2024064004","1832","1","0","0","0","0","0","0","0","0","1","0","","02","7","2024","1","40.51789","-80.004769","1831","11","0","0","0","0","0","0","1","0","","0","0","0","","","2","N","0","","40 31:04.403","2","0","80 00:17.167","3","0","0","0","2116","0","0","0","N","0","0","0","4","02116","0","","1.0","1910.0","1","N","N","N","0","","2","0","1","","8","N","","2","2","0","0","0","0","0","2","0","2","03","03","","N","","","","","","","","","",""
"2024064995","1219","0","0","0","0","0","0","0","0","0","4","0","","02","7","2024","7","40.338979","-79.96405","1216","11","0","0","0","0","0","1","1","0","","0","0","0","","","2","","2","","40 20:20.326","","0","79 57:50.581","3","0","0","0","2454","0","0","0","N","0","0","0","2","02454","0","","1.0","","1","N","N","N","0","","2","0","2","","3","","","2","2","0","0","0","0","0","2","0","2","03","03","","N","","","","","","","","","",""
"2024069020","0855","1","0","0","0","0","0","0","0","0","2","0","","02","8","2024","7","40.477103","-79.941564","0836","11","0","0","0","0","0","0","0","0","","0","0","0","","","0","N","0","","40 28:37.570","","0","79 56:29.630","0","0","0","0","2301","0","0","0","N","0","0","0","1","02301","0","","6.0","","1","N","N","N","0","","0","0","0","","0","","","2","0","0","0","0","0","0","2","1","2","03","","","N","","","","","","","","","",""
"2024067979","1452","0","0","0","0","0","0","0","0","0","1","0","","02","8","2024","6","40.380928","-79.814622","1449","11","0","0","0","0","0","0","0","0","","0","0","0","","","1","","1","","40 22:51.342","","0","79 48:52.638","3","0","0","0","2424","0","0","0","N","0","0","0","2","02424","0","","1.0","","1","N","N","N","0","","1","0","2","","3","","","2","1","0","0","0","0","0","2","0","2","03","03","","N","","","","","","","","","",""
"2024067371","1245","1","0","0","0","0","0","0","0","0","4","0","","02","8","2024","7","40.390614","-79.903191","1238","11","0","0","0","0","0","0","0","1","","0","0","0","","","0","N","0","","40 23:26.211","2","7","79 54:11.487","0","0","0","0","2448","0","0","0","N","0","0","0","2","02448","0","","1.0","1326.0","1","N","N","N","1","","0","0","0","","0","N","","2","0","0","0","0","0","0","2","0","2","03","03","","N","","","","","","","","","",""
"2024071835","1209","0","0","0","0","0","0","0","0","0","0","1","","02","8","2024","3","40.313778","-79.937972","1206","11","0","0","0","0","0","0","0","0","","0","1","0","","","1","N","0","","40 18:49.600","6","0","79 56:16.700","4","0","0","0","2440","0","0","0","N","0","0","0","1","02440","1","","1.0","2022.0","1","N","N","N","0","","0","0","0","","0","Y","","1","1","0","0","0","0","0","2","0","1","03","03","","N","","","","","","","","","",""
"2024066229","1757","1","0","0","0","0","0","0","0","0","1","0","","02","7","2024","4","40.448899","-80.122684","1753","11","0","0","1","0","0","1","0","0","","0","0","0","","","0","N","0","","40 26:56.035","4","0","80 07:21.663","0","0","0","0","2115","0","0","0","N","0","0","0","3","02115","0","","1.0","1840.0","1","N","N","N","0","","0","0","2","","0","N","","3","0","0","0","0","0","0","2","0","3","03","","","N","","","","","","","","","",""
"2024068802","1613","0","0","0","0","0","0","0","0","0","5","0","","02","7","2024","3","40.435085","-79.752337","1535","11","0","0","0","0","0","1","0","0","","0","0","0","","","1","N","0","","40 26:06.306","","2","79 45:08.413","4","0","0","0","2446","0","0","0","N","0","0","0","2","68T09","1","","1.0","","1","N","N","N","0","","0","0","2","","0","","","2","1","0","0","0","0","0","2","0","2","03","","","N","","","","","","","","","",""
"2024073962","1327","1","0","0","0","0","0","0","0","0","4","0","","02","8","2024","4","40.440216","-79.767882","1321","11","0","0","1","0","0","0","1","0","","0","0","0","","","0","","2","","40 26:24.779","","0","79 46:04.375","0","0","0","0","2446","0","0","0","N","0","0","0","2","02446","0","","1.0","","1","N","N","N","0","","0","0","1","","3","","","2","0","0","0","0","0","0","2","0","2","03","03","","N","","","","","","","","","",""
"2024078215","1737","0","0","0","1","0","1","0","0","0","8","0","","02","8","2024","4","40.369382","-80.030985","1732","11","0","0","0","0","0","1","0","0","","0","0","0","","","1","N","0","","40 22:09.774","1","0","80 01:51.545","2","0","0","0","2416","1","0","1","N","0","0","0","2","02416","0","","1.0","1800.0","1","N","N","N","0","","0","1","1","","0","Y","","2","1","0","0","0","0","0","2","0","1","03","03","","N","","","","","","","","","",""
"2024076940","0905","1","1","0","0","0","0","0","0","0","4","1","","02","8","2024","6","40.398477","-79.768304","0904","11","0","0","0","0","0","1","1","1","","1","1","0","","","1","N","0","","40 23:54.518","5","7","79 46:05.894","1","0","0","0","2446","0","0","0","N","0","0","0","5","02501","0","2","1.0","1627.0","1","N","N","Y","0","0","0","1","0","","0","Y","","3","1","0","0","0","0","0","2","1","3","03","03","","N","","","","","","","","","",""
"2024079116","0238","1","0","0","0","0","0","0","0","0","7","1","","02","9","2024","1","40.420397","-79.841623","0234","11","0","0","0","0","0","0","0","0","","0","1","0","","","0","N","0","","40 25:13.429","1","0","79 50:29.841","9","0","0","0","2124","0","0","0","N","0","0","0","3","02124","0","","2.0","528.0","1","N","N","N","0","","0","0","0","","0","N","","2","0","2","0","0","0","1","2","0","2","03","","","N","","","","","","","","","",""
"2024074297","1125","0","0","0","0","0","0","0","0","0","0","0","","02","8","2024","3","40.366989","-79.842133","1123","11","0","0","0","0","0","0","0","0","","0","0","0","","","0","N","0","","40 22:01.161","1","0","79 50:31.677","0","0","0","0","2303","0","0","0","Y","0","0","0","1","02303","0","","1.0","1213.0","1","N","N","N","0","","0","0","1","","0","Y","","1","0","0","0","0","0","0","2","0","1","03","03","","N","","","","","","","","","",""
"2024074627","0728","0","0","0","0","0","0","0","0","0","4","0","","02","8","2024","4","40.610083","-79.916417","0715","11","0","1","0","0","0","0","0","0","","0","0","0","","","0","N","0","","40 36:36.300","2","7","79 54:59.100","9","0","0","0","2220","0","0","0","N","0","0","0","5","02220","0","","1.0","814.0","1","N","N","N","0","","0","0","2","","0","N","","2","0","0","0","0","0","4","2","0","2","03","03","","N","","","","","","","","","",""
"2024075880","1845","1","0","0","0","0","0","0","0","0","4","0","","02","8","2024","3","40.449181","-79.762245","1837","11","0","0","0","0","0","0","0","0","","0","0","0","","","0","","1","","40 26:57.052","3","0","79 45:44.083","0","0","0","0","2446","0","0","0","N","0","0","0","3","02446","0","","1.0","1900.0","1","N","N","N","0","","0","0","0","","3","N","","2","0","0","0","0","0","0","2","1","2","03","03","","N","","","","","","","","","",""
"2024068069","0458","0","0","0","0","0","0","0","0","0","0","0","","02","6","2024","3","40.369119","-80.118523","0438","11","0","0","0","0","0","0","0","0","","0","0","0","","","1","N","0","","40 22:08.828","1","0","80 07:06.682","3","0","0","0","2102","0","0","0","N","0","0","0","1","68B03","0","","4.0","550.0","9","N","N","N","1","","1","0","0","","0","N","","1","1","1","0","0","0","0","2","0","1","07","","","N","","","","","","","","","",""
"2024067621","1225","1","0","0","0","0","0","0","0","0","1","0","","02","8","2024","2","40.467884","-79.825187","1224","11","0","0","0","0","0","1","2","1","","0","0","0","","","0","N","0","","40 28:04.382","","0","79 49:30.674","0","0","0","0","2113","0","0","0","N","0","0","0","4","02113","0","","1.0","","1","N","N","N","1","","0","0","2","","2","","","4","0","0","0","0","0","0","2","0","4","03","","","N","","","","","","","","","",""
"2024078297","1604","1","0","0","0","0","0","0","0","0","5","0","","02","8","2024","2","40.436031","-79.970013","1536","11","0","0","0","0","0","0","1","0","","0","0","0","","","1","N","0","","40 26:09.711","","0","79 58:12.048","3","0","0","0","2301","0","0","0","N","0","0","0","2","68B03","0","","1.0","","1","N","N","N","1","","1","0","0","","0","","","2","1","1","0","0","0","0","2","0","2","03","","","N","","","","","","","","","",""
"2024062901","1030","1","0","0","0","0","0","0","0","0","4","0","","02","7","2024","7","40.347494","-79.879493","1028","11","0","0","0","0","0","0","0","0","","0","0","0","","","0","N","0","","40 20:50.979","","7","79 52:46.173","0","0","0","0","2304","0","0","0","N","0","0","0","3","02304","0","","1.0","","1","N","N","N","0","","0","0","1","","0","","","2","0","0","0","0","0","0","2","0","2","03","","","N","","","","","","","","","",""
"2024067361","2143","0","0","0","0","0","0","0","0","0","7","0","","02","8","2024","7","40.367144","-79.867394","2138","11","0","0","0","0","0","0","0","0","","0","0","0","","","0","N","0","","40 22:01.720","","0","79 52:02.620","0","0","0","0","2473","0","0","0","N","0","0","0","1","02473","0","","4.0","","9","N","N","N","0","","0","0","1","","0","","","1","0","0","0","0","0","0","2","0","1","07","07","","N","","","","","","","","","",""
"2024065632","0710","0","0","0","0","0","0","0","0","0","4","0","","02","7","2024","3","40.540336","-80.178588","0707","11","0","0","0","0","0","1","0","0","","0","0","0","","","0","N","0","","40 32:25.211","5","7","80 10:42.918","0","0","0","0","2458","0","0","0","N","0","0","0","2","02458","0","","1.0","732.0","9","N","N","N","0","","0","0","2","","3","Y","","2","0","0","0","0","0","0","2","0","2","07","07","","N","","","","","","","","","",""
"2024067775","1601","0","0","0","0","0","0","0","0","0","5","0","","02","7","2024","1","40.35553","-79.979614","1601","11","0","0","0","0","0","1","0","0","","0","0","0","","","1","","2","","40 21:19.908","2","0","79 58:46.610","2","0","0","0","2476","0","0","0","N","0","0","0","2","02476","0","","1.0","1650.0","1","N","N","N","1","","0","1","1","","2","N","","2","1","1","0","1","0","0","2","0","2","03","","","N","","","","","","","","","",""
"2024067976","0237","1","0","0","0","0","0","0","0","0","7","0","","02","8","2024","1","40.377015","-79.920707","0232","11","0","0","0","0","0","0","0","0","","0","0","0","","","1","N","0","","40 22:37.253","7","0","79 55:14.546","2","0","0","0","2301","0","0","0","N","0","0","0","1","02301","0","","4.0","530.0","9","N","N","N","0","","0","1","0","","0","N","","1","1","1","0","1","0","0","2","0","1","03","","","N","","","","","","","","","",""
"2024065101","0022","0","0","0","0","0","0","0","0","0","7","0","","02","7","2024","1","40.355053","-79.8787","0016","11","0","0","0","0","0","0","0","0","","0","0","0","","","0","N","9","","40 21:18.189","","0","79 52:43.320","0","0","0","0","2423","0","0","0","N","0","0","0","1","02304","0","","4.0","","1","N","N","N","0","","0","0","1","","6","","","1","0","0","0","0","0","0","2","0","1","03","03","","N","","","","","","","","","",""
"2024066761","1553","0","0","0","0","0","0","0","0","0","1","0","","02","7","2024","2","40.525559","-80.016197","1551","11","0","1","0","0","0","1","0","0","","0","0","0","","","0","N","0","","40 31:32.011","5","0","80 00:58.309","0","0","0","0","2116","0","0","0","N","0","0","0","2","02116","0","","1.0","1615.0","1","N","N","N","0","","0","0","2","","0","Y","","2","0","0","0","0","0","0","2","0","2","03","03","","N","","","","","","","","","",""
"2024064119","1628","0","0","0","0","0","0","0","0","0","4","0","","02","7","2024","4","40.28846","-79.827699","1623","11","0","0","0","0","0","0","0","1","","0","0","0","","","3","","2","","40 17:18.455","7","0","79 49:39.717","3","0","0","0","2105","0","0","0","N","0","0","0","3","02105","0","","1.0","1710.0","1","N","N","N","0","","3","0","1","","3","Y","","2","3","0","0","0","0","0","2","1","2","03","03","","N","","","","","","","","","",""
"2024066845","1402","0","0","0","0","0","0","0","0","0","4","0","","02","7","2024","4","40.367691","-79.794932","1357","11","0","0","0","0","0","1","0","0","","0","0","0","","","0","N","0","","40 22:03.689","1","7","79 47:41.756","0","0","0","0","2111","0","0","0","N","0","0","0","1","02111","0","","1.0","1443.0","1","N","N","N","0","","0","0","2","","0","N","","2","0","0","0","0","0","0","2","0","2","03","03","","N","","","","","","","","","",""
"2024064925","2058","1","0","0","0","0","0","0","0","0","8","0","","02","7","2024","6","40.526694","-80.007444","2054","11","0","0","0","0","0","1","0","0","","0","0","0","","","1","N","0","","40 31:36.100","","7","80 00:26.800","8","0","0","0","2116","1","0","0","N","1","0","0","5","02116","0","","1.0","","1","N","N","N","0","","0","0","0","","0","","","2","1","0","0","0","1","0","2","0","1","03","03","","N","","","","","","","","","",""