"CRN","ARRIVAL_TM","AUTOMOBILE_COUNT","BELTED_DEATH_COUNT","BELTED_SUSP_SERIOUS_INJ_COUNT","BICYCLE_COUNT","BICYCLE_DEATH_COUNT","BICYCLE_SUSP_SERIOUS_INJ_COUNT","BUS_COUNT","CHLDPAS_DEATH_COUNT","CHLDPAS_SUSP_SERIOUS_INJ_COUNT","COLLISION_TYPE","COMM_VEH_COUNT","CONS_ZONE_SPD_LIM","COUNTY","CRASH_MONTH","CRASH_YEAR","DAY_OF_WEEK","DEC_LATITUDE","DEC_LONGITUDE","DISPATCH_TM","DISTRICT","DRIVER_COUNT_16YR","DRIVER_COUNT_17YR","DRIVER_COUNT_18YR","DRIVER_COUNT_19YR","DRIVER_COUNT_20YR","DRIVER_COUNT_50_64YR","DRIVER_COUNT_65_74YR","DRIVER_COUNT_75PLUS","EST_HRS_CLOSED","FATAL_COUNT","HEAVY_TRUCK_COUNT","HORSE_BUGGY_COUNT","HOUR_OF_DAY","ILLUMINATION","INJURY_COUNT","INTERSECTION_RELATED","INTERSECT_TYPE","LANE_CLOSED","LATITUDE","LN_CLOSE_DIR","LOCATION_TYPE","LONGITUDE","MAX_SEVERITY_LEVEL","MCYCLE_DEATH_COUNT","MCYCLE_SUSP_SERIOUS_INJ_COUNT","MOTORCYCLE_COUNT","MUNICIPALITY","NONMOTR_COUNT","NONMOTR_DEATH_COUNT","NONMOTR_SUSP_SERIOUS_INJ_COUNT","NTFY_HIWY_MAINT","PED_COUNT","PED_DEATH_COUNT","PED_SUSP_SERIOUS_INJ_COUNT","PERSON_COUNT","POLICE_AGCY","POSSIBLE_INJ_COUNT","RDWY_SURF_TYPE_CD","RELATION_TO_ROAD","ROADWAY_CLEARED","ROAD_CONDITION","SCH_BUS_IND","SCH_ZONE_IND","SECONDARY_CRASH","SMALL_TRUCK_COUNT","SPEC_JURIS_CD","SUSP_MINOR_INJ_COUNT","SUSP_SERIOUS_INJ_COUNT","SUV_COUNT","TCD_FUNC_CD","TCD_TYPE","TFC_DETOUR_IND","TIME_OF_DAY","TOTAL_UNITS","TOT_INJ_COUNT","UNBELTED_OCC_COUNT","UNB_DEATH_COUNT","UNB_SUSP_SERIOUS_INJ_COUNT","UNK_INJ_DEG_COUNT","UNK_INJ_PER_COUNT","URBAN_RURAL","VAN_COUNT","VEHICLE_COUNT","WEATHER1","WEATHER2","WORKERS_PRES","WORK_ZONE_IND","WORK_ZONE_LOC","WORK_ZONE_TYPE","WZ_CLOSE_DETOUR","WZ_FLAGGER","WZ_LAW_OFFCR_IND","WZ_LN_CLOSURE","WZ_MOVING","WZ_OTHER","WZ_SHLDER_MDN","WZ_WORKERS_INJ_KILLED"
"2024065630","0620","1","0","0","0","0","0","0","0","0","7","0","","02","7","2024","3","40.351476","-79.865336","0620","11","0","0","0","1","0","0","0","0","","0","0","0","","","1","N","0","","40 21:05.314","5","0","79 51:55.208","3","0","0","0","2304","0","0","0","N","0","0","0","1","02304","0","","4.0","701.0","1","N","N","N","0","","1","0","0","","2","Y","","1","1","0","0","0","0","0","2","0","1","03","03","","N","","","","","","","","","",""
"2024068222","1323","0","0","0","0","0","0","1","0","0","4","1","","02","6","2024","7","40.410716","-80.014532","1320","11","0","0","0","0","0","2","0","0","","0","0","0","","","0","N","0","","40 24:38.577","1","0","80 00:52.316","0","0","0","0","2301","0","0","0","N","0","0","0","3","02503","0","","1.0","1345.0","1","N","N","N","0","","0","0","1","","0","N","","2","0","0","0","0","0","0","2","0","2","03","","","N","","","","","","","","","",""
"2024066774","1330","2","0","0","0","0","0","0","0","0","1","0","","02","8","2024","5","40.372984","-80.099321","1326","11","0","0","0","0","0","1","0","0","","0","0","0","","","0","","2","","40 22:22.744","","2","80 05:57.554","0","0","0","0","2102","0","0","0","N","0","0","0","2","02102","0","","1.0","","1","N","N","N","0","","0","0","0","","2","","","2","0","0","0","0","0","0","2","0","2","03","03","","N","","","","","","","","","",""
"2024067274","0702","0","0","0","0","0","0","0","0","0","7","0","","02","8","2024","7","40.607715","-79.944612","0655","11","0","0","1","0","0","0","0","0","","0","0","0","","","1","N","0","","40 36:27.774","","2","79 56:40.603","3","0","0","0","2207","0","0","0","N","0","0","0","1","68T02","0","","2.0","","9","N","N","N","0","","1","0","1","","0","","","1","1","0","0","0","0","0","2","0","1","07","","","N","","","","","","","","","",""
"2024065186","1009","0","0","0","0","0","0","0","0","0","7","0","","02","7","2024","1","40.478139","-79.728222","1003","11","0","1","0","0","0","0","0","0","","0","0","0","","","1","N","0","","40 28:41.300","","0","79 43:41.600","3","0","0","0","2466","0","0","0","N","0","0","0","1","02466","0","","4.0","","1","N","N","N","0","","1","0","1","","0","","","1","1","0","0","0","0","0","2","0","1","03","","","N","","","","","","","","","",""
"2024078987","0012","0","0","0","0","0","0","0","0","0","0","0","","02","9","2024","4","40.313263","-79.804914","0007","11","0","0","0","0","0","0","0","0","","0","0","0","","","1","N","2","","40 18:47.746","1","0","79 48:17.690","3","0","0","0","2105","0","0","0","N","0","0","0","1","02105","0","","1.0","50.0","1","N","N","N","0","","1","0","0","","0","N","","1","1","0","0","0","0","0","2","0","1","03","03","","N","","","","","","","","","",""
"2024075551","1800","0","0","0","0","0","0","0","0","0","4","0","","02","8","2024","4","40.389654","-80.133459","1758","11","0","0","0","0","0","0","1","0","","0","0","0","","","0","","1","","40 23:22.755","","0","80 08:00.452","0","0","0","0","2102","0","0","0","N","0","0","0","2","02102","0","","1.0","","1","N","N","N","0","","0","0","2","","3","","","2","0","0","0","0","0","0","2","0","2","03","03","","N","","","","","","","","","",""
"2024104444","1618","1","0","0","0","0","0","0","0","0","4","0","","02","11","2024","4","40.451855","-80.160995","1615","11","0","0","0","0","0","0","0","0","","0","0","0","","","1","N","1","","40 27:06.679","1","0","80 09:39.583","3","0","0","0","2115","0","0","0","Y","0","0","0","4","02115","0","","1.0","1709.0","1","N","N","N","0","","1","0","1","","2","N","","2","1","1","0","0","0","0","2","0","2","03","","","N","","","","","","","","","",""
"2024090659","1708","1","0","0","0","0","0","0","0","0","8","0","","02","10","2024","2","40.390295","-80.048198","1705","11","0","0","0","0","0","0","0","1","","0","0","0","","","1","","2","","40 23:25.063","1","0","80 02:53.514","8","0","0","0","2109","1","0","0","N","1","0","0","2","02109","0","","1.0","1715.0","1","N","N","N","0","","0","0","0","","3","N","","2","1","0","0","0","1","0","2","0","1","03","03","","N","","","","","","","","","",""
"2024067963","0901","0","0","0","0","0","0","0","0","0","1","0","","02","6","2024","3","40.508639","-80.090356","0858","11","0","0","0","0","0","0","0","0","","0","0","0","","","0","N","2","","40 30:31.100","","0","80 05:25.281","0","0","0","0","2429","0","0","0","N","0","0","0","3","02215","0","","1.0","","1","N","N","N","0","","0","0","2","","0","","","3","0","0","0","0","0","0","2","1","3","03","03","","N","","","","","","","","","",""
"2024105929","0858","1","0","0","0","0","0","0","0","0","1","0","","02","11","2024","2","40.538498","-79.962543","0857","11","0","0","0","0","0","0","0","0","","0","0","0","","","0","","1","","40 32:18.591","2","0","79 57:45.153","0","0","0","0","2118","0","0","0","N","0","0","0","5","02118","0","","1.0","936.0","1","N","N","N","0","","0","0","1","","2","N","","3","0","0","0","0","0","0","2","1","3","04","","","N","","","","","","","","","",""
"2024117165","1042","0","0","0","0","0","0","0","0","0","4","0","","02","12","2024","1","40.417895","-80.074047","1031","11","0","0","0","0","1","0","1","0","","0","0","0","","","1","","1","","40 25:04.421","","0","80 04:26.569","3","0","0","0","2301","0","0","0","N","0","0","0","2","02301","0","","1.0","","1","N","N","N","0","","1","0","2","","3","","","2","1","1","0","0","0","0","2","0","2","03","","","N","","","","","","","","","",""
"2024068115","0223","2","0","0","0","0","0","0","0","0","7","0","","02","7","2024","7","40.425898","-79.898666","0223","11","0","0","0","0","0","0","0","0","","0","0","0","","","2","N","0","","40 25:33.232","3","0","79 53:55.197","3","0","0","0","2301","0","0","0","N","0","0","0","3","68B03","0","","3.0","317.0","1","N","N","N","0","","2","0","0","","0","Y","","2","2","0","0","0","0","0","2","0","2","03","","","N","","","","","","","","","",""
"2024063399","1846","0","0","0","0","0","0","0","0","0","0","0","","02","7","2024","2","40.659447","-79.744977","1842","11","0","0","0","0","0","0","0","0","","0","0","0","","","0","N","0","","40 39:34.009","5","0","79 44:41.917","0","0","0","0","2202","0","0","0","N","0","0","0","1","02202","0","","1.0","1933.0","9","N","N","N","1","","0","0","0","","0","Y","","1","0","0","0","0","0","0","1","0","1","04","04","","N","","","","","","","","","",""
"2024117407","1745","1","0","0","0","0","0","0","0","0","4","0","","02","12","2024","1","40.449828","-79.929641","1745","11","0","0","0","0","0","0","0","0","","0","0","0","","","1","","1","","40 26:59.380","7","0","79 55:46.709","3","0","0","0","2301","0","0","0","N","0","0","0","2","02301","0","","1.0","2150.0","1","N","N","N","0","","1","0","1","","2","N","","2","1","0","0","0","0","0","2","0","2","04","98","","N","","","","","","","","","",""
"2024103403","2057","1","0","0","0","0","0","0","0","0","5","0","","02","11","2024","6","40.366417","-79.861","2054","11","0","0","0","0","0","1","0","0","","0","0","0","","","0","N","0","","40 21:59.100","7","0","79 51:39.600","0","0","0","0","2473","0","0","0","N","0","0","0","1","02473","0","","6.0","2120.0","9","N","N","N","0","","0","0","1","","0","N","","2","0","0","0","0","0","0","2","0","2","07","04","","N","","","","","","","","","",""
"2024116231","1953","1","0","0","0","0","0","0","0","0","4","0","","02","12","2024","1","40.465954","-79.953549","1942","11","0","0","0","0","0","0","0","0","","0","0","0","","","0","","2","","40 27:57.435","2","0","79 57:12.777","0","0","0","0","2301","0","0","0","N","0","0","0","2","02301","0","","1.0","2015.0","1","N","N","N","0","","0","0","1","","2","N","","2","0","0","0","0","0","0","2","0","2","03","03","","N","","","","","","","","","",""
"2024067444","2120","2","0","0","0","0","0","0","0","0","4","0","","02","8","2024","1","40.418115","-80.047194","2120","11","0","0","1","0","0","1","0","0","","0","0","0","","","0","","1","","40 25:05.214","3","0","80 02:49.900","0","0","0","0","2435","0","0","0","N","0","0","0","2","02435","0","","1.0","2123.0","1","N","N","N","0","","0","0","0","","3","N","","2","0","0","0","0","0","0","2","0","2","03","03","","N","","","","","","","","","",""
"2024090098","0640","0","0","0","0","0","0","0","0","0","98","0","","02","10","2024","1","40.233831","-79.856998","0620","11","0","0","0","0","0","0","0","0","","0","0","0","","","0","N","0","","40 14:01.792","","0","79 51:25.193","0","0","0","0","2105","0","0","0","N","0","0","0","1","02105","0","","1.0","","1","N","N","N","0","","0","0","1","","0","N","","1","0","0","0","0","0","0","1","0","1","","","","N","","","","","","","","","",""
"2024064789","1638","0","0","0","0","0","0","0","0","0","4","0","","02","7","2024","6","40.526014","-79.84271","1638","11","0","0","0","0","0","1","0","0","","0","0","0","","","0","","1","","40 31:33.650","3","0","79 50:33.755","0","0","0","0","2451","0","0","0","N","0","0","0","3","02451","0","","1.0","1704.0","1","N","N","N","0","","0","0","2","","0","N","","2","0","0","0","0","0","0","2","0","2","03","03","","N","","","","","","","","","",""
"2024063352","1513","1","0","0","0","0","0","0","0","0","1","0","","02","7","2024","2","40.475548","-79.848493","1508","11","0","0","0","0","0","1","0","1","","0","0","0","","","1","","1","","40 28:31.974","","0","79 50:54.576","3","0","0","0","2113","0","0","0","N","0","0","0","3","02113","0","","1.0","","9","N","N","Y","0","","1","0","2","","2","","","3","1","0","0","0","0","0","2","0","3","07","04","","N","","","","","","","","","",""
"2024098227","0608","0","0","0","0","0","0","0","0","0","7","0","","02","11","2024","7","40.481341","-80.107328","0602","11","0","0","0","0","0","1","0","0","","0","0","0","","","0","","3","","40 28:52.828","","0","80 06:26.382","0","0","0","0","2115","0","0","0","N","0","0","0","1","02126","0","","5.0","","1","N","N","N","0","","0","0","1","","0","","","1","0","0","0","0","0","0","2","0","1","03","03","","N","","","","","","","","","",""
"2024100020","1800","0","0","0","0","0","0","0","0","0","1","0","","02","11","2024","3","40.330951","-79.986806","1753","11","0","0","0","0","0","0","0","0","","0","0","0","","","1","N","0","","40 19:51.423","","0","79 59:12.502","3","0","0","0","2219","0","0","0","N","0","0","0","2","02219","0","","1.0","","1","N","N","N","1","","1","0","1","","2","","","2","1","1","0","0","0","0","2","0","2","03","03","","N","","","","","","","","","",""
"2024117265","0110","1","0","0","0","0","0","0","0","0","7","0","","02","12","2024","7","40.436583","-79.974056","0105","11","0","0","0","0","0","0","0","0","","0","0","0","","","0","","7","","40 26:11.700","3","0","79 58:26.600","0","0","0","0","2301","0","0","0","N","0","0","0","1","02301","0","","2.0","140.0","9","N","N","N","0","","0","0","0","","0","N","","1","0","0","0","0","0","0","2","0","1","04","04","","N","","","","","","","","","",""
"2024098978","1816","1","0","0","0","0","0","0","0","0","4","0","","02","11","2024","3","40.667196","-79.730275","1810","11","0","0","0","0","0","1","0","1","","0","0","0","","","0","","3","","40 40:01.906","","0","79 43:48.991","0","0","0","0","2202","0","0","0","N","0","0","0","2","02202","0","","1.0","","1","N","N","N","0","","0","0","1","","2","","","2","0","0","0","0","0","0","1","0","2","03","03","","N","","","","","","","","","",""
"2024068485","1752","2","0","0","0","0","0","0","0","0","2","0","","02","7","2024","1","40.419789","-79.850118","1749","11","0","0","0","0","0","1","0","0","","0","0","0","","","1","","1","","40 25:11.241","3","0","79 51:00.425","4","0","0","0","2431","0","0","0","N","0","0","0","5","02431","1","","1.0","30.0","1","N","N","N","0","","0","0","0","","2","N","","2","1","0","0","0","0","0","2","0","2","03","03","","N","","","","","","","","","",""
"2024104025","1719","1","0","0","0","0","0","0","0","0","1","1","55","02","11","2024","7","40.440383","-79.833136","1649","11","1","0","0","0","0","0","0","0","","0","1","0","","","0","N","0","","40 26:25.380","","0","79 49:59.291","0","0","0","0","2419","0","0","0","N","0","0","0","2","68B03","0","","1.0","","1","N","N","N","0","","0","0","0","","0","","","2","0","0","0","0","0","0","2","0","2","03","","N","Y","4","1","","","N","Y","","","","N"
"2024116723","0341","1","0","0","0","0","0","0","0","0","7","0","","02","12","2024","2","40.444692","-80.028912","0336","11","0","0","1","0","0","0","0","0","","0","0","0","","","0","N","0","","40 26:40.892","","0","80 01:44.083","0","0","0","0","2301","0","0","0","N","0","0","0","1","02301","0","","4.0","","2","N","N","N","0","","0","0","0","","0","","","1","0","1","0","0","0","0","2","0","1","04","04","","N","","","","","","","","","",""
"2024063669","1245","0","0","0","0","0","0","0","0","0","5","0","","02","7","2024","3","40.487674","-80.056058","1241","11","0","0","0","0","0","0","0","0","","0","0","0","","","0","Y","0","","40 29:15.627","","0","80 03:21.809","0","0","0","0","2404","0","0","0","N","0","0","0","2","02404","0","","1.0","","1","N","N","N","0","","0","0","1","","0","","","2","0","0","0","0","0","0","2","1","2","03","03","","N","","","","","","","","","",""
"2024095557","0659","1","0","0","0","0","0","0","0","0","1","0","55","02","9","2024","2","40.444673","-79.770626","0647","11","0","0","0","0","0","2","0","0","","0","0","0","","","0","N","0","","40 26:40.823","3","0","79 46:14.254","0","0","0","1","2446","0","0","0","N","0","0","0","2","68B03","0","","1.0","706.0","9","N","N","Y","0","","0","0","1","","0","N","","3","0","0","0","0","0","0","2","0","3","07","","N","Y","4","1","","","N","Y","","","","N"
"2024066078","1410","0","0","0","0","0","0","0","0","0","7","0","","02","7","2024","6","40.340861","-79.936389","1408","11","0","0","0","0","0","0","1","0","","0","0","0","","","0","N","0","","40 20:27.100","6","0","79 56:11.000","0","0","0","0","2473","0","0","0","N","0","0","0","1","02473","0","","4.0","1500.0","1","N","N","N","0","","0","0","1","","0","N","","1","0","0","0","0","0","0","2","0","1","03","03","","N","","","","","","","","","",""
"2024116178","1906","0","0","0","0","0","0","0","0","0","4","0","","02","12","2024","2","40.523765","-80.071929","1858","11","0","0","0","0","0","0","0","0","","0","0","0","","","0","","1","","40 31:25.554","","0","80 04:18.945","0","0","0","0","2215","0","0","0","N","0","0","0","2","02215","0","","1.0","","1","N","N","N","1","","0","0","0","","2","","","2","0","0","0","0","0","0","2","1","2","03","03","","N","","","","","","","","","",""
"2024104333","0803","1","0","0","0","0","0","0","0","0","6","0","","02","11","2024","2","40.613841","-80.099981","0757","11","1","0","0","0","0","0","0","0","","0","0","0","","","0","N","1","","40 36:49.826","","0","80 05:59.931","0","0","0","0","2481","0","0","0","N","0","0","0","2","02481","0","","1.0","","1","N","N","N","0","","0","0","1","","2","","","2","0","0","0","0","0","0","1","0","2","03","","","N","","","","","","","","","",""
"2024099953","1944","0","0","0","0","0","0","0","0","0","1","0","90","02","11","2024","4","40.632354","-80.001555","1937","11","0","0","0","0","0","1","0","0","","0","0","0","","","2","Y","0","","40 37:56.476","","0","80 00:05.599","3","0","0","0","2216","0","0","0","N","0","0","0","7","02505","0","","1.0","","1","N","N","N","0","","2","0","3","","0","","","3","2","0","0","0","0","0","2","0","3","03","03","Y","Y","3","2","","Y","N","","","","","N"
"2024092924","1207","0","0","0","0","0","0","0","0","0","4","0","","02","6","2024","2","40.401614","-80.000469","1157","11","0","0","0","0","0","0","0","1","","0","0","0","","","1","N","0","","40 24:05.810","1","7","80 00:01.688","3","0","0","0","2301","0","0","0","N","0","0","0","2","02301","0","","1.0","30.0","1","N","N","N","0","","1","0","1","","0","N","","2","1","0","0","0","0","0","2","1","2","03","","","N","","","","","","","","","",""
"2024116084","0206","1","0","0","0","0","0","0","0","0","7","0","","02","12","2024","1","40.491971","-79.818757","0205","11","0","0","1","0","0","0","0","0","","0","0","0","","","2","N","0","","40 29:31.094","","0","79 49:07.524","8","0","0","0","2113","0","0","0","N","0","0","0","2","02113","0","","4.0","","9","N","N","N","0","","0","0","0","","0","","","1","2","1","0","0","2","0","2","0","1","04","","","N","","","","","","","","","",""
"2024110712","0233","0","0","0","0","0","0","0","0","0","7","0","","02","11","2024","5","40.421194","-79.792361","0232","11","0","0","0","0","0","0","0","0","","0","0","0","","","0","N","0","","40 25:16.300","6","0","79 47:32.500","0","0","0","0","2446","0","0","0","N","0","0","0","1","02446","0","","4.0","350.0","1","N","N","N","0","","0","0","1","","0","Y","","1","0","0","0","0","0","0","2","0","1","03","","","N","","","","","","","","","",""
"2024118638","1841","0","0","0","0","0","0","0","0","0","4","0","","02","12","2024","3","40.448432","-80.158021","1841","11","0","0","0","0","0","0","0","1","","0","0","0","","","0","","2","","40 26:54.356","4","0","80 09:28.877","0","0","0","0","2115","0","0","0","N","0","0","0","2","02115","0","","1.0","1915.0","1","N","N","N","1","","0","0","1","","2","N","","2","0","0","0","0","0","0","2","0","2","03","","","N","","","","","","","","","",""
"2024107132","1656","2","0","0","0","0","0","0","0","0","1","0","","02","11","2024","7","40.425598","-79.906184","1640","11","0","0","0","0","0","0","0","0","","0","0","0","","","0","N","0","","40 25:32.152","","0","79 54:22.262","0","0","0","0","2301","0","0","0","N","0","0","0","7","68B03","0","","1.0","","1","N","N","N","0","","0","0","1","","0","","","3","0","0","0","0","0","0","2","0","3","03","03","","N","","","","","","","","","",""
"2024106491","1815","0","0","0","0","0","0","1","0","0","4","1","","02","11","2024","7","40.449559","-80.002567","1801","11","0","0","0","0","0","0","0","0","","0","0","0","","","0","","1","","40 26:58.413","4","1","80 00:09.242","0","0","0","0","2301","0","0","0","N","0","0","0","2","02503","0","","1.0","1831.0","9","N","N","N","0","","0","0","1","","2","N","","2","0","0","0","0","0","0","2","0","2","07","","","N","","","","","","","","","",""
"2024116941","2007","0","0","0","0","0","0","0","0","0","4","0","","02","12","2024","2","40.460066","-79.843446","2000","11","0","0","0","0","0","0","1","0","","0","0","0","","","0","N","0","","40 27:36.238","","7","79 50:36.406","0","0","0","0","2113","0","0","0","N","0","0","0","3","02113","0","","1.0","","1","N","N","N","0","","0","0","2","","3","","","2","0","0","0","0","0","0","2","0","2","03","","","N","","","","","","","","","",""
"2024049381","1526","1","0","0","0","0","0","0","0","0","4","0","","02","6","2024","4","40.384844","-79.976997","1524","11","0","0","0","0","0","0","0","0","","0","0","0","","","0","","2","","40 23:05.437","","7","79 58:37.189","0","0","0","0","2413","0","0","0","N","0","0","0","3","02413","0","","1.0","","1","N","N","N","0","","0","0","1","","0","","","2","0","0","0","0","0","0","2","0","2","03","","","N","","","","","","","","","",""
"2024109014","1354","1","0","0","0","0","0","0","0","0","7","0","","02","11","2024","3","40.436294","-79.753614","1335","11","0","0","0","0","0","0","1","0","","0","0","0","","","0","N","0","","40 26:10.659","4","5","79 45:13.010","0","0","0","0","2446","0","0","0","N","0","0","0","2","68T09","0","","4.0","1428.0","1","N","N","N","0","","0","0","0","","0","Y","","1","0","0","0","0","0","0","2","0","1","03","","","N","","","","","","","","","",""
"2024066648","0229","0","0","0","0","0","0","0","0","0","5","0","","02","7","2024","1","40.439625","-79.919558","0229","11","0","0","0","0","0","0","0","0","","0","0","0","","","1","N","0","","40 26:22.650","5","0","79 55:10.410","3","0","0","0","2301","0","0","0","N","0","0","0","2","02301","0","","6.0","315.0","1","N","N","N","0","","1","0","2","","0","N","","2","1","0","0","0","0","0","2","0","2","03","","","N","","","","","","","","","",""
"2024068122","0751","0","0","0","0","0","0","0","0","0","7","0","","02","7","2024","3","40.547581","-79.827149","0729","11","0","0","0","0","0","0","0","0","","0","0","0","","","0","N","0","","40 32:51.291","","0","79 49:37.736","0","0","0","0","2208","0","0","0","N","0","0","0","1","68D02","0","","3.0","","9","N","N","N","1","","0","0","0","","0","","","1","0","0","0","0","0","0","2","0","1","07","","","N","","","","","","","","","",""
"2024094525","1521","1","0","0","0","0","0","0","0","0","4","0","","02","10","2024","5","40.428654","-79.989818","1521","11","0","0","0","0","0","1","0","0","","0","0","0","","","0","","1","","40 25:43.155","4","99","79 59:23.345","0","0","0","0","2301","0","0","0","N","0","0","0","2","02301","0","","1.0","1535.0","1","N","N","N","0","","0","0","1","","3","N","","2","0","0","0","0","0","0","2","0","2","03","","","N","","","","","","","","","",""
"2024093125","0511","1","0","0","0","0","0","0","0","0","7","0","","02","10","2024","2","40.477236","-80.220118","0506","11","0","0","0","0","0","0","0","0","","0","0","0","","","1","N","0","","40 28:38.050","","0","80 13:12.425","4","0","0","0","2203","0","0","0","N","0","0","0","1","02501","1","","5.0","","1","N","N","N","0","","0","0","0","","0","","","1","1","0","0","0","0","0","2","0","1","03","","","N","","","","","","","","","",""
"2024093230","0302","1","0","0","0","0","0","0","0","0","5","0","","02","10","2024","3","40.443464","-79.898889","0254","11","0","0","0","0","0","0","0","0","","0","0","0","","","0","N","0","","40 26:36.470","7","0","79 53:56.000","0","0","0","0","2301","0","0","0","N","0","0","0","1","02301","0","","6.0","400.0","1","N","N","N","0","","0","0","1","","0","N","","2","0","0","0","0","0","0","2","0","2","03","03","","N","","","","","","","","","",""
"2024087618","1229","1","0","0","0","0","0","0","0","0","4","0","","02","3","2024","7","40.411017","-80.005936","1221","11","0","0","0","0","0","1","0","0","","0","0","0","","","0","","1","","40 24:39.660","","0","80 00:21.369","0","0","0","0","2301","0","0","0","N","0","0","0","2","02301","0","","1.0","","9","N","N","N","1","","0","0","0","","2","","","2","0","0","0","0","0","0","2","0","2","07","07","","N","","","","","","","","","",""
"2024063874","1747","1","0","0","0","0","0","0","0","0","4","0","","02","7","2024","3","40.455878","-79.977028","1730","11","0","0","0","0","0","0","0","0","","0","0","0","","","0","","1","","40 27:21.159","","0","79 58:37.299","0","0","0","0","2301","0","0","0","N","0","0","0","2","02301","0","","1.0","","1","N","N","N","0","","0","0","0","","3","","","2","0","0","0","0","0","0","2","1","2","03","","","N","","","","","","","","","",""
"2024065223","1753","1","0","0","0","0","0","0","0","0","7","0","","02","7","2024","7","40.443583","-79.783111","1750","11","0","0","0","0","0","0","0","0","","0","0","0","","","0","N","0","","40 26:36.900","3","0","79 46:59.200","0","0","0","0","2446","0","0","0","N","0","0","0","1","02446","0","","2.0","1748.0","1","N","N","N","0","","0","0","0","","0","Y","","1","0","0","0","0","0","0","2","0","1","03","98","","N","","","","","","","","","",""
"2024109162","0832","1","0","0","0","0","0","0","0","0","7","0","","02","11","2024","5","40.66874","-80.104598","0827","11","0","0","0","0","0","0","0","0","","0","0","0","","","0","N","0","","40 40:07.465","","0","80 06:16.551","0","0","0","0","2212","0","0","0","N","0","0","0","1","02505","0","","4.0","","9","N","N","N","0","","0","0","0","","0","","","1","0","0","0","0","0","0","2","0","1","02","06","","N","","","","","","","","","",""
"2024107208","1552","3","0","0","0","0","0","0","0","0","1","0","","02","11","2024","3","40.535629","-79.972138","1549","11","0","0","0","0","0","0","1","1","","0","0","0","","","5","N","0","","40 32:08.266","6","0","79 58:19.697","3","0","0","0","2118","0","0","0","N","0","0","0","5","02118","3","","1.0","1638.0","1","N","N","N","0","","2","0","0","","0","Y","","3","5","0","0","0","0","0","2","0","3","03","","","N","","","","","","","","","",""
"2024079272","0155","0","0","0","0","0","0","0","0","0","7","0","","02","8","2024","6","40.439131","-80.008427","0150","11","0","0","0","0","0","0","0","0","","0","0","0","","","0","N","0","","40 26:20.872","3","3","80 00:30.336","9","0","0","0","2301","0","0","0","N","0","0","0","1","68B03","0","","4.0","358.0","1","N","N","N","0","","0","0","1","","0","N","","1","0","0","0","0","0","1","2","0","1","03","","","N","","","","","","","","","",""
"2024092182","1916","1","0","0","0","0","0","0","0","0","4","0","","02","10","2024","6","40.461854","-79.866055","1909","11","0","0","0","0","0","0","1","0","","0","0","0","","","2","N","0","","40 27:42.676","5","7","79 51:57.797","3","0","0","0","2113","0","0","0","N","0","0","0","2","02113","0","","1.0","1952.0","1","N","N","N","0","","2","0","1","","0","Y","","2","2","2","0","0","0","0","2","0","2","03","03","","N","","","","","","","","","",""
"2024078339","1636","1","0","0","0","0","0","0","0","0","7","0","","02","7","2024","6","40.577534","-80.095015","1626","11","0","0","0","0","0","0","0","0","","0","0","0","","","1","N","0","","40 34:39.123","2","0","80 05:42.055","4","0","0","0","2481","0","0","0","Y","0","0","0","1","68B03","1","","4.0","10.0","1","N","N","N","0","","0","0","0","","0","N","","1","1","0","0","0","0","0","2","0","1","03","","","N","","","","","","","","","",""
"2024090355","1333","1","0","0","0","0","0","0","0","0","7","0","","02","10","2024","7","40.34125","-79.977","1329","11","0","0","0","0","1","0","0","0","","0","0","0","","","0","N","0","","40 20:28.500","5","0","79 58:37.200","0","0","0","0","2403","0","0","0","N","0","0","0","6","02403","0","","4.0","1509.0","1","N","N","N","0","","0","0","1","","0","Y","","2","0","0","0","0","0","0","2","0","2","03","03","","N","","","","","","","","","",""
"2024105115","1720","0","0","0","0","0","0","0","0","0","8","0","","02","11","2024","3","40.581331","-79.778838","1717","11","0","0","0","0","0","0","0","0","","0","0","0","","","1","","1","","40 34:52.791","1","0","79 46:43.816","8","0","0","0","2104","1","0","0","N","1","0","0","2","02514","0","","1.0","1751.0","9","N","N","N","0","","0","0","1","","3","N","","2","1","0","0","0","1","0","2","0","1","07","04","","N","","","","","","","","","",""
"2024114607","0800","1","0","0","0","0","0","0","0","0","7","0","","02","12","2024","7","40.439694","-79.756722","0742","11","0","0","0","0","0","0","0","0","","0","0","0","","","0","N","0","","40 26:22.900","","2","79 45:24.200","0","0","0","0","2446","0","0","0","N","0","0","0","2","68T09","0","","4.0","","1","N","N","N","0","","0","0","0","","0","","","1","0","0","0","0","0","0","2","0","1","03","","","N","","","","","","","","","",""
"2024116163","1329","1","0","0","0","0","0","0","0","0","1","0","","02","12","2024","1","40.367667","-79.978444","1327","11","0","0","0","0","1","0","0","1","","0","0","0","","","0","N","0","","40 22:03.600","2","0","79 58:42.400","0","0","0","0","2413","0","0","0","N","0","0","0","3","02413","0","","1.0","1400.0","1","N","N","N","0","","0","0","2","","3","N","","3","0","0","0","0","0","0","2","0","3","03","","","N","","","","","","","","","",""