"CRN","ARRIVAL_TM","AUTOMOBILE_COUNT","BELTED_DEATH_COUNT","BELTED_SUSP_SERIOUS_INJ_COUNT","BICYCLE_COUNT","BICYCLE_DEATH_COUNT","BICYCLE_SUSP_SERIOUS_INJ_COUNT","BUS_COUNT","CHLDPAS_DEATH_COUNT","CHLDPAS_SUSP_SERIOUS_INJ_COUNT","COLLISION_TYPE","COMM_VEH_COUNT","CONS_ZONE_SPD_LIM","COUNTY","CRASH_MONTH","CRASH_YEAR","DAY_OF_WEEK","DEC_LATITUDE","DEC_LONGITUDE","DISPATCH_TM","DISTRICT","DRIVER_COUNT_16YR","DRIVER_COUNT_17YR","DRIVER_COUNT_18YR","DRIVER_COUNT_19YR","DRIVER_COUNT_20YR","DRIVER_COUNT_50_64YR","DRIVER_COUNT_65_74YR","DRIVER_COUNT_75PLUS","EST_HRS_CLOSED","FATAL_COUNT","HEAVY_TRUCK_COUNT","HORSE_BUGGY_COUNT","HOUR_OF_DAY","ILLUMINATION","INJURY_COUNT","INTERSECTION_RELATED","INTERSECT_TYPE","LANE_CLOSED","LATITUDE","LN_CLOSE_DIR","LOCATION_TYPE","LONGITUDE","MAX_SEVERITY_LEVEL","MCYCLE_DEATH_COUNT","MCYCLE_SUSP_SERIOUS_INJ_COUNT","MOTORCYCLE_COUNT","MUNICIPALITY","NONMOTR_COUNT","NONMOTR_DEATH_COUNT","NONMOTR_SUSP_SERIOUS_INJ_COUNT","NTFY_HIWY_MAINT","PED_COUNT","PED_DEATH_COUNT","PED_SUSP_SERIOUS_INJ_COUNT","PERSON_COUNT","POLICE_AGCY","POSSIBLE_INJ_COUNT","RDWY_SURF_TYPE_CD","RELATION_TO_ROAD","ROADWAY_CLEARED","ROAD_CONDITION","SCH_BUS_IND","SCH_ZONE_IND","SECONDARY_CRASH","SMALL_TRUCK_COUNT","SPEC_JURIS_CD","SUSP_MINOR_INJ_COUNT","SUSP_SERIOUS_INJ_COUNT","SUV_COUNT","TCD_FUNC_CD","TCD_TYPE","TFC_DETOUR_IND","TIME_OF_DAY","TOTAL_UNITS","TOT_INJ_COUNT","UNBELTED_OCC_COUNT","UNB_DEATH_COUNT","UNB_SUSP_SERIOUS_INJ_COUNT","UNK_INJ_DEG_COUNT","UNK_INJ_PER_COUNT","URBAN_RURAL","VAN_COUNT","VEHICLE_COUNT","WEATHER1","WEATHER2","WORKERS_PRES","WORK_ZONE_IND","WORK_ZONE_LOC","WORK_ZONE_TYPE","WZ_CLOSE_DETOUR","WZ_FLAGGER","WZ_LAW_OFFCR_IND","WZ_LN_CLOSURE","WZ_MOVING","WZ_OTHER","WZ_SHLDER_MDN","WZ_WORKERS_INJ_KILLED"
"2024099530","1805","2","0","0","0","0","0","0","0","0","1","0","","02","11","2024","3","40.349406","-79.987392","1803","11","0","0","0","0","0","0","0","0","","0","0","0","","","0","","2","","40 20:57.860","5","0","79 59:14.610","0","0","0","0","2476","0","0","0","N","0","0","0","3","02476","0","","1.0","1838.0","1","N","N","N","0","","0","0","0","","0","Y","","2","0","0","0","0","0","0","2","0","2","03","03","","N","","","","","","","","","",""
"2024101203","2040","1","0","0","0","0","0","0","0","0","5","0","","02","11","2024","4","40.330648","-79.987163","2034","11","0","0","1","0","0","0","1","1","","0","0","0","","","1","N","0","","40 19:50.332","","0","79 59:13.788","4","0","0","0","2219","0","0","0","N","0","0","0","3","02219","1","","1.0","","1","N","N","N","0","","0","0","2","","2","","","3","1","0","0","0","0","0","2","0","3","03","03","","N","","","","","","","","","",""
"2024104839","2236","2","0","0","0","0","0","0","0","0","1","0","","02","11","2024","6","40.386947","-80.044031","2235","11","1","0","0","0","0","0","0","0","","0","0","0","","","1","N","0","","40 23:13.010","","0","80 02:38.510","3","0","0","0","2109","0","0","0","N","0","0","0","4","02109","0","","1.0","","1","N","N","N","0","","1","0","1","","0","","","3","1","0","0","0","0","0","2","0","3","03","03","","N","","","","","","","","","",""
"2024113406","0734","2","0","0","0","0","0","0","0","0","4","0","","02","11","2024","2","40.427539","-79.751213","0734","11","0","0","0","0","0","0","0","0","","0","0","0","","","1","","2","","40 25:39.141","","0","79 45:04.366","4","0","0","0","2446","0","0","0","N","0","0","0","2","02446","1","","1.0","","9","N","N","N","0","","0","0","0","","2","","","2","1","0","0","0","0","0","2","0","2","04","07","","N","","","","","","","","","",""
"2024100824","1631","1","0","0","0","0","0","0","0","0","4","0","","02","11","2024","1","40.391626","-79.894039","1629","11","0","0","0","1","0","0","0","0","","0","0","0","","","0","","2","","40 23:29.852","","0","79 53:38.542","9","0","0","0","2473","0","0","0","N","0","0","0","2","02473","0","","1.0","","1","N","N","N","1","","0","0","0","","3","","","2","0","0","0","0","0","1","2","0","2","03","03","","N","","","","","","","","","",""
"2024116504","1525","1","0","0","0","0","0","0","0","0","1","0","","02","12","2024","2","40.35669","-79.843561","1525","11","0","0","0","0","0","1","0","0","","0","0","0","","","0","N","0","","40 21:24.085","","3","79 50:36.819","0","0","0","0","2304","0","0","0","N","0","0","0","4","02304","0","","1.0","","1","N","N","N","0","","0","0","3","","0","","","4","0","0","0","0","0","0","2","0","4","03","03","","N","","","","","","","","","",""
"2024094942","2200","1","0","0","0","0","0","0","0","0","7","0","","02","10","2024","2","40.332425","-79.897361","2153","11","0","0","0","0","0","0","0","0","","0","0","0","","","1","N","0","","40 19:56.731","5","0","79 53:50.501","3","0","0","0","2473","0","0","0","Y","0","0","0","1","02473","0","","5.0","2300.0","1","N","N","N","0","","1","0","0","","0","Y","","1","1","0","0","0","0","0","2","0","1","03","03","","N","","","","","","","","","",""
"2024117037","0453","1","0","0","0","0","0","0","0","0","2","0","","02","12","2024","3","40.378704","-79.88626","0450","11","0","1","0","0","0","0","0","0","","0","0","0","","","0","N","0","","40 22:43.336","4","0","79 53:10.536","0","0","0","0","2473","0","0","0","N","0","0","0","2","02473","0","","5.0","550.0","2","N","N","N","0","","0","0","1","","0","Y","","2","0","0","0","0","0","0","2","0","2","06","06","","N","","","","","","","","","",""
"2024093698","1647","2","0","0","0","0","0","0","0","0","4","0","","02","10","2024","2","40.452581","-79.922371","1634","11","0","0","0","0","1","0","0","0","","0","0","0","","","3","","2","","40 27:09.291","4","0","79 55:20.537","8","0","0","0","2301","0","0","0","N","0","0","0","3","02301","0","","1.0","1750.0","1","N","N","N","0","","0","0","0","","0","N","","2","3","0","0","0","3","0","2","0","2","03","","","N","","","","","","","","","",""
"2024098805","1150","1","0","0","0","0","0","0","0","0","7","0","","02","11","2024","3","40.453045","-80.049378","1140","11","0","0","0","0","0","0","0","1","","0","0","0","","","0","","3","","40 27:10.961","4","0","80 02:57.760","0","0","0","0","2301","0","0","0","N","0","0","0","1","02301","0","","5.0","1200.0","1","N","N","N","0","","0","0","0","","0","N","","1","0","1","0","0","0","0","2","0","1","03","03","","N","","","","","","","","","",""
"2024102343","1521","1","0","0","0","0","0","0","0","0","7","0","","02","11","2024","6","40.347246","-80.055682","1513","11","0","0","0","0","0","0","0","0","","0","0","0","","","0","N","0","","40 20:50.085","","0","80 03:20.454","0","0","0","0","2123","0","0","0","N","0","0","0","1","02123","0","","1.0","","1","N","N","N","0","","0","0","0","","2","","","1","0","0","0","0","0","0","2","0","1","03","03","","N","","","","","","","","","",""
"2024027096","1559","1","0","0","0","0","0","0","0","0","1","0","","02","12","2024","1","40.545284","-80.030724","1553","11","0","0","0","0","0","1","1","0","","0","0","0","","","1","","2","","40 32:43.024","","0","80 01:50.607","4","0","0","0","2116","0","0","0","N","0","0","0","2","02116","1","","1.0","","1","N","N","N","0","","0","0","1","","4","","","2","1","0","0","0","0","0","2","0","2","03","03","","N","","","","","","","","","",""
"2024107134","0701","0","0","0","0","0","0","0","0","0","98","0","","02","11","2024","1","40.513557","-80.278516","0645","11","0","0","0","0","0","1","0","0","","0","0","0","","","1","N","0","","40 30:48.805","","0","80 16:42.657","3","0","0","0","2203","0","0","0","N","0","0","0","1","68B03","0","","1.0","","2","N","N","N","0","","1","0","1","","0","","","1","1","0","0","0","0","0","1","0","1","03","03","","N","","","","","","","","","",""
"2024099023","2010","1","0","0","0","0","0","0","0","0","4","0","","02","11","2024","3","40.46625","-79.822639","2005","11","0","0","0","1","0","0","0","0","","0","0","0","","","0","N","0","","40 27:58.500","","7","79 49:21.500","0","0","0","0","2113","0","0","0","N","0","0","0","2","02113","0","","6.0","","1","","","N","0","","0","0","1","","0","","","2","0","0","0","0","0","0","2","0","2","03","03","","N","","","","","","","","","",""
"2024117399","1647","1","0","0","0","0","0","0","0","0","4","0","","02","12","2024","1","40.490776","-80.060348","1638","11","0","0","0","0","0","2","0","0","","0","0","0","","","1","N","0","","40 29:26.793","1","7","80 03:37.253","3","0","0","0","2404","0","0","0","N","0","0","0","2","02404","0","","1.0","1706.0","1","N","N","N","0","","1","0","1","","0","Y","","2","1","0","0","0","0","0","2","0","2","03","03","","N","","","","","","","","","",""
"2024091600","0020","1","0","0","0","0","0","0","0","0","7","0","","02","10","2024","1","40.335734","-79.877847","0015","11","0","0","0","0","0","1","0","0","","0","0","0","","","0","","3","","40 20:08.643","","0","79 52:40.249","0","0","0","0","2455","0","0","0","N","0","0","0","1","02455","0","","4.0","","1","N","N","N","0","","0","0","1","","0","","","2","0","1","0","0","0","0","2","0","2","03","","","N","","","","","","","","","",""
"2024116505","1816","0","0","0","0","0","0","0","0","0","7","0","","02","12","2024","1","40.328806","-79.828556","1812","11","0","0","0","0","0","0","0","0","","0","0","0","","","0","N","0","","40 19:43.700","4","0","79 49:42.800","0","0","0","0","2304","0","0","0","N","0","0","0","1","02304","0","","5.0","1903.0","2","N","N","N","0","","0","0","1","","0","N","","1","0","0","0","0","0","0","2","0","1","02","02","","N","","","","","","","","","",""
"2024108097","1303","0","0","0","0","0","0","0","0","0","4","0","","02","11","2024","5","40.347274","-80.05576","1258","11","0","0","0","0","0","0","0","1","","0","0","0","","","0","N","0","","40 20:50.187","","7","80 03:20.735","0","0","0","0","2123","0","0","0","N","0","0","0","5","02123","0","","1.0","","9","N","N","N","1","","0","0","1","","0","","","2","0","0","0","0","0","0","2","0","2","04","","","N","","","","","","","","","",""
"2024105933","1030","2","0","0","0","0","0","0","0","0","1","0","","02","11","2024","7","40.562241","-79.993129","1020","11","0","0","0","0","0","1","1","0","","0","0","0","","","1","N","2","","40 33:44.067","","0","79 59:35.264","8","0","0","0","2108","0","0","0","N","0","0","0","3","02108","0","","1.0","","9","N","N","N","0","","0","0","0","","3","N","","2","1","0","0","0","1","0","2","0","2","07","","","N","","","","","","","","","",""
"2024116518","1729","2","0","0","0","0","0","0","0","0","4","0","","02","12","2024","2","40.467717","-79.825353","1726","11","0","0","0","0","0","0","0","0","","0","0","0","","","0","N","0","","40 28:03.782","","7","79 49:31.272","0","0","0","0","2113","0","0","0","N","0","0","0","2","02113","0","","1.0","","1","N","N","N","0","","0","0","0","","0","","","2","0","0","0","0","0","0","2","0","2","03","03","","N","","","","","","","","","",""
"2024108170","1355","1","0","0","0","0","0","0","0","0","0","0","","02","11","2024","3","40.299909","-79.971678","1346","11","0","0","0","0","0","0","0","0","","0","0","0","","","0","","2","","40 17:59.672","2","0","79 58:18.042","0","0","0","0","2440","0","0","0","N","0","0","0","2","02440","0","","1.0","1428.0","1","N","N","N","0","","0","0","0","","0","N","","1","0","0","0","0","0","0","2","0","1","03","03","","N","","","","","","","","","",""
"2024099627","0327","2","0","0","0","0","0","0","0","0","7","0","","02","11","2024","4","40.410806","-79.834722","0322","11","0","0","0","0","0","0","0","0","","0","0","0","","","1","N","0","","40 24:38.900","","0","79 50:05.000","3","0","0","0","2124","0","0","0","N","0","0","0","1","02124","0","","5.0","","1","N","N","N","0","","1","0","0","","0","","","2","1","1","0","0","0","0","2","0","2","03","03","","N","","","","","","","","","",""
"2024106186","1754","1","0","0","0","0","0","0","0","0","1","0","","02","11","2024","6","40.427431","-79.721496","1750","11","0","0","0","0","0","1","0","0","","0","0","0","","","1","","3","","40 25:38.750","4","0","79 43:17.387","4","0","0","0","2446","0","0","0","N","0","0","0","4","02446","1","","1.0","1825.0","9","N","N","N","0","","0","0","2","","2","Y","","3","1","0","0","0","0","0","2","0","3","06","04","","N","","","","","","","","","",""
"2024104132","2119","0","0","0","0","0","0","0","0","0","7","0","","02","11","2024","2","40.28625","-79.933222","2114","11","1","0","0","0","0","0","0","0","","0","0","0","","","0","N","0","","40 17:10.500","6","0","79 55:59.600","0","0","0","0","2440","0","0","0","N","0","0","0","1","02440","0","","5.0","2208.0","1","N","N","N","1","","0","0","0","","0","N","","1","0","0","0","0","0","0","2","0","1","03","","","N","","","","","","","","","",""
"2024116756","1139","1","0","0","0","0","0","0","0","0","4","0","","02","12","2024","2","40.320194","-79.900333","1134","11","0","0","0","0","0","0","1","0","","0","0","0","","","0","N","0","","40 19:12.700","","0","79 54:01.200","0","0","0","0","2473","0","0","0","N","0","0","0","2","02473","0","","1.0","","1","N","N","N","1","","0","0","0","","0","","","2","0","0","0","0","0","0","2","0","2","03","03","","N","","","","","","","","","",""
"2024099283","1351","1","0","0","0","0","0","0","0","0","7","0","","02","11","2024","3","40.428493","-79.929623","1341","11","0","0","0","0","1","0","0","0","","0","0","0","","","0","","7","","40 25:42.575","4","2","79 55:46.644","0","0","0","0","2301","0","0","0","N","0","0","0","4","02301","0","","3.0","1415.0","1","N","N","N","0","","0","0","0","","0","N","","1","0","0","0","0","0","0","2","0","1","03","03","","N","","","","","","","","","",""
"2024099028","1735","1","0","1","0","0","0","0","0","0","2","0","","02","11","2024","3","40.499663","-79.797108","1735","11","0","0","0","0","0","1","0","0","","0","0","0","","","2","Y","0","","40 29:58.787","5","0","79 47:49.587","2","0","0","0","2113","0","0","0","N","0","0","0","2","02113","0","","1.0","2030.0","1","N","N","N","0","","0","1","1","","0","Y","","2","2","0","0","0","1","0","2","0","2","03","03","","N","","","","","","","","","",""
"2024105281","1332","0","0","0","0","0","0","0","0","0","1","0","","02","11","2024","5","40.39068","-79.869141","1330","11","0","0","0","0","0","1","0","0","","0","0","0","","","2","N","1","","40 23:26.449","5","0","79 52:08.909","3","0","0","0","2473","0","0","0","N","0","0","0","3","02473","1","","1.0","1350.0","9","N","N","N","0","","1","0","2","","2","N","","2","2","0","0","0","0","0","2","0","2","03","07","","N","","","","","","","","","",""
"2024107607","1744","1","0","0","0","0","0","0","0","0","5","0","","02","11","2024","3","40.486852","-80.055029","1738","11","0","0","0","0","0","0","0","0","","0","0","0","","","1","N","0","","40 29:12.666","2","0","80 03:18.106","2","0","1","1","2404","0","0","0","N","0","0","0","2","02404","0","","1.0","1820.0","1","N","N","N","0","","0","1","0","","0","N","","2","1","0","0","0","0","0","2","0","2","03","","","N","","","","","","","","","",""
"2024118294","1438","1","0","0","0","0","0","0","0","0","7","0","","02","12","2024","2","40.430861","-79.939694","1436","11","0","0","0","0","0","0","0","0","","0","0","0","","","0","N","0","","40 25:51.100","","0","79 56:22.900","0","0","0","0","2301","0","0","0","Y","0","0","0","1","02301","0","","4.0","","6","N","N","N","0","","0","0","0","","0","","","1","0","0","0","0","0","0","2","0","1","10","","","N","","","","","","","","","",""
"2024104394","1240","1","0","0","0","0","0","0","0","0","7","0","","02","11","2024","3","40.210993","-79.850876","1237","11","0","0","0","0","0","1","0","0","","0","0","0","","","0","N","0","","40 12:39.575","6","0","79 51:03.153","0","0","0","0","2204","0","0","0","N","0","0","0","1","02105","0","","2.0","1305.0","1","N","N","N","0","","0","0","0","","0","N","","1","0","0","0","0","0","0","1","0","1","","","","N","","","","","","","","","",""
"2024116866","1122","1","0","0","0","0","0","0","0","0","1","0","","02","12","2024","2","40.410885","-80.014139","1120","11","0","0","0","0","0","0","0","0","","0","0","0","","","0","N","0","","40 24:39.186","2","0","80 00:50.899","0","0","0","0","2301","0","0","0","N","0","0","0","2","02301","0","","1.0","1130.0","1","N","N","N","0","","0","0","1","","0","N","","2","0","0","0","0","0","0","2","0","2","03","","","N","","","","","","","","","",""
"2024107019","1622","0","0","0","0","0","0","0","0","0","4","0","","02","11","2024","5","40.612507","-79.94745","1616","11","0","1","0","0","0","0","0","0","","0","0","0","","","2","N","0","","40 36:45.025","5","7","79 56:50.819","8","0","0","0","2207","0","0","0","N","0","0","0","2","02207","0","","1.0","1654.0","1","N","N","N","0","","0","0","2","","0","N","","2","2","0","0","0","2","0","2","0","2","04","","","N","","","","","","","","","",""
"2024116676","1933","1","0","0","0","0","0","0","0","0","2","0","","02","12","2024","1","40.530194","-79.967556","1931","11","0","0","0","0","0","0","0","0","","0","0","0","","","1","N","0","","40 31:48.700","5","0","79 58:03.200","4","0","0","0","2118","0","0","0","N","0","0","0","1","02118","1","","6.0","2045.0","1","N","N","N","0","","0","0","1","","0","Y","","2","1","1","0","0","0","0","2","0","2","03","03","","N","","","","","","","","","",""
"2024106709","2350","1","0","1","0","0","0","0","0","0","4","0","","02","11","2024","1","40.413932","-79.945643","2340","11","0","0","0","0","0","1","0","0","","0","0","0","","","2","N","0","","40 24:50.154","7","0","79 56:44.316","2","0","0","0","2301","0","0","0","N","0","0","0","3","02301","0","","1.0","30.0","1","N","N","N","0","","1","1","1","","0","N","","2","2","0","0","0","0","0","2","0","2","03","03","","N","","","","","","","","","",""
"2024117432","1235","1","0","0","0","0","0","0","0","0","4","0","","02","12","2024","3","40.569716","-79.803093","1231","11","0","0","0","0","1","0","0","1","","0","0","0","","","0","","1","","40 34:10.976","2","7","79 48:11.136","0","0","0","0","2206","0","0","0","N","0","0","0","2","02206","0","","1.0","1308.0","1","N","N","N","1","","0","0","0","","2","N","","2","0","0","0","0","0","0","2","0","2","03","04","","N","","","","","","","","","",""
"2024097430","1255","0","0","0","0","0","0","0","0","0","2","0","","02","11","2024","6","40.351056","-79.822667","1251","11","0","0","0","0","0","0","0","1","","0","0","0","","","1","N","0","","40 21:03.800","","0","79 49:21.600","3","0","0","0","2477","0","0","0","N","0","0","0","1","02477","0","","6.0","","1","N","N","N","1","","1","0","1","","0","","","2","1","1","0","0","0","0","2","0","2","03","03","","N","","","","","","","","","",""
"2024106445","1945","0","0","0","0","0","0","0","0","0","7","0","","02","11","2024","1","40.354791","-80.050245","1935","11","0","0","0","0","0","1","0","0","","0","0","0","","","0","N","0","","40 21:17.249","2","0","80 03:00.883","0","0","0","0","2109","0","0","0","N","0","0","0","1","02109","0","","5.0","2030.0","1","N","N","N","0","","0","0","1","","0","N","","1","0","0","0","0","0","0","2","0","1","03","","","N","","","","","","","","","",""
"2024116064","0002","0","0","0","0","0","0","0","0","0","1","0","","02","12","2024","1","40.342889","-79.850944","0000","11","0","0","0","0","0","0","0","0","","0","0","0","","","1","N","0","","40 20:34.400","","0","79 51:03.400","3","0","0","0","2304","0","0","0","N","0","0","0","1","02304","0","","6.0","","2","N","N","N","0","","1","0","2","","0","","","2","1","0","0","0","0","0","2","0","2","10","","","N","","","","","","","","","",""
"2024117033","0458","1","0","0","0","0","0","0","0","0","7","0","","02","12","2024","3","40.502833","-79.725444","0456","11","0","0","0","0","0","0","0","0","","0","0","0","","","0","N","0","","40 30:10.200","","0","79 43:31.600","0","0","0","0","2466","0","0","0","N","0","0","0","1","02466","0","","4.0","","2","N","N","N","0","","0","0","0","","0","","","1","0","0","0","0","0","0","2","0","1","09","10","","N","","","","","","","","","",""
"2024118234","2003","1","0","0","0","0","0","0","0","0","1","0","","02","12","2024","6","40.50031","-79.863","1954","11","0","0","0","0","0","2","0","0","","0","0","0","","","1","N","0","","40 30:01.116","1","0","79 51:46.800","4","0","0","0","2112","0","0","0","N","0","0","0","2","68D02","1","","1.0","2133.0","1","N","N","N","0","","0","0","1","","0","N","","2","1","0","0","0","0","0","2","0","2","03","","","N","","","","","","","","","",""
"2024115940","1400","1","0","0","0","0","0","0","0","0","4","0","","02","12","2024","6","40.374741","-79.912654","1337","11","0","0","0","0","0","1","0","0","","0","0","0","","","2","","1","","40 22:29.067","","0","79 54:45.555","3","0","0","0","2301","0","0","0","N","0","0","0","3","02301","0","","1.0","","1","N","N","N","1","","2","0","0","","3","","","2","2","0","0","0","0","0","2","0","2","03","","","N","","","","","","","","","",""
"2024117425","0434","0","0","0","0","0","0","0","0","0","7","0","","02","12","2024","3","40.392972","-79.800556","0434","11","0","0","0","0","0","0","0","0","","0","0","0","","","0","N","0","","40 23:34.700","","0","79 48:02.000","0","0","0","0","2470","0","0","0","N","0","0","0","1","02424","0","","4.0","","2","N","N","N","1","","0","0","0","","0","","","1","0","1","0","0","0","0","2","0","1","04","","","N","","","","","","","","","",""
"2024106661","1959","1","0","0","0","0","0","0","0","0","7","0","","02","11","2024","6","40.442337","-79.820049","1956","11","0","0","0","0","0","0","0","0","","0","0","0","","","0","N","0","","40 26:32.414","","0","79 49:12.177","0","0","0","0","2124","0","0","0","N","0","0","0","1","68B03","0","","2.0","","9","N","N","N","0","","0","0","0","","0","","","1","0","0","0","0","0","0","2","0","1","07","","","N","","","","","","","","","",""
"2024100938","0924","0","0","0","0","0","0","0","0","0","98","0","","02","11","2024","3","40.297465","-80.043361","0920","11","0","0","0","0","0","1","0","0","","0","0","0","","","0","N","0","","40 17:50.874","4","0","80 02:36.098","0","0","0","0","2407","0","0","0","N","0","0","0","1","02407","0","","1.0","1010.0","1","N","N","N","0","","0","0","1","","0","N","","1","0","0","0","0","0","0","2","0","1","03","03","","N","","","","","","","","","",""
"2024100362","0046","0","0","0","0","0","0","0","0","0","7","0","","02","11","2024","3","40.452639","-79.761139","0035","11","0","0","0","0","0","0","0","0","","0","0","0","","","0","N","0","","40 27:09.500","","0","79 45:40.100","0","0","0","0","2446","0","0","0","N","0","0","0","2","02446","0","","4.0","","1","N","N","N","0","","0","0","1","","0","","","1","0","0","0","0","0","0","2","0","1","03","03","","N","","","","","","","","","",""
"2024107226","0125","0","0","0","0","0","0","0","0","0","98","0","","02","11","2024","3","40.48172","-80.201607","0116","11","0","0","0","0","0","0","0","0","","0","0","0","","","0","N","0","","40 28:54.191","","0","80 12:05.786","0","0","0","0","2213","0","0","0","N","0","0","0","1","02213","0","","1.0","","1","N","N","N","0","","0","0","1","","0","","","1","0","0","0","0","0","0","2","0","1","03","","","N","","","","","","","","","",""
"2024117735","2018","1","0","0","0","0","0","0","0","0","4","0","","02","12","2024","3","40.356561","-80.119165","2013","11","0","0","0","0","1","1","0","0","","0","0","0","","","1","","2","","40 21:23.620","4","2","80 07:08.995","3","0","0","0","2119","0","0","0","N","0","0","0","4","02102","0","","1.0","2044.0","1","N","N","N","0","","1","0","1","","2","N","","2","1","0","0","0","0","1","2","0","2","03","03","","N","","","","","","","","","",""
"2024097985","1456","1","0","0","0","0","0","0","0","0","8","0","","02","11","2024","6","40.665542","-80.018388","1452","11","0","0","0","0","0","0","0","0","","0","0","0","","","1","","1","","40 39:55.951","6","0","80 01:06.195","2","0","0","0","2216","1","0","1","N","1","0","1","2","02505","0","","1.0","1537.0","1","N","N","N","0","","0","1","0","","0","Y","","2","1","0","0","0","0","0","2","0","1","03","03","","N","","","","","","","","","",""
"2024118295","2357","1","0","0","0","0","0","0","0","0","7","0","","02","12","2024","2","40.45971","-79.956414","2351","11","0","0","0","0","0","0","0","0","","0","0","0","","","1","","6","","40 27:34.955","3","8","79 57:23.092","2","0","0","0","2301","0","0","0","N","0","0","0","1","02301","0","","7.0","100.0","6","N","N","N","0","","0","1","0","","0","N","","1","1","1","0","1","0","0","2","0","1","03","98","","N","","","","","","","","","",""
"2024118957","0916","1","0","0","0","0","0","0","0","0","7","0","","02","12","2024","3","40.329998","-79.989109","0910","11","0","0","0","0","0","0","0","0","","0","0","0","","","0","N","2","","40 19:47.993","2","0","79 59:20.793","9","0","0","0","2219","0","0","0","N","0","0","0","1","02219","0","","5.0","945.0","1","N","N","N","0","","0","0","0","","0","Y","","1","0","0","0","0","0","1","2","0","1","04","","","N","","","","","","","","","",""
"2024116413","0819","1","0","0","0","0","0","0","0","0","4","0","","02","12","2024","2","40.384659","-79.824328","0817","11","0","0","0","0","0","0","0","0","","0","0","0","","","1","","1","","40 23:04.773","3","0","79 49:27.579","4","0","0","0","2111","0","0","0","N","0","0","0","4","02111","1","","1.0","841.0","1","N","N","N","0","","0","0","1","","2","N","","2","1","0","0","0","0","0","2","0","2","03","03","","N","","","","","","","","","",""
"2024099008","1725","0","0","0","0","0","0","0","0","0","0","0","","02","11","2024","3","40.510891","-79.792918","1717","11","0","0","0","0","0","1","0","0","","0","0","0","","","0","N","0","","40 30:39.209","6","0","79 47:34.503","0","0","0","0","2466","0","0","0","N","0","0","0","1","02466","0","","1.0","1800.0","1","N","N","N","0","","0","0","1","","0","N","","2","0","0","0","0","0","0","2","0","1","04","03","","N","","","","","","","","","",""
"2024107798","1717","0","0","0","0","0","0","0","0","0","7","0","","02","11","2024","5","40.326303","-79.835599","1711","11","0","0","0","0","0","0","1","0","","0","0","0","","","0","","2","","40 19:34.691","5","0","79 50:08.157","0","0","0","0","2304","0","0","0","N","0","0","0","2","02304","0","","5.0","1753.0","9","","","N","0","","0","0","1","","0","Y","","1","0","0","0","0","0","0","2","0","1","07","","","N","","","","","","","","","",""
"2024118053","1731","1","0","0","0","0","0","0","0","0","4","0","","02","12","2024","3","40.524306","-80.015444","1730","11","0","0","0","0","0","0","1","1","","0","0","0","","","0","N","0","","40 31:27.500","","7","80 00:55.600","0","0","0","0","2116","0","0","0","N","0","0","0","2","02116","0","","1.0","","9","N","N","N","0","","0","0","1","","0","N","","2","0","0","0","0","0","0","2","0","2","03","03","","N","","","","","","","","","",""
"2024105568","1620","0","0","0","0","0","0","0","0","0","7","0","","02","11","2024","1","40.534224","-80.049972","1614","11","0","0","0","0","0","0","0","0","","0","0","0","","","1","N","3","","40 32:03.205","4","0","80 02:59.900","8","0","0","0","2116","0","0","0","N","0","0","0","1","02116","0","","5.0","1650.0","9","N","N","N","0","","0","0","1","","0","N","","1","1","0","0","0","1","0","2","0","1","07","07","","N","","","","","","","","","",""
"2024113024","1113","1","0","0","0","0","0","0","0","0","1","0","","02","11","2024","3","40.342418","-79.885852","1111","11","0","0","0","0","0","0","0","0","","0","0","0","","","0","","3","","40 20:32.706","","0","79 53:09.068","9","0","0","0","2433","0","0","0","N","0","0","0","2","02433","0","","1.0","","1","N","N","Y","1","","0","0","0","","3","","","2","0","0","0","0","0","2","2","0","2","03","03","","N","","","","","","","","","",""
"2024104615","1252","1","0","0","0","0","0","0","0","0","1","0","","02","11","2024","4","40.355553","-80.028111","1245","11","1","0","0","0","0","1","0","0","","0","0","0","","","2","Y","0","","40 21:19.990","","0","80 01:41.198","4","0","0","0","2407","0","0","0","N","0","0","0","5","02407","1","","1.0","","1","N","N","N","0","","0","0","1","","2","","","2","2","0","0","0","1","0","2","0","2","04","04","","N","","","","","","","","","",""
"2024116519","1507","0","0","0","0","0","0","0","0","0","4","0","","02","12","2024","2","40.345139","-79.942222","1459","11","0","0","0","0","0","1","0","0","","0","0","0","","","1","N","0","","40 20:42.500","2","7","79 56:32.000","4","0","0","0","2473","0","0","0","N","0","0","0","2","02473","1","","1.0","1515.0","1","N","N","N","0","","0","0","2","","0","N","","2","1","0","0","0","0","0","2","0","2","03","03","","N","","","","","","","","","",""
"2024116402","0738","0","0","0","0","0","0","0","0","0","4","0","","02","12","2024","2","40.665001","-79.703844","0730","11","0","0","0","0","0","1","0","0","","0","0","0","","","0","","2","","40 39:54.002","2","0","79 42:13.838","0","0","0","0","2106","0","0","0","N","0","0","0","2","02106","0","","1.0","802.0","1","","","N","0","","0","0","2","","2","N","","2","0","0","0","0","0","0","1","0","2","03","","","N","","","","","","","","","",""