"CRN","ARRIVAL_TM","AUTOMOBILE_COUNT","BELTED_DEATH_COUNT","BELTED_SUSP_SERIOUS_INJ_COUNT","BICYCLE_COUNT","BICYCLE_DEATH_COUNT","BICYCLE_SUSP_SERIOUS_INJ_COUNT","BUS_COUNT","CHLDPAS_DEATH_COUNT","CHLDPAS_SUSP_SERIOUS_INJ_COUNT","COLLISION_TYPE","COMM_VEH_COUNT","CONS_ZONE_SPD_LIM","COUNTY","CRASH_MONTH","CRASH_YEAR","DAY_OF_WEEK","DEC_LATITUDE","DEC_LONGITUDE","DISPATCH_TM","DISTRICT","DRIVER_COUNT_16YR","DRIVER_COUNT_17YR","DRIVER_COUNT_18YR","DRIVER_COUNT_19YR","DRIVER_COUNT_20YR","DRIVER_COUNT_50_64YR","DRIVER_COUNT_65_74YR","DRIVER_COUNT_75PLUS","EST_HRS_CLOSED","FATAL_COUNT","HEAVY_TRUCK_COUNT","HORSE_BUGGY_COUNT","HOUR_OF_DAY","ILLUMINATION","INJURY_COUNT","INTERSECTION_RELATED","INTERSECT_TYPE","LANE_CLOSED","LATITUDE","LN_CLOSE_DIR","LOCATION_TYPE","LONGITUDE","MAX_SEVERITY_LEVEL","MCYCLE_DEATH_COUNT","MCYCLE_SUSP_SERIOUS_INJ_COUNT","MOTORCYCLE_COUNT","MUNICIPALITY","NONMOTR_COUNT","NONMOTR_DEATH_COUNT","NONMOTR_SUSP_SERIOUS_INJ_COUNT","NTFY_HIWY_MAINT","PED_COUNT","PED_DEATH_COUNT","PED_SUSP_SERIOUS_INJ_COUNT","PERSON_COUNT","POLICE_AGCY","POSSIBLE_INJ_COUNT","RDWY_SURF_TYPE_CD","RELATION_TO_ROAD","ROADWAY_CLEARED","ROAD_CONDITION","SCH_BUS_IND","SCH_ZONE_IND","SECONDARY_CRASH","SMALL_TRUCK_COUNT","SPEC_JURIS_CD","SUSP_MINOR_INJ_COUNT","SUSP_SERIOUS_INJ_COUNT","SUV_COUNT","TCD_FUNC_CD","TCD_TYPE","TFC_DETOUR_IND","TIME_OF_DAY","TOTAL_UNITS","TOT_INJ_COUNT","UNBELTED_OCC_COUNT","UNB_DEATH_COUNT","UNB_SUSP_SERIOUS_INJ_COUNT","UNK_INJ_DEG_COUNT","UNK_INJ_PER_COUNT","URBAN_RURAL","VAN_COUNT","VEHICLE_COUNT","WEATHER1","WEATHER2","WORKERS_PRES","WORK_ZONE_IND","WORK_ZONE_LOC","WORK_ZONE_TYPE","WZ_CLOSE_DETOUR","WZ_FLAGGER","WZ_LAW_OFFCR_IND","WZ_LN_CLOSURE","WZ_MOVING","WZ_OTHER","WZ_SHLDER_MDN","WZ_WORKERS_INJ_KILLED"
"2024070852","1111","1","0","0","0","0","0","0","0","0","7","0","","02","8","2024","4","40.321093","-79.892428","1111","11","0","0","0","0","0","0","1","0","","0","0","0","","","1","","2","","40 19:15.936","","7","79 53:32.739","3","0","0","0","2433","0","0","0","N","0","0","0","2","02433","0","","5.0","","1","N","N","N","0","","1","0","0","","0","","","1","1","1","0","0","0","1","2","0","1","03","","","N","","","","","","","","","",""
"2024109712","1853","0","0","0","0","0","0","0","0","0","7","0","","02","11","2024","2","40.436008","-80.033811","1853","11","0","0","0","0","0","0","0","0","","0","0","0","","","0","","5","","40 26:09.628","","0","80 02:01.719","0","0","0","0","2301","0","0","0","N","0","0","0","1","02301","0","","4.0","","9","N","N","N","1","","0","0","0","","2","","","1","0","0","0","0","0","0","2","0","1","07","","","N","","","","","","","","","",""
"2024110918","0659","2","0","0","0","0","0","0","0","0","1","0","","02","12","2024","2","40.3675","-79.780408","0659","11","0","0","0","0","0","0","0","0","","0","0","0","","","1","Y","0","","40 22:03.000","","0","79 46:49.467","4","0","0","0","2111","0","0","0","N","0","0","0","2","02111","1","","1.0","","2","N","N","N","0","","0","0","0","","0","","","2","1","0","0","0","0","0","2","0","2","10","10","","N","","","","","","","","","",""
"2024115557","1856","1","0","0","0","0","0","0","0","0","1","0","","02","12","2024","3","40.538555","-80.01166","1849","11","0","0","0","0","0","0","0","0","","0","0","0","","","0","N","0","","40 32:18.798","2","0","80 00:41.976","0","0","0","0","2116","0","0","0","N","0","0","0","3","02116","0","","1.0","1917.0","1","N","N","N","0","","0","0","1","","2","N","","2","0","0","0","0","0","0","2","0","2","03","03","","N","","","","","","","","","",""
"2024113244","1940","1","0","0","0","0","0","0","0","0","4","0","","02","11","2024","4","40.369728","-79.912992","1939","11","0","0","0","0","0","0","1","1","","0","0","0","","","0","","2","","40 22:11.022","","0","79 54:46.770","0","0","0","0","2301","0","0","0","N","0","0","0","2","02301","0","","1.0","","9","N","N","N","0","","0","0","1","","2","","","2","0","0","0","0","0","0","2","0","2","07","","","N","","","","","","","","","",""
"2024117103","1833","0","0","0","0","0","0","0","0","0","4","0","","02","12","2024","4","40.652194","-79.839083","1827","11","0","0","0","0","0","1","0","0","","0","0","0","","","1","","3","","40 39:07.900","5","0","79 50:20.700","3","0","0","0","2220","0","0","0","N","0","0","0","4","02220","0","","1.0","1925.0","9","N","N","N","0","","1","0","2","","0","Y","","2","1","0","0","0","0","0","1","0","2","03","03","","N","","","","","","","","","",""
"2024118319","1303","0","0","0","0","0","0","0","0","0","7","0","","02","12","2024","7","40.509373","-80.029355","1302","11","0","0","0","0","0","0","0","0","","0","0","0","","","0","","3","","40 30:33.741","2","0","80 01:45.679","0","0","0","0","2474","0","0","0","N","0","0","0","1","02474","0","","5.0","1332.0","1","N","N","N","0","","0","0","1","","2","N","","1","0","1","0","0","0","0","2","0","1","03","03","","N","","","","","","","","","",""
"2024113152","1106","1","0","0","0","0","0","0","0","0","2","0","","02","12","2024","6","40.461692","-80.152053","1059","11","1","0","0","0","0","0","0","0","","0","0","0","","","0","","3","","40 27:42.091","","0","80 09:07.391","9","0","0","0","2115","0","0","0","N","0","0","0","6","02115","0","","1.0","","1","N","N","N","0","","0","0","1","","0","","","2","0","0","0","0","0","1","2","0","2","04","","","N","","","","","","","","","",""
"2024118313","1808","0","0","0","0","0","0","0","0","0","4","0","","02","12","2024","2","40.365957","-80.107181","1758","11","0","0","0","0","0","0","0","0","","0","0","0","","","0","","2","","40 21:57.444","","7","80 06:25.851","0","0","0","0","2102","0","0","0","N","0","0","0","4","02102","0","","1.0","","1","N","N","N","1","","0","0","1","","2","","","2","0","0","0","0","0","0","2","0","2","03","03","","N","","","","","","","","","",""
"2024112780","1356","2","0","0","0","0","0","0","0","0","1","0","","02","12","2024","5","40.40456","-80.039198","1347","11","0","0","0","0","0","0","0","0","","0","0","0","","","0","N","0","","40 24:16.415","3","0","80 02:21.113","0","0","0","0","2301","0","0","0","N","0","0","0","4","02301","0","","1.0","415.0","1","N","N","N","0","","0","0","1","","0","N","","3","0","0","0","0","0","0","2","0","3","03","","","N","","","","","","","","","",""
"2024087767","2331","1","0","0","0","0","0","0","0","0","4","0","","02","4","2024","6","40.465148","-79.931869","2321","11","0","0","0","0","0","0","0","0","","0","0","0","","","1","","1","","40 27:54.532","","0","79 55:54.728","8","0","0","0","2301","0","0","0","N","0","0","0","2","02301","0","","1.0","","9","N","N","N","0","","0","0","1","","3","","","2","1","0","0","0","1","0","2","0","2","03","03","","N","","","","","","","","","",""
"2024111429","1221","0","0","0","0","0","0","0","0","0","4","0","","02","12","2024","7","40.449788","-80.176096","1218","11","0","0","0","0","0","1","0","0","","0","0","0","","","0","","1","","40 26:59.238","4","0","80 10:33.946","0","0","0","0","2214","0","0","0","N","0","0","0","9","02214","0","","1.0","1306.0","1","N","N","N","0","","0","0","0","","2","N","","2","0","0","0","0","0","0","2","2","2","03","03","","N","","","","","","","","","",""
"2024100138","0805","0","0","0","0","0","0","0","0","0","4","0","","02","11","2024","6","40.376886","-79.909324","0753","11","0","0","0","0","0","0","0","0","","0","0","0","","","2","","1","","40 22:36.789","","0","79 54:33.568","4","0","0","0","2301","0","0","0","N","0","0","0","2","02301","1","","1.0","","1","N","N","N","0","","0","0","2","","2","","","2","2","0","0","0","1","0","2","0","2","03","","","N","","","","","","","","","",""
"2024102023","0224","1","0","0","0","0","0","0","0","0","4","0","","02","11","2024","7","40.366693","-80.014401","0223","11","0","0","0","0","0","0","0","0","","0","0","0","","","0","","2","","40 22:00.093","1","0","80 00:51.844","0","0","0","0","2416","0","0","0","N","0","0","0","4","02416","0","","1.0","245.0","1","N","N","N","0","","0","0","1","","2","N","","2","0","0","0","0","0","0","2","0","2","03","03","","N","","","","","","","","","",""
"2024101000","2007","2","0","0","0","0","0","0","0","0","4","0","","02","11","2024","7","40.343419","-79.970091","2005","11","0","0","1","0","0","0","0","0","","0","0","0","","","1","","2","","40 20:36.310","2","7","79 58:12.327","3","0","0","0","2403","0","0","0","N","0","0","0","2","02403","0","","1.0","2041.0","1","N","N","N","0","","1","0","0","","2","N","","2","1","0","0","0","0","0","2","0","2","03","03","","N","","","","","","","","","",""
"2024119048","1759","0","0","0","0","0","0","0","0","0","5","0","","02","12","2024","3","40.493814","-79.861126","1752","11","0","0","0","0","0","0","0","1","","0","0","0","","","0","N","0","","40 29:37.729","","0","79 51:40.055","0","0","0","0","2408","1","0","0","N","1","0","0","2","02408","0","","2.0","","9","N","N","N","0","","0","0","2","","0","","","3","0","0","0","0","0","0","2","0","2","07","07","","N","","","","","","","","","",""
"2024117527","2116","1","0","0","0","0","0","0","0","0","4","0","","02","12","2024","5","40.493028","-79.911","2116","11","0","0","0","0","0","0","0","0","","0","0","0","","","0","","7","","40 29:34.900","","8","79 54:39.600","0","0","0","1","2112","0","0","0","N","0","0","0","2","02112","0","","7.0","","1","N","N","N","0","","0","0","0","","2","","","2","0","0","0","0","0","0","2","0","2","03","03","","N","","","","","","","","","",""
"2024112649","1717","1","0","0","0","0","0","0","0","0","4","0","","02","12","2024","1","40.485305","-80.009501","1659","11","0","0","0","0","0","0","0","0","","0","0","0","","","0","","1","","40 29:07.098","3","2","80 00:34.205","0","0","0","0","2301","0","0","0","N","0","0","0","3","02301","0","","1.0","1800.0","1","N","N","N","0","","0","0","1","","2","N","","2","0","0","0","0","0","0","2","0","2","03","","","N","","","","","","","","","",""
"2024105792","1758","0","0","0","0","0","0","0","0","0","4","0","","02","11","2024","4","40.405657","-79.863547","1757","11","0","0","0","0","0","0","1","0","","0","0","0","","","0","","1","","40 24:20.365","","0","79 51:48.769","0","0","0","0","2449","0","0","0","N","0","0","0","2","02515","0","","1.0","","9","N","N","N","0","","0","0","1","","3","","","2","0","0","0","0","0","0","2","0","2","07","98","","N","","","","","","","","","",""
"2024099325","1340","1","0","0","0","0","0","0","0","0","4","0","","02","11","2024","4","40.461135","-79.865954","1333","11","0","0","0","0","0","0","1","1","","0","0","0","","","3","N","0","","40 27:40.087","3","0","79 51:57.436","2","0","0","0","2113","0","0","0","N","0","0","0","3","02113","0","","1.0","1425.0","1","N","N","Y","0","","1","1","1","","0","N","","2","3","0","0","0","1","0","2","0","2","03","03","","N","","","","","","","","","",""
"2024110243","1250","0","0","0","0","0","0","0","0","0","0","0","","02","12","2024","5","40.498833","-79.886528","1247","11","0","0","0","0","0","0","0","0","","0","0","0","","","1","Y","0","","40 29:55.800","","0","79 53:11.500","8","0","0","0","2432","0","0","0","N","0","0","0","1","02432","0","","1.0","","1","N","N","N","1","","0","0","0","","0","","","1","1","0","0","0","1","0","2","0","1","03","04","","N","","","","","","","","","",""
"2024115276","1749","1","0","0","0","0","0","0","0","0","5","0","","02","12","2024","5","40.524734","-79.841428","1747","11","0","0","0","0","0","0","1","0","","0","0","0","","","0","Y","0","","40 31:29.043","1","7","79 50:29.140","0","0","0","0","2451","0","0","0","N","0","0","0","2","02451","0","","1.0","1823.0","1","N","N","N","0","","0","0","1","","3","N","","2","0","0","0","0","0","0","2","0","2","03","03","","N","","","","","","","","","",""
"2024118346","2227","0","0","0","0","0","0","0","0","0","1","0","","02","12","2024","2","40.372571","-80.106851","2215","11","0","1","0","0","0","0","0","0","","0","0","0","","","2","N","0","","40 22:21.256","1","0","80 06:24.664","4","0","0","0","2102","0","0","0","N","0","0","0","3","68B03","1","","1.0","2300.0","9","N","N","N","0","","0","0","2","","0","N","","2","2","0","0","0","1","0","2","0","2","07","","","N","","","","","","","","","",""
"2024115545","0850","0","0","0","0","0","0","0","0","0","7","0","","02","12","2024","6","40.454639","-80.224667","0846","11","0","0","0","0","0","0","0","0","","0","0","0","","","1","Y","0","","40 27:16.700","3","0","80 13:28.800","3","0","0","0","2214","0","0","0","N","0","0","0","1","02214","0","","2.0","838.0","7","N","N","N","0","","1","0","1","","0","N","","1","1","0","0","0","0","0","2","0","1","10","04","","N","","","","","","","","","",""
"2024104696","0109","0","0","0","0","0","0","0","0","0","7","0","","02","11","2024","4","40.44775","-80.210056","0105","11","0","0","0","0","0","0","0","0","","0","0","0","","","0","N","0","","40 26:51.900","5","0","80 12:36.200","0","0","0","0","2214","0","0","0","N","0","0","0","1","02214","0","","5.0","249.0","9","N","N","N","1","","0","0","0","","0","N","","1","0","0","0","0","0","0","2","0","1","07","04","","N","","","","","","","","","",""
"2024109830","0856","2","0","0","0","0","0","0","0","0","4","0","","02","12","2024","5","40.472015","-79.930498","0852","11","0","0","0","0","0","0","0","0","","0","0","0","","","2","","3","","40 28:19.253","5","0","79 55:49.792","3","0","0","0","2301","0","0","0","N","0","0","0","2","02301","0","","1.0","930.0","2","N","N","N","0","","2","0","0","","3","N","","2","2","0","0","0","0","0","2","0","2","03","","","N","","","","","","","","","",""
"2024100370","0336","0","0","0","0","0","0","0","0","0","7","0","","02","11","2024","7","40.613626","-79.92841","0334","11","0","0","0","1","0","0","0","0","","0","0","0","","","0","N","0","","40 36:49.052","3","0","79 55:42.276","0","0","0","0","2207","0","0","0","N","0","0","0","1","02207","0","","5.0","436.0","1","N","N","N","1","","0","0","0","","0","N","","1","0","0","0","0","0","0","2","0","1","03","03","","N","","","","","","","","","",""
"2024109135","2228","1","0","0","0","0","0","0","0","0","7","0","","02","12","2024","1","40.413583","-79.80825","2225","11","0","1","0","0","0","0","0","0","","0","0","0","","","0","N","0","","40 24:48.900","","0","79 48:29.700","0","0","0","0","2446","0","0","0","N","0","0","0","2","02446","0","","4.0","","1","N","N","N","0","","0","0","0","","0","","","1","0","0","0","0","0","0","2","0","1","04","","","N","","","","","","","","","",""
"2024114465","2259","0","0","0","0","0","0","0","0","0","4","0","","02","12","2024","3","40.376663","-79.827655","2254","11","0","0","0","0","0","1","0","0","","0","0","0","","","1","","2","","40 22:35.986","4","0","79 49:39.559","8","0","0","0","2111","0","0","0","N","0","0","0","3","02111","0","","1.0","2320.0","1","N","N","N","0","","0","0","2","","0","Y","","2","1","0","0","0","1","2","2","0","2","03","03","","N","","","","","","","","","",""
"2024117878","1902","0","0","0","0","0","0","0","0","0","5","0","","02","12","2024","5","40.544116","-79.790781","1858","11","0","0","0","0","0","1","0","0","","0","0","0","","","0","N","1","","40 32:38.817","7","0","79 47:26.811","0","0","0","0","2462","0","0","0","N","0","0","0","1","02462","0","","1.0","2000.0","1","N","N","N","1","","0","0","1","","0","Y","","2","0","0","0","0","0","0","2","0","2","03","","","N","","","","","","","","","",""
"2024115892","1031","0","0","0","0","0","0","0","0","0","1","0","","02","12","2024","7","40.355167","-79.878574","1026","11","0","0","0","0","0","0","0","0","","0","0","0","","","1","N","0","","40 21:18.601","5","0","79 52:42.866","4","0","0","0","2423","0","0","0","N","0","0","0","3","02304","1","","1.0","1123.0","7","N","N","N","0","","0","0","2","","0","N","","2","1","0","0","0","0","0","2","0","2","10","10","","N","","","","","","","","","",""
"2024111708","1704","1","0","0","0","0","0","0","0","0","4","0","","02","12","2024","3","40.432517","-79.716295","1658","11","0","0","0","0","0","1","0","0","","0","0","0","","","0","N","0","","40 25:57.062","3","7","79 42:58.662","9","0","0","0","2446","0","0","0","N","0","0","0","2","02446","0","","1.0","1545.0","9","N","N","N","0","","0","0","1","","0","Y","","2","0","0","0","0","0","2","2","0","2","07","07","","N","","","","","","","","","",""
"2024105806","1919","0","0","0","0","0","0","0","0","0","5","0","","02","11","2024","6","40.395484","-79.838634","1918","11","0","0","0","0","0","0","1","0","","0","0","0","","","0","N","0","","40 23:43.743","","0","79 50:19.084","0","0","0","0","2425","0","0","0","N","0","0","0","3","02515","0","","1.0","","9","N","N","N","0","","0","0","2","","0","N","","2","0","0","0","0","0","0","2","0","2","07","06","","N","","","","","","","","","",""
"2024114222","1816","1","0","0","0","0","0","0","0","0","7","0","","02","12","2024","2","40.662248","-80.132239","1811","11","0","0","0","0","0","0","0","0","","0","0","0","","","0","","2","","40 39:44.094","3","0","80 07:56.062","0","0","0","0","2212","0","0","0","Y","0","0","0","2","02505","0","","4.0","1848.0","9","N","N","N","0","","0","0","0","","0","Y","","1","0","0","0","0","0","0","1","0","1","07","06","","N","","","","","","","","","",""
"2024118580","1825","1","0","0","0","0","0","0","0","0","1","0","","02","12","2024","5","40.511092","-79.937816","1820","11","0","0","0","0","0","0","0","0","","0","0","0","","","1","N","0","","40 30:39.931","4","0","79 56:16.136","4","0","0","0","2118","0","0","0","N","0","0","0","2","02430","1","","2.0","1919.0","1","N","N","N","0","","0","0","1","","0","N","","2","1","1","0","0","0","0","2","0","2","03","03","","N","","","","","","","","","",""
"2024092872","1156","1","0","0","0","0","0","0","0","0","8","0","","02","10","2024","1","40.362595","-80.110476","1154","11","0","0","0","0","1","0","0","0","","0","0","0","","","1","","2","","40 21:45.341","","0","80 06:37.712","3","0","0","0","2414","1","0","0","N","1","0","0","2","02414","0","","1.0","","1","N","N","N","0","","1","0","0","","2","","","2","1","0","0","0","0","0","2","0","1","03","","","N","","","","","","","","","",""
"2024118630","1704","2","0","0","0","0","0","0","0","0","4","0","","02","12","2024","2","40.410811","-80.081454","1659","11","0","0","0","0","0","1","0","0","","0","0","0","","","0","Y","0","","40 24:38.920","","7","80 04:53.235","0","0","0","0","2415","0","0","0","N","0","0","0","2","02415","0","","1.0","","1","N","N","N","0","","0","0","0","","0","","","2","0","0","0","0","0","0","2","0","2","04","04","","N","","","","","","","","","",""
"2024094894","0040","0","0","0","0","0","0","0","0","0","98","0","","02","10","2024","7","40.594326","-79.909455","0019","11","0","0","0","0","0","0","0","0","","0","0","0","","","0","N","0","","40 35:39.573","","0","79 54:34.038","0","0","0","0","2209","0","0","0","N","0","0","0","1","68T02","0","","1.0","","1","N","N","N","0","","0","0","1","","0","","","1","0","0","0","0","0","0","1","0","1","03","","","N","","","","","","","","","",""
"2024100757","1142","0","0","0","0","0","0","0","0","0","1","0","","02","11","2024","5","40.449798","-80.140594","1140","11","0","0","0","0","0","1","0","1","","0","0","0","","","0","N","0","","40 26:59.272","","0","80 08:26.140","0","0","0","0","2115","0","0","0","N","0","0","0","3","02115","0","","1.0","","1","N","N","N","1","","0","0","2","","0","","","3","0","0","0","0","0","0","2","0","3","03","03","","N","","","","","","","","","",""
"2024100694","2250","1","0","0","0","0","0","0","0","0","98","0","","02","11","2024","7","40.472606","-80.217981","2240","11","0","0","0","0","0","0","0","0","","0","0","0","","","1","N","0","","40 28:21.383","4","0","80 13:04.731","3","0","0","0","2213","0","0","0","N","0","0","0","2","02203","0","","1.0","2356.0","1","N","N","N","0","","1","0","0","","0","Y","","1","1","0","0","0","0","0","2","0","1","03","03","","N","","","","","","","","","",""
"2024089919","1828","1","0","0","0","0","0","0","0","0","1","0","","02","9","2024","2","40.411141","-79.918977","1825","11","0","0","0","0","0","0","0","0","","0","0","0","","","0","N","0","","40 24:40.106","2","3","79 55:08.317","0","0","0","0","2438","0","0","0","N","0","0","0","5","02438","0","","1.0","1855.0","9","N","N","N","0","","0","0","2","","0","N","","3","0","0","0","0","0","0","2","0","3","07","04","","N","","","","","","","","","",""
"2024114179","2141","0","0","0","0","0","0","0","0","0","4","0","","02","12","2024","1","40.396172","-80.023677","2131","11","0","1","0","0","1","0","0","0","","0","0","0","","","1","","1","","40 23:46.218","7","0","80 01:25.238","3","0","0","0","2301","0","0","0","N","0","0","0","3","02301","0","","1.0","2200.0","9","N","N","N","0","","1","0","2","","2","N","","2","1","0","0","0","0","0","2","0","2","07","","","N","","","","","","","","","",""
"2024113554","1430","0","0","0","0","0","0","0","0","0","1","0","","02","12","2024","6","40.462648","-79.840604","1430","11","0","2","0","0","0","0","1","0","","0","0","0","","","0","N","0","","40 27:45.533","4","0","79 50:26.176","0","0","0","0","2113","0","0","0","N","0","0","0","3","02113","0","","1.0","1500.0","1","N","N","Y","1","","0","0","2","","0","N","","3","0","0","0","0","0","0","2","0","3","03","03","","N","","","","","","","","","",""
"2024107772","1227","0","0","0","0","0","0","0","0","0","7","0","","02","11","2024","5","40.344139","-79.969333","1225","11","0","0","0","0","0","0","0","0","","0","0","0","","","0","N","0","","40 20:38.900","7","0","79 58:09.600","0","0","0","0","2403","0","0","0","N","0","0","0","1","02403","0","","4.0","1250.0","9","N","N","N","1","","0","0","0","","0","Y","","1","0","0","0","0","0","0","2","0","1","03","03","","N","","","","","","","","","",""
"2024116926","1742","2","0","0","0","0","0","0","0","0","4","0","","02","12","2024","2","40.529503","-79.965657","1740","11","0","0","0","0","0","0","1","0","","0","0","0","","","1","N","1","","40 31:46.211","2","0","79 57:56.365","3","0","0","0","2118","0","0","0","N","0","0","0","4","02118","0","","1.0","1824.0","9","N","N","N","0","","1","0","0","","3","N","","2","1","0","0","0","0","0","2","0","2","07","07","","N","","","","","","","","","",""
"2024106528","0023","0","0","0","0","0","0","0","0","0","7","0","","02","11","2024","3","40.3747","-79.79594","0023","11","0","0","0","0","0","0","0","0","","0","0","0","","","1","N","0","","40 22:28.919","3","0","79 47:45.383","3","0","0","1","2111","0","0","0","N","0","0","0","1","02111","0","","3.0","50.0","1","N","N","N","0","","1","0","0","","0","N","","1","1","0","0","0","0","0","2","0","1","03","03","","N","","","","","","","","","",""
"2024106283","2015","1","0","0","0","0","0","0","0","0","1","0","","02","11","2024","3","40.458481","-79.908215","2013","11","0","0","0","0","0","0","0","0","","0","0","0","","","1","N","0","","40 27:30.530","","0","79 54:29.573","3","0","0","0","2301","0","0","0","N","0","0","0","2","02301","0","","1.0","","9","N","N","N","0","","1","0","1","","0","","","2","1","1","0","0","0","0","2","0","2","03","","","N","","","","","","","","","",""
"2024085961","2058","1","0","0","0","0","0","0","0","0","4","0","","02","3","2024","3","40.453944","-79.979861","2051","11","0","0","0","0","0","0","1","0","","0","0","0","","","1","","1","","40 27:14.200","","0","79 58:47.500","3","0","0","1","2301","0","0","0","N","0","0","0","2","02301","0","","1.0","","1","N","N","N","0","","1","0","0","","3","","","2","1","0","0","0","0","0","2","0","2","03","","","N","","","","","","","","","",""
"2024116175","1101","0","0","0","0","0","0","0","0","0","2","0","","02","12","2024","7","40.366931","-79.890349","1055","11","0","0","0","0","1","0","0","0","","0","0","0","","","0","","2","","40 22:00.953","","0","79 53:25.255","0","0","0","0","2473","0","0","0","N","0","0","0","2","02473","0","","1.0","","7","N","N","N","1","","0","0","1","","0","","","2","0","0","0","0","0","0","2","0","2","02","10","","N","","","","","","","","","",""
"2024087589","1045","1","0","0","0","0","0","0","0","0","5","0","","02","3","2024","1","40.419917","-80.008278","1036","11","0","0","0","0","0","1","1","0","","0","0","0","","","0","N","0","","40 25:11.700","","0","80 00:29.800","0","0","0","0","2301","0","0","0","N","0","0","0","2","02301","0","","1.0","","9","N","N","N","0","","0","0","1","","0","","","2","0","0","0","0","0","0","2","0","2","07","","","N","","","","","","","","","",""
"2024106024","1627","2","0","0","0","0","0","0","0","0","1","1","45","02","10","2024","5","40.434586","-80.110423","1613","11","0","0","0","0","0","2","1","0","","0","1","0","","","2","N","0","","40 26:04.508","1","0","80 06:37.523","8","0","0","0","2115","0","0","0","Y","0","0","0","4","68B03","0","","1.0","100.0","1","N","N","N","0","","0","0","1","","8","N","","4","2","0","0","0","2","0","2","0","4","03","03","Y","Y","4","1","N","N","N","Y","N","N","N","N"
"2024091468","1340","0","0","0","0","0","0","0","0","0","4","1","","02","10","2024","4","40.532116","-79.712779","1332","11","0","0","0","0","0","0","0","0","","0","0","0","","","1","","1","","40 31:55.616","","0","79 42:46.006","3","0","0","0","2466","0","0","0","N","0","0","0","3","02466","0","","1.0","","1","N","N","Y","1","","1","0","1","","3","","","2","1","0","0","0","0","0","1","0","2","03","03","","N","","","","","","","","","",""
"2024090284","0753","1","0","0","0","0","0","0","0","0","4","0","","02","10","2024","6","40.503871","-80.139423","0741","11","0","0","0","0","1","1","0","0","","0","0","0","","","0","","2","","40 30:13.937","","0","80 08:21.922","0","0","0","0","2115","0","0","0","N","0","0","0","2","02115","0","","1.0","","1","N","N","N","1","","0","0","0","","0","","","2","0","0","0","0","0","0","2","0","2","03","03","","N","","","","","","","","","",""
"2024116026","1918","2","0","0","0","0","0","0","0","0","4","0","","02","12","2024","7","40.367528","-79.978528","1917","11","0","0","0","0","0","1","0","0","","0","0","0","","","0","N","0","","40 22:03.100","1","0","79 58:42.700","0","0","0","0","2413","0","0","0","N","0","0","0","1","02413","0","","6.0","1947.0","6","N","N","N","0","","0","0","0","","0","Y","","2","0","0","0","0","0","0","2","0","2","10","10","","N","","","","","","","","","",""
"2024110218","1130","0","0","0","0","0","0","0","0","0","8","0","","02","12","2024","6","40.539361","-80.18","1130","11","0","0","0","0","0","0","0","1","","0","0","0","","","1","N","0","","40 32:21.700","","0","80 10:48.000","4","0","0","0","2458","1","0","0","N","1","0","0","2","02458","1","","1.0","","1","N","N","N","0","","0","0","1","","0","","","2","1","0","0","0","0","0","2","0","1","03","03","","N","","","","","","","","","",""
"2024103266","1720","1","0","0","0","0","0","0","0","0","4","0","","02","11","2024","7","40.435056","-79.786","1712","11","0","0","0","0","0","0","0","0","","0","0","0","","","0","N","0","","40 26:06.200","","7","79 47:09.600","0","0","0","0","2446","0","0","0","N","0","0","0","2","02446","0","","1.0","","1","N","N","N","0","","0","0","1","","0","","","2","0","0","0","0","0","0","2","0","2","03","03","","N","","","","","","","","","",""
"2024107836","2046","0","0","0","0","0","0","0","0","0","1","0","","02","11","2024","5","40.53957","-79.96283","2044","11","0","0","0","0","0","0","1","0","","0","0","0","","","0","N","0","","40 32:22.452","2","0","79 57:46.188","0","0","0","0","2118","0","0","0","N","0","0","0","2","02118","0","","1.0","2142.0","9","N","N","N","0","","0","0","2","","0","N","","2","0","0","0","0","0","0","2","0","2","03","","","N","","","","","","","","","",""
"2024093361","1003","0","0","0","0","0","0","0","0","0","98","0","","02","10","2024","7","40.442438","-80.182132","0950","11","0","0","0","0","0","0","0","0","","0","0","0","","","0","N","0","","40 26:32.777","","0","80 10:55.675","0","0","0","0","2214","0","0","0","N","0","0","0","1","68B03","0","","1.0","","1","N","N","N","0","","0","0","1","","0","","","1","0","0","0","0","0","0","1","0","1","03","","","N","","","","","","","","","",""
"2024108648","1208","0","0","0","0","0","0","0","0","0","4","0","","02","12","2024","2","40.352002","-79.859709","1205","11","0","0","0","0","0","1","0","1","","0","0","0","","","1","N","1","","40 21:07.207","","0","79 51:34.954","4","0","0","0","2304","0","0","0","N","0","0","0","3","02304","1","","1.0","","1","N","N","N","1","","0","0","1","","2","","","2","1","0","0","0","0","0","2","0","2","03","03","","N","","","","","","","","","",""
"2024112268","0040","0","0","0","0","0","0","0","0","0","1","0","","02","12","2024","7","40.464586","-79.979423","0027","11","0","0","0","0","0","0","0","0","","0","0","0","","","0","","5","","40 27:52.508","4","8","79 58:45.923","0","0","0","0","2301","0","0","0","N","0","0","0","2","02301","0","","1.0","110.0","1","N","N","N","0","","0","0","2","","2","N","","2","0","0","0","0","0","0","2","0","2","03","03","","N","","","","","","","","","",""