"CRN","ARRIVAL_TM","AUTOMOBILE_COUNT","BELTED_DEATH_COUNT","BELTED_SUSP_SERIOUS_INJ_COUNT","BICYCLE_COUNT","BICYCLE_DEATH_COUNT","BICYCLE_SUSP_SERIOUS_INJ_COUNT","BUS_COUNT","CHLDPAS_DEATH_COUNT","CHLDPAS_SUSP_SERIOUS_INJ_COUNT","COLLISION_TYPE","COMM_VEH_COUNT","CONS_ZONE_SPD_LIM","COUNTY","CRASH_MONTH","CRASH_YEAR","DAY_OF_WEEK","DEC_LATITUDE","DEC_LONGITUDE","DISPATCH_TM","DISTRICT","DRIVER_COUNT_16YR","DRIVER_COUNT_17YR","DRIVER_COUNT_18YR","DRIVER_COUNT_19YR","DRIVER_COUNT_20YR","DRIVER_COUNT_50_64YR","DRIVER_COUNT_65_74YR","DRIVER_COUNT_75PLUS","EST_HRS_CLOSED","FATAL_COUNT","HEAVY_TRUCK_COUNT","HORSE_BUGGY_COUNT","HOUR_OF_DAY","ILLUMINATION","INJURY_COUNT","INTERSECTION_RELATED","INTERSECT_TYPE","LANE_CLOSED","LATITUDE","LN_CLOSE_DIR","LOCATION_TYPE","LONGITUDE","MAX_SEVERITY_LEVEL","MCYCLE_DEATH_COUNT","MCYCLE_SUSP_SERIOUS_INJ_COUNT","MOTORCYCLE_COUNT","MUNICIPALITY","NONMOTR_COUNT","NONMOTR_DEATH_COUNT","NONMOTR_SUSP_SERIOUS_INJ_COUNT","NTFY_HIWY_MAINT","PED_COUNT","PED_DEATH_COUNT","PED_SUSP_SERIOUS_INJ_COUNT","PERSON_COUNT","POLICE_AGCY","POSSIBLE_INJ_COUNT","RDWY_SURF_TYPE_CD","RELATION_TO_ROAD","ROADWAY_CLEARED","ROAD_CONDITION","SCH_BUS_IND","SCH_ZONE_IND","SECONDARY_CRASH","SMALL_TRUCK_COUNT","SPEC_JURIS_CD","SUSP_MINOR_INJ_COUNT","SUSP_SERIOUS_INJ_COUNT","SUV_COUNT","TCD_FUNC_CD","TCD_TYPE","TFC_DETOUR_IND","TIME_OF_DAY","TOTAL_UNITS","TOT_INJ_COUNT","UNBELTED_OCC_COUNT","UNB_DEATH_COUNT","UNB_SUSP_SERIOUS_INJ_COUNT","UNK_INJ_DEG_COUNT","UNK_INJ_PER_COUNT","URBAN_RURAL","VAN_COUNT","VEHICLE_COUNT","WEATHER1","WEATHER2","WORKERS_PRES","WORK_ZONE_IND","WORK_ZONE_LOC","WORK_ZONE_TYPE","WZ_CLOSE_DETOUR","WZ_FLAGGER","WZ_LAW_OFFCR_IND","WZ_LN_CLOSURE","WZ_MOVING","WZ_OTHER","WZ_SHLDER_MDN","WZ_WORKERS_INJ_KILLED"
"2024111308","0058","0","0","0","0","0","0","0","0","0","4","0","","02","11","2024","1","40.470731","-79.924028","0053","11","0","0","1","0","0","1","0","0","","0","0","0","","","0","","1","","40 28:14.631","","0","79 55:26.500","0","0","0","0","2301","0","0","0","N","0","0","0","2","02301","0","","1.0","","9","N","N","N","0","","0","0","2","","3","","","2","0","0","0","0","0","0","2","0","2","03","","","N","","","","","","","","","",""
"2024118131","1817","1","0","0","0","0","0","0","0","0","1","0","","02","12","2024","5","40.42951","-80.028374","1803","11","0","0","0","0","0","0","0","1","","0","0","0","","","0","N","0","","40 25:46.236","3","0","80 01:42.148","0","0","0","0","2301","0","0","0","N","0","0","0","6","68B03","0","","1.0","1825.0","1","N","N","N","0","","0","0","1","","0","N","","2","0","0","0","0","0","0","2","0","2","03","","","N","","","","","","","","","",""
"2024116195","2044","1","0","0","0","0","0","0","0","0","7","0","","02","12","2024","7","40.347361","-79.944722","2040","11","0","0","1","0","0","0","0","0","","0","0","0","","","0","Y","0","","40 20:50.500","3","7","79 56:41.000","0","0","0","0","2473","0","0","0","N","0","0","0","1","02473","0","","4.0","2115.0","2","N","N","N","0","","0","0","0","","0","N","","1","0","0","0","0","0","0","2","0","1","02","10","","N","","","","","","","","","",""
"2024108226","1124","0","0","0","0","0","0","0","0","0","4","0","","02","11","2024","7","40.523765","-80.071929","1120","11","0","0","0","0","0","1","1","0","","0","0","0","","","1","","1","","40 31:25.554","","0","80 04:18.945","4","0","0","0","2215","0","0","0","N","0","0","0","2","02215","1","","1.0","","1","N","N","N","1","","0","0","1","","2","","","2","1","0","0","0","0","0","2","0","2","03","03","","N","","","","","","","","","",""
"2024104061","1827","2","0","0","0","0","0","0","0","0","1","0","","02","11","2024","3","40.582985","-80.098364","1811","11","0","0","0","0","0","0","0","0","","0","0","0","","","1","N","0","","40 34:58.746","","0","80 05:54.111","8","0","0","0","2481","0","0","0","N","0","0","0","3","68B03","0","","1.0","","1","N","N","N","0","","0","0","1","","0","","","3","1","0","0","0","1","0","2","0","3","03","03","","N","","","","","","","","","",""
"2024103857","1816","0","0","0","0","0","0","0","0","0","4","0","","02","11","2024","5","40.534224","-80.051834","1806","11","0","0","0","0","0","1","1","0","","0","0","0","","","0","","3","","40 32:03.207","","0","80 03:06.603","0","0","0","0","2116","0","0","0","N","0","0","0","2","02116","0","","1.0","","9","N","N","N","0","","0","0","2","","3","","","2","0","0","0","0","0","0","2","0","2","07","","","N","","","","","","","","","",""
"2024112381","1700","0","0","0","0","0","0","0","0","0","1","0","","02","12","2024","4","40.313168","-79.938719","1658","11","0","0","0","0","0","0","0","0","","0","0","0","","","1","","1","","40 18:47.403","","0","79 56:19.388","8","0","0","0","2440","0","0","0","N","0","0","0","4","02440","0","","1.0","","1","N","N","N","0","","0","0","2","","2","","","2","1","0","0","0","1","0","2","0","2","03","","","N","","","","","","","","","",""
"2024082543","1723","2","0","0","0","0","0","0","0","0","4","0","","02","1","2024","1","40.438554","-80.005747","1714","11","0","0","0","0","0","0","0","0","","0","0","0","","","0","","5","","40 26:18.796","","8","80 00:20.688","0","0","0","0","2301","0","0","0","N","0","0","0","2","02301","0","","1.0","","9","N","N","N","0","","0","0","0","","2","","","2","0","0","0","0","0","0","2","0","2","07","98","","N","","","","","","","","","",""
"2024106542","1804","1","0","0","0","0","0","0","0","0","1","0","","02","11","2024","2","40.444969","-80.235518","1802","11","0","0","0","0","0","0","0","0","","0","0","0","","","2","","2","","40 26:41.888","5","0","80 14:07.865","3","0","0","0","2214","0","0","0","N","0","0","0","3","02214","0","","1.0","1854.0","9","N","N","N","0","","2","0","1","","0","N","","2","2","0","0","0","0","0","2","0","2","07","04","","N","","","","","","","","","",""
"2024109168","1720","0","0","0","0","0","0","0","0","0","7","0","","02","12","2024","2","40.519056","-79.860139","1715","11","0","0","0","0","0","1","0","0","","0","0","0","","","0","N","0","","40 31:08.600","","0","79 51:36.500","0","0","0","0","2112","0","0","0","N","0","0","0","1","02112","0","","5.0","","1","N","N","N","0","","0","0","1","","0","","","1","0","0","0","0","0","0","2","0","1","03","03","","N","","","","","","","","","",""
"2024117186","1526","1","0","0","0","0","0","0","0","0","1","0","","02","12","2024","3","40.370683","-80.049432","1525","11","0","0","0","0","0","1","0","0","","0","0","0","","","2","N","0","","40 22:14.458","1","0","80 02:57.954","3","0","0","0","2109","0","0","0","N","0","0","0","3","02109","0","","1.0","1600.0","9","N","N","N","0","","2","0","1","","0","N","","2","2","0","0","0","0","0","2","0","2","07","03","","N","","","","","","","","","",""
"2024083036","2252","0","0","0","0","0","0","0","0","0","4","0","","02","8","2024","4","40.413451","-80.042749","2240","11","0","0","0","0","0","0","0","0","","0","0","0","","","0","","1","","40 24:48.423","","0","80 02:33.897","9","0","0","0","2301","0","0","0","N","0","0","0","2","02301","0","","1.0","","1","N","N","N","0","","0","0","2","","3","","","2","0","0","0","0","0","1","2","0","2","03","03","","N","","","","","","","","","",""
"2024103394","1950","2","0","0","0","0","0","0","0","0","7","0","","02","11","2024","6","40.443238","-80.096501","1940","11","0","0","0","0","0","1","0","0","","0","0","0","","","0","N","0","","40 26:35.655","1","0","80 05:47.404","0","0","0","0","2115","0","0","0","N","0","0","0","4","02115","0","","1.0","2015.0","9","N","N","N","0","","0","0","1","","0","N","","3","0","0","0","0","0","0","2","0","3","07","98","","N","","","","","","","","","",""
"2024116186","2312","2","0","0","0","0","0","0","0","0","1","0","","02","12","2024","7","40.464541","-79.852514","2306","11","0","0","0","0","0","0","0","0","","0","0","0","","","1","N","0","","40 27:52.349","","0","79 51:09.049","3","0","0","0","2113","0","0","0","N","0","0","0","2","02113","0","","1.0","","9","N","N","N","0","","1","0","0","","0","","","3","1","0","0","0","0","1","2","0","3","10","10","","N","","","","","","","","","",""
"2024110514","0134","0","0","0","0","0","0","0","0","0","7","0","","02","12","2024","5","40.433695","-80.142443","0134","11","0","0","0","0","0","0","0","0","","0","0","0","","","0","N","0","","40 26:01.303","","0","80 08:32.795","0","0","0","0","2115","0","0","0","N","0","0","0","1","68B03","0","","3.0","","6","N","N","N","0","","0","0","1","","0","","","1","0","0","0","0","0","0","2","0","1","10","10","","N","","","","","","","","","",""
"2024112877","1826","0","0","0","0","0","0","0","0","0","4","0","","02","12","2024","6","40.605535","-80.051214","1820","11","0","0","0","0","0","1","0","0","","0","0","0","","","0","N","0","","40 36:19.925","","7","80 03:04.372","0","0","0","0","2108","0","0","0","N","0","0","0","2","02108","0","","1.0","","1","N","N","N","1","","0","0","1","","0","","","2","0","0","0","0","0","0","2","0","2","03","","","N","","","","","","","","","",""
"2024118302","1721","0","0","0","0","0","0","0","0","0","98","0","","02","12","2024","4","40.325525","-79.928217","1715","11","0","0","0","0","0","0","0","0","","0","0","0","","","0","N","0","","40 19:31.891","","0","79 55:41.580","0","0","0","0","2473","0","0","0","N","0","0","0","2","02473","0","","1.0","","1","N","N","N","0","","0","0","1","","0","","","1","0","0","0","0","0","0","2","0","1","03","03","","N","","","","","","","","","",""
"2024087565","2011","1","0","0","0","0","0","0","0","0","1","0","","02","3","2024","2","40.4541","-79.890742","2002","11","0","0","0","0","0","1","0","0","","0","0","0","","","1","","1","","40 27:14.760","","0","79 53:26.670","3","0","0","0","2301","0","0","0","N","0","0","0","2","02301","0","","1.0","","1","N","N","N","1","","1","0","0","","3","","","2","1","0","0","0","0","1","2","0","2","03","","","N","","","","","","","","","",""
"2024107698","1442","0","0","0","0","0","0","0","0","0","4","0","","02","11","2024","4","40.360661","-80.111287","1439","11","0","0","0","0","0","1","0","0","","0","0","0","","","1","N","0","","40 21:38.380","2","7","80 06:40.633","3","0","0","0","2414","0","0","0","N","0","0","0","2","02414","0","","1.0","1510.0","1","N","N","N","0","","1","0","2","","0","Y","","2","1","0","0","0","0","0","2","0","2","03","","","N","","","","","","","","","",""
"2024107030","0934","2","0","0","0","0","0","0","0","0","4","0","","02","11","2024","3","40.432254","-79.865017","0929","11","0","0","0","0","0","0","0","0","","0","0","0","","","0","","3","","40 25:56.116","3","0","79 51:54.060","0","0","0","0","2431","0","0","0","N","0","0","0","3","02431","0","","1.0","955.0","1","N","N","N","1","","0","0","0","","2","N","","3","0","1","0","0","0","0","2","0","3","04","","","N","","","","","","","","","",""
"2024109920","1700","0","0","0","0","0","0","0","0","0","3","0","","02","12","2024","5","40.320722","-79.974361","1648","11","0","0","0","0","0","0","0","0","","0","0","0","","","0","N","0","","40 19:14.600","5","7","79 58:27.700","0","0","0","0","2440","0","0","0","N","0","0","0","3","02440","0","","1.0","1742.0","1","N","N","N","1","","0","0","1","","0","N","","2","0","0","0","0","0","0","2","0","2","04","10","","N","","","","","","","","","",""
"2024099800","1305","0","0","0","0","0","0","0","0","0","4","0","","02","11","2024","5","40.337791","-79.807884","1305","11","0","0","0","0","0","1","0","0","","0","0","0","","","0","Y","0","","40 20:16.047","","7","79 48:28.382","0","0","0","0","2477","0","0","0","N","0","0","0","3","02477","0","","1.0","","1","N","N","N","0","","0","0","1","","0","","","2","0","0","0","0","0","0","2","1","2","03","","","N","","","","","","","","","",""
"2024107901","0041","0","0","0","0","0","0","0","0","0","7","0","","02","11","2024","6","40.465306","-79.824472","0030","11","0","0","0","0","0","0","0","0","","0","0","0","","","0","N","0","","40 27:55.100","3","0","79 49:28.100","0","0","0","0","2113","0","0","0","N","0","0","0","1","02113","0","","9.0","138.0","9","N","N","N","0","","0","0","1","","0","N","","1","0","0","0","0","0","0","2","0","1","03","","","N","","","","","","","","","",""
"2024112179","2000","1","0","0","0","0","0","0","0","0","6","0","","02","12","2024","2","40.438222","-79.982611","1955","11","0","0","0","0","0","0","0","0","","0","0","0","","","0","N","0","","40 26:17.600","1","0","79 58:57.400","9","0","0","0","2301","0","0","0","N","0","0","0","2","02301","0","","6.0","2045.0","9","N","N","N","0","","0","0","1","","0","N","","2","0","0","0","0","0","1","2","0","2","03","03","","N","","","","","","","","","",""
"2024108256","0115","1","0","0","0","0","0","0","0","0","7","0","","02","11","2024","1","40.392706","-79.934541","0109","11","0","0","0","0","0","0","0","0","","0","0","0","","","0","N","0","","40 23:33.740","5","2","79 56:04.348","9","0","0","0","2301","0","0","0","N","0","0","0","1","02301","0","","2.0","147.0","1","N","N","N","0","","0","0","0","","0","N","","1","0","0","0","0","0","1","2","0","1","03","03","","N","","","","","","","","","",""
"2024105063","2328","1","0","0","0","0","0","0","0","0","7","0","","02","11","2024","4","40.549084","-79.888694","2319","11","0","0","0","0","0","0","1","0","","0","0","0","","","0","N","0","","40 32:56.702","6","0","79 53:19.298","0","0","0","0","2432","0","0","0","N","0","0","0","1","02432","0","","2.0","900.0","9","N","N","N","0","","0","0","0","","0","Y","","1","0","0","0","0","0","0","2","0","1","03","","","N","","","","","","","","","",""
"2024118635","1248","1","0","0","0","0","0","0","0","0","1","0","","02","12","2024","6","40.432213","-79.801066","1243","11","0","0","0","0","0","0","0","0","","0","0","0","","","1","Y","0","","40 25:55.966","3","3","79 48:03.839","3","0","0","0","2446","0","0","0","N","0","0","0","3","02446","0","","1.0","1300.0","9","N","N","N","0","","1","0","0","","2","N","","3","1","0","0","0","0","0","2","2","3","07","07","","N","","","","","","","","","",""
"2024110581","0710","1","0","0","0","0","0","0","0","0","4","0","","02","12","2024","6","40.399971","-79.834751","0704","11","0","0","0","0","0","0","0","0","","0","0","0","","","2","","1","","40 23:59.894","4","0","79 50:05.105","3","0","0","0","2425","0","0","0","N","0","0","0","2","02515","0","","1.0","800.0","1","N","N","Y","0","","2","0","1","","2","N","","2","2","0","0","0","0","0","2","0","2","03","03","","N","","","","","","","","","",""
"2024085826","1634","1","0","0","0","0","0","0","0","0","4","0","","02","2","2024","3","40.457183","-80.013523","1631","11","0","0","0","0","0","1","0","0","","0","0","0","","","0","","1","","40 27:25.858","","0","80 00:48.683","0","0","0","0","2301","0","0","0","N","0","0","0","2","02301","0","","1.0","","1","N","N","N","0","","0","0","1","","3","N","","2","0","0","0","0","0","0","2","0","2","03","","","N","","","","","","","","","",""
"2024115609","1502","0","0","0","0","0","0","0","0","0","4","0","","02","12","2024","6","40.3758","-80.098018","1501","11","0","0","0","0","0","2","1","0","","0","0","0","","","0","N","0","","40 22:32.880","","0","80 05:52.866","0","0","0","0","2102","0","0","0","N","0","0","0","4","02102","0","","1.0","","1","N","N","N","1","","0","0","2","","2","","","3","0","0","0","0","0","0","2","0","3","10","03","","N","","","","","","","","","",""
"2024087583","2048","0","0","0","0","0","0","0","0","0","4","0","","02","3","2024","4","40.432815","-80.005042","2044","11","0","0","0","0","0","1","0","0","","0","0","0","","","1","","2","","40 25:58.135","","0","80 00:18.151","3","0","0","1","2301","0","0","0","N","0","0","0","2","02301","0","","1.0","","1","N","N","N","0","","1","0","1","","2","","","2","1","0","0","0","0","0","2","0","2","03","","","N","","","","","","","","","",""
"2024113706","0003","0","0","0","0","0","0","0","0","0","7","0","","02","12","2024","7","40.502806","-80.067979","2358","11","0","0","0","0","0","0","0","0","","0","0","0","","","0","N","2","","40 30:10.103","5","0","80 04:04.724","9","0","0","0","2402","0","0","0","N","0","0","0","1","02402","0","","5.0","35.0","9","N","N","N","0","","0","0","1","","0","Y","","1","0","0","0","0","0","1","2","0","1","03","03","","N","","","","","","","","","",""
"2024117434","1500","2","0","0","0","0","0","0","0","0","1","0","","02","12","2024","5","40.548317","-80.069746","1453","11","0","0","0","0","0","0","0","1","","0","0","0","","","1","","2","","40 32:53.940","6","0","80 04:11.086","3","0","0","0","2481","0","0","0","N","0","0","0","3","02481","0","","1.0","1505.0","1","N","N","Y","0","","1","0","1","","0","Y","","3","1","0","0","0","0","0","2","0","3","03","03","","N","","","","","","","","","",""
"2024118329","0720","4","0","0","0","0","0","0","0","0","5","0","","02","9","2024","4","40.420882","-80.041281","0703","11","0","0","0","0","0","0","0","0","","0","0","0","","","0","N","0","","40 25:15.174","","0","80 02:28.612","0","0","0","0","2435","0","0","0","N","0","0","0","5","68B03","0","","1.0","","1","N","N","N","0","","0","0","1","","0","","","5","0","0","0","0","0","0","2","0","5","03","","","N","","","","","","","","","",""
"2024109532","1433","0","0","0","0","0","0","0","0","0","4","0","","02","12","2024","4","40.601133","-80.048826","1429","11","1","0","1","0","0","0","0","0","","0","0","0","","","2","N","0","","40 36:04.079","2","7","80 02:55.773","8","0","0","0","2108","0","0","0","N","0","0","0","3","02108","0","","1.0","1514.0","1","N","N","N","1","","0","0","0","","0","N","","2","2","0","0","0","2","0","2","1","2","04","","","N","","","","","","","","","",""
"2024117682","1126","0","0","0","0","0","0","0","0","0","4","0","","02","12","2024","4","40.355871","-80.050384","1125","11","0","0","0","0","0","2","2","0","","0","0","0","","","1","N","0","","40 21:21.137","5","7","80 03:01.384","8","0","0","0","2109","0","0","0","N","0","0","0","7","02109","0","","1.0","1201.0","9","N","N","N","1","","0","0","3","","0","N","","4","1","0","0","0","1","0","2","0","4","07","07","","N","","","","","","","","","",""
"2024112267","0241","2","0","0","0","0","0","0","0","0","5","0","","02","12","2024","1","40.426025","-79.926485","0232","11","0","0","0","0","0","0","0","0","","0","0","0","","","1","N","0","","40 25:33.691","1","2","79 55:35.345","4","0","0","0","2301","0","0","0","N","0","0","0","1","02301","1","","2.0","338.0","1","N","N","N","0","","0","0","1","","0","N","","3","1","0","0","0","0","0","2","0","3","03","03","","N","","","","","","","","","",""
"2024118581","1535","1","0","0","0","0","0","0","0","0","2","0","","02","12","2024","5","40.375954","-79.984002","1530","11","0","0","0","0","0","0","0","1","","0","0","0","","","2","N","0","","40 22:33.436","2","7","79 59:02.407","3","0","0","0","2413","0","0","0","N","0","0","0","2","02413","0","","1.0","1608.0","1","N","N","N","0","","2","0","1","","0","Y","","2","2","0","0","0","0","0","2","0","2","03","","","N","","","","","","","","","",""
"2024117585","0309","1","0","0","0","0","0","0","0","0","7","0","","02","12","2024","7","40.447776","-79.849374","0307","11","0","0","0","0","0","0","0","0","","0","0","0","","","0","","2","","40 26:51.995","","0","79 50:57.747","0","0","0","0","2419","0","0","0","N","0","0","0","1","02419","0","","2.0","","2","N","N","N","0","","0","0","0","","0","","","1","0","0","0","0","0","0","2","0","1","98","10","","N","","","","","","","","","",""
"2024087572","2300","1","0","0","0","0","0","0","0","0","1","0","","02","3","2024","3","40.414663","-80.009396","2254","11","0","0","0","0","0","0","1","0","","0","0","0","","","1","N","0","","40 24:52.786","","4","80 00:33.826","3","0","0","0","2301","0","0","0","N","0","0","0","3","02301","0","","1.0","","1","N","N","N","0","","1","0","2","","0","","","3","1","0","0","0","0","0","2","0","3","03","03","","N","","","","","","","","","",""
"2024113173","1358","0","0","0","1","0","0","0","0","0","8","0","","02","12","2024","7","40.577856","-80.22035","1356","11","0","0","0","0","0","0","0","0","","0","0","0","","","1","","1","","40 34:40.283","2","0","80 13:13.260","8","0","0","0","2441","1","0","0","N","0","0","0","2","02441","0","","1.0","230.0","1","N","N","N","0","","0","0","1","","3","Y","","2","1","0","0","0","1","0","2","0","1","03","","","N","","","","","","","","","",""
"2024112409","0925","0","0","0","0","0","0","0","0","0","7","0","","02","12","2024","5","40.412556","-80.009361","0916","11","0","0","0","0","0","0","0","0","","0","0","0","","","0","N","0","","40 24:45.200","3","0","80 00:33.700","0","0","0","0","2301","0","0","0","Y","0","0","0","2","02301","0","","4.0","955.0","9","N","N","N","0","","0","0","1","","0","N","","1","0","0","0","0","0","0","2","0","1","03","","","N","","","","","","","","","",""
"2024113106","1305","1","0","0","0","0","0","0","0","0","4","0","","02","12","2024","6","40.510379","-79.830988","1255","11","0","0","0","0","0","1","0","0","","0","0","0","","","1","","1","","40 30:37.363","","0","79 49:51.556","3","0","0","0","2113","0","0","0","N","0","0","0","2","02113","0","","1.0","","1","N","N","N","1","","1","0","0","","3","","","2","1","0","0","0","0","0","2","0","2","03","","","N","","","","","","","","","",""
"2024116129","1330","0","0","0","0","0","0","0","0","0","4","0","","02","12","2024","7","40.347259","-79.816722","1328","11","0","0","0","0","0","0","1","0","","0","0","0","","","0","Y","0","","40 20:50.133","","7","79 49:00.198","0","0","0","0","2477","0","0","0","N","0","0","0","3","02477","0","","1.0","","9","N","N","N","0","","0","0","2","","0","","","2","0","0","0","0","0","0","2","0","2","02","10","","N","","","","","","","","","",""
"2024089104","1610","2","0","0","0","0","0","0","0","0","1","0","","02","5","2024","1","40.439467","-79.919503","1607","11","0","0","0","0","0","0","0","0","","0","0","0","","","1","Y","0","","40 26:22.080","5","0","79 55:10.210","4","0","0","0","2301","0","0","0","N","0","0","0","1","02301","1","","6.0","1700.0","1","N","N","N","0","","0","0","0","","0","N","","2","1","0","0","0","0","0","2","0","2","03","","","N","","","","","","","","","",""
"2024111991","1150","0","0","0","0","0","0","0","0","0","1","0","","02","12","2024","1","40.424677","-79.859302","1148","11","0","0","0","0","0","0","0","0","","0","0","0","","","0","","1","","40 25:28.836","4","0","79 51:33.488","0","0","0","0","2431","0","0","0","N","0","0","0","2","02431","0","","1.0","1240.0","1","N","N","N","0","","0","0","1","","2","N","","2","0","0","0","0","0","0","2","1","2","03","","","N","","","","","","","","","",""
"2024100157","1517","0","0","0","0","0","0","0","0","0","4","0","","02","11","2024","6","40.516233","-79.843314","1514","11","0","0","0","0","0","0","0","0","","0","0","0","","","1","","1","","40 30:58.437","1","0","79 50:35.929","4","0","0","0","2451","0","0","0","N","0","0","0","4","02451","1","","1.0","1543.0","1","N","N","N","0","","0","0","2","","3","N","","2","1","0","0","0","0","0","2","0","2","03","","","N","","","","","","","","","",""
"2024112797","1000","0","0","0","0","0","0","0","0","0","4","0","","02","12","2024","6","40.474325","-79.821925","0952","11","0","0","0","0","0","2","0","0","","0","0","0","","","1","","1","","40 28:27.571","6","0","79 49:18.931","4","0","0","0","2113","0","0","0","N","0","0","0","2","02113","1","","1.0","1025.0","9","N","N","N","0","","0","0","2","","2","N","","2","1","0","0","0","0","0","2","0","2","03","03","","N","","","","","","","","","",""
"2024110403","1517","0","0","0","0","0","0","0","0","0","4","0","","02","12","2024","6","40.445485","-79.76524","1511","11","0","0","0","0","0","1","0","0","","0","0","0","","","0","","1","","40 26:43.746","","0","79 45:54.863","0","0","0","0","2446","0","0","0","N","0","0","0","2","02446","0","","1.0","","1","N","N","N","0","","0","0","1","","3","","","2","0","0","0","0","0","0","2","1","2","04","","","N","","","","","","","","","",""
"2024109518","1041","1","0","0","0","0","0","0","0","0","1","0","","02","12","2024","4","40.567412","-80.007309","1040","11","0","0","0","1","0","1","0","0","","0","0","0","","","0","N","0","","40 34:02.683","4","7","80 00:26.312","0","0","0","0","2108","0","0","0","N","0","0","0","2","02108","0","","1.0","1107.0","1","N","N","N","0","","0","0","1","","0","N","","2","0","0","0","0","0","0","2","0","2","04","","","N","","","","","","","","","",""
"2024101727","1749","0","0","0","0","0","0","0","0","0","98","0","","02","11","2024","6","40.325788","-80.153199","1743","11","0","0","0","0","0","0","0","0","","0","0","0","","","0","N","0","","40 19:32.835","3","0","80 09:11.515","0","0","0","0","2119","0","0","0","N","0","0","0","1","02119","0","","1.0","1833.0","1","N","N","N","0","","0","0","1","","0","N","","1","0","0","0","0","0","0","2","0","1","03","","","N","","","","","","","","","",""
"2024103836","1753","1","0","0","0","0","0","0","0","0","7","0","","02","11","2024","5","40.507389","-80.017806","1748","11","0","0","0","0","0","0","0","0","","0","0","0","","","0","N","0","","40 30:26.600","1","0","80 01:04.100","0","0","0","0","2116","0","0","0","N","0","0","0","1","02116","0","","4.0","1815.0","9","N","N","N","0","","0","0","0","","0","N","","1","0","1","0","0","0","0","2","0","1","07","07","","N","","","","","","","","","",""
"2024111318","2108","1","0","0","0","0","0","0","0","0","7","0","","02","11","2024","4","40.52085","-80.190731","2100","11","0","0","0","0","0","0","0","0","","0","0","0","","","0","N","0","","40 31:15.060","","0","80 11:26.630","0","0","0","0","2213","0","0","0","N","0","0","0","1","02213","0","","4.0","","9","N","N","N","0","","0","0","0","","0","","","1","0","0","0","0","0","0","2","0","1","07","","","N","","","","","","","","","",""
"2024105708","0633","0","0","0","0","0","0","0","0","0","1","0","","02","11","2024","4","40.275142","-79.892555","0631","11","0","0","0","0","0","0","0","0","","0","0","0","","","1","N","6","","40 16:30.511","2","2","79 53:33.198","8","0","0","0","2471","0","0","0","N","0","0","0","2","02440","0","","1.0","710.0","9","N","N","N","0","","0","0","2","","3","N","","2","1","0","0","0","1","0","2","0","2","03","","","N","","","","","","","","","",""
"2024101217","1813","0","0","0","0","0","0","0","0","0","4","0","","02","11","2024","1","40.372942","-80.099273","1808","11","0","0","0","0","0","1","0","0","","0","0","0","","","0","","2","","40 22:22.592","5","2","80 05:57.384","0","0","0","0","2102","0","0","0","N","0","0","0","2","02102","0","","1.0","1843.0","9","N","N","N","0","","0","0","1","","2","N","","2","0","0","0","0","0","0","2","1","2","07","07","","N","","","","","","","","","",""
"2024106543","1946","0","0","0","0","0","0","0","0","0","5","0","","02","11","2024","6","40.435083","-79.782833","1941","11","0","0","0","0","0","0","0","0","","0","0","0","","","0","N","0","","40 26:06.300","4","0","79 46:58.200","0","0","0","0","2446","0","0","0","N","0","0","0","2","02446","0","","1.0","2000.0","9","N","N","N","0","","0","0","2","","0","N","","2","0","0","0","0","0","0","2","0","2","07","04","","N","","","","","","","","","",""
"2024089089","0147","0","0","0","0","0","0","0","0","0","4","0","","02","5","2024","1","40.414326","-79.992048","0143","11","0","0","0","0","0","0","0","0","","0","0","0","","","0","","2","","40 24:51.574","4","0","79 59:31.371","0","0","0","0","2301","0","0","0","N","0","0","0","2","02301","0","","1.0","210.0","1","N","N","N","0","","0","0","2","","0","N","","2","0","0","0","0","0","0","2","0","2","03","03","","N","","","","","","","","","",""
"2024092789","2241","0","0","0","0","0","0","0","0","0","7","0","","02","10","2024","1","40.323559","-79.788058","2240","11","0","0","0","0","1","0","0","0","","0","0","0","","","0","","1","","40 19:24.813","7","0","79 47:17.007","0","0","0","0","2477","0","0","0","N","0","0","0","1","02477","0","","4.0","2315.0","1","N","N","N","0","","0","0","1","","0","Y","","1","0","0","0","0","0","0","2","0","1","03","03","","N","","","","","","","","","",""
"2024114730","0549","2","0","0","0","0","0","0","0","0","4","0","","02","12","2024","1","40.377618","-79.959719","0546","11","0","0","0","0","0","0","0","0","","0","0","0","","","0","","2","","40 22:39.425","1","0","79 57:34.989","0","0","0","0","2403","0","0","0","N","0","0","0","2","02403","0","","1.0","620.0","1","N","N","N","0","","0","0","0","","3","N","","2","0","0","0","0","0","0","2","0","2","03","","","N","","","","","","","","","",""
"2024089212","1820","1","0","0","0","0","0","0","0","0","8","0","","02","5","2024","7","40.441408","-80.003872","1813","11","0","0","0","0","0","0","0","0","","0","0","0","","","1","","1","","40 26:29.070","","0","80 00:13.939","4","0","0","0","2301","1","0","0","N","1","0","0","2","02301","1","","1.0","","9","N","N","N","0","","0","0","0","","2","","","2","1","0","0","0","0","0","2","0","1","04","","","N","","","","","","","","","",""