"CRN","ARRIVAL_TM","AUTOMOBILE_COUNT","BELTED_DEATH_COUNT","BELTED_SUSP_SERIOUS_INJ_COUNT","BICYCLE_COUNT","BICYCLE_DEATH_COUNT","BICYCLE_SUSP_SERIOUS_INJ_COUNT","BUS_COUNT","CHLDPAS_DEATH_COUNT","CHLDPAS_SUSP_SERIOUS_INJ_COUNT","COLLISION_TYPE","COMM_VEH_COUNT","CONS_ZONE_SPD_LIM","COUNTY","CRASH_MONTH","CRASH_YEAR","DAY_OF_WEEK","DEC_LATITUDE","DEC_LONGITUDE","DISPATCH_TM","DISTRICT","DRIVER_COUNT_16YR","DRIVER_COUNT_17YR","DRIVER_COUNT_18YR","DRIVER_COUNT_19YR","DRIVER_COUNT_20YR","DRIVER_COUNT_50_64YR","DRIVER_COUNT_65_74YR","DRIVER_COUNT_75PLUS","EST_HRS_CLOSED","FATAL_COUNT","HEAVY_TRUCK_COUNT","HORSE_BUGGY_COUNT","HOUR_OF_DAY","ILLUMINATION","INJURY_COUNT","INTERSECTION_RELATED","INTERSECT_TYPE","LANE_CLOSED","LATITUDE","LN_CLOSE_DIR","LOCATION_TYPE","LONGITUDE","MAX_SEVERITY_LEVEL","MCYCLE_DEATH_COUNT","MCYCLE_SUSP_SERIOUS_INJ_COUNT","MOTORCYCLE_COUNT","MUNICIPALITY","NONMOTR_COUNT","NONMOTR_DEATH_COUNT","NONMOTR_SUSP_SERIOUS_INJ_COUNT","NTFY_HIWY_MAINT","PED_COUNT","PED_DEATH_COUNT","PED_SUSP_SERIOUS_INJ_COUNT","PERSON_COUNT","POLICE_AGCY","POSSIBLE_INJ_COUNT","RDWY_SURF_TYPE_CD","RELATION_TO_ROAD","ROADWAY_CLEARED","ROAD_CONDITION","SCH_BUS_IND","SCH_ZONE_IND","SECONDARY_CRASH","SMALL_TRUCK_COUNT","SPEC_JURIS_CD","SUSP_MINOR_INJ_COUNT","SUSP_SERIOUS_INJ_COUNT","SUV_COUNT","TCD_FUNC_CD","TCD_TYPE","TFC_DETOUR_IND","TIME_OF_DAY","TOTAL_UNITS","TOT_INJ_COUNT","UNBELTED_OCC_COUNT","UNB_DEATH_COUNT","UNB_SUSP_SERIOUS_INJ_COUNT","UNK_INJ_DEG_COUNT","UNK_INJ_PER_COUNT","URBAN_RURAL","VAN_COUNT","VEHICLE_COUNT","WEATHER1","WEATHER2","WORKERS_PRES","WORK_ZONE_IND","WORK_ZONE_LOC","WORK_ZONE_TYPE","WZ_CLOSE_DETOUR","WZ_FLAGGER","WZ_LAW_OFFCR_IND","WZ_LN_CLOSURE","WZ_MOVING","WZ_OTHER","WZ_SHLDER_MDN","WZ_WORKERS_INJ_KILLED"
"2024103649","1659","0","0","0","0","0","0","0","0","0","7","0","","02","11","2024","2","40.512107","-79.961293","1658","11","0","0","0","0","0","0","0","1","","0","0","0","","","1","N","0","","40 30:43.585","1","0","79 57:40.656","3","0","0","0","2118","0","0","0","Y","0","0","0","1","02118","0","","4.0","1659.0","1","N","N","N","0","","1","0","1","","0","N","","1","1","0","0","0","0","0","2","0","1","03","03","","N","","","","","","","","","",""
"2024099362","1734","1","0","0","0","0","0","0","0","0","98","0","","02","11","2024","4","40.214652","-79.828585","1725","11","0","1","0","0","0","0","0","0","","0","0","0","","","0","N","0","","40 12:52.747","","0","79 49:42.907","0","0","0","0","2105","0","0","0","N","0","0","0","1","02105","0","","1.0","","1","N","N","N","0","","0","0","0","","0","","","1","0","0","0","0","0","0","1","0","1","","","","N","","","","","","","","","",""
"2024111362","0253","0","0","0","0","0","0","0","0","0","7","0","","02","12","2024","6","40.634921","-79.837736","0253","11","0","0","0","0","0","0","0","0","","0","0","0","","","1","N","0","","40 38:05.715","1","0","79 50:15.850","4","0","0","0","2220","0","0","0","N","0","0","0","1","02220","1","","4.0","500.0","7","N","N","N","0","","0","0","1","","0","N","","1","1","0","0","0","0","0","2","0","1","10","03","","N","","","","","","","","","",""
"2024104879","2143","1","0","0","0","0","0","0","0","0","7","0","","02","11","2024","3","40.511843","-79.791436","2143","11","0","1","0","0","0","0","0","0","","0","0","0","","","0","N","0","","40 30:42.634","","3","79 47:29.169","0","0","0","0","2466","0","0","0","Y","0","0","0","2","02466","0","","4.0","","9","N","N","N","0","","0","0","0","","0","","","1","0","0","0","0","0","0","2","0","1","07","","","N","","","","","","","","","",""
"2024083046","0639","1","0","0","0","0","0","0","0","0","7","0","","02","4","2024","7","40.447721","-80.06182","0636","11","0","0","0","0","0","0","0","0","","0","0","0","","","0","N","0","","40 26:51.794","","0","80 03:42.551","0","0","0","0","2301","0","0","0","N","0","0","0","1","02301","0","","4.0","","1","N","N","N","0","","0","0","0","","0","","","1","0","0","0","0","0","0","2","0","1","03","","","N","","","","","","","","","",""
"2024078645","1706","2","0","0","0","0","0","0","0","0","4","0","","02","8","2024","7","40.510313","-80.094629","1706","11","0","0","0","0","0","0","1","0","","0","0","0","","","0","","1","","40 30:37.125","","0","80 05:40.663","0","0","0","0","2429","0","0","0","N","0","0","0","2","02215","0","","1.0","","1","N","N","N","0","","0","0","0","","2","","","2","0","0","0","0","0","0","2","0","2","03","03","","N","","","","","","","","","",""
"2024102339","0010","1","0","0","0","0","0","0","0","0","2","0","","02","11","2024","4","40.436778","-80.064333","0008","11","0","0","0","0","0","0","0","0","","0","0","0","","","1","N","0","","40 26:12.400","","0","80 03:51.600","4","0","0","0","2421","0","0","0","N","0","0","0","1","02421","1","","6.0","","1","N","N","N","1","","0","0","0","","0","","","2","1","0","0","0","0","0","2","0","2","03","","","N","","","","","","","","","",""
"2024110527","1416","0","0","0","0","0","0","0","0","0","1","0","","02","12","2024","6","40.292382","-79.915459","1413","11","0","0","0","0","0","1","0","0","","0","0","0","","","1","","1","","40 17:32.576","","0","79 54:55.652","4","0","0","0","2440","0","0","0","N","0","0","0","2","02440","1","","1.0","","1","N","N","N","0","","0","0","2","","2","","","2","1","0","0","0","0","0","2","0","2","03","","","N","","","","","","","","","",""
"2024105627","1513","2","0","0","0","0","0","0","0","0","4","0","","02","11","2024","7","40.465988","-79.838475","1513","11","0","0","0","0","1","0","1","0","","0","0","0","","","3","N","0","","40 27:57.558","3","7","79 50:18.509","8","0","0","0","2113","0","0","0","N","0","0","0","3","02113","0","","1.0","1539.0","1","N","N","N","0","","0","0","0","","0","N","","2","3","0","0","0","3","0","2","0","2","03","03","","N","","","","","","","","","",""
"2024067008","1437","0","0","0","0","0","0","0","0","0","7","0","","02","7","2024","4","40.467316","-80.11022","1434","11","0","0","0","0","0","0","0","0","","0","0","0","","","1","N","0","","40 28:02.336","5","0","80 06:36.793","3","0","0","0","2126","0","0","0","N","0","0","0","1","02126","0","","2.0","1509.0","1","N","N","N","0","","1","0","1","","0","N","","1","1","0","0","0","0","0","2","0","1","03","03","","N","","","","","","","","","",""
"2024088252","0718","1","0","0","0","0","0","0","0","0","7","0","","02","4","2024","7","40.479482","-80.043651","0707","11","0","0","0","0","0","0","0","0","","0","0","0","","","0","N","0","","40 28:46.135","","0","80 02:37.142","0","0","0","0","2301","0","0","0","N","0","0","0","1","02301","0","","1.0","","9","N","N","N","0","","0","0","0","","0","","","1","0","0","0","0","0","0","2","0","1","03","","","N","","","","","","","","","",""
"2024089198","2229","1","0","0","0","0","0","0","0","0","5","0","","02","5","2024","5","40.42","-79.901556","2223","11","0","0","0","0","0","0","1","0","","0","0","0","","","1","N","0","","40 25:12.000","7","0","79 54:05.600","4","0","0","0","2301","0","0","0","N","0","0","0","1","02301","1","","1.0","2330.0","1","N","N","N","0","","0","0","2","","0","N","","3","1","0","0","0","0","0","2","0","3","03","03","","N","","","","","","","","","",""
"2024088233","0349","1","0","0","0","0","0","0","0","0","7","0","","02","4","2024","1","40.455056","-80.072472","0335","11","0","0","0","0","0","0","0","0","","0","0","0","","","1","N","0","","40 27:18.200","1","0","80 04:20.900","3","0","0","0","2301","0","0","0","N","0","0","0","1","02301","0","","2.0","430.0","1","N","N","N","0","","1","0","0","","3","N","","1","1","0","0","0","0","0","2","0","1","03","03","","N","","","","","","","","","",""
"2024089103","1535","0","0","0","0","0","0","0","0","0","4","0","","02","5","2024","3","40.427071","-79.938664","1526","11","0","0","0","0","0","0","0","0","","0","0","0","","","0","","1","","40 25:37.455","","0","79 56:19.190","0","0","0","0","2301","0","0","0","N","0","0","0","2","02301","0","","1.0","","1","N","N","N","0","","0","0","2","","2","","","2","0","0","0","0","0","0","2","0","2","03","03","","N","","","","","","","","","",""
"2024107624","2259","0","0","0","0","0","0","0","0","0","7","0","","02","11","2024","4","40.331063","-80.126243","2259","11","0","0","0","0","0","0","0","0","","0","0","0","","","1","N","0","","40 19:51.828","3","0","80 07:34.475","4","0","0","0","2119","0","0","0","N","0","0","0","1","02119","1","","4.0","0.0","9","N","N","N","0","","0","0","1","","0","N","","1","1","0","0","0","0","0","2","0","1","07","","","N","","","","","","","","","",""
"2024088413","2347","2","0","0","0","0","0","0","0","0","4","0","","02","5","2024","3","40.385877","-79.978818","2342","11","0","0","0","0","0","0","0","0","","0","0","0","","","0","","3","","40 23:09.157","7","0","79 58:43.744","0","0","0","0","2301","0","0","0","N","0","0","0","5","02301","0","","5.0","35.0","1","N","N","N","1","","0","0","0","","2","N","","3","0","0","0","0","0","0","2","0","3","03","03","","N","","","","","","","","","",""
"2024096561","2110","0","0","0","0","0","0","0","0","0","7","0","","02","10","2024","7","40.541739","-79.823468","2106","11","0","0","0","0","0","1","0","0","","0","0","0","","","0","N","0","","40 32:30.260","","0","79 49:24.485","0","0","0","0","2208","0","0","0","N","0","0","0","1","68T02","0","","4.0","","1","N","N","N","1","","0","0","0","","0","","","1","0","0","0","0","0","0","2","0","1","03","","","N","","","","","","","","","",""
"2024092727","1545","0","0","0","0","0","0","0","0","0","5","0","","02","10","2024","4","40.390414","-80.087991","1545","11","0","0","0","0","0","0","0","1","","0","0","0","","","1","N","2","","40 23:25.489","5","0","80 05:16.768","8","0","0","0","2437","0","0","0","N","0","0","0","1","02437","0","","1.0","1615.0","1","N","N","N","1","","0","0","1","","0","Y","","2","1","0","0","0","1","0","2","0","2","03","98","","N","","","","","","","","","",""
"2024089123","1603","0","0","0","0","0","0","0","0","0","7","0","","02","5","2024","3","40.420813","-80.015352","1552","11","0","0","0","0","0","0","0","0","","0","0","0","","","1","N","0","","40 25:14.927","","0","80 00:55.266","4","0","0","0","2301","0","0","0","N","0","0","0","2","02301","1","","3.0","","1","N","N","N","0","","0","0","1","","0","","","2","1","0","0","0","0","0","2","1","2","03","03","","N","","","","","","","","","",""
"2024095597","0635","0","0","0","0","0","0","0","0","0","0","0","55","02","9","2024","2","40.444661","-79.770439","0615","11","0","0","0","0","0","1","0","0","","0","0","0","","","1","N","0","","40 26:40.781","3","0","79 46:13.581","3","0","0","1","2446","0","0","0","N","0","0","0","1","68B03","0","","1.0","710.0","9","N","N","N","0","","1","0","0","","0","N","","1","1","0","0","0","0","0","2","0","1","07","","N","Y","3","1","","","N","Y","","","","N"
"2024089151","0552","0","0","0","0","0","0","0","0","0","4","0","","02","5","2024","7","40.448006","-79.89453","0538","11","0","0","0","0","0","0","0","0","","0","0","0","","","2","","1","","40 26:52.822","","0","79 53:40.309","3","0","0","0","2301","0","0","0","N","0","0","0","2","02301","0","","1.0","","1","N","N","N","0","","2","0","2","","2","","","2","2","0","0","0","0","0","2","0","2","03","","","N","","","","","","","","","",""
"2024093243","1946","1","0","0","0","0","0","0","0","0","4","0","","02","6","2024","1","40.378875","-79.923509","1942","11","0","0","0","0","0","1","0","0","","0","0","0","","","1","N","0","","40 22:43.951","5","0","79 55:24.633","3","0","0","0","2301","0","0","0","N","0","0","0","2","02301","0","","1.0","2137.0","9","N","N","N","0","","1","0","1","","0","N","","2","1","0","0","0","0","0","2","0","2","07","","","N","","","","","","","","","",""
"2024089150","2142","2","0","0","0","0","0","0","0","0","4","0","","02","5","2024","7","40.396234","-79.998208","2131","11","0","0","1","0","0","0","0","0","","0","0","0","","","2","","1","","40 23:46.443","7","0","79 59:53.548","3","0","0","0","2301","0","0","0","N","0","0","0","2","02301","0","","1.0","2230.0","9","N","N","N","0","","2","0","0","","2","N","","2","2","0","0","0","0","0","2","0","2","07","","","N","","","","","","","","","",""
"2024088146","2043","1","0","0","0","0","0","0","0","0","1","0","","02","4","2024","5","40.428751","-79.980561","2043","11","0","0","0","0","0","0","0","0","","0","0","0","","","0","N","0","","40 25:43.502","","0","79 58:50.020","0","0","0","0","2301","0","0","0","N","0","0","0","3","02301","0","","1.0","","1","N","N","N","0","","0","0","1","","2","","","2","0","0","0","0","0","0","2","0","2","03","04","","N","","","","","","","","","",""
"2024097615","0737","0","0","0","0","0","0","0","0","0","98","0","","02","11","2024","6","40.542723","-80.035866","0731","11","0","0","0","0","0","0","0","0","","0","0","0","","","0","N","0","","40 32:33.803","1","0","80 02:09.118","0","0","0","0","2108","0","0","0","N","0","0","0","1","02108","0","","1.0","818.0","1","N","N","N","0","","0","0","1","","0","N","","1","0","0","0","0","0","0","2","0","1","03","03","","N","","","","","","","","","",""
"2024092960","1026","2","0","0","0","0","0","0","0","0","4","0","","02","7","2024","3","40.427414","-79.973137","1024","11","0","0","0","0","0","0","1","0","","0","0","0","","","2","","1","","40 25:38.691","","0","79 58:23.292","4","0","0","0","2301","0","0","0","N","0","0","0","6","02301","2","","1.0","","1","N","N","N","0","","0","0","0","","2","","","2","2","0","0","0","0","0","2","0","2","03","","","N","","","","","","","","","",""
"2024082234","2349","1","0","0","0","0","0","0","0","0","3","0","","02","4","2024","7","40.477053","-80.012277","2345","11","0","0","0","0","0","0","0","0","","0","0","0","","","1","N","0","","40 28:37.390","","0","80 00:44.196","8","0","0","0","2301","0","0","0","N","0","0","0","2","02301","0","","4.0","","1","N","N","N","0","","0","0","1","","0","N","","2","1","0","0","0","1","0","2","0","2","03","","","N","","","","","","","","","",""
"2024089127","2100","0","0","0","0","0","0","0","0","0","3","0","","02","5","2024","4","40.388778","-80.019556","2054","11","0","0","1","0","0","0","0","0","","0","0","0","","","0","N","0","","40 23:19.600","6","0","80 01:10.400","0","0","0","0","2301","0","0","0","N","0","0","0","3","02301","0","","6.0","2148.0","1","N","N","N","0","","0","0","3","","0","N","","3","0","0","0","0","0","0","2","0","3","03","","","N","","","","","","","","","",""
"2024089160","2329","0","0","0","0","0","0","0","0","0","7","0","","02","5","2024","1","40.452797","-80.03924","2325","11","0","0","0","0","0","1","0","0","","0","0","0","","","0","","2","","40 27:10.070","6","4","80 02:21.263","0","0","0","0","2301","0","0","0","N","0","0","0","1","02301","0","","5.0","57.0","1","N","N","N","0","","0","0","1","","2","N","","1","0","0","0","0","0","0","2","0","1","04","04","","N","","","","","","","","","",""
"2024089126","1857","0","0","0","0","0","0","0","0","0","8","0","","02","5","2024","4","40.428783","-79.984967","1853","11","0","0","0","0","0","1","0","0","","0","0","0","","","1","","1","","40 25:43.620","","0","79 59:05.881","2","0","0","0","2301","1","0","1","N","1","0","1","2","02301","0","","1.0","","1","N","N","N","0","","0","1","1","","0","","","2","1","0","0","0","0","0","2","0","1","03","03","","N","","","","","","","","","",""
"2024088388","2215","1","0","0","0","0","0","0","0","0","7","0","","02","5","2024","6","40.424924","-79.963652","2212","11","0","0","0","0","0","0","0","0","","0","0","0","","","0","N","0","","40 25:29.728","4","0","79 57:49.147","0","0","0","0","2301","0","0","0","N","0","0","0","1","02301","0","","2.0","2230.0","1","N","N","N","0","","0","0","0","","2","N","","1","0","0","0","0","0","0","2","0","1","03","04","","N","","","","","","","","","",""
"2024088374","1512","2","0","0","0","0","0","0","0","0","4","0","","02","5","2024","4","40.441368","-79.963416","1450","11","0","0","0","1","0","0","0","0","","0","0","0","","","1","","2","","40 26:28.926","3","7","79 57:48.299","8","0","0","0","2301","0","0","0","N","0","0","0","3","02301","0","","1.0","1636.0","1","N","N","N","0","","0","0","1","","0","N","","3","1","1","0","0","1","0","2","0","3","03","03","","N","","","","","","","","","",""
"2024084984","0021","0","0","0","0","0","0","0","0","0","4","0","","02","7","2024","1","40.459209","-79.970694","0021","11","0","0","0","0","0","1","0","0","","0","0","0","","","0","","1","","40 27:33.152","4","0","79 58:14.500","0","0","0","0","2301","0","0","0","N","0","0","0","3","02301","0","","1.0","40.0","1","N","N","N","0","","0","0","2","","2","N","","2","0","0","0","0","0","0","2","0","2","03","","","N","","","","","","","","","",""
"2024088067","1811","1","0","0","0","0","0","0","0","0","7","0","","02","4","2024","7","40.416333","-80.025056","1809","11","0","0","0","0","0","0","0","0","","0","0","0","","","0","","1","","40 24:58.800","","0","80 01:30.200","0","0","0","0","2301","0","0","0","N","0","0","0","1","02301","0","","5.0","","1","N","N","N","0","","0","0","0","","0","","","2","0","0","0","0","0","0","2","0","1","03","03","","N","","","","","","","","","",""
"2024083316","0821","1","0","0","0","0","0","0","0","0","7","0","","02","7","2024","6","40.627141","-80.096807","0810","11","0","0","0","0","0","0","1","0","","0","0","0","","","0","N","0","","40 37:37.707","","0","80 05:48.506","0","0","0","0","2212","0","0","0","N","0","0","0","1","68B03","0","","4.0","","1","N","N","N","0","","0","0","0","","0","","","1","0","0","0","0","0","0","2","0","1","03","","","N","","","","","","","","","",""
"2024084981","2237","0","0","0","0","0","0","0","0","0","0","0","","02","7","2024","4","40.441474","-79.984996","2235","11","0","0","0","0","0","1","0","0","","0","0","0","","","1","","1","","40 26:29.307","","0","79 59:05.984","2","0","1","1","2301","0","0","0","N","0","0","0","1","02301","0","","1.0","","99","N","N","N","0","","0","1","0","","0","","","2","1","0","0","0","0","0","2","0","1","04","07","","N","","","","","","","","","",""
"2024093239","1319","1","0","0","0","0","0","0","0","0","4","0","","02","6","2024","7","40.438552","-80.005748","1316","11","0","0","0","0","0","0","0","1","","0","0","0","","","0","","2","","40 26:18.786","4","0","80 00:20.693","0","0","0","0","2301","0","0","0","N","0","0","0","5","02301","0","","1.0","1325.0","1","N","N","N","1","","0","0","0","","2","N","","2","0","0","0","0","0","0","2","0","2","03","","","N","","","","","","","","","",""
"2024088392","1305","2","0","0","0","0","0","0","0","0","1","0","","02","5","2024","7","40.403949","-80.039996","1256","11","0","0","0","0","0","1","1","0","","0","0","0","","","0","","1","","40 24:14.216","3","0","80 02:23.985","0","0","0","0","2301","0","0","0","N","0","0","0","5","02301","0","","1.0","1330.0","9","N","N","N","0","","0","0","1","","2","N","","3","0","0","0","0","0","0","2","0","3","07","","","N","","","","","","","","","",""
"2024095564","2158","1","0","0","0","0","0","0","0","0","5","0","","02","10","2024","7","40.432491","-80.140355","2051","11","0","0","1","0","0","0","0","0","","0","0","0","","","1","N","0","","40 25:56.967","3","0","80 08:25.279","4","0","0","0","2115","0","0","0","N","0","0","0","2","68B03","1","","1.0","2200.0","1","N","N","Y","0","","0","0","1","","0","N","","2","1","0","0","0","0","0","2","0","2","03","03","","N","","","","","","","","","",""
"2024089145","0332","1","0","0","1","0","0","0","0","0","8","0","","02","5","2024","7","40.448106","-79.988592","0331","11","0","0","0","0","0","0","0","0","","0","0","0","","","1","N","0","","40 26:53.180","","0","79 59:18.930","8","0","0","0","2301","1","0","0","N","0","0","0","2","02301","0","","6.0","","1","N","N","N","0","","0","0","0","","0","","","2","1","1","0","0","1","0","2","0","1","03","03","","N","","","","","","","","","",""
"2024089115","1724","2","0","0","0","0","0","0","0","0","4","0","","02","5","2024","3","40.449413","-79.985733","1710","11","0","0","0","1","0","0","0","0","","0","0","0","","","0","","1","","40 26:57.888","5","0","79 59:08.637","0","0","0","0","2301","0","0","0","N","0","0","0","2","02301","0","","1.0","1730.0","1","N","N","N","0","","0","0","0","","3","N","","2","0","0","0","0","0","0","2","0","2","03","03","","N","","","","","","","","","",""
"2024093238","1211","2","0","0","0","0","0","0","0","0","5","0","","02","6","2024","7","40.410969","-80.006051","1158","11","0","0","0","0","0","0","0","0","","0","0","0","","","0","","1","","40 24:39.487","","0","80 00:21.782","0","0","0","0","2301","0","0","0","N","0","0","0","6","02301","0","","1.0","","1","N","N","N","0","","0","0","1","","2","","","3","0","0","0","0","0","0","2","0","3","03","","","N","","","","","","","","","",""
"2024094301","0659","1","0","0","0","0","0","0","0","0","7","0","","02","10","2024","3","40.505861","-79.793169","0652","11","0","0","0","0","1","0","0","0","","0","0","0","","","1","N","2","","40 30:21.099","","0","79 47:35.409","3","0","0","0","2113","0","0","0","N","0","0","0","3","02113","0","","5.0","","1","N","N","N","0","","1","0","0","","0","","","1","1","0","0","0","0","0","2","0","1","03","03","","N","","","","","","","","","",""
"2024088283","1027","1","0","0","0","0","0","0","0","0","1","0","","02","4","2024","7","40.460785","-79.915897","1020","11","0","0","0","0","0","1","0","0","","0","0","0","","","0","","1","","40 27:38.826","","99","79 54:57.230","0","0","0","0","2301","0","0","0","N","0","0","0","1","02301","0","","1.0","","1","N","N","N","0","","0","0","0","","2","","","2","0","0","0","0","0","0","2","0","2","03","","","N","","","","","","","","","",""
"2024088132","1508","1","0","0","0","0","0","0","0","0","4","0","","02","4","2024","5","40.462064","-80.030826","1504","11","0","0","0","0","0","1","0","0","","0","0","0","","","1","","1","","40 27:43.429","","2","80 01:50.974","4","0","0","0","2301","0","0","0","N","0","0","0","4","02301","1","","1.0","","1","N","N","N","0","","0","0","0","","2","","","2","1","0","0","0","0","0","2","1","2","03","","","N","","","","","","","","","",""
"2024088235","1614","3","0","0","0","0","0","0","0","0","1","0","","02","4","2024","2","40.454361","-79.947722","1602","11","0","0","0","0","0","0","1","0","","0","0","0","","","0","","1","","40 27:15.700","","0","79 56:51.800","0","0","0","0","2301","0","0","0","N","0","0","0","3","02301","0","","1.0","","1","N","N","N","0","","0","0","0","","1","","","3","0","0","0","0","0","0","2","0","3","03","","","N","","","","","","","","","",""
"2024089105","1707","1","0","0","0","0","0","0","0","0","4","0","","02","5","2024","2","40.462129","-79.926817","1651","11","0","0","0","0","0","0","0","1","","0","0","0","","","2","","1","","40 27:43.663","","0","79 55:36.540","3","0","0","0","2301","0","0","0","N","0","0","0","4","02301","1","","1.0","","1","N","N","N","0","","1","0","1","","3","","","2","2","0","0","0","0","0","2","0","2","03","03","","N","","","","","","","","","",""
"2024088229","1500","1","0","0","0","0","0","0","0","0","4","0","","02","4","2024","2","40.435833","-79.972778","1500","11","0","0","1","0","0","0","1","0","","0","0","0","","","1","","2","","40 26:09.000","3","0","79 58:22.000","3","0","0","0","2301","0","0","0","N","0","0","0","4","02301","0","","1.0","100.0","1","N","N","N","0","","1","0","1","","2","N","","2","1","0","0","0","0","0","2","0","2","03","","","N","","","","","","","","","",""
"2024093731","2108","1","0","0","0","0","0","0","0","0","98","0","","02","10","2024","3","40.555354","-80.20319","2106","11","0","0","0","0","0","0","1","0","","0","0","0","","","0","Y","0","","40 33:19.275","1","0","80 12:11.484","0","0","0","0","2427","0","0","0","N","0","0","0","1","02427","0","","1.0","2138.0","1","N","N","N","0","","0","0","0","","0","N","","1","0","0","0","0","0","0","2","0","1","03","03","","N","","","","","","","","","",""
"2024088244","0520","0","0","0","0","0","0","0","0","0","7","0","","02","4","2024","4","40.3925","-79.934861","0510","11","0","0","0","0","0","0","0","0","","0","0","0","","","0","N","0","","40 23:33.000","","3","79 56:05.500","0","0","0","0","2301","0","0","0","N","0","0","0","1","02301","0","","4.0","","1","N","N","N","0","","0","0","1","","0","","","1","0","0","0","0","0","0","2","0","1","03","03","","N","","","","","","","","","",""
"2024088259","1501","1","0","0","0","0","0","0","0","0","7","0","","02","4","2024","1","40.472447","-80.004783","1454","11","0","0","0","0","0","0","0","0","","0","0","0","","","0","N","0","","40 28:20.808","6","3","80 00:17.217","0","0","0","0","2301","0","0","0","N","0","0","0","1","02301","0","","1.0","1526.0","1","N","N","N","0","","0","0","0","","3","N","","1","0","0","0","0","0","0","2","0","1","03","","","N","","","","","","","","","",""
"2024089098","1049","1","0","0","0","0","0","0","0","0","7","0","","02","5","2024","1","40.452639","-79.896722","1029","11","0","0","0","0","0","1","0","0","","0","0","0","","","0","N","0","","40 27:09.500","","0","79 53:48.200","0","0","0","0","2301","0","0","0","N","0","0","0","1","02301","0","","5.0","","1","N","N","N","0","","0","0","0","","0","","","1","0","0","0","0","0","0","2","0","1","03","","","N","","","","","","","","","",""
"2024096233","0932","1","0","0","0","0","0","0","0","0","4","0","","02","10","2024","5","40.513796","-80.002731","0930","11","0","0","0","0","1","0","0","0","","0","0","0","","","1","","1","","40 30:49.665","3","0","80 00:09.833","2","0","1","1","2116","0","0","0","N","0","0","0","2","02116","0","","1.0","1009.0","1","N","N","N","0","","0","1","0","","3","N","","2","1","0","0","0","0","0","2","0","2","03","","","N","","","","","","","","","",""
"2024099319","1158","0","0","0","0","0","0","0","0","0","4","0","","02","11","2024","4","40.4373","-80.211134","1151","11","0","0","0","0","0","0","1","1","","0","0","0","","","0","","2","","40 26:14.281","","2","80 12:40.082","0","0","0","0","2214","0","0","0","N","0","0","0","3","02214","0","","1.0","","1","N","N","N","0","","0","0","2","","3","","","2","0","0","0","0","0","0","2","0","2","03","03","","N","","","","","","","","","",""
"2024097214","2151","1","0","0","0","0","0","0","0","0","8","0","","02","10","2024","5","40.438959","-80.072957","2149","11","0","0","0","0","0","0","0","0","","0","0","0","","","1","","2","","40 26:20.252","","0","80 04:22.646","8","0","0","0","2421","1","0","0","N","1","0","0","2","02421","0","","1.0","","1","N","N","N","0","","0","0","0","","2","","","2","1","0","0","0","1","0","2","0","1","03","","","N","","","","","","","","","",""
"2024089120","1407","1","0","0","0","0","0","0","0","0","7","0","","02","5","2024","3","40.474028","-79.905167","1407","11","0","0","1","0","0","0","0","0","","0","0","0","","","0","N","0","","40 28:26.500","","0","79 54:18.600","0","0","0","0","2301","0","0","0","N","0","0","0","1","02301","0","","5.0","","1","N","N","N","0","","0","0","0","","0","","","1","0","0","0","0","0","0","2","0","1","03","03","","N","","","","","","","","","",""
"2024089177","1728","0","0","0","0","0","0","0","0","0","5","0","","02","5","2024","7","40.482325","-79.892552","1658","11","0","0","0","0","0","0","1","0","","0","0","0","","","1","N","0","","40 28:56.370","6","0","79 53:33.188","3","0","0","0","2301","0","0","0","N","0","0","0","6","02301","0","","1.0","1745.0","1","N","N","N","0","","1","0","2","","0","N","","2","1","0","0","0","0","0","2","0","2","03","03","","N","","","","","","","","","",""
"2024092958","1441","1","0","0","0","0","0","0","0","0","4","0","","02","7","2024","1","40.429426","-79.976174","1431","11","0","0","0","0","0","1","0","0","","0","0","0","","","1","","1","","40 25:45.935","","0","79 58:34.227","3","0","0","0","2301","0","0","0","N","0","0","0","2","02301","0","","1.0","","1","N","N","N","0","","1","0","1","","3","","","2","1","1","0","0","0","0","2","0","2","03","03","","N","","","","","","","","","",""
"2024096273","1630","0","0","0","0","0","0","1","0","0","4","1","","02","10","2024","6","40.447931","-80.00206","1624","11","0","0","0","0","0","0","0","1","","0","0","0","","","0","","1","","40 26:52.553","","0","80 00:07.417","0","0","0","0","2301","0","0","0","N","0","0","0","2","02503","0","","1.0","","1","N","N","N","0","","0","0","1","","3","","","2","0","0","0","0","0","0","2","0","2","03","","","N","","","","","","","","","",""
"2024095912","0349","1","0","0","0","0","0","0","0","0","7","0","","02","9","2024","7","40.428289","-79.94719","0214","11","0","0","0","0","0","0","0","0","","0","0","0","","","0","N","0","","40 25:41.840","","0","79 56:49.883","0","0","0","0","2301","0","0","0","N","0","0","0","1","68B03","0","","5.0","","9","N","N","N","0","","0","0","0","","0","","","1","0","1","0","0","0","0","2","0","1","07","07","","N","","","","","","","","","",""