"CRN","ARRIVAL_TM","AUTOMOBILE_COUNT","BELTED_DEATH_COUNT","BELTED_SUSP_SERIOUS_INJ_COUNT","BICYCLE_COUNT","BICYCLE_DEATH_COUNT","BICYCLE_SUSP_SERIOUS_INJ_COUNT","BUS_COUNT","CHLDPAS_DEATH_COUNT","CHLDPAS_SUSP_SERIOUS_INJ_COUNT","COLLISION_TYPE","COMM_VEH_COUNT","CONS_ZONE_SPD_LIM","COUNTY","CRASH_MONTH","CRASH_YEAR","DAY_OF_WEEK","DEC_LATITUDE","DEC_LONGITUDE","DISPATCH_TM","DISTRICT","DRIVER_COUNT_16YR","DRIVER_COUNT_17YR","DRIVER_COUNT_18YR","DRIVER_COUNT_19YR","DRIVER_COUNT_20YR","DRIVER_COUNT_50_64YR","DRIVER_COUNT_65_74YR","DRIVER_COUNT_75PLUS","EST_HRS_CLOSED","FATAL_COUNT","HEAVY_TRUCK_COUNT","HORSE_BUGGY_COUNT","HOUR_OF_DAY","ILLUMINATION","INJURY_COUNT","INTERSECTION_RELATED","INTERSECT_TYPE","LANE_CLOSED","LATITUDE","LN_CLOSE_DIR","LOCATION_TYPE","LONGITUDE","MAX_SEVERITY_LEVEL","MCYCLE_DEATH_COUNT","MCYCLE_SUSP_SERIOUS_INJ_COUNT","MOTORCYCLE_COUNT","MUNICIPALITY","NONMOTR_COUNT","NONMOTR_DEATH_COUNT","NONMOTR_SUSP_SERIOUS_INJ_COUNT","NTFY_HIWY_MAINT","PED_COUNT","PED_DEATH_COUNT","PED_SUSP_SERIOUS_INJ_COUNT","PERSON_COUNT","POLICE_AGCY","POSSIBLE_INJ_COUNT","RDWY_SURF_TYPE_CD","RELATION_TO_ROAD","ROADWAY_CLEARED","ROAD_CONDITION","SCH_BUS_IND","SCH_ZONE_IND","SECONDARY_CRASH","SMALL_TRUCK_COUNT","SPEC_JURIS_CD","SUSP_MINOR_INJ_COUNT","SUSP_SERIOUS_INJ_COUNT","SUV_COUNT","TCD_FUNC_CD","TCD_TYPE","TFC_DETOUR_IND","TIME_OF_DAY","TOTAL_UNITS","TOT_INJ_COUNT","UNBELTED_OCC_COUNT","UNB_DEATH_COUNT","UNB_SUSP_SERIOUS_INJ_COUNT","UNK_INJ_DEG_COUNT","UNK_INJ_PER_COUNT","URBAN_RURAL","VAN_COUNT","VEHICLE_COUNT","WEATHER1","WEATHER2","WORKERS_PRES","WORK_ZONE_IND","WORK_ZONE_LOC","WORK_ZONE_TYPE","WZ_CLOSE_DETOUR","WZ_FLAGGER","WZ_LAW_OFFCR_IND","WZ_LN_CLOSURE","WZ_MOVING","WZ_OTHER","WZ_SHLDER_MDN","WZ_WORKERS_INJ_KILLED"
"2024114074","","0","0","0","0","0","0","0","0","0","98","0","","02","12","2024","7","40.328875","-80.157935","","11","0","0","0","0","0","0","0","1","","0","0","0","","","0","N","0","","40 19:43.950","","0","80 09:28.567","0","0","0","0","2119","0","0","0","N","0","0","0","2","68Z99","0","","1.0","","1","N","N","N","0","","0","0","1","","0","","","1","0","0","0","0","0","0","2","0","1","03","03","","N","","","","","","","","","",""
"2024109160","","0","0","0","0","0","0","0","0","0","4","0","","02","12","2024","3","40.639708","-79.953878","","11","0","0","0","0","0","0","0","1","","0","0","0","","","1","","1","","40 38:22.947","6","0","79 57:13.961","4","0","0","0","2217","0","0","0","N","0","0","0","2","02505","1","","1.0","944.0","1","N","N","N","0","","0","0","2","","3","N","","2","1","0","0","0","0","0","2","0","2","03","","","N","","","","","","","","","",""
"2024118111","","0","0","0","0","0","0","0","0","0","7","0","","02","12","2024","7","40.435426","-79.867123","","11","0","0","0","0","0","0","0","1","","0","0","0","","","2","N","0","","40 26:07.534","","0","79 52:01.644","3","0","0","0","2478","0","0","0","N","0","0","0","2","68B03","0","","3.0","","7","N","N","N","1","","1","0","0","","0","","","1","2","0","0","0","1","0","2","0","1","10","10","","N","","","","","","","","","",""
"2024111319","","2","0","0","0","0","0","0","0","0","1","0","","02","12","2024","2","40.523533","-80.178215","","11","0","0","0","0","0","2","0","0","","0","0","0","","","3","Y","0","","40 31:24.720","2","0","80 10:41.574","2","0","0","0","2213","0","0","0","N","0","0","0","3","02213","0","","1.0","1805.0","1","N","N","N","0","","2","1","1","","2","N","","3","3","1","0","1","0","0","2","0","3","03","","","N","","","","","","","","","",""
"2024116757","","0","0","0","0","0","0","0","0","0","1","0","","02","12","2024","3","40.44873","-79.899888","","11","0","0","0","1","0","0","1","0","","0","0","0","","","1","","2","","40 26:55.429","","0","79 53:59.597","8","0","0","1","2301","0","0","0","N","0","0","0","2","02301","0","","1.0","","1","N","N","N","0","","0","0","0","","0","","","2","1","0","0","0","1","0","2","1","2","03","03","","N","","","","","","","","","",""
"2024118396","","1","0","0","0","0","0","0","0","0","2","0","","02","12","2024","2","40.448106","-80.156127","","11","0","0","0","0","0","1","0","0","","0","0","0","","","0","N","0","","40 26:53.180","3","0","80 09:22.056","0","0","0","0","2115","0","0","0","N","0","0","0","2","02115","0","","1.0","615.0","1","N","N","N","0","","0","0","1","","0","N","","2","0","0","0","0","0","0","2","0","2","03","03","","N","","","","","","","","","",""
"2024103209","","0","0","0","0","0","0","0","0","0","5","0","","02","11","2024","1","40.464861","-79.941972","","11","0","0","0","0","0","1","0","0","","0","0","0","","","0","N","0","","40 27:53.500","6","0","79 56:31.100","0","0","0","0","2301","0","0","0","N","0","0","0","2","02301","0","","6.0","1514.0","9","N","N","N","0","","0","0","2","","0","N","","2","0","0","0","0","0","0","2","0","2","07","","","N","","","","","","","","","",""
"2024110802","","1","0","0","0","0","0","0","0","0","1","0","","02","12","2024","7","40.406972","-79.913444","","11","0","0","0","0","0","0","0","0","","0","0","0","","","1","N","0","","40 24:25.100","2","3","79 54:48.400","4","0","0","0","2438","0","0","0","N","0","0","0","2","02438","1","","1.0","1623.0","1","N","N","N","0","","0","0","1","","0","Y","","2","1","0","0","0","0","0","2","0","2","03","03","","N","","","","","","","","","",""
"2024103181","","0","0","0","0","0","0","0","0","0","1","0","","02","11","2024","6","40.441222","-79.775028","","11","0","1","0","0","0","0","1","0","","0","0","0","","","0","","2","","40 26:28.400","1","0","79 46:30.100","0","0","0","0","2446","0","0","0","N","0","0","0","4","02446","0","","1.0","2207.0","1","N","N","N","0","","0","0","2","","0","N","","2","0","0","0","0","0","0","2","0","2","03","","","N","","","","","","","","","",""
"2024100986","","0","0","0","0","0","0","0","0","0","6","0","","02","11","2024","1","40.451611","-79.98325","","11","0","0","0","0","0","0","0","0","","0","0","0","","","1","N","0","","40 27:05.800","4","0","79 58:59.700","4","0","0","0","2301","0","0","0","N","0","0","0","3","02301","1","","6.0","2245.0","9","N","N","N","0","","0","0","2","","0","N","","2","1","1","0","0","0","1","2","0","2","07","","","N","","","","","","","","","",""
"2024113746","","1","0","0","0","0","0","0","0","0","1","0","","02","12","2024","2","40.481629","-79.874335","","11","0","0","0","1","0","1","0","0","","0","0","0","","","0","N","0","","40 28:53.864","6","0","79 52:27.606","0","0","0","0","2113","0","0","0","N","0","0","0","3","02113","0","","1.0","1755.0","9","N","N","N","0","","0","0","2","","2","Y","","3","0","0","0","0","0","0","2","0","3","07","07","","N","","","","","","","","","",""
"2024103522","","1","0","0","0","0","0","0","0","0","1","0","","02","11","2024","3","40.440015","-80.009244","","11","0","0","0","0","0","0","0","0","","0","0","0","","","1","","7","","40 26:24.054","4","8","80 00:33.277","4","0","0","0","2301","0","0","0","N","0","0","0","2","68B03","1","","1.0","1737.0","1","N","N","N","0","","0","0","1","","0","N","","2","1","0","0","0","0","0","2","0","2","03","","","N","","","","","","","","","",""
"2024104257","","0","0","0","0","0","0","0","0","0","4","0","","02","11","2024","2","40.503448","-79.947286","","11","0","0","0","0","0","0","0","0","","0","0","0","","","0","","1","","40 30:12.414","1","0","79 56:50.228","0","0","0","0","2430","0","0","0","N","0","0","0","2","02430","0","","1.0","30.0","1","N","N","N","0","","0","0","2","","2","N","","2","0","0","0","0","0","0","2","0","2","03","","","N","","","","","","","","","",""
"2024105539","","1","0","0","0","0","0","0","0","0","1","0","","02","11","2024","3","40.400549","-79.95062","","11","0","0","0","0","0","0","0","0","","0","0","0","","","1","N","0","","40 24:01.977","2","0","79 57:02.231","3","0","0","0","2403","0","0","0","N","0","0","0","2","02403","0","","1.0","1720.0","9","N","N","N","0","","1","0","1","","0","Y","","2","1","0","0","0","0","0","2","0","2","07","03","","N","","","","","","","","","",""
"2024116434","","0","0","0","0","0","0","0","0","0","4","0","","02","12","2024","3","41.0","-76.0","","11","0","0","0","0","0","0","0","1","","0","0","0","","","0","","2","","41 00:00.000","7","0","76 00:00.000","0","0","0","0","2102","0","0","0","N","0","0","0","2","02102","0","","1.0","1329.0","1","N","N","N","0","","0","0","2","","2","Y","","2","0","0","0","0","0","0","2","0","2","03","03","","N","","","","","","","","","",""
"2024116208","","0","0","0","0","0","0","0","0","0","8","0","","02","12","2024","4","40.337699","-79.951381","","11","0","0","0","0","0","0","0","0","","0","0","0","","","1","Y","0","","40 20:15.716","1","7","79 57:04.972","3","0","0","0","2473","1","0","0","N","1","0","0","2","02473","0","","1.0","1000.0","1","N","N","N","0","","1","0","1","","2","N","","2","1","0","0","0","0","0","2","0","1","03","03","","N","","","","","","","","","",""
"2024110472","","0","0","0","0","0","0","0","0","0","1","0","","02","12","2024","6","40.567208","-80.014685","","11","0","0","0","0","0","0","0","0","","0","0","0","","","3","N","0","","40 34:01.950","3","0","80 00:52.866","4","0","0","0","2108","0","0","0","N","0","0","0","3","02108","2","","1.0","1820.0","1","N","N","N","0","","0","0","2","","0","Y","","2","3","0","0","0","1","0","2","0","2","10","03","","N","","","","","","","","","",""
"2024105637","","1","0","0","0","0","0","0","0","0","7","0","","02","11","2024","3","40.364106","-80.125846","","11","0","0","0","0","0","0","1","0","","0","0","0","","","0","N","0","","40 21:50.783","","0","80 07:33.046","0","0","0","0","2119","0","0","0","N","0","0","0","1","02119","0","","3.0","","9","N","N","N","0","","0","0","0","","0","","","1","0","0","0","0","0","0","2","0","1","07","","","N","","","","","","","","","",""
"2024118076","","1","0","0","0","0","0","0","0","0","1","0","","02","11","2024","6","40.434673","-79.986856","","11","0","0","0","0","0","0","0","0","","0","0","0","","","0","N","0","","40 26:04.823","","0","79 59:12.683","0","0","0","0","2301","0","0","0","N","0","0","0","4","68B03","0","","1.0","","9","N","N","N","0","","0","0","1","","0","","","2","0","0","0","0","0","0","2","0","2","07","","","N","","","","","","","","","",""
"2024103448","","2","0","0","0","0","0","0","0","0","2","0","","02","11","2024","1","40.354111","-79.834444","","11","0","0","0","0","0","1","0","0","","0","0","0","","","0","N","0","","40 21:14.800","5","0","79 50:04.000","0","0","0","0","2304","0","0","0","N","0","0","0","2","02304","0","","1.0","235.0","1","N","N","N","0","","0","0","0","","0","N","","2","0","0","0","0","0","0","2","0","2","03","03","","N","","","","","","","","","",""
"2024114714","","0","0","0","0","0","0","0","0","0","7","0","","02","12","2024","4","40.319439","-79.941405","","11","0","0","0","0","0","0","0","0","","0","0","0","","","0","N","0","","40 19:09.979","","7","79 56:29.059","0","0","0","0","2473","0","0","0","N","0","0","0","1","02473","0","","2.0","","9","N","N","N","0","","0","0","1","","0","","","1","0","0","0","0","0","0","2","0","1","07","98","","N","","","","","","","","","",""
"2024101610","","0","0","0","0","0","0","0","0","0","4","0","","02","11","2024","5","40.552139","-80.023333","","11","0","0","0","0","0","0","0","1","","0","0","0","","","0","","1","","40 33:07.700","","0","80 01:24.000","0","0","0","0","2116","0","0","0","N","0","0","0","4","02116","0","","1.0","","1","N","N","N","0","","0","0","1","","2","","","2","0","0","0","0","0","0","2","1","2","03","03","","N","","","","","","","","","",""
"2024101751","","0","0","0","0","0","0","0","0","0","98","0","","02","11","2024","1","40.339028","-80.183611","","11","0","0","0","0","1","0","0","0","","0","0","0","","","0","N","0","","40 20:20.500","","0","80 11:01.000","0","0","0","0","2119","0","0","0","N","0","0","0","1","02119","0","","1.0","","9","N","N","N","0","","0","0","1","","0","","","1","0","0","0","0","0","0","1","0","1","07","","","N","","","","","","","","","",""
"2024119147","","0","0","0","0","0","0","0","0","0","98","0","","02","12","2024","2","40.278258","-79.941436","","11","0","0","0","0","0","0","0","0","","0","0","0","","","0","N","0","","40 16:41.727","","0","79 56:29.171","0","0","0","0","2440","0","0","0","N","0","0","0","1","68T10","0","","1.0","","1","N","N","N","1","","0","0","0","","0","","","1","0","0","0","0","0","0","2","0","1","03","03","","N","","","","","","","","","",""
"2024118089","","0","0","0","0","0","0","0","0","0","7","1","","02","12","2024","4","40.499779","-80.121053","","11","0","0","0","0","0","1","0","0","","0","1","0","","","0","N","0","","40 29:59.203","1","0","80 07:15.791","0","0","0","0","2115","0","0","0","Y","0","0","0","1","68B03","0","","4.0","2205.0","9","N","N","N","0","","0","0","0","","0","N","","1","0","0","0","0","0","0","2","0","1","07","","","N","","","","","","","","","",""
"2024109471","","2","0","0","0","0","0","0","0","0","4","0","","02","12","2024","4","40.526478","-80.159125","","11","0","0","0","0","0","2","0","0","","0","0","0","","","1","","5","","40 31:35.322","1","0","80 09:32.850","3","0","0","0","2452","0","0","0","N","0","0","0","3","02458","0","","1.0","844.0","1","N","N","N","0","","1","0","0","","2","N","","2","1","0","0","0","0","0","2","0","2","03","","","N","","","","","","","","","",""
"2024116496","","0","0","0","0","0","0","0","0","0","2","0","","02","12","2024","7","40.324069","-79.837369","","11","0","0","0","0","0","0","0","0","","0","0","0","","","0","","2","","40 19:26.649","","0","79 50:14.529","0","0","0","0","2304","0","0","0","N","0","0","0","2","02304","0","","1.0","","7","N","N","N","0","","0","0","2","","3","","","2","0","0","0","0","0","0","2","0","2","02","10","","N","","","","","","","","","",""
"2024116042","","0","0","0","0","0","0","0","0","0","1","0","","02","12","2024","5","40.393583","-80.051497","","11","0","0","0","0","0","1","0","0","","0","0","0","","","0","N","0","","40 23:36.900","","0","80 03:05.390","0","0","0","0","2109","0","0","0","N","0","0","0","1","02109","0","","4.0","","1","N","N","N","0","","0","0","2","","0","","","2","0","0","0","0","0","0","2","0","2","03","","","N","","","","","","","","","",""
"2024102012","","1","0","0","0","0","0","0","0","0","4","0","","02","11","2024","4","40.419975","-80.046347","","11","0","0","0","0","0","0","0","0","","0","0","0","","","0","Y","0","","40 25:11.910","","7","80 02:46.848","0","0","0","0","2435","0","0","0","N","0","0","0","2","02435","0","","1.0","","1","N","N","N","1","","0","0","0","","0","","","2","0","0","0","0","0","0","2","0","2","03","03","","N","","","","","","","","","",""
"2024103449","","2","0","0","0","0","0","0","0","0","4","0","","02","11","2024","6","40.429739","-79.923483","","11","0","1","0","0","0","0","1","0","","0","0","0","","","0","","5","","40 25:47.061","","0","79 55:24.538","0","0","0","0","2301","0","0","0","N","0","0","0","2","02301","0","","1.0","","1","N","N","N","0","","0","0","0","","2","","","2","0","0","0","0","0","0","2","0","2","03","","","N","","","","","","","","","",""
"2024100529","","1","0","0","0","0","0","0","0","0","4","0","","02","11","2024","7","40.429034","-79.998307","","11","0","0","0","0","0","0","0","0","","0","0","0","","","0","","1","","40 25:44.523","7","0","79 59:53.905","0","0","0","0","2301","0","0","0","N","0","0","0","2","02301","0","","1.0","930.0","1","N","N","N","0","","0","0","1","","2","N","","2","0","0","0","0","0","0","2","0","2","03","04","","N","","","","","","","","","",""
"2024109077","","0","0","0","0","0","0","0","0","0","5","0","","02","12","2024","1","40.440582","-79.993073","","11","0","0","0","0","1","0","0","0","","0","0","0","","","1","","6","","40 26:26.096","","2","79 59:35.063","8","0","0","0","2301","0","0","0","N","0","0","0","2","02301","0","","7.0","","1","N","N","N","0","","0","0","1","","0","","","2","1","1","0","0","1","1","2","0","2","03","03","","N","","","","","","","","","",""
"2024114202","","1","0","0","0","0","0","0","0","0","4","0","","02","12","2024","3","40.382722","-80.194806","","11","0","0","1","0","0","0","0","0","","0","0","0","","","0","","3","","40 22:57.800","2","0","80 11:41.300","0","0","0","0","2119","0","0","0","N","0","0","0","3","02119","0","","1.0","815.0","9","N","N","N","0","","0","0","1","","3","N","","2","0","0","0","0","0","0","2","0","2","03","03","","N","","","","","","","","","",""
"2024117594","","0","0","0","0","0","0","0","0","0","7","0","","02","11","2024","4","40.427194","-79.891382","","11","0","0","0","0","0","0","0","0","","0","0","0","","","0","N","0","","40 25:37.898","4","0","79 53:28.974","0","0","0","0","2301","0","0","0","Y","0","0","0","1","68B03","0","","2.0","2130.0","9","N","N","N","0","","0","0","1","","0","N","","1","0","0","0","0","0","0","2","0","1","07","","","N","","","","","","","","","",""
"2024102507","","2","0","0","0","0","0","0","0","0","4","0","","02","11","2024","4","40.333351","-79.984275","","11","0","0","0","0","0","1","0","0","","0","0","0","","","1","","2","","40 20:00.065","3","0","79 59:03.390","3","0","0","0","2454","0","0","0","N","0","0","0","3","02403","0","","1.0","1835.0","1","N","N","N","0","","1","0","0","","2","Y","","2","1","0","0","0","0","0","2","0","2","03","03","","N","","","","","","","","","",""
"2024116167","","1","0","0","0","0","0","0","0","0","4","0","","02","12","2024","7","40.45082","-79.713563","","11","0","0","1","0","0","0","1","0","","0","0","0","","","2","N","1","","40 27:02.952","","0","79 42:48.828","3","0","0","0","2466","0","0","0","N","0","0","0","3","02466","0","","1.0","","9","N","N","N","0","","2","0","1","","2","","","3","2","0","0","0","0","0","2","1","3","03","03","","N","","","","","","","","","",""
"2024100826","","0","0","0","0","0","0","0","0","0","7","0","","02","11","2024","1","40.262472","-79.8725","","11","0","0","0","0","0","0","0","1","","0","0","0","","","0","N","0","","40 15:44.900","3","0","79 52:21.000","0","0","0","0","2105","0","0","0","N","0","0","0","1","02105","0","","2.0","1353.0","9","N","N","N","1","","0","0","0","","0","N","","1","0","0","0","0","0","0","1","0","1","07","","","N","","","","","","","","","",""
"2024104940","","0","0","0","0","0","0","0","0","0","1","0","","02","11","2024","1","40.406034","-79.886665","","11","0","0","0","0","0","0","0","0","","0","0","0","","","0","N","0","","40 24:21.722","6","0","79 53:11.995","0","0","0","0","2475","0","0","0","N","0","0","0","1","68B03","0","","6.0","427.0","1","N","N","N","0","","0","0","2","","0","N","","2","0","0","0","0","0","0","2","0","2","03","03","","N","","","","","","","","","",""
"2024101718","","0","0","0","0","0","0","0","0","0","98","0","","02","11","2024","5","40.335592","-80.177404","","11","0","0","0","0","0","0","0","0","","0","0","0","","","0","N","0","","40 20:08.130","","0","80 10:38.654","0","0","0","0","2119","0","0","0","N","0","0","0","1","02119","0","","1.0","","1","N","N","N","0","","0","0","1","","0","","","1","0","0","0","0","0","0","2","0","1","03","03","","N","","","","","","","","","",""
"2024118553","","0","0","0","0","0","0","0","0","0","4","0","","02","12","2024","6","40.444144","-79.78161","","11","0","0","0","0","0","0","1","0","","0","0","0","","","1","","2","","40 26:38.918","","0","79 46:53.796","3","0","0","0","2446","0","0","0","N","0","0","0","2","02446","0","","1.0","","1","N","N","N","0","","1","0","2","","3","","","2","1","0","0","0","0","0","2","0","2","03","03","","N","","","","","","","","","",""
"2024104607","","0","0","0","0","0","0","0","0","0","4","0","","02","11","2024","3","40.467937","-79.82513","","11","0","0","0","0","0","1","0","0","","0","0","0","","","1","N","0","","40 28:04.574","4","7","79 49:30.468","4","0","0","0","2113","0","0","0","N","0","0","0","3","02113","1","","1.0","1615.0","9","N","N","N","0","","0","0","3","","0","N","","3","1","1","0","0","0","0","2","0","3","07","","","N","","","","","","","","","",""
"2024117767","","1","0","0","0","0","0","0","0","0","1","0","","02","12","2024","4","40.421057","-80.045175","","11","0","0","0","0","0","0","0","0","","0","0","0","","","0","N","0","","40 25:15.805","","0","80 02:42.629","0","0","0","0","2435","0","0","0","N","0","0","0","2","68B03","0","","1.0","","9","N","N","N","0","","0","0","1","","0","","","2","0","0","0","0","0","0","2","0","2","03","03","","N","","","","","","","","","",""
"2024115354","","0","0","0","0","0","0","0","0","0","7","0","","02","12","2024","5","40.563333","-80.038194","","11","0","1","0","0","0","0","0","0","","0","0","0","","","0","N","0","","40 33:48.000","1","0","80 02:17.500","0","0","0","0","2108","0","0","0","N","0","0","0","1","02108","0","","4.0","2213.0","1","N","N","N","0","","0","0","1","","0","N","","1","0","0","0","0","0","0","2","0","1","03","03","","N","","","","","","","","","",""
"2024103852","","0","0","0","0","0","0","0","0","0","7","0","","02","11","2024","1","40.569194","-79.931472","","11","0","0","0","0","0","0","0","0","","0","0","0","","","1","N","0","","40 34:09.100","6","0","79 55:53.300","3","0","0","0","2207","0","0","0","N","0","0","0","2","02207","0","","4.0","1917.0","1","N","N","N","0","","1","0","1","","0","N","","1","1","0","0","0","0","0","2","0","1","03","03","","N","","","","","","","","","",""
"2024104439","","1","0","0","0","0","0","0","0","0","1","0","","02","11","2024","3","40.362276","-79.983196","","11","0","0","0","0","0","0","0","0","","0","0","0","","","1","N","0","","40 21:44.193","","0","79 58:59.507","4","0","0","0","2413","0","0","0","N","0","0","0","2","02413","1","","1.0","","9","N","N","N","1","","0","0","0","","0","","","2","1","0","0","0","0","0","2","0","2","07","07","","N","","","","","","","","","",""
"2024111981","","1","0","1","0","0","0","0","0","0","4","0","","02","12","2024","4","40.466684","-80.079813","","11","0","0","0","0","0","0","0","1","","0","0","0","","","4","","2","","40 28:00.064","7","0","80 04:47.327","2","0","0","0","2444","0","0","0","N","0","0","0","4","02444","1","","1.0","1412.0","9","N","N","N","0","","2","1","1","","0","Y","","2","4","0","0","0","0","0","2","0","2","07","10","","N","","","","","","","","","",""
"2024116865","","1","0","0","0","0","0","0","0","0","4","1","","02","12","2024","3","40.549721","-79.959341","","11","0","0","0","0","0","0","2","0","","0","1","0","","","1","","1","","40 32:58.997","1","0","79 57:33.628","3","0","0","0","2118","0","0","0","Y","0","0","0","2","02118","0","","1.0","1040.0","9","N","N","N","0","","1","0","0","","2","N","","2","1","0","0","0","0","0","2","0","2","06","07","","N","","","","","","","","","",""
"2024100123","","1","0","0","0","0","0","0","0","0","4","0","","02","11","2024","6","40.575045","-80.075417","","11","0","0","0","0","0","1","1","0","","0","0","0","","","0","","1","","40 34:30.163","","0","80 04:31.501","0","0","0","0","2481","0","0","0","N","0","0","0","3","02481","0","","1.0","","1","N","N","N","0","","0","0","1","","3","","","2","0","0","0","0","0","0","2","0","2","03","03","","N","","","","","","","","","",""
"2024109835","","1","0","0","0","0","0","0","0","0","1","0","","02","12","2024","5","40.438045","-79.927695","","11","0","0","0","0","0","0","0","0","","0","0","0","","","1","","1","","40 26:16.961","","0","79 55:39.702","3","0","0","0","2301","0","0","0","N","0","0","0","2","02301","0","","1.0","","2","N","N","N","0","","1","0","1","","2","","","2","1","0","0","0","0","0","2","0","2","04","04","","N","","","","","","","","","",""
"2024114469","","1","0","0","0","0","0","0","0","0","7","0","","02","12","2024","6","40.476765","-79.968895","","11","0","0","0","0","0","0","0","0","","0","0","0","","","0","N","0","","40 28:36.354","1","0","79 58:08.021","0","0","0","0","2445","0","0","0","N","0","0","0","1","02445","0","","1.0","615.0","9","N","N","N","0","","0","0","0","","0","N","","1","0","0","0","0","0","0","2","0","1","02","06","","N","","","","","","","","","",""
"2024116152","","1","0","0","0","0","0","0","0","0","4","0","","02","12","2024","1","40.296849","-79.919503","","11","0","0","0","0","0","1","1","0","","0","0","0","","","1","","2","","40 17:48.655","4","0","79 55:10.210","3","0","0","0","2440","0","0","0","N","0","0","0","2","02440","0","","1.0","1220.0","1","N","N","N","0","","1","0","0","","2","Y","","2","1","0","0","0","0","0","2","1","2","03","03","","N","","","","","","","","","",""
"2024117600","","1","0","0","0","0","0","0","0","0","1","0","","02","12","2024","2","40.427359","-79.890942","","11","0","0","0","0","0","1","0","0","","0","0","0","","","0","N","0","","40 25:38.493","","3","79 53:27.392","0","0","0","0","2426","0","0","0","N","0","0","0","2","68B03","0","","1.0","","9","N","N","N","0","","0","0","0","","0","","","2","0","0","0","0","0","0","2","1","2","07","","","N","","","","","","","","","",""
"2024112589","","0","0","0","0","0","0","0","0","0","1","0","","02","12","2024","6","40.429832","-79.874702","","11","0","0","0","0","0","1","0","0","","0","0","0","","","0","N","0","","40 25:47.395","3","0","79 52:28.928","0","0","0","0","2426","0","0","0","N","0","0","0","2","68B03","0","","1.0","1906.0","1","N","N","N","0","","0","0","1","","0","N","","2","0","0","0","0","0","0","2","1","2","03","","","N","","","","","","","","","",""
"2024100368","","1","0","0","0","0","0","0","0","0","7","0","","02","11","2024","7","40.392158","-80.103625","","11","0","0","0","0","0","0","0","0","","0","0","0","","","0","N","0","","40 23:31.769","","0","80 06:13.049","9","0","0","0","2102","0","0","0","Y","0","0","0","1","02102","0","","2.0","","1","","","N","0","","0","0","0","","0","","","1","0","0","0","0","0","1","2","0","1","03","","","N","","","","","","","","","",""
"2024113488","","0","0","0","0","0","0","0","0","0","4","0","","02","12","2024","5","40.489479","-79.819853","","11","0","0","0","0","0","1","0","0","","0","0","0","","","3","","1","","40 29:22.124","6","0","79 49:11.470","3","0","0","0","2113","0","0","0","N","0","0","0","4","02113","1","","1.0","1638.0","1","N","N","N","0","","2","0","2","","3","N","","2","3","0","0","0","0","0","2","0","2","04","","","N","","","","","","","","","",""
"2024115699","","1","0","0","0","0","0","0","0","0","7","0","","02","12","2024","6","40.434902","-79.823373","","11","0","0","0","0","0","0","0","0","","0","0","0","","","1","","3","","40 26:05.648","","0","79 49:24.144","8","0","0","0","2419","0","0","0","N","0","0","0","1","02419","0","","2.0","","9","N","N","N","0","","0","0","0","","0","","","1","1","0","0","0","1","0","2","0","1","98","","","N","","","","","","","","","",""
"2024115721","","1","0","0","0","0","0","0","0","0","4","0","","02","12","2024","6","40.612439","-80.054443","","11","0","0","0","0","0","2","0","0","","0","0","0","","","0","Y","0","","40 36:44.779","","7","80 03:15.993","0","0","0","0","2108","0","0","0","N","0","0","0","2","02108","0","","1.0","","9","N","N","N","0","","0","0","1","","2","N","","2","0","0","0","0","0","0","2","0","2","04","04","","N","","","","","","","","","",""
"2024115572","","0","0","0","0","0","0","0","0","0","7","0","","02","12","2024","6","40.592611","-80.166861","","11","0","0","0","0","0","0","0","0","","0","0","0","","","1","N","0","","40 35:33.400","3","0","80 10:00.700","3","0","0","0","2480","0","0","0","N","0","0","0","1","02480","0","","5.0","925.0","7","N","N","N","0","","1","0","1","","0","N","","1","1","0","0","0","0","0","1","0","1","10","10","","N","","","","","","","","","",""
"2024116206","","0","0","0","0","0","0","0","0","0","2","0","","02","12","2024","1","40.570725","-80.00275","","11","0","0","1","0","0","0","0","0","","0","0","0","","","0","","1","","40 34:14.609","3","0","80 00:09.899","0","0","0","0","2108","0","0","0","N","0","0","0","3","02108","0","","1.0","2030.0","7","N","N","N","0","","0","0","2","","2","Y","","2","0","0","0","0","0","0","2","0","2","98","","","N","","","","","","","","","",""
"2024115693","","0","0","0","0","0","0","0","0","0","7","0","","02","12","2024","6","40.607745","-79.994666","","11","0","0","0","0","0","1","0","0","","0","0","0","","","0","N","1","","40 36:27.881","1","0","79 59:40.797","0","0","0","0","2108","0","0","0","N","0","0","0","1","02108","0","","1.0","1958.0","9","N","N","N","0","","0","0","1","","0","N","","1","0","0","0","0","0","0","2","0","1","03","03","","N","","","","","","","","","",""
"2024102558","","2","0","0","0","0","0","0","0","0","1","0","","02","11","2024","5","40.602176","-80.040218","","11","0","0","0","0","0","1","0","0","","0","0","0","","","0","N","0","","40 36:07.832","2","0","80 02:24.785","0","0","0","0","2108","0","0","0","N","0","0","0","2","02108","0","","1.0","1528.0","9","N","N","N","0","","0","0","0","","0","N","","2","0","0","0","0","0","0","2","0","2","07","","","N","","","","","","","","","",""