"CRN","ARRIVAL_TM","AUTOMOBILE_COUNT","BELTED_DEATH_COUNT","BELTED_SUSP_SERIOUS_INJ_COUNT","BICYCLE_COUNT","BICYCLE_DEATH_COUNT","BICYCLE_SUSP_SERIOUS_INJ_COUNT","BUS_COUNT","CHLDPAS_DEATH_COUNT","CHLDPAS_SUSP_SERIOUS_INJ_COUNT","COLLISION_TYPE","COMM_VEH_COUNT","CONS_ZONE_SPD_LIM","COUNTY","CRASH_MONTH","CRASH_YEAR","DAY_OF_WEEK","DEC_LATITUDE","DEC_LONGITUDE","DISPATCH_TM","DISTRICT","DRIVER_COUNT_16YR","DRIVER_COUNT_17YR","DRIVER_COUNT_18YR","DRIVER_COUNT_19YR","DRIVER_COUNT_20YR","DRIVER_COUNT_50_64YR","DRIVER_COUNT_65_74YR","DRIVER_COUNT_75PLUS","EST_HRS_CLOSED","FATAL_COUNT","HEAVY_TRUCK_COUNT","HORSE_BUGGY_COUNT","HOUR_OF_DAY","ILLUMINATION","INJURY_COUNT","INTERSECTION_RELATED","INTERSECT_TYPE","LANE_CLOSED","LATITUDE","LN_CLOSE_DIR","LOCATION_TYPE","LONGITUDE","MAX_SEVERITY_LEVEL","MCYCLE_DEATH_COUNT","MCYCLE_SUSP_SERIOUS_INJ_COUNT","MOTORCYCLE_COUNT","MUNICIPALITY","NONMOTR_COUNT","NONMOTR_DEATH_COUNT","NONMOTR_SUSP_SERIOUS_INJ_COUNT","NTFY_HIWY_MAINT","PED_COUNT","PED_DEATH_COUNT","PED_SUSP_SERIOUS_INJ_COUNT","PERSON_COUNT","POLICE_AGCY","POSSIBLE_INJ_COUNT","RDWY_SURF_TYPE_CD","RELATION_TO_ROAD","ROADWAY_CLEARED","ROAD_CONDITION","SCH_BUS_IND","SCH_ZONE_IND","SECONDARY_CRASH","SMALL_TRUCK_COUNT","SPEC_JURIS_CD","SUSP_MINOR_INJ_COUNT","SUSP_SERIOUS_INJ_COUNT","SUV_COUNT","TCD_FUNC_CD","TCD_TYPE","TFC_DETOUR_IND","TIME_OF_DAY","TOTAL_UNITS","TOT_INJ_COUNT","UNBELTED_OCC_COUNT","UNB_DEATH_COUNT","UNB_SUSP_SERIOUS_INJ_COUNT","UNK_INJ_DEG_COUNT","UNK_INJ_PER_COUNT","URBAN_RURAL","VAN_COUNT","VEHICLE_COUNT","WEATHER1","WEATHER2","WORKERS_PRES","WORK_ZONE_IND","WORK_ZONE_LOC","WORK_ZONE_TYPE","WZ_CLOSE_DETOUR","WZ_FLAGGER","WZ_LAW_OFFCR_IND","WZ_LN_CLOSURE","WZ_MOVING","WZ_OTHER","WZ_SHLDER_MDN","WZ_WORKERS_INJ_KILLED"
"2024102143","","1","0","0","0","0","0","0","0","0","5","1","","02","11","2024","3","40.445438","-80.00953","","11","0","0","0","0","0","0","0","0","","0","1","0","","","0","","3","","40 26:43.578","","3","80 00:34.309","0","0","0","0","2301","0","0","0","N","0","0","0","2","02301","0","","1.0","","1","N","N","N","0","","0","0","0","","0","","","2","0","0","0","0","0","0","2","0","2","03","04","","N","","","","","","","","","",""
"2024118977","","2","0","0","0","0","0","0","0","0","4","0","","02","12","2024","2","40.384892","-80.053373","","11","0","0","0","0","0","0","0","0","","0","0","0","","","1","","1","","40 23:05.611","7","0","80 03:12.143","3","0","0","0","2109","0","0","0","N","0","0","0","2","02109","0","","1.0","2310.0","1","N","N","N","0","","1","0","0","","2","N","","2","1","0","0","0","0","0","2","0","2","03","","","N","","","","","","","","","",""
"2024118792","","2","0","0","0","0","0","0","0","0","1","0","","02","12","2024","3","40.372583","-80.007698","","11","0","0","0","0","0","0","1","0","","0","0","0","","","3","N","0","","40 22:21.298","1","0","80 00:27.713","3","0","0","0","2416","0","0","0","N","0","0","0","3","02416","0","","1.0","1900.0","1","N","N","N","0","","3","0","1","","0","N","","3","3","0","0","0","0","0","2","0","3","03","03","","N","","","","","","","","","",""
"2024114187","","1","0","0","0","0","0","0","0","0","1","1","","02","12","2024","2","40.673407","-80.098486","","11","0","0","0","0","0","0","0","1","","0","0","0","","","2","","1","","40 40:24.266","6","0","80 05:54.551","3","0","0","0","2212","0","0","0","N","0","0","0","4","02505","0","","1.0","1514.0","9","N","N","N","0","","2","0","1","","2","Y","","3","2","0","0","0","0","0","2","1","3","07","06","","N","","","","","","","","","",""
"2024117182","","1","0","0","0","0","0","0","0","0","5","0","","02","12","2024","1","40.430353","-80.057383","","11","0","0","0","0","0","0","0","0","","0","0","0","","","0","N","0","","40 25:49.270","5","0","80 03:26.580","0","0","0","0","2301","0","0","0","N","0","0","0","3","02301","0","","1.0","30.0","1","N","N","N","0","","0","0","2","","0","N","","3","0","0","0","0","0","0","2","0","3","03","","","N","","","","","","","","","",""
"2024106713","","0","0","0","0","0","0","0","0","0","4","0","","02","11","2024","5","40.374365","-80.044624","","11","0","0","0","0","0","1","1","0","","0","0","0","","","0","","2","","40 22:27.715","6","0","80 02:40.645","0","0","0","0","2109","0","0","0","N","0","0","0","3","02109","0","","1.0","1420.0","9","N","N","N","0","","0","0","2","","3","N","","2","0","0","0","0","0","0","2","0","2","07","04","","N","","","","","","","","","",""
"2024114932","","2","0","2","0","0","0","0","0","0","1","0","","02","12","2024","4","40.438703","-79.746038","","11","0","0","1","0","0","1","0","0","","0","0","0","","","2","N","0","","40 26:19.332","4","0","79 44:45.736","2","0","0","0","2446","0","0","0","N","0","0","0","4","02446","0","","1.0","1930.0","9","N","N","N","0","","0","2","1","","0","N","","3","2","0","0","0","0","0","2","0","3","07","07","","N","","","","","","","","","",""
"2024105581","","1","0","0","0","0","0","0","0","0","1","0","","02","11","2024","2","40.339153","-80.065656","","11","0","0","0","0","0","1","0","1","","0","0","0","","","1","N","0","","40 20:20.952","","0","80 03:56.362","3","0","0","0","2123","0","0","0","N","0","0","0","2","02123","0","","1.0","","1","N","N","N","0","","1","0","1","","0","","","2","1","0","0","0","0","0","2","0","2","03","","","N","","","","","","","","","",""
"2024117537","","1","0","0","0","0","0","0","0","0","7","0","","02","12","2024","1","40.371395","-80.080041","","11","0","0","0","0","0","0","0","0","","0","0","0","","","1","N","2","","40 22:17.022","1","0","80 04:48.147","4","0","0","0","2117","0","0","0","N","0","0","0","1","02117","1","","5.0","45.0","1","N","N","N","0","","0","0","0","","0","N","","1","1","0","0","0","0","0","2","0","1","03","","","N","","","","","","","","","",""
"2024118048","","0","0","0","0","0","0","0","0","0","7","0","","02","12","2024","7","40.496468","-79.751981","","11","0","1","0","0","0","0","0","0","","0","0","0","","","2","Y","0","","40 29:47.283","6","0","79 45:07.131","3","0","0","0","2466","0","0","0","Y","0","0","0","2","02466","0","","5.0","1545.0","1","N","N","N","1","","2","0","0","","0","Y","","1","2","0","0","0","0","0","2","0","1","03","","","N","","","","","","","","","",""
"2024115913","","0","0","0","0","0","0","0","0","0","7","0","","02","12","2024","7","40.576459","-80.025834","","11","0","0","0","0","0","0","0","1","","0","0","0","","","0","","1","","40 34:35.251","1","0","80 01:33.002","0","0","0","0","2108","0","0","0","N","0","0","0","1","02108","0","","5.0","1155.0","7","N","N","N","0","","0","0","1","","2","N","","1","0","0","0","0","0","0","2","0","1","10","06","","N","","","","","","","","","",""
"2024097399","","1","0","0","0","0","0","0","0","0","4","0","","02","11","2024","6","40.468756","-79.896043","","11","0","0","0","0","0","1","0","0","","0","0","0","","","0","","1","","40 28:07.520","","0","79 53:45.755","0","0","0","0","2301","0","0","0","N","0","0","0","2","02301","0","","1.0","","1","N","N","N","0","","0","0","1","","2","","","2","0","0","0","0","0","0","2","0","2","03","","","N","","","","","","","","","",""
"2024115812","","0","0","0","0","0","0","0","0","0","7","1","","02","12","2024","6","40.427766","-80.294453","","11","0","0","0","0","0","0","0","0","","0","1","0","","","1","","2","","40 25:39.957","1","0","80 17:40.030","3","0","0","0","2203","0","0","0","Y","0","0","0","2","02203","0","","4.0","940.0","6","N","N","N","0","","1","0","0","","3","N","","1","1","0","0","0","0","0","1","0","1","10","","","N","","","","","","","","","",""
"2024115237","","0","0","0","0","0","0","0","0","0","7","1","","02","12","2024","5","40.605993","-79.882325","","11","0","0","0","0","0","0","0","0","","0","1","0","","","0","N","0","","40 36:21.576","","0","79 52:56.370","0","0","0","0","2220","0","0","0","N","0","0","0","1","02220","0","","4.0","","1","N","N","N","0","","0","0","0","","0","","","1","0","0","0","0","0","0","1","0","1","03","03","","N","","","","","","","","","",""
"2024105745","","1","0","0","0","0","0","0","0","0","7","0","","02","11","2024","1","40.46775","-80.288389","","11","0","0","0","0","0","0","0","0","","0","0","0","","","2","N","0","","40 28:03.900","1","0","80 17:18.200","8","0","0","0","2203","0","0","0","N","0","0","0","2","68Z99","0","","3.0","735.0","1","N","N","N","0","","0","0","0","","0","N","","1","2","0","0","0","2","0","1","0","1","03","","","N","","","","","","","","","",""
"2024103639","","0","0","0","0","0","0","0","0","0","4","0","","02","11","2024","1","40.544729","-80.031655","","11","0","0","0","0","0","0","1","0","","0","0","0","","","1","N","2","","40 32:41.025","6","0","80 01:53.958","3","0","0","0","2116","0","0","0","N","0","0","0","6","02116","0","","1.0","1642.0","1","N","N","N","1","","1","0","1","","0","N","","2","1","0","0","0","0","0","2","0","2","03","03","","N","","","","","","","","","",""
"2024103790","","1","0","0","0","0","0","0","0","0","1","0","","02","11","2024","1","40.450919","-80.138388","","11","0","0","0","0","0","0","0","0","","0","0","0","","","0","N","0","","40 27:03.310","","0","80 08:18.195","0","0","0","0","2115","0","0","0","N","0","0","0","2","02115","0","","1.0","","1","N","N","N","0","","0","0","1","","0","","","2","0","0","0","0","0","0","2","0","2","03","03","","N","","","","","","","","","",""
"2024102523","","1","0","0","0","0","0","0","0","0","7","0","","02","11","2024","5","40.480886","-79.838538","","11","0","0","0","0","0","1","0","0","","0","0","0","","","0","N","0","","40 28:51.191","7","0","79 50:18.736","0","0","0","0","2113","0","0","0","N","0","0","0","1","02113","0","","4.0","1250.0","9","N","N","N","0","","0","0","0","","0","N","","1","0","0","0","0","0","0","2","0","1","07","07","","N","","","","","","","","","",""
"2024115253","","0","0","0","0","0","0","0","0","0","4","0","","02","12","2024","5","40.339008","-79.960372","","11","0","0","0","0","0","0","0","1","","0","0","0","","","2","","1","","40 20:20.429","1","0","79 57:37.340","3","0","0","0","2454","0","0","0","N","0","0","0","2","02454","0","","1.0","1750.0","1","N","N","N","1","","2","0","1","","2","Y","","2","2","0","0","0","0","0","2","0","2","03","03","","N","","","","","","","","","",""
"2024104253","","1","0","0","0","0","0","0","0","0","4","0","","02","11","2024","2","40.419994","-80.04635","","11","0","0","0","0","1","0","0","0","","0","0","0","","","0","N","0","","40 25:11.979","","7","80 02:46.860","0","0","0","0","2435","0","0","0","N","0","0","0","2","02435","0","","1.0","","1","N","N","N","0","","0","0","1","","0","","","2","0","0","0","0","0","0","2","0","2","03","03","","N","","","","","","","","","",""
"2024113760","","0","0","0","0","0","0","0","0","0","7","0","","02","12","2024","2","40.274688","-79.893381","","11","0","0","0","0","0","0","1","0","","0","0","0","","","0","","6","","40 16:28.878","2","8","79 53:36.171","0","0","0","0","2471","0","0","0","N","0","0","0","1","02105","0","","2.0","1920.0","9","N","N","N","0","","0","0","1","","0","N","","1","0","0","0","0","0","0","2","0","1","03","07","","N","","","","","","","","","",""
"2024102700","","1","0","0","0","0","0","0","0","0","7","0","","02","11","2024","5","40.392917","-79.894236","","11","0","0","0","0","0","0","0","0","","0","0","0","","","0","N","0","","40 23:34.502","5","0","79 53:39.251","0","0","0","0","2448","0","0","0","N","0","0","0","2","02448","0","","4.0","2341.0","9","N","N","N","0","","0","0","0","","0","N","","1","0","0","0","0","0","0","2","0","1","07","","","N","","","","","","","","","",""
"2024115937","","0","0","0","0","0","0","1","0","0","5","1","","02","12","2024","6","40.46153","-79.908168","","11","0","0","0","0","0","0","0","0","","0","0","0","","","0","N","0","","40 27:41.508","3","0","79 54:29.404","0","0","0","0","2301","0","0","0","N","0","0","0","1","02503","0","","1.0","1625.0","1","N","N","N","0","","0","0","1","","2","N","","2","0","0","0","0","0","0","2","0","2","03","03","","N","","","","","","","","","",""
"2024099287","","0","0","0","0","0","0","0","0","0","1","0","","02","11","2024","3","40.275142","-79.892555","","11","0","0","0","0","0","0","0","0","","0","0","0","","","1","","6","","40 16:30.511","2","2","79 53:33.198","8","0","0","0","2471","0","0","0","N","0","0","0","3","02105","0","","1.0","1208.0","1","N","N","N","0","","0","0","2","","3","Y","","2","1","0","0","0","1","0","2","0","2","03","03","","N","","","","","","","","","",""
"2024106761","","0","0","0","0","0","0","0","0","0","1","0","","02","11","2024","3","40.431144","-79.959222","","11","0","0","0","0","0","1","0","0","","0","0","0","","","0","","1","","40 25:52.118","","0","79 57:33.198","0","0","0","0","2301","0","0","0","N","0","0","0","2","02301","0","","1.0","","9","N","N","N","0","","0","0","2","","2","","","2","0","0","0","0","0","0","2","0","2","07","","","N","","","","","","","","","",""
"2024116312","","0","0","0","0","0","0","0","0","0","3","1","","02","12","2024","5","40.436226","-79.753489","","11","0","0","0","0","0","1","0","0","","0","1","0","","","0","N","0","","40 26:10.415","","5","79 45:12.561","0","0","0","0","2446","0","0","0","N","0","0","0","2","68T09","0","","1.0","","9","N","N","N","0","","0","0","1","","0","","","2","0","0","0","0","0","0","2","0","2","10","","","N","","","","","","","","","",""
"2024102189","","0","0","0","0","0","0","0","0","0","4","0","","02","11","2024","4","40.559531","-79.959742","","11","0","0","0","0","0","0","0","0","","0","0","0","","","1","N","0","","40 33:34.313","3","7","79 57:35.071","4","0","0","0","2207","0","0","0","N","0","0","0","3","02207","1","","1.0","838.0","1","N","N","N","0","","0","0","1","","0","N","","2","1","0","0","0","0","0","2","1","2","03","03","","N","","","","","","","","","",""
"2024115956","","0","0","0","0","0","0","0","0","0","4","1","","02","12","2024","6","40.527806","-80.007556","","11","0","0","0","0","0","1","0","0","","0","1","0","","","1","","3","","40 31:40.100","","7","80 00:27.200","3","0","0","0","2116","0","0","0","N","0","0","0","2","02116","0","","1.0","","9","N","","N","0","","1","0","1","","3","","","2","1","0","0","0","0","0","2","0","2","03","","","N","","","","","","","","","",""
"2024114820","","0","0","0","0","0","0","0","0","0","1","0","","02","12","2024","4","40.438362","-79.77223","","11","0","0","0","0","0","0","0","0","","0","0","0","","","3","N","0","","40 26:18.104","3","0","79 46:20.029","3","0","0","0","2446","0","0","0","N","0","0","0","5","02446","0","","1.0","1815.0","9","N","N","N","0","","3","0","3","","0","N","","3","3","0","0","0","0","0","2","0","3","07","","","N","","","","","","","","","",""
"2024117534","","1","0","0","0","0","0","0","0","0","7","0","","02","12","2024","2","40.609497","-79.920976","","11","0","0","0","0","0","0","0","0","","0","0","0","","","0","","2","","40 36:34.189","","0","79 55:15.513","0","0","0","0","2207","0","0","0","N","0","0","0","1","02207","0","","5.0","","1","N","N","N","0","","0","0","0","","3","","","1","0","0","0","0","0","0","2","0","1","10","04","","N","","","","","","","","","",""
"2024118209","","0","0","0","0","0","0","0","0","0","1","0","","02","12","2024","5","40.511518","-79.947503","","11","0","0","0","0","0","0","2","0","","0","0","0","","","0","","1","","40 30:41.465","","0","79 56:51.011","0","0","0","0","2118","0","0","0","N","0","0","0","4","02118","0","","1.0","","1","N","N","N","0","","0","0","4","","2","","","4","0","0","0","0","0","0","2","0","4","03","03","","N","","","","","","","","","",""
"2024103331","","2","0","0","0","0","0","0","0","0","4","0","","02","11","2024","6","40.593417","-79.947832","","11","0","0","0","0","0","1","0","0","","0","0","0","","","0","N","0","","40 35:36.302","1","7","79 56:52.196","0","0","0","0","2207","0","0","0","N","0","0","0","3","02207","0","","1.0","1710.0","1","N","N","N","0","","0","0","0","","0","N","","2","0","0","0","0","0","0","2","0","2","03","03","","N","","","","","","","","","",""
"2024102008","","1","0","0","0","0","0","0","0","0","4","0","","02","11","2024","3","40.444157","-80.098545","","11","0","0","0","0","0","1","0","0","","0","0","0","","","0","N","0","","40 26:38.965","4","0","80 05:54.763","0","0","0","0","2115","0","0","0","N","0","0","0","2","02115","0","","1.0","956.0","1","N","N","N","0","","0","0","1","","0","Y","","2","0","0","0","0","0","0","2","0","2","","03","","N","","","","","","","","","",""
"2024116125","","1","0","0","0","0","0","0","0","0","4","0","","02","12","2024","2","40.465599","-80.066322","","11","0","0","0","0","0","1","1","0","","0","0","0","","","0","","1","","40 27:56.155","6","0","80 03:58.759","0","0","0","0","2444","0","0","0","N","0","0","0","2","02444","0","","1.0","1310.0","1","N","N","N","0","","0","0","1","","2","N","","2","0","0","0","0","0","0","2","0","2","03","","","N","","","","","","","","","",""
"2024117680","","0","0","0","0","0","0","0","0","0","4","0","","02","12","2024","1","40.388954","-80.042288","","11","0","0","0","1","0","0","0","0","","0","0","0","","","2","","1","","40 23:20.233","","0","80 02:32.236","3","0","0","0","2109","0","0","0","N","0","0","0","3","02109","0","","1.0","","9","N","N","N","1","","2","0","1","","2","","","2","2","0","0","0","0","0","2","0","2","07","04","","N","","","","","","","","","",""
"2024109670","","1","0","0","0","0","0","0","0","0","5","1","","02","12","2024","4","40.542694","-80.183833","","11","0","0","0","0","0","0","0","1","","0","1","0","","","0","N","0","","40 32:33.700","","0","80 11:01.800","0","0","0","0","2458","0","0","0","N","0","0","0","1","02458","0","","6.0","","1","N","N","N","0","","0","0","0","","0","","","2","0","0","0","0","0","0","2","0","2","03","03","","N","","","","","","","","","",""
"2024104449","","0","0","0","0","0","0","0","0","0","4","0","","02","11","2024","3","40.607238","-80.051956","","11","0","0","0","0","0","0","0","0","","0","0","0","","","0","N","0","","40 36:26.055","","7","80 03:07.043","0","0","0","0","2108","0","0","0","N","0","0","0","2","02108","0","","1.0","","9","N","N","N","0","","0","0","2","","0","","","2","0","0","0","0","0","0","2","0","2","04","04","","N","","","","","","","","","",""
"2024115632","","1","0","0","0","0","0","0","0","0","4","0","","02","12","2024","6","40.477665","-79.785487","","11","0","0","0","0","0","0","1","0","","0","0","0","","","0","N","1","","40 28:39.595","","0","79 47:07.754","0","0","0","0","2113","0","0","0","N","0","0","0","3","02113","0","","1.0","","9","N","N","N","1","","0","0","0","","2","","","2","0","0","0","0","0","0","2","0","2","04","10","","N","","","","","","","","","",""
"2024116238","","0","0","0","0","0","0","0","0","0","4","1","","02","12","2024","3","40.304245","-80.056936","","11","0","0","0","0","0","1","0","0","","0","1","0","","","1","","1","","40 18:15.282","7","0","80 03:24.971","3","0","0","0","2407","0","0","0","N","0","0","0","2","02407","0","","1.0","656.0","1","N","N","N","0","","1","0","1","","3","Y","","2","1","1","0","0","0","0","2","0","2","03","","","N","","","","","","","","","",""
"2024105036","","0","0","0","0","0","0","0","0","0","1","0","","02","11","2024","2","40.342417","-80.037556","","11","0","0","0","0","0","1","0","1","","0","0","0","","","0","N","0","","40 20:32.700","3","0","80 02:15.200","0","0","0","0","2407","0","0","0","N","0","0","0","2","68Z99","0","","1.0","1135.0","1","N","N","N","0","","0","0","2","","0","N","","2","0","0","0","0","0","0","2","0","2","03","03","","N","","","","","","","","","",""
"2024113567","","2","0","0","0","0","0","0","0","0","1","0","","02","11","2024","3","40.478494","-80.007366","","11","0","0","0","0","0","1","0","1","","0","0","0","","","1","N","0","","40 28:42.578","1","0","80 00:26.518","3","0","0","0","2301","0","0","0","N","0","0","0","4","68B03","0","","1.0","2000.0","9","N","N","N","0","","1","0","2","","0","N","","4","1","0","0","0","0","0","2","0","4","03","","","N","","","","","","","","","",""
"2024104254","","1","0","0","0","0","0","0","0","0","7","0","","02","11","2024","2","40.511448","-79.937406","","11","0","0","0","0","0","1","0","0","","0","0","0","","","1","N","0","","40 30:41.214","6","0","79 56:14.663","8","0","0","0","2118","0","0","0","N","0","0","0","1","02118","0","","5.0","806.0","1","N","N","N","0","","0","0","0","","0","Y","","1","1","0","0","0","1","0","2","0","1","03","03","","N","","","","","","","","","",""
"2024114242","","1","0","0","0","0","0","0","0","0","1","0","","02","12","2024","3","40.635121","-79.946015","","11","0","0","0","1","1","0","1","0","","0","0","0","","","1","N","2","","40 38:06.436","3","0","79 56:45.655","8","0","0","0","2217","0","0","0","N","0","0","0","3","02505","0","","1.0","1310.0","1","N","N","N","0","","0","0","2","","0","N","","3","1","0","0","0","1","0","2","0","3","03","","","N","","","","","","","","","",""
"2024116853","","0","0","0","0","0","0","0","0","0","4","0","","02","12","2024","2","40.624316","-80.060373","","11","0","0","0","0","0","0","0","0","","0","0","0","","","0","","2","","40 37:27.537","","0","80 03:37.343","0","0","0","0","2216","0","0","0","N","0","0","0","3","02505","0","","1.0","","1","N","N","N","1","","0","0","1","","3","","","2","0","0","0","0","0","0","2","0","2","03","03","","N","","","","","","","","","",""
"2024118451","","1","0","0","0","0","0","0","0","0","7","0","","02","11","2024","3","40.592694","-79.794753","","11","0","0","0","0","0","0","0","0","","0","0","0","","","0","N","0","","40 35:33.700","4","0","79 47:41.110","0","0","0","0","2206","0","0","0","Y","0","0","0","1","68D02","0","","2.0","2348.0","1","N","N","N","0","","0","0","0","","0","N","","1","0","0","0","0","0","0","1","0","1","03","","","N","","","","","","","","","",""
"2024088399","","0","0","0","0","0","0","0","0","0","7","0","","02","5","2024","4","40.464917","-79.89875","","11","0","0","0","0","0","0","0","0","","0","0","0","","","1","N","0","","40 27:53.700","","0","79 53:55.500","2","0","0","0","2301","0","0","0","N","0","0","0","1","02301","0","","4.0","","9","N","N","N","0","","0","1","1","","0","","","1","1","0","0","0","0","0","2","0","1","07","","","N","","","","","","","","","",""
"2024088424","","1","0","0","0","0","0","0","0","0","1","0","","02","5","2024","7","40.445234","-79.999051","","11","0","0","0","0","0","1","0","0","","0","0","0","","","0","","1","","40 26:42.841","2","3","79 59:56.584","9","0","0","0","2301","0","0","0","N","0","0","0","5","02301","0","","1.0","2304.0","9","N","N","Y","0","","0","0","2","","2","N","","3","0","0","0","0","0","1","2","0","3","07","","","N","","","","","","","","","",""
"2024087726","","0","0","0","0","0","0","0","0","0","7","0","","02","4","2024","1","40.422218","-79.990392","","11","0","0","0","0","0","0","0","1","","0","0","0","","","0","N","0","","40 25:19.985","6","0","79 59:25.411","0","0","0","0","2301","0","0","0","N","0","0","0","1","02301","0","","5.0","1440.0","1","N","N","N","0","","0","0","1","","0","N","","1","0","0","0","0","0","0","2","0","1","03","","","N","","","","","","","","","",""
"2024116194","","0","0","0","0","0","0","0","0","0","1","0","","02","12","2024","7","40.348168","-79.947286","","11","0","0","0","1","0","0","1","0","","0","0","0","","","0","","1","","40 20:53.403","3","0","79 56:50.231","0","0","0","0","2473","0","0","0","N","0","0","0","4","02473","0","","1.0","1732.0","2","N","N","N","0","","0","0","2","","2","N","","2","0","0","0","0","0","0","2","0","2","10","02","","N","","","","","","","","","",""
"2024092923","","2","0","0","0","0","0","0","0","0","1","1","","02","6","2024","2","40.414036","-80.009619","","11","0","0","0","0","0","2","1","0","","0","1","0","","","0","N","0","","40 24:50.529","1","0","80 00:34.629","0","0","0","0","2301","0","0","0","N","0","0","0","7","02301","0","","1.0","1245.0","1","N","N","N","0","","0","0","1","","0","N","","4","0","1","0","0","0","0","2","0","4","04","04","","N","","","","","","","","","",""
"2024087708","","0","0","0","0","0","0","0","0","0","7","0","","02","4","2024","6","40.43852","-79.998365","","11","0","0","0","0","0","0","0","0","","0","0","0","","","1","N","0","","40 26:18.672","","0","79 59:54.114","8","0","0","0","2301","0","0","0","N","0","0","0","1","02301","0","","5.0","","9","N","N","N","0","","0","0","1","","2","","","1","1","0","0","0","1","0","2","0","1","07","","","N","","","","","","","","","",""
"2024087688","","2","0","0","0","0","0","0","0","0","4","0","","02","4","2024","3","40.456026","-79.925253","","11","0","0","0","0","0","0","0","1","","0","0","0","","","1","N","0","","40 27:21.695","","0","79 55:30.912","3","0","0","0","2301","0","0","0","N","0","0","0","2","02301","0","","1.0","","9","N","N","N","0","","1","0","0","","0","","","2","1","0","0","0","0","0","2","0","2","07","","","N","","","","","","","","","",""
"2024087736","","1","0","0","0","0","0","0","0","0","4","0","","02","4","2024","3","40.454806","-80.024917","","11","0","0","0","0","0","0","0","0","","0","0","0","","","0","","1","","40 27:17.300","","0","80 01:29.700","0","0","0","0","2301","0","0","0","N","0","0","0","4","02301","0","","1.0","","1","N","N","N","0","","0","0","1","","0","","","2","0","0","0","0","0","0","2","0","2","03","","","N","","","","","","","","","",""
"2024075699","","1","0","0","0","0","0","0","0","0","4","0","","02","8","2024","6","40.512056","-80.131778","","11","0","0","0","0","0","0","0","0","","0","0","0","","","1","N","0","","40 30:43.400","","7","80 07:54.400","4","0","0","0","2110","0","0","0","N","0","0","0","2","02215","1","","1.0","","1","N","N","N","0","","0","0","1","","0","","","2","1","0","0","0","0","0","2","0","2","03","","","N","","","","","","","","","",""
"2024088143","","1","0","0","0","0","0","0","0","0","4","0","","02","10","2024","4","40.424677","-79.859302","","11","0","0","0","0","0","0","0","0","","0","0","0","","","0","","1","","40 25:28.836","4","0","79 51:33.488","0","0","0","0","2431","0","0","0","N","0","0","0","2","02431","0","","1.0","1010.0","1","N","N","N","0","","0","0","1","","2","Y","","2","0","0","0","0","0","0","2","0","2","","","","N","","","","","","","","","",""
"2024117607","","1","0","0","0","0","0","0","0","0","1","0","","02","12","2024","3","40.417279","-80.056698","","11","0","0","0","1","0","0","0","0","","0","0","0","","","0","N","0","","40 25:02.204","4","0","80 03:24.111","0","0","0","0","2435","0","0","0","N","0","0","0","2","68B03","0","","1.0","30.0","1","N","N","N","0","","0","0","1","","0","N","","2","0","0","0","0","0","0","2","0","2","03","","","N","","","","","","","","","",""
"2024087570","","2","0","0","0","0","0","0","0","0","4","0","","02","3","2024","2","40.429444","-79.988639","","11","0","0","0","1","0","0","0","0","","0","0","0","","","1","","1","","40 25:46.000","","0","79 59:19.100","3","0","0","0","2301","0","0","0","N","0","0","0","4","02301","0","","1.0","","1","N","N","N","0","","1","0","0","","2","","","2","1","0","0","0","0","0","2","0","2","03","","","N","","","","","","","","","",""
"2024087738","","0","0","0","0","0","0","0","0","0","4","0","","02","4","2024","3","40.423701","-79.997483","","11","0","0","0","0","0","0","0","0","","0","0","0","","","2","","1","","40 25:25.324","5","0","79 59:50.937","4","0","0","0","2301","0","0","0","N","0","0","0","2","02301","2","","1.0","845.0","1","N","N","N","0","","0","0","2","","3","N","","2","2","0","0","0","0","0","2","0","2","03","03","","N","","","","","","","","","",""
"2024087577","","0","0","0","0","0","0","0","0","0","4","0","","02","3","2024","4","40.428679","-79.989815","","11","0","0","0","0","0","0","0","0","","0","0","0","","","2","","1","","40 25:43.244","6","0","79 59:23.334","8","0","0","0","2301","0","0","0","N","0","0","0","2","02301","0","","1.0","1300.0","1","N","N","N","1","","0","0","1","","3","N","","2","2","0","0","0","2","0","2","0","2","03","03","","N","","","","","","","","","",""
"2024087755","","2","0","0","0","0","0","0","0","0","4","0","","02","4","2024","5","40.425783","-80.019901","","11","1","0","0","0","0","0","0","0","","0","0","0","","","0","","1","","40 25:32.817","4","0","80 01:11.642","0","0","0","0","2301","0","0","0","N","0","0","0","5","02301","0","","1.0","1605.0","9","N","N","N","0","","0","0","0","","0","N","","2","0","0","0","0","0","0","2","0","2","04","","","N","","","","","","","","","",""
"2024088306","","0","0","0","0","0","0","0","0","0","7","0","","02","5","2024","4","40.46193","-79.899804","","11","0","0","0","0","0","0","0","0","","0","0","0","","","0","","1","","40 27:42.947","","0","79 53:59.294","9","0","0","0","2301","0","0","0","N","0","0","0","1","02301","0","","5.0","","1","N","N","N","0","","0","0","1","","3","","","1","0","0","0","0","0","1","2","0","1","03","","","N","","","","","","","","","",""