"CRN","ARRIVAL_TM","AUTOMOBILE_COUNT","BELTED_DEATH_COUNT","BELTED_SUSP_SERIOUS_INJ_COUNT","BICYCLE_COUNT","BICYCLE_DEATH_COUNT","BICYCLE_SUSP_SERIOUS_INJ_COUNT","BUS_COUNT","CHLDPAS_DEATH_COUNT","CHLDPAS_SUSP_SERIOUS_INJ_COUNT","COLLISION_TYPE","COMM_VEH_COUNT","CONS_ZONE_SPD_LIM","COUNTY","CRASH_MONTH","CRASH_YEAR","DAY_OF_WEEK","DEC_LATITUDE","DEC_LONGITUDE","DISPATCH_TM","DISTRICT","DRIVER_COUNT_16YR","DRIVER_COUNT_17YR","DRIVER_COUNT_18YR","DRIVER_COUNT_19YR","DRIVER_COUNT_20YR","DRIVER_COUNT_50_64YR","DRIVER_COUNT_65_74YR","DRIVER_COUNT_75PLUS","EST_HRS_CLOSED","FATAL_COUNT","HEAVY_TRUCK_COUNT","HORSE_BUGGY_COUNT","HOUR_OF_DAY","ILLUMINATION","INJURY_COUNT","INTERSECTION_RELATED","INTERSECT_TYPE","LANE_CLOSED","LATITUDE","LN_CLOSE_DIR","LOCATION_TYPE","LONGITUDE","MAX_SEVERITY_LEVEL","MCYCLE_DEATH_COUNT","MCYCLE_SUSP_SERIOUS_INJ_COUNT","MOTORCYCLE_COUNT","MUNICIPALITY","NONMOTR_COUNT","NONMOTR_DEATH_COUNT","NONMOTR_SUSP_SERIOUS_INJ_COUNT","NTFY_HIWY_MAINT","PED_COUNT","PED_DEATH_COUNT","PED_SUSP_SERIOUS_INJ_COUNT","PERSON_COUNT","POLICE_AGCY","POSSIBLE_INJ_COUNT","RDWY_SURF_TYPE_CD","RELATION_TO_ROAD","ROADWAY_CLEARED","ROAD_CONDITION","SCH_BUS_IND","SCH_ZONE_IND","SECONDARY_CRASH","SMALL_TRUCK_COUNT","SPEC_JURIS_CD","SUSP_MINOR_INJ_COUNT","SUSP_SERIOUS_INJ_COUNT","SUV_COUNT","TCD_FUNC_CD","TCD_TYPE","TFC_DETOUR_IND","TIME_OF_DAY","TOTAL_UNITS","TOT_INJ_COUNT","UNBELTED_OCC_COUNT","UNB_DEATH_COUNT","UNB_SUSP_SERIOUS_INJ_COUNT","UNK_INJ_DEG_COUNT","UNK_INJ_PER_COUNT","URBAN_RURAL","VAN_COUNT","VEHICLE_COUNT","WEATHER1","WEATHER2","WORKERS_PRES","WORK_ZONE_IND","WORK_ZONE_LOC","WORK_ZONE_TYPE","WZ_CLOSE_DETOUR","WZ_FLAGGER","WZ_LAW_OFFCR_IND","WZ_LN_CLOSURE","WZ_MOVING","WZ_OTHER","WZ_SHLDER_MDN","WZ_WORKERS_INJ_KILLED"
"2024087749","","1","0","0","0","0","0","0","0","0","4","0","","02","4","2024","4","40.453972","-79.979861","","11","0","0","0","0","0","0","0","0","","0","0","0","","","0","","1","","40 27:14.300","","0","79 58:47.500","0","0","0","0","2301","0","0","0","N","0","0","0","6","02301","0","","1.0","","1","N","N","N","0","","0","0","1","","0","","","2","0","0","0","0","0","0","2","0","2","04","98","","N","","","","","","","","","",""
"2024088208","","0","0","0","0","0","0","0","0","0","4","0","","02","4","2024","6","40.427659","-79.985288","","11","0","0","0","0","0","0","0","0","","0","0","0","","","0","","1","","40 25:39.574","","0","79 59:07.038","9","0","0","0","2301","0","0","0","N","0","0","0","3","02301","0","","1.0","","1","N","N","N","1","","0","0","1","","3","","","2","0","0","0","0","0","1","2","0","2","03","","","N","","","","","","","","","",""
"2024087719","","1","0","0","0","0","0","0","0","0","1","0","","02","4","2024","7","40.436234","-79.977791","","11","0","0","0","0","0","0","0","0","","0","0","0","","","0","","2","","40 26:10.444","3","0","79 58:40.049","0","0","0","0","2301","0","0","0","N","0","0","0","2","02301","0","","1.0","2200.0","1","N","N","N","1","","0","0","0","","0","N","","2","0","0","0","0","0","0","2","0","2","03","03","","N","","","","","","","","","",""
"2024087289","","0","0","0","0","0","0","0","0","0","1","0","","02","10","2024","1","40.304727","-79.933684","","11","0","0","0","0","0","1","0","1","","0","0","0","","","2","N","0","","40 18:17.017","","0","79 56:01.264","8","0","0","0","2440","0","0","0","N","0","0","0","5","02440","0","","1.0","","1","N","N","N","1","","0","0","1","","0","","","3","2","0","0","0","2","0","2","0","2","03","03","","N","","","","","","","","","",""
"2024087486","","1","0","0","0","0","0","0","0","0","1","0","","02","3","2024","4","40.488281","-79.921998","","11","0","0","1","0","0","1","0","0","","0","0","0","","","3","N","0","","40 29:17.811","3","0","79 55:19.193","3","0","0","0","2301","0","0","0","N","0","0","0","3","02301","1","","1.0","1530.0","1","N","N","N","0","","1","0","2","","0","N","","3","3","0","0","0","1","0","2","0","3","03","","","N","","","","","","","","","",""
"2024087758","","2","0","0","0","0","0","0","0","0","4","0","","02","4","2024","5","40.440111","-79.959861","","11","0","0","0","1","0","0","0","0","","0","0","0","","","1","","1","","40 26:24.400","","0","79 57:35.500","3","0","0","0","2301","0","0","0","N","0","0","0","2","02301","0","","1.0","","1","N","N","N","0","","1","0","0","","0","","","2","1","0","0","0","0","0","2","0","2","03","","","N","","","","","","","","","",""
"2024085581","","1","0","0","0","0","0","0","0","0","7","0","","02","9","2024","2","40.391545","-79.886713","","11","0","0","0","0","0","0","0","0","","0","0","0","","","0","","2","","40 23:29.563","","0","79 53:12.167","0","0","0","0","2473","0","0","0","N","0","0","0","1","02473","0","","4.0","","9","N","N","N","0","","0","0","0","","0","","","1","0","0","0","0","0","0","2","0","1","07","04","","N","","","","","","","","","",""
"2024085437","","0","0","0","0","0","0","0","0","0","7","0","","02","9","2024","2","40.436391","-79.99479","","11","0","0","0","0","0","0","0","0","","0","0","0","","","0","N","0","","40 26:11.008","","8","79 59:41.245","0","0","0","0","2301","0","0","0","N","0","0","0","1","02301","0","","2.0","","9","N","N","N","0","","0","0","1","","0","","","1","0","0","0","0","0","0","2","0","1","07","","","N","","","","","","","","","",""
"2024114274","","0","0","0","0","0","0","0","0","0","8","0","","02","12","2024","3","40.576856","-80.055881","","11","0","0","0","0","0","1","0","0","","1","0","0","","","0","","1","","40 34:36.680","6","0","80 03:21.172","1","0","0","0","2108","1","1","0","N","1","1","0","2","02108","0","2","1.0","9999.0","1","N","","N","0","0","0","0","1","","3","Y","","2","0","0","0","0","0","0","2","0","1","03","03","","N","","","","","","","","","",""
"2024087518","","0","0","0","0","0","0","0","0","0","4","0","","02","3","2024","6","40.404761","-79.941503","","11","0","0","0","0","0","0","0","0","","0","0","0","","","0","","1","","40 24:17.140","","0","79 56:29.410","0","0","0","0","2301","0","0","0","N","0","0","0","7","02301","0","","1.0","","9","N","N","N","0","","0","0","2","","3","","","2","0","1","0","0","0","0","2","0","2","07","07","","N","","","","","","","","","",""
"2024087729","","1","0","0","0","0","0","0","0","0","5","0","","02","4","2024","1","40.448667","-80.002278","","11","0","0","0","1","0","0","0","0","","0","0","0","","","1","","1","","40 26:55.200","","0","80 00:08.200","3","0","0","1","2301","0","0","0","N","0","0","0","2","02301","0","","1.0","","1","N","N","N","0","","1","0","0","","2","","","2","1","0","0","0","0","0","2","0","2","03","03","","N","","","","","","","","","",""
"2024087745","","1","0","0","0","0","0","0","0","0","4","0","","02","4","2024","4","40.440326","-79.965571","","11","0","0","0","0","0","0","0","0","","0","0","0","","","2","","1","","40 26:25.172","","0","79 57:56.054","4","0","0","0","2301","0","0","0","N","0","0","0","3","02301","2","","1.0","","9","N","N","N","0","","0","0","1","","3","","","2","2","0","0","0","0","0","2","0","2","07","","","N","","","","","","","","","",""
"2024092559","","0","0","0","0","0","0","0","0","0","4","0","","02","10","2024","1","40.340692","-79.835862","","11","0","0","0","0","0","0","1","0","","0","0","0","","","1","N","1","","40 20:26.491","3","0","79 50:09.103","3","0","0","0","2304","0","0","0","N","0","0","0","2","02304","0","","1.0","1155.0","1","N","N","Y","1","","1","0","1","","3","Y","","2","1","0","0","0","0","0","2","0","2","03","03","","N","","","","","","","","","",""
"2024087625","","1","0","0","0","0","0","0","0","0","8","0","","02","3","2024","7","40.427841","-79.969798","","11","0","0","0","0","0","0","0","0","","0","0","0","","","1","","1","","40 25:40.226","","0","79 58:11.273","3","0","0","0","2301","1","0","0","N","1","0","0","2","02301","0","","1.0","","1","N","N","N","0","","1","0","0","","0","","","2","1","0","0","0","0","0","2","0","1","03","03","","N","","","","","","","","","",""
"2024087568","","2","0","0","0","0","0","0","0","0","4","0","","02","3","2024","2","40.48925","-80.017778","","11","0","0","0","0","0","1","0","0","","0","0","0","","","0","N","0","","40 29:21.300","","0","80 01:04.000","0","0","0","0","2301","0","0","0","N","0","0","0","2","02301","0","","1.0","","1","N","N","N","0","","0","0","0","","0","","","2","0","0","0","0","0","0","2","0","2","03","03","","N","","","","","","","","","",""
"2024087730","","2","0","0","0","0","0","0","0","0","4","0","","02","4","2024","4","40.427313","-79.971412","","11","0","0","0","0","0","1","0","0","","0","0","0","","","0","N","1","","40 25:38.328","","0","79 58:17.083","0","0","0","0","2301","0","0","0","N","0","0","0","4","02301","0","","1.0","","1","N","N","N","0","","0","0","1","","3","","","3","0","0","0","0","0","0","2","0","3","03","03","","N","","","","","","","","","",""
"2024085942","","1","0","0","0","0","0","0","0","0","1","0","","02","3","2024","1","40.4813","-79.953836","","11","0","0","0","0","0","0","0","1","","0","0","0","","","0","N","0","","40 28:52.679","","0","79 57:13.808","9","0","0","0","2301","0","0","0","N","0","0","0","4","02301","0","","1.0","","1","N","N","N","0","","0","0","3","","0","","","4","0","0","0","0","0","1","2","0","4","03","","","N","","","","","","","","","",""
"2024087772","","2","0","0","0","0","0","0","0","0","4","0","","02","4","2024","6","40.438062","-79.923915","","11","0","0","0","0","0","0","0","1","","0","0","0","","","0","N","0","","40 26:17.023","","7","79 55:26.095","0","0","0","0","2301","0","0","0","N","0","0","0","2","02301","0","","1.0","","9","N","N","N","0","","0","0","0","","0","","","2","0","0","0","0","0","0","2","0","2","07","04","","N","","","","","","","","","",""
"2024087683","","0","0","0","0","0","0","0","0","0","0","0","","02","4","2024","2","40.45455","-79.872114","","11","0","0","0","0","0","0","1","0","","0","0","0","","","0","N","0","","40 27:16.380","","0","79 52:19.610","0","0","0","0","2301","0","0","0","N","0","0","0","1","02301","0","","1.0","","1","N","N","N","1","","0","0","0","","0","","","1","0","0","0","0","0","0","2","0","1","03","","","N","","","","","","","","","",""
"2024087711","","1","0","0","0","0","0","0","0","0","4","0","","02","4","2024","5","40.438733","-80.002865","","11","0","0","0","0","0","0","0","0","","0","0","0","","","0","N","0","","40 26:19.439","","7","80 00:10.314","0","0","0","0","2301","0","0","0","N","0","0","0","2","02301","0","","1.0","","9","N","N","N","0","","0","0","1","","0","","","2","0","0","0","0","0","0","2","0","2","07","","","N","","","","","","","","","",""
"2024087619","","1","0","0","0","0","0","0","0","0","7","0","","02","3","2024","7","40.39218","-80.017771","","11","0","0","0","0","0","0","0","0","","0","0","0","","","0","","5","","40 23:31.847","3","0","80 01:03.975","0","0","0","0","2301","0","0","0","N","0","0","0","1","02301","0","","4.0","1015.0","1","N","N","N","0","","0","0","0","","2","N","","1","0","0","0","0","0","0","2","0","1","04","","","N","","","","","","","","","",""
"2024087716","","2","0","0","0","0","0","0","0","0","5","0","","02","4","2024","6","40.427017","-79.981801","","11","0","0","0","0","0","0","0","0","","0","0","0","","","0","N","0","","40 25:37.260","","0","79 58:54.484","0","0","0","0","2301","0","0","0","N","0","0","0","2","02301","0","","4.0","","1","N","N","N","0","","0","0","0","","0","","","2","0","0","0","0","0","0","2","0","2","03","","","N","","","","","","","","","",""
"2024092928","","1","0","0","0","0","0","0","0","0","7","0","","02","10","2024","1","40.426953","-79.862998","","11","0","0","0","0","0","0","1","0","","0","0","0","","","3","N","0","","40 25:37.031","3","0","79 51:46.793","8","0","0","0","2431","0","0","0","N","0","0","0","6","02431","0","","2.0","1520.0","1","N","N","Y","1","","0","0","1","","2","N","","3","3","0","0","0","3","0","2","0","3","03","","","N","","","","","","","","","",""
"2024075951","","2","0","0","0","0","0","0","0","0","6","0","","02","8","2024","3","40.37263","-79.798794","","11","0","0","0","1","0","0","0","0","","0","0","0","","","1","N","0","","40 22:21.469","5","0","79 47:55.660","8","0","0","0","2111","0","0","0","N","0","0","0","3","02111","0","","1.0","2146.0","1","N","N","N","0","","0","0","0","","0","Y","","2","1","0","0","0","1","0","2","0","2","03","03","","N","","","","","","","","","",""
"2024094496","","1","0","0","0","0","0","0","0","0","4","1","","02","10","2024","3","40.55644","-79.819393","","11","0","0","0","0","0","0","0","1","","0","1","0","","","0","","1","","40 33:23.185","","0","79 49:09.813","0","0","0","0","2208","0","0","0","N","0","0","0","2","02208","0","","1.0","","1","N","N","N","0","","0","0","0","","3","","","2","0","0","0","0","0","0","2","0","2","03","03","","N","","","","","","","","","",""
"2024088336","","0","0","0","0","0","0","0","0","0","7","0","","02","5","2024","7","40.452797","-80.03924","","11","0","0","0","0","0","0","0","0","","0","0","0","","","0","","2","","40 27:10.070","","0","80 02:21.263","0","0","0","0","2301","0","0","0","N","0","0","0","1","02301","0","","4.0","","9","N","N","N","0","","0","0","1","","2","","","1","0","0","0","0","0","0","2","0","1","07","","","N","","","","","","","","","",""
"2024086844","","0","0","0","0","0","0","0","0","0","7","0","","02","9","2024","2","40.411114","-80.080978","","11","0","0","0","0","0","0","0","0","","0","0","0","","","1","N","0","","40 24:40.010","3","0","80 04:51.521","3","0","0","0","2415","0","0","0","N","0","0","0","1","02415","0","","4.0","803.0","9","N","N","N","0","","1","0","1","","0","Y","","1","1","1","0","0","0","0","2","0","1","07","04","","N","","","","","","","","","",""
"2024088475","","1","0","0","0","0","0","0","0","0","2","0","","02","9","2024","2","40.534202","-80.052501","","11","0","0","0","0","0","0","0","0","","0","0","0","","","2","N","0","","40 32:03.126","4","0","80 03:09.003","3","0","0","0","2116","0","0","0","N","0","0","0","3","02116","0","","1.0","700.0","1","N","N","N","0","","2","0","1","","0","N","","2","2","0","0","0","0","0","2","0","2","03","03","","N","","","","","","","","","",""
"2024084345","","1","0","0","0","0","0","0","0","0","7","0","","02","9","2024","6","40.519859","-79.842878","","11","0","0","0","0","0","0","0","1","","0","0","0","","","1","N","0","","40 31:11.494","","0","79 50:34.362","4","0","0","0","2451","0","0","0","N","0","0","0","1","02451","1","","5.0","","9","N","N","N","0","","0","0","0","","0","","","1","1","0","0","0","0","0","2","0","1","03","07","","N","","","","","","","","","",""
"2024115884","","1","0","0","0","0","0","0","0","0","7","0","","02","12","2024","7","40.627323","-80.01811","","11","0","0","0","0","0","0","0","0","","0","0","0","","","0","N","0","","40 37:38.364","6","0","80 01:05.197","0","0","0","0","2216","0","0","0","N","0","0","0","1","02505","0","","2.0","940.0","7","N","N","N","0","","0","0","0","","0","Y","","1","0","0","0","0","0","0","1","0","1","10","","","N","","","","","","","","","",""
"2024118276","","1","0","0","0","0","0","0","0","0","1","0","","02","10","2024","4","40.504804","-80.084414","","11","0","0","0","0","0","1","0","0","","0","0","0","","","1","","2","","40 30:17.293","1","0","80 05:03.890","8","0","0","0","2405","0","0","0","N","0","0","0","2","02215","0","","1.0","1055.0","1","N","N","N","0","","0","0","0","","2","N","","2","1","0","0","0","1","0","2","1","2","03","03","","N","","","","","","","","","",""
"2024087621","","2","0","0","0","0","0","0","0","0","5","0","","02","3","2024","7","40.451824","-79.981443","","11","0","0","0","0","0","0","0","0","","0","0","0","","","0","N","0","","40 27:06.568","","0","79 58:53.195","0","0","0","0","2301","0","0","0","N","0","0","0","2","02301","0","","1.0","","9","N","N","N","0","","0","0","0","","0","","","2","0","0","0","0","0","0","2","0","2","07","","","N","","","","","","","","","",""
"2024081766","","0","0","0","0","0","0","0","0","0","4","0","","02","9","2024","6","40.586008","-80.091676","","11","0","0","0","0","0","0","0","1","","0","0","0","","","1","","1","","40 35:09.628","","0","80 05:30.034","8","0","0","0","2481","0","0","0","N","0","0","0","2","02481","0","","1.0","","1","N","N","N","0","","0","0","2","","3","N","","2","1","0","0","0","1","0","2","0","2","03","03","","N","","","","","","","","","",""
"2024092926","","2","0","0","0","0","0","0","0","0","1","1","","02","6","2024","5","40.386716","-79.995397","","11","0","0","0","0","1","0","1","0","","0","0","0","","","0","N","0","","40 23:12.178","","0","79 59:43.429","0","0","0","0","2301","0","0","0","N","0","0","0","3","02301","0","","1.0","","1","N","N","N","0","","0","0","1","","0","","","3","0","0","0","0","0","0","2","0","3","03","","","N","","","","","","","","","",""
"2024056186","","1","0","0","0","0","0","0","0","0","5","1","","02","6","2024","5","40.427931","-79.986389","","11","0","0","0","0","0","0","0","0","","0","1","0","","","0","N","0","","40 25:40.550","1","0","79 59:11.000","0","0","0","0","2301","0","0","0","N","0","0","0","1","02301","0","","6.0","330.0","1","N","N","N","0","","0","0","2","","0","N","","4","0","0","0","0","0","0","2","0","4","04","","","N","","","","","","","","","",""
"2024087742","","2","0","0","0","0","0","0","0","0","4","0","","02","4","2024","3","40.47756","-79.91989","","11","0","0","0","0","0","0","1","0","","0","0","0","","","0","","1","","40 28:39.216","2","0","79 55:11.604","0","0","0","0","2301","0","0","0","N","0","0","0","2","02301","0","","1.0","25.0","1","N","N","N","0","","0","0","0","","0","N","","2","0","0","0","0","0","0","2","0","2","03","","","N","","","","","","","","","",""
"2024088343","","0","0","0","0","0","0","0","0","0","7","0","","02","5","2024","2","40.460202","-79.969263","","11","0","0","0","0","0","0","0","0","","0","0","0","","","1","","1","","40 27:36.727","6","0","79 58:09.346","3","0","0","1","2301","0","0","0","N","0","0","0","1","02301","0","","4.0","10.0","9","N","N","N","0","","1","0","0","","3","N","","1","1","0","0","0","0","0","2","0","1","05","07","","N","","","","","","","","","",""
"2024031230","","1","0","0","0","0","0","0","0","0","4","0","","02","4","2024","4","40.409028","-79.866389","","11","0","0","0","0","0","0","1","0","","0","0","0","","","1","","2","","40 24:32.500","","0","79 51:59.000","3","0","0","0","2449","0","0","0","Y","0","0","0","2","02515","0","","1.0","","1","N","Y","N","0","","1","0","1","","3","N","","2","1","0","0","0","0","0","2","0","2","03","03","","N","","","","","","","","","",""
"2024087573","","1","0","0","0","0","0","0","0","0","4","0","","02","3","2024","3","40.416461","-79.995096","","11","0","0","0","0","0","1","1","0","","0","0","0","","","2","","1","","40 24:59.259","3","0","79 59:42.346","4","0","0","0","2301","0","0","0","N","0","0","0","3","02301","1","","1.0","1600.0","9","N","N","N","0","","0","0","1","","3","N","","2","2","1","0","0","1","0","2","0","2","07","","","N","","","","","","","","","",""
"2024088312","","1","0","0","0","0","0","0","0","0","4","0","","02","5","2024","4","40.441678","-79.921128","","11","0","0","0","0","0","2","0","0","","0","0","0","","","1","N","0","","40 26:30.040","","0","79 55:16.060","3","0","0","0","2301","0","0","0","N","0","0","0","3","02301","0","","1.0","","1","N","N","N","1","","1","0","0","","0","","","2","1","0","0","0","0","0","2","0","2","03","03","","N","","","","","","","","","",""
"2024087633","","2","0","0","0","0","0","0","0","0","2","0","","02","3","2024","3","40.428594","-79.993136","","11","0","0","0","0","0","0","0","0","","0","0","0","","","0","N","0","","40 25:42.939","","0","79 59:35.291","0","0","0","0","2301","0","0","0","N","0","0","0","1","02301","0","","6.0","","1","N","N","N","0","","0","0","0","","0","","","2","0","0","0","0","0","0","2","0","2","03","","","N","","","","","","","","","",""
"2024093496","","0","0","0","0","0","0","0","0","0","6","0","","02","10","2024","6","40.427031","-79.753166","","11","0","0","0","0","0","1","0","1","","0","0","0","","","3","N","0","","40 25:37.311","2","7","79 45:11.399","3","0","0","0","2446","0","0","0","N","0","0","0","3","02446","0","","1.0","1410.0","1","N","N","N","0","","3","0","2","","0","N","","2","3","0","0","0","0","0","2","0","2","03","03","","N","","","","","","","","","",""
"2024093404","","0","0","0","0","0","0","0","0","0","98","0","","02","10","2024","2","40.533023","-80.125889","","11","0","0","0","0","0","0","0","0","","0","0","0","","","0","N","0","","40 31:58.883","","0","80 07:33.200","0","0","0","0","2125","0","0","0","N","0","0","0","1","68B03","0","","1.0","","1","N","N","N","0","","0","0","1","","0","","","1","0","0","0","0","0","0","2","0","1","03","","","N","","","","","","","","","",""
"2024103693","","2","0","0","0","0","0","0","0","0","4","0","","02","11","2024","1","40.386139","-79.822417","","11","0","0","0","0","0","0","0","0","","0","0","0","","","0","N","0","","40 23:10.100","4","7","79 49:20.700","0","0","0","0","2111","0","0","0","N","0","0","0","3","02111","0","","1.0","1535.0","1","N","N","N","0","","0","0","0","","0","N","","2","0","0","0","0","0","0","2","0","2","03","03","","N","","","","","","","","","",""
"2024087586","","1","0","0","0","0","0","0","0","0","4","0","","02","3","2024","7","40.407912","-79.965474","","11","0","0","0","0","0","0","0","0","","0","0","0","","","1","","3","","40 24:28.484","7","0","79 57:55.706","3","0","0","0","2301","0","0","0","N","0","0","0","3","02301","0","","1.0","2130.0","1","N","N","N","1","","1","0","0","","0","N","","2","1","0","0","0","0","0","2","0","2","03","","","N","","","","","","","","","",""
"2024090845","","0","0","0","0","0","0","0","0","0","1","0","","02","10","2024","7","40.442366","-79.856625","","11","0","0","0","0","0","2","0","1","","0","0","0","","","1","N","0","","40 26:32.518","3","0","79 51:23.849","3","0","0","0","2419","0","0","0","N","0","0","0","7","68B03","0","","1.0","1335.0","1","N","N","N","0","","1","0","2","","0","N","","4","1","0","0","0","0","0","2","2","4","03","","","N","","","","","","","","","",""
"2024087491","","1","0","0","0","0","0","0","0","0","6","0","","02","3","2024","4","40.408083","-79.981306","","11","0","0","0","0","0","0","0","0","","0","0","0","","","0","N","0","","40 24:29.100","2","0","79 58:52.700","0","0","0","0","2301","0","0","0","N","0","0","0","2","02301","0","","1.0","1530.0","1","N","N","N","0","","0","0","1","","0","N","","2","0","0","0","0","0","0","2","0","2","04","98","","N","","","","","","","","","",""
"2024087525","","0","0","0","0","0","0","0","0","0","7","0","","02","3","2024","7","40.494138","-80.009978","","11","0","0","0","0","0","0","0","0","","0","0","0","","","0","","2","","40 29:38.897","4","2","80 00:35.920","0","0","0","0","2301","0","0","0","N","0","0","0","1","02301","0","","5.0","900.0","9","N","N","N","0","","0","0","1","","3","N","","1","0","0","0","0","0","0","2","0","1","07","","","N","","","","","","","","","",""
"2024087564","","0","0","0","0","0","0","0","0","0","5","0","","02","3","2024","2","40.422167","-79.985694","","11","0","0","0","0","1","0","0","0","","0","0","0","","","0","N","0","","40 25:19.800","","0","79 59:08.500","0","0","0","0","2301","0","0","0","N","0","0","0","1","02301","0","","6.0","","1","N","N","N","0","","0","0","2","","0","","","2","0","0","0","0","0","0","2","0","2","03","03","","N","","","","","","","","","",""
"2024085946","","0","0","0","0","0","0","0","0","0","0","0","","02","3","2024","2","40.410917","-80.021889","","11","0","0","0","0","0","1","0","0","","0","0","0","","","1","N","0","","40 24:39.300","","0","80 01:18.800","4","0","0","0","2301","0","0","0","N","0","0","0","2","02301","1","","1.0","","1","N","N","N","0","","0","0","1","","0","","","1","1","0","0","0","0","0","2","0","1","03","","","N","","","","","","","","","",""
"2024088345","","0","0","0","0","0","0","0","0","0","4","0","","02","5","2024","2","40.456094","-79.941576","","11","0","0","0","0","0","1","0","0","","0","0","0","","","0","N","0","","40 27:21.939","","7","79 56:29.674","0","0","0","0","2301","0","0","0","N","0","0","0","3","02301","0","","1.0","","1","N","N","N","0","","0","0","2","","0","","","2","0","0","0","0","0","0","2","0","2","03","","","N","","","","","","","","","",""
"2024087692","","0","0","0","0","0","0","0","0","0","1","0","","02","4","2024","4","40.456354","-79.990804","","11","0","0","0","0","0","0","0","0","","0","0","0","","","2","N","0","","40 27:22.873","4","0","79 59:26.895","4","0","0","0","2301","0","0","0","N","0","0","0","3","02301","1","","1.0","9999.0","99","N","N","N","0","","0","0","2","","0","N","","3","2","0","0","0","1","0","2","1","3","03","","","N","","","","","","","","","",""
"2024087704","","1","0","0","0","0","0","0","0","0","7","0","","02","4","2024","5","40.401528","-80.002861","","11","0","0","0","0","0","0","0","0","","0","0","0","","","0","","2","","40 24:05.500","6","0","80 00:10.300","9","0","0","0","2301","0","0","0","N","0","0","0","1","02301","0","","5.0","645.0","9","N","N","N","0","","0","0","0","","3","N","","1","0","0","0","0","0","1","2","0","1","07","07","","N","","","","","","","","","",""
"2024116120","","1","0","0","0","0","0","0","0","0","7","0","","02","12","2024","7","40.510377","-80.097107","","11","0","0","0","0","0","0","0","0","","0","0","0","","","0","N","2","","40 30:37.356","2","0","80 05:49.585","0","0","0","0","2429","0","0","0","N","0","0","0","1","02215","0","","2.0","1345.0","7","N","N","N","0","","0","0","0","","0","N","","1","0","0","0","0","0","0","2","0","1","10","98","","N","","","","","","","","","",""
"2024084255","","0","0","0","0","0","0","0","0","0","7","0","","02","9","2024","6","40.673668","-80.116276","","11","0","0","0","0","0","0","0","0","","0","0","0","","","1","","2","","40 40:25.206","5","0","80 06:58.595","3","0","0","0","2212","0","0","0","N","0","0","0","2","02505","0","","2.0","2144.0","9","N","N","N","0","","1","0","1","","0","N","","1","1","0","0","0","0","0","2","0","1","04","","","N","","","","","","","","","",""
"2024087513","","2","0","0","0","0","0","0","0","0","1","0","","02","3","2024","5","40.428446","-79.931037","","11","0","0","0","0","0","1","0","0","","0","0","0","","","0","","3","","40 25:42.404","4","2","79 55:51.733","0","0","0","0","2301","0","0","0","N","0","0","0","2","02301","0","","7.0","1.0","1","N","N","N","0","","0","0","0","","4","N","","2","0","0","0","0","0","0","2","0","2","03","","","N","","","","","","","","","",""
"2024093299","","2","0","0","0","0","0","0","0","0","1","0","","02","10","2024","3","40.446459","-80.165505","","11","0","0","0","0","0","1","0","0","","0","0","0","","","0","N","0","","40 26:47.254","","0","80 09:55.817","0","0","0","0","2115","0","0","0","N","0","0","0","2","68B03","0","","1.0","","9","N","N","N","0","","0","0","0","","0","","","2","0","0","0","0","0","0","2","0","2","03","","","N","","","","","","","","","",""
"2024072557","","0","0","0","0","0","0","0","0","0","1","0","","02","8","2024","2","40.379451","-79.853708","","11","0","0","0","0","0","0","0","0","","0","0","0","","","0","","3","","40 22:46.023","1","0","79 51:13.350","9","0","0","0","2303","0","0","0","N","0","0","0","2","02303","0","","1.0","1651.0","1","N","N","N","0","","0","0","2","","0","N","","2","0","0","0","0","0","2","2","0","2","03","","","N","","","","","","","","","",""
"2024093536","","0","0","0","0","0","0","0","0","0","4","1","","02","6","2024","5","40.374953","-79.940562","","11","0","0","0","0","0","0","0","0","","0","0","0","","","0","N","0","","40 22:29.830","","7","79 56:26.024","0","0","0","0","2301","0","0","0","N","0","0","0","4","02301","0","","1.0","","1","N","N","N","0","","0","0","1","","0","","","2","0","0","0","0","0","0","2","1","2","03","03","","N","","","","","","","","","",""
"2024075945","","1","0","0","0","0","0","0","0","0","7","0","","02","8","2024","7","40.287213","-79.893709","","11","0","0","0","0","0","1","0","0","","0","0","0","","","1","N","0","","40 17:13.968","","0","79 53:37.354","8","0","0","0","2302","0","0","0","N","0","0","0","1","02302","0","","5.0","","1","N","N","N","0","","0","0","0","","0","N","","1","1","0","0","0","1","0","2","0","1","04","04","","N","","","","","","","","","",""
"2024117757","","1","0","0","0","0","0","0","0","0","1","0","","02","12","2024","6","40.426052","-79.895902","","11","0","0","0","0","0","0","0","0","","0","0","0","","","0","N","0","","40 25:33.787","","0","79 53:45.247","0","0","0","0","2463","0","0","0","N","0","0","0","3","68B03","0","","1.0","","1","N","N","N","0","","0","0","2","","0","","","3","0","0","0","0","0","0","2","0","3","03","","","N","","","","","","","","","",""
"2024103008","","1","0","0","0","0","0","0","0","0","1","0","","02","11","2024","6","40.468341","-79.864034","","11","0","0","0","0","0","0","0","0","","0","0","0","","","0","N","0","","40 28:06.026","3","0","79 51:50.523","0","0","0","0","2113","0","0","0","N","0","0","0","2","02113","0","","2.0","1655.0","9","N","N","N","0","","0","0","0","","0","N","","2","0","0","0","0","0","0","2","1","2","07","","","N","","","","","","","","","",""