"CRN","ARRIVAL_TM","AUTOMOBILE_COUNT","BELTED_DEATH_COUNT","BELTED_SUSP_SERIOUS_INJ_COUNT","BICYCLE_COUNT","BICYCLE_DEATH_COUNT","BICYCLE_SUSP_SERIOUS_INJ_COUNT","BUS_COUNT","CHLDPAS_DEATH_COUNT","CHLDPAS_SUSP_SERIOUS_INJ_COUNT","COLLISION_TYPE","COMM_VEH_COUNT","CONS_ZONE_SPD_LIM","COUNTY","CRASH_MONTH","CRASH_YEAR","DAY_OF_WEEK","DEC_LATITUDE","DEC_LONGITUDE","DISPATCH_TM","DISTRICT","DRIVER_COUNT_16YR","DRIVER_COUNT_17YR","DRIVER_COUNT_18YR","DRIVER_COUNT_19YR","DRIVER_COUNT_20YR","DRIVER_COUNT_50_64YR","DRIVER_COUNT_65_74YR","DRIVER_COUNT_75PLUS","EST_HRS_CLOSED","FATAL_COUNT","HEAVY_TRUCK_COUNT","HORSE_BUGGY_COUNT","HOUR_OF_DAY","ILLUMINATION","INJURY_COUNT","INTERSECTION_RELATED","INTERSECT_TYPE","LANE_CLOSED","LATITUDE","LN_CLOSE_DIR","LOCATION_TYPE","LONGITUDE","MAX_SEVERITY_LEVEL","MCYCLE_DEATH_COUNT","MCYCLE_SUSP_SERIOUS_INJ_COUNT","MOTORCYCLE_COUNT","MUNICIPALITY","NONMOTR_COUNT","NONMOTR_DEATH_COUNT","NONMOTR_SUSP_SERIOUS_INJ_COUNT","NTFY_HIWY_MAINT","PED_COUNT","PED_DEATH_COUNT","PED_SUSP_SERIOUS_INJ_COUNT","PERSON_COUNT","POLICE_AGCY","POSSIBLE_INJ_COUNT","RDWY_SURF_TYPE_CD","RELATION_TO_ROAD","ROADWAY_CLEARED","ROAD_CONDITION","SCH_BUS_IND","SCH_ZONE_IND","SECONDARY_CRASH","SMALL_TRUCK_COUNT","SPEC_JURIS_CD","SUSP_MINOR_INJ_COUNT","SUSP_SERIOUS_INJ_COUNT","SUV_COUNT","TCD_FUNC_CD","TCD_TYPE","TFC_DETOUR_IND","TIME_OF_DAY","TOTAL_UNITS","TOT_INJ_COUNT","UNBELTED_OCC_COUNT","UNB_DEATH_COUNT","UNB_SUSP_SERIOUS_INJ_COUNT","UNK_INJ_DEG_COUNT","UNK_INJ_PER_COUNT","URBAN_RURAL","VAN_COUNT","VEHICLE_COUNT","WEATHER1","WEATHER2","WORKERS_PRES","WORK_ZONE_IND","WORK_ZONE_LOC","WORK_ZONE_TYPE","WZ_CLOSE_DETOUR","WZ_FLAGGER","WZ_LAW_OFFCR_IND","WZ_LN_CLOSURE","WZ_MOVING","WZ_OTHER","WZ_SHLDER_MDN","WZ_WORKERS_INJ_KILLED"
"2024087739","","2","0","0","0","0","0","0","0","0","4","0","","02","4","2024","3","40.453609","-79.915354","","11","0","0","0","0","0","0","1","0","","0","0","0","","","0","","1","","40 27:12.994","4","0","79 54:55.273","0","0","0","0","2301","0","0","0","N","0","0","0","2","02301","0","","1.0","130.0","1","N","N","N","0","","0","0","0","","2","N","","2","0","0","0","0","0","0","2","0","2","03","","","N","","","","","","","","","",""
"2024118142","","2","0","0","0","0","0","0","0","0","4","0","","02","12","2024","7","40.405973","-79.900745","","11","0","0","0","0","0","2","0","0","","0","0","0","","","2","","1","","40 24:21.501","7","0","79 54:02.683","3","0","0","0","2448","0","0","0","N","0","0","0","5","02448","1","","1.0","2028.0","1","N","N","N","0","","1","0","0","","3","Y","","2","2","0","0","0","0","0","2","0","2","03","03","","N","","","","","","","","","",""
"2024115946","","1","0","0","0","0","0","0","0","0","4","0","","02","12","2024","7","40.335043","-79.811595","","11","0","0","0","0","0","0","0","1","","0","0","0","","","1","","2","","40 20:06.153","2","0","79 48:41.742","3","0","0","0","2477","0","0","0","N","0","0","0","2","02477","0","","1.0","1137.0","7","N","N","N","1","","1","0","0","","3","N","","2","1","0","0","0","0","0","2","0","2","10","02","","N","","","","","","","","","",""
"2024115918","","0","0","0","0","0","0","0","0","0","7","0","","02","12","2024","7","40.532389","-80.084667","","11","0","0","0","0","0","0","1","0","","0","0","0","","","1","N","0","","40 31:56.600","4","0","80 05:04.800","3","0","0","0","2215","0","0","0","N","0","0","0","1","02215","0","","4.0","1114.0","7","N","N","N","0","","1","0","1","","0","N","","1","1","0","0","0","0","0","2","0","1","02","10","","N","","","","","","","","","",""
"2024114250","","1","0","0","0","0","0","0","0","0","1","0","","02","12","2024","3","40.559447","-79.959299","","11","0","0","0","0","0","0","0","0","","0","0","0","","","0","","2","","40 33:34.010","","0","79 57:33.478","0","0","0","0","2207","0","0","0","N","0","0","0","2","02207","0","","1.0","","1","N","N","N","0","","0","0","0","","0","","","2","0","0","0","0","0","0","2","1","2","03","03","","N","","","","","","","","","",""
"2024118938","","1","0","0","0","0","0","0","0","0","5","0","","02","12","2024","7","40.394067","-80.020417","","11","0","0","0","0","0","0","0","0","","0","0","0","","","0","N","0","","40 23:38.642","4","0","80 01:13.502","0","0","0","0","2301","0","0","0","N","0","0","0","3","02301","0","","6.0","1240.0","1","N","N","N","1","","0","0","1","","0","N","","3","0","0","0","0","0","0","2","0","3","03","03","","N","","","","","","","","","",""
"2024112273","","0","0","0","0","0","0","0","0","0","98","0","","02","12","2024","4","40.594803","-80.100161","","11","0","0","0","0","1","0","0","0","","0","0","0","","","0","N","0","","40 35:41.289","","0","80 06:00.581","0","0","0","0","2481","0","0","0","N","0","0","0","1","02481","0","","1.0","","1","N","N","N","0","","0","0","1","","0","","","1","0","0","0","0","0","0","2","0","1","04","","","N","","","","","","","","","",""
"2024114014","","1","0","0","0","0","0","0","0","0","7","0","","02","12","2024","4","40.315624","-79.831515","","11","0","0","0","0","0","0","0","0","","0","0","0","","","1","","3","","40 18:56.245","2","0","79 49:53.455","8","0","0","0","2469","0","0","0","N","0","0","0","1","02469","0","","4.0","155.0","1","N","N","N","0","","0","0","0","","2","Y","","1","1","1","0","0","1","0","2","0","1","03","98","","N","","","","","","","","","",""
"2024113741","","1","0","0","0","0","0","0","0","0","7","0","","02","12","2024","1","40.367671","-79.829044","","11","0","0","0","0","0","0","1","0","","0","0","0","","","0","Y","0","","40 22:03.615","2","0","79 49:44.557","9","0","0","0","2111","0","0","0","N","0","0","0","1","02111","0","","5.0","2230.0","9","","","N","0","","0","0","0","","0","Y","","1","0","0","0","0","0","1","2","0","1","07","","","N","","","","","","","","","",""
"2024093510","","1","0","0","0","0","0","0","0","0","4","0","","02","10","2024","2","40.404262","-79.909894","","11","0","0","0","0","0","0","2","0","","0","0","0","","","2","","1","","40 24:15.344","6","0","79 54:35.619","3","0","0","0","2438","0","0","0","N","0","0","0","2","02438","1","","1.0","1430.0","1","N","N","N","1","","1","0","0","","3","Y","","2","2","0","0","0","0","0","2","0","2","03","03","","N","","","","","","","","","",""
"2024117457","","0","0","0","0","0","0","0","0","0","1","0","","02","12","2024","5","40.473584","-79.972298","","11","0","0","0","0","0","0","0","0","","0","0","0","","","0","","6","","40 28:24.903","2","2","79 58:20.273","0","0","0","0","2445","0","0","0","N","0","0","0","3","02445","0","","7.0","1900.0","1","N","N","N","0","","0","0","2","","4","Y","","2","0","0","0","0","0","0","2","0","2","03","03","","N","","","","","","","","","",""
"2024113484","","2","0","0","0","0","0","0","0","0","4","0","","02","12","2024","7","40.440438","-79.991511","","11","0","0","0","0","0","0","0","0","","0","0","0","","","0","","5","","40 26:25.577","1","2","79 59:29.439","0","0","0","0","2301","0","0","0","N","0","0","0","2","02301","0","","1.0","1645.0","1","N","N","N","0","","0","0","0","","2","N","","2","0","0","0","0","0","0","2","0","2","03","","","N","","","","","","","","","",""
"2024101801","","0","0","0","0","0","0","0","0","0","1","0","","02","11","2024","3","40.347597","-79.832509","","11","0","0","1","0","0","0","1","0","","0","0","0","","","0","N","1","","40 20:51.349","","0","79 49:57.031","0","0","0","0","2304","0","0","0","N","0","0","0","2","02304","0","","1.0","","1","N","N","N","1","","0","0","1","","2","","","2","0","0","0","0","0","0","2","0","2","03","03","","N","","","","","","","","","",""
"2024113351","","1","0","0","0","0","0","0","0","0","7","0","","02","12","2024","6","40.358325","-80.071858","","11","0","0","0","0","0","0","0","0","","0","0","0","","","1","","2","","40 21:29.970","3","0","80 04:18.690","3","0","0","0","2123","0","0","0","N","0","0","0","1","02123","0","","5.0","1901.0","1","N","N","N","0","","1","0","0","","0","N","","1","1","0","0","0","0","0","2","0","1","03","03","","N","","","","","","","","","",""
"2024113235","","1","0","0","0","0","0","0","0","0","4","0","","02","12","2024","7","40.198941","-79.869395","","11","0","0","0","0","0","1","0","0","","0","0","0","","","1","","3","","40 11:56.189","7","0","79 52:09.822","3","0","0","0","2204","0","0","0","N","0","0","0","2","02105","0","","1.0","1838.0","1","N","N","N","0","","1","0","1","","3","Y","","2","1","0","0","0","0","0","2","0","2","03","03","","N","","","","","","","","","",""
"2024086405","","0","0","1","0","0","0","0","0","0","4","0","","02","3","2024","2","40.45332","-79.917766","","11","0","0","0","0","0","0","0","0","","0","0","0","","","1","N","0","","40 27:11.951","","7","79 55:03.957","2","0","0","0","2301","0","0","0","N","0","0","0","5","02301","0","","1.0","","1","N","Y","N","0","","0","1","1","","0","","","2","1","0","0","0","0","0","2","1","2","03","","","N","","","","","","","","","",""
"2024085969","","0","0","0","0","0","0","0","0","0","4","0","","02","3","2024","4","40.442056","-79.918556","","11","0","0","0","0","0","0","1","0","","0","0","0","","","2","","1","","40 26:31.400","","0","79 55:06.800","8","0","0","0","2301","0","0","0","N","0","0","0","5","02301","0","","1.0","","1","N","N","N","0","","0","0","1","","3","","","2","2","0","0","0","2","0","2","1","2","03","","","N","","","","","","","","","",""
"2024117230","","2","0","0","0","0","0","0","0","0","4","0","","02","12","2024","4","40.463509","-79.70468","","11","0","0","0","0","0","0","0","0","","0","0","0","","","2","","2","","40 27:48.632","3","0","79 42:16.847","3","0","0","0","2466","0","0","0","N","0","0","0","2","02466","0","","1.0","1809.0","1","N","N","N","0","","2","0","0","","3","N","","2","2","0","0","0","0","0","2","0","2","03","03","","N","","","","","","","","","",""
"2024111432","","0","0","0","0","0","0","0","0","0","7","0","","02","12","2024","2","40.271886","-79.884994","","11","0","0","0","0","0","0","0","1","","0","0","0","","","2","","3","","40 16:18.791","","2","79 53:05.980","8","0","0","0","2428","0","0","0","Y","0","0","0","2","02105","0","","4.0","","9","N","N","N","0","","0","0","1","","0","","","1","2","0","0","0","2","0","2","0","1","07","07","","N","","","","","","","","","",""
"2024113249","","1","0","0","0","0","0","0","0","0","4","0","","02","12","2024","2","40.331946","-80.059848","","11","0","1","0","0","0","0","0","0","","0","0","0","","","0","","2","","40 19:55.004","","0","80 03:35.452","0","0","0","0","2407","0","0","0","N","0","0","0","3","02407","0","","1.0","","9","N","N","N","0","","0","0","1","","3","","","2","0","0","0","0","0","0","2","0","2","07","","","N","","","","","","","","","",""
"2024106933","","1","0","0","0","0","0","0","0","0","7","0","","02","11","2024","2","40.450333","-80.002806","","11","0","0","0","0","0","0","0","0","","0","0","0","","","1","N","0","","40 27:01.200","2","1","80 00:10.100","3","0","0","0","2301","0","0","0","N","0","0","0","1","02301","0","","5.0","30.0","1","N","N","N","0","","1","0","0","","2","N","","1","1","0","0","0","0","0","2","0","1","03","","","N","","","","","","","","","",""
"2024087740","","1","0","0","0","0","0","0","0","0","4","0","","02","4","2024","4","40.465426","-79.956659","","11","0","0","0","0","0","0","0","0","","0","0","0","","","0","","1","","40 27:55.532","","0","79 57:23.972","0","0","0","0","2301","0","0","0","N","0","0","0","2","02301","0","","1.0","","1","N","N","N","0","","0","0","1","","3","","","2","0","0","0","0","0","0","2","0","2","04","03","","N","","","","","","","","","",""
"2024085979","","2","0","0","0","0","0","0","0","0","1","0","","02","3","2024","5","40.458972","-79.933444","","11","0","0","0","0","0","0","0","1","","0","0","0","","","1","N","0","","40 27:32.300","2","0","79 56:00.400","3","0","0","0","2301","0","0","0","N","0","0","0","2","02301","0","","1.0","1730.0","1","N","N","N","0","","1","0","0","","0","N","","2","1","0","0","0","0","0","2","0","2","04","","","N","","","","","","","","","",""
"2024110530","","1","0","0","0","0","0","0","0","0","7","0","","02","12","2024","7","40.260056","-79.868472","","11","1","0","0","0","0","0","0","0","","0","0","0","","","1","N","0","","40 15:36.200","7","0","79 52:06.500","3","0","0","0","2105","0","0","0","N","0","0","0","1","02105","0","","4.0","1011.0","1","N","N","N","0","","1","0","0","","0","Y","","1","1","0","0","0","0","0","2","0","1","03","03","","N","","","","","","","","","",""
"2024113090","","1","0","0","0","0","0","0","0","0","4","0","","02","12","2024","7","40.310531","-79.9498","","11","0","0","0","0","0","1","0","0","","0","0","0","","","0","","1","","40 18:37.913","","0","79 56:59.279","0","0","0","0","2440","0","0","0","N","0","0","0","2","02440","0","","1.0","","1","N","N","N","0","","0","0","1","","3","","","2","0","0","0","0","0","0","2","0","2","03","03","","N","","","","","","","","","",""
"2024105825","","0","0","0","0","0","0","0","0","0","1","0","","02","11","2024","7","40.455472","-79.814526","","11","0","0","0","0","0","0","0","0","","0","0","0","","","0","N","0","","40 27:19.699","5","0","79 48:52.292","9","0","0","0","2113","0","0","0","N","0","0","0","1","02113","0","","2.0","400.0","9","N","N","N","0","","0","0","2","","0","Y","","2","0","0","0","0","0","1","2","0","2","07","07","","N","","","","","","","","","",""
"2024117049","","0","0","0","0","0","0","0","0","0","2","0","","02","12","2024","3","40.642111","-79.939222","","11","0","0","0","0","0","1","0","0","","0","0","0","","","1","N","0","","40 38:31.600","","7","79 56:21.200","3","0","0","0","2217","0","0","0","N","0","0","0","2","02505","0","","1.0","","7","N","N","N","0","","1","0","2","","0","","","2","1","0","0","0","0","0","2","0","2","10","06","","N","","","","","","","","","",""
"2024087656","","1","0","0","0","0","0","0","0","0","1","0","","02","10","2024","2","40.47406","-79.971404","","11","0","0","0","0","0","0","1","0","","0","0","0","","","0","Y","0","","40 28:26.617","1","1","79 58:17.055","9","0","0","0","2445","0","0","0","N","0","0","0","3","02445","0","","1.0","1001.0","1","N","N","N","1","","0","0","1","","0","N","","3","0","0","0","0","0","1","2","0","3","03","04","","N","","","","","","","","","",""
"2024115909","","1","0","0","0","0","0","0","0","0","1","0","","02","12","2024","7","40.368284","-79.816817","","11","0","0","0","0","0","1","0","0","","0","0","0","","","0","N","0","","40 22:05.824","","0","79 49:00.542","0","0","0","0","2111","0","0","0","N","0","0","0","2","02111","0","","1.0","","7","N","N","N","0","","0","0","1","","0","","","2","0","0","0","0","0","0","2","0","2","10","06","","N","","","","","","","","","",""
"2024111811","","2","0","0","0","0","0","0","0","0","2","0","","02","12","2024","4","40.338765","-79.809881","","11","0","0","0","0","0","0","0","0","","0","0","0","","","2","N","0","","40 20:19.554","1","0","79 48:35.572","3","0","0","0","2477","0","0","0","N","0","0","0","2","02477","0","","1.0","215.0","9","N","N","N","0","","2","0","0","","0","N","","2","2","0","0","0","0","0","2","0","2","04","","","N","","","","","","","","","",""
"2024113345","","1","0","0","0","0","0","0","0","0","7","0","","02","12","2024","1","40.540028","-79.891861","","11","0","0","0","0","0","0","0","0","","0","0","0","","","0","N","0","","40 32:24.100","","0","79 53:30.700","0","0","0","0","2432","0","0","0","N","0","0","0","1","02432","0","","5.0","","2","N","N","N","0","","0","0","0","","0","","","1","0","0","0","0","0","0","2","0","1","06","04","","N","","","","","","","","","",""
"2024116193","","0","0","0","0","0","0","0","0","0","4","0","","02","12","2024","6","40.413639","-79.752472","","11","0","0","0","0","0","0","1","0","","0","0","0","","","0","N","0","","40 24:49.100","7","7","79 45:08.900","0","0","0","0","2446","0","0","0","N","0","0","0","2","02446","0","","6.0","1836.0","1","N","N","N","0","","0","0","2","","0","N","","2","0","1","0","0","0","0","2","0","2","03","03","","N","","","","","","","","","",""
"2024119025","","0","0","0","0","0","0","0","0","0","7","0","","02","12","2024","3","40.444552","-80.099184","","11","0","0","0","0","0","0","0","0","","0","0","0","","","0","N","0","","40 26:40.387","3","0","80 05:57.063","0","0","0","0","2115","0","0","0","N","0","0","0","1","02115","0","","2.0","1324.0","9","N","N","N","1","","0","0","0","","0","N","","1","0","0","0","0","0","0","2","0","1","07","07","","N","","","","","","","","","",""
"2024116235","","1","0","0","0","0","0","0","0","0","4","0","","02","12","2024","6","40.343789","-80.0515","","11","0","0","1","0","0","0","0","1","","0","0","0","","","1","N","0","","40 20:37.640","","7","80 03:05.400","8","0","0","0","2407","0","0","0","N","0","0","0","2","02407","0","","1.0","","1","N","N","N","0","","0","0","1","","3","","","2","1","1","0","0","1","0","2","0","2","03","03","","N","","","","","","","","","",""
"2024088318","","1","0","0","0","0","0","0","0","0","7","0","","02","5","2024","5","40.374556","-79.911139","","11","0","0","0","0","0","1","0","0","","0","0","0","","","1","N","0","","40 22:28.400","1","0","79 54:40.100","8","0","0","0","2301","0","0","0","N","0","0","0","2","02301","0","","4.0","830.0","1","N","N","N","0","","0","0","0","","0","N","","1","1","0","0","0","1","0","2","0","1","03","","","N","","","","","","","","","",""
"2024116004","","1","0","0","0","0","0","0","0","0","7","0","","02","12","2024","7","40.420727","-80.046302","","11","0","0","0","0","0","0","0","0","","0","0","0","","","0","","2","","40 25:14.617","1","0","80 02:46.686","0","0","0","0","2435","0","0","0","N","0","0","0","2","02435","0","","2.0","1739.0","7","N","N","N","0","","0","0","0","","2","N","","1","0","0","0","0","0","0","2","0","1","10","02","","N","","","","","","","","","",""
"2024111420","","2","0","0","0","0","0","0","0","0","4","0","","02","12","2024","2","40.437334","-79.977727","","11","0","0","0","0","0","0","0","1","","0","0","0","","","0","","1","","40 26:14.402","3","0","79 58:39.816","0","0","0","0","2301","0","0","0","N","0","0","0","2","02301","0","","1.0","2130.0","1","N","N","N","0","","0","0","0","","2","N","","2","0","0","0","0","0","0","2","0","2","03","","","N","","","","","","","","","",""
"2024110882","","2","0","0","0","0","0","0","0","0","4","0","","02","12","2024","1","40.536495","-80.184365","","11","0","0","0","0","0","0","1","0","","0","0","0","","","1","","1","","40 32:11.383","1","0","80 11:03.713","3","0","0","0","2458","0","0","0","N","0","0","0","3","02458","0","","1.0","1904.0","1","N","N","N","0","","1","0","0","","2","N","","2","1","0","0","0","0","0","2","0","2","03","03","","N","","","","","","","","","",""
"2024110263","","0","0","0","0","0","0","0","0","0","4","0","","02","11","2024","5","40.545907","-80.016925","","11","0","0","0","0","0","0","0","0","","0","0","0","","","1","","1","","40 32:45.266","2","0","80 01:00.931","8","0","0","0","2116","0","0","0","N","0","0","0","2","02116","0","","1.0","1900.0","98","N","N","N","0","","0","0","2","","2","Y","","2","1","0","0","0","1","0","2","0","2","03","03","","N","","","","","","","","","",""
"2024103314","","0","0","0","0","0","0","0","0","0","4","0","","02","11","2024","4","40.495414","-79.976218","","11","0","0","0","0","0","0","1","0","","0","0","0","","","0","","3","","40 29:43.491","","0","79 58:34.383","0","0","0","0","2118","0","0","0","N","0","0","0","4","02118","0","","1.0","","1","N","N","N","1","","0","0","1","","2","","","2","0","0","0","0","0","0","2","0","2","03","03","","N","","","","","","","","","",""
"2024111992","","1","0","0","0","0","0","0","0","0","4","0","","02","12","2024","2","40.436886","-79.851991","","11","0","0","0","0","0","0","0","0","","0","0","0","","","1","","2","","40 26:12.790","6","0","79 51:07.168","8","0","0","0","2431","0","0","0","N","0","0","0","3","02431","0","","1.0","858.0","9","N","N","N","0","","0","0","0","","3","N","","2","1","0","0","0","1","0","2","1","2","07","","","N","","","","","","","","","",""
"2024106105","","0","0","0","0","0","0","0","0","0","7","0","","02","11","2024","1","40.251111","-79.912222","","11","0","0","0","0","1","0","0","0","","0","0","0","","","1","N","0","","40 15:04.000","1","0","79 54:44.000","3","0","0","0","2204","0","0","0","N","0","0","0","2","02105","0","","4.0","220.0","9","N","N","N","0","","1","0","1","","0","N","","1","1","0","0","0","0","0","1","0","1","03","","","N","","","","","","","","","",""
"2024109981","","2","0","0","0","0","0","0","0","0","7","0","","02","11","2024","1","40.410683","-80.07359","","11","0","0","0","0","1","0","0","0","","0","0","0","","","1","N","0","","40 24:38.459","3","0","80 04:24.923","3","0","0","0","2117","0","0","0","N","0","0","0","4","68B03","0","","4.0","227.0","1","N","N","N","0","","1","0","0","","0","N","","2","1","0","0","0","0","0","2","0","2","03","03","","N","","","","","","","","","",""
"2024115549","","0","0","0","0","0","0","0","0","0","1","0","","02","12","2024","7","40.355909","-80.117715","","11","0","0","1","0","0","0","0","0","","0","0","0","","","0","N","0","","40 21:21.272","4","0","80 07:03.773","0","0","0","0","2119","0","0","0","N","0","0","0","2","02119","0","","1.0","1840.0","1","N","N","N","1","","0","0","1","","0","N","","2","0","0","0","0","0","0","2","0","2","03","03","","N","","","","","","","","","",""
"2024091663","","2","0","0","0","0","0","0","0","0","5","0","","02","10","2024","4","40.495184","-80.255638","","11","0","0","0","0","0","2","0","0","","0","0","0","","","0","N","0","","40 29:42.664","3","0","80 15:20.298","0","0","0","0","2203","0","0","0","N","0","0","0","2","02501","0","","1.0","2105.0","1","N","N","N","0","","0","0","0","","0","N","","2","0","1","0","0","0","0","2","0","2","03","03","","N","","","","","","","","","",""
"2024092171","","1","0","0","0","0","0","0","0","0","7","0","","02","10","2024","1","40.593083","-80.163333","","11","0","0","0","0","0","0","1","0","","0","0","0","","","0","N","0","","40 35:35.100","","0","80 09:48.000","0","0","0","0","2480","0","0","0","N","0","0","0","1","02480","0","","5.0","","9","N","N","N","0","","0","0","0","","0","","","1","0","0","0","0","0","0","1","0","1","07","07","","N","","","","","","","","","",""
"2024088752","","1","0","0","0","0","0","0","0","0","5","0","","02","9","2024","3","40.406815","-79.88869","","11","0","0","0","0","0","1","0","0","","0","0","0","","","1","N","0","","40 24:24.533","5","0","79 53:19.285","2","0","0","0","2475","0","0","0","N","0","0","0","2","02475","0","","1.0","2026.0","1","N","N","N","1","","0","1","1","","0","Y","","3","1","1","0","1","0","0","2","0","3","03","03","","N","","","","","","","","","",""
"2024118939","","1","0","0","0","0","0","0","0","0","2","0","","02","12","2024","7","40.444594","-80.039833","","11","0","0","0","0","0","1","0","0","","0","0","0","","","1","N","0","","40 26:40.540","","0","80 02:23.400","3","0","0","0","2301","0","0","0","N","0","0","0","2","02301","0","","6.0","","1","N","N","N","0","","1","0","1","","0","","","2","1","0","0","0","0","0","2","0","2","03","03","","N","","","","","","","","","",""
"2024103477","","1","0","0","0","0","0","0","0","0","1","1","","02","10","2024","3","40.441976","-80.158633","","11","0","0","0","0","0","1","0","0","","0","1","0","","","0","N","0","","40 26:31.113","","0","80 09:31.079","0","0","0","0","2115","0","0","0","Y","0","0","0","2","68B03","0","","1.0","","1","N","N","N","0","","0","0","0","","0","","","2","0","0","0","0","0","0","2","0","2","03","","","N","","","","","","","","","",""
"2024104141","","1","0","0","0","0","0","0","0","0","4","0","","02","11","2024","4","40.338108","-80.031226","","11","0","0","0","0","0","0","1","0","","0","0","0","","","0","","5","","40 20:17.187","7","0","80 01:52.413","0","0","0","0","2407","0","0","0","N","0","0","0","3","02407","0","","1.0","1949.0","1","N","N","N","0","","0","0","1","","3","Y","","2","0","0","0","0","0","0","2","0","2","04","","","N","","","","","","","","","",""
"2024089283","","1","0","0","0","0","0","0","0","0","4","0","","02","10","2024","2","40.449142","-80.302505","","11","0","0","0","0","1","0","0","0","","0","0","0","","","2","N","0","","40 26:56.911","1","7","80 18:09.017","3","0","0","0","2203","0","0","0","N","0","0","0","2","02203","0","","1.0","1631.0","1","N","N","N","0","","2","0","1","","3","N","","2","2","0","0","0","0","0","1","0","2","03","03","","N","","","","","","","","","",""
"2024114468","","1","0","0","0","0","0","0","0","0","4","0","","02","12","2024","2","40.305129","-80.036684","","11","0","0","0","0","0","0","0","1","","0","0","0","","","2","","2","","40 18:18.464","","0","80 02:12.062","3","0","0","0","2407","0","0","0","N","0","0","0","4","02407","0","","1.0","","9","N","N","N","0","","2","0","1","","3","","","2","2","1","0","0","0","0","2","0","2","04","","","N","","","","","","","","","",""
"2024106530","","1","0","0","0","0","0","0","0","0","1","0","","02","11","2024","2","40.535463","-80.182107","","11","0","0","0","0","0","0","1","0","","0","0","0","","","2","N","0","","40 32:07.668","2","0","80 10:55.585","4","0","0","0","2458","0","0","0","N","0","0","0","3","02458","1","","1.0","1726.0","1","N","N","N","0","","0","0","1","","0","N","","2","2","0","0","0","1","0","2","0","2","04","03","","N","","","","","","","","","",""
"2024104436","","2","0","0","0","0","0","0","0","0","4","0","","02","11","2024","2","40.428633","-79.847222","","11","0","0","0","0","0","0","0","0","","0","0","0","","","0","N","0","","40 25:43.080","3","0","79 50:50.000","0","0","0","0","2431","0","0","0","N","0","0","0","2","02431","0","","6.0","339.0","1","N","N","N","0","","0","0","1","","0","N","","3","0","0","0","0","0","0","2","0","3","03","","","N","","","","","","","","","",""
"2024113127","","1","0","0","0","0","0","0","0","0","4","0","","02","12","2024","5","40.392811","-80.062934","","11","0","0","0","0","1","0","1","0","","0","0","0","","","1","Y","0","","40 23:34.120","2","0","80 03:46.564","3","0","0","0","2109","0","0","0","N","0","0","0","2","02109","0","","1.0","1630.0","1","N","N","N","0","","1","0","1","","3","Y","","2","1","0","0","0","0","0","2","0","2","03","03","","N","","","","","","","","","",""
"2024116094","","1","0","0","0","0","0","0","0","0","7","0","","02","12","2024","7","40.529417","-80.080167","","11","0","0","0","0","0","1","0","0","","0","0","0","","","0","N","0","","40 31:45.900","5","0","80 04:48.600","0","0","0","0","2215","0","0","0","N","0","0","0","1","02215","0","","4.0","1135.0","7","N","N","N","0","","0","0","0","","0","Y","","1","0","0","0","0","0","0","2","0","1","10","98","","N","","","","","","","","","",""
"2024095396","","1","0","0","0","0","0","0","0","0","4","0","","02","10","2024","3","40.610356","-79.971081","","11","0","0","0","0","0","1","0","1","","0","0","0","","","2","","2","","40 36:37.280","6","0","79 58:15.891","8","0","0","0","2207","0","0","0","N","0","0","0","2","02207","0","","1.0","1614.0","1","N","N","N","0","","0","0","1","","0","Y","","2","2","0","0","0","2","0","2","0","2","03","03","","N","","","","","","","","","",""
"2024112968","","0","0","0","0","0","0","0","0","0","1","0","","02","12","2024","6","40.402056","-80.051528","","11","0","0","0","0","0","0","0","0","","0","0","0","","","0","N","0","","40 24:07.400","","0","80 03:05.500","0","0","0","0","2117","0","0","0","N","0","0","0","1","02117","0","","6.0","","1","N","N","N","0","","0","0","2","","0","","","2","0","0","0","0","0","0","2","0","2","03","03","","N","","","","","","","","","",""
"2024117715","","0","0","0","0","0","0","0","0","0","4","0","","02","12","2024","5","40.450639","-80.174389","","11","0","0","0","0","0","0","1","0","","0","0","0","","","0","N","2","","40 27:02.300","3","2","80 10:27.800","0","0","0","0","2214","0","0","0","N","0","0","0","4","02214","0","","1.0","1923.0","1","N","N","N","1","","0","0","1","","2","N","","2","0","0","0","0","0","0","2","0","2","03","04","","N","","","","","","","","","",""
"2024088732","","1","0","0","0","0","0","0","0","0","1","0","","02","10","2024","4","40.469666","-79.975944","","11","0","0","0","0","0","0","0","0","","0","0","0","","","0","N","0","","40 28:10.797","2","0","79 58:33.397","0","0","0","0","2445","0","0","0","N","0","0","0","2","02445","0","","1.0","731.0","1","N","N","N","1","","0","0","0","","0","N","","2","0","0","0","0","0","0","2","0","2","03","04","","N","","","","","","","","","",""
"2024108149","","0","0","0","0","0","0","1","0","0","2","1","","02","11","2024","6","40.480691","-79.822443","","11","0","0","0","0","0","0","0","0","","0","0","0","","","2","N","0","","40 28:50.488","7","0","79 49:20.794","3","0","0","0","2113","0","0","0","N","0","0","0","2","02503","0","","1.0","755.0","9","","","N","1","","2","0","0","","0","Y","","2","2","0","0","0","0","0","2","0","2","10","10","","N","","","","","","","","","",""