"CRN","ARRIVAL_TM","AUTOMOBILE_COUNT","BELTED_DEATH_COUNT","BELTED_SUSP_SERIOUS_INJ_COUNT","BICYCLE_COUNT","BICYCLE_DEATH_COUNT","BICYCLE_SUSP_SERIOUS_INJ_COUNT","BUS_COUNT","CHLDPAS_DEATH_COUNT","CHLDPAS_SUSP_SERIOUS_INJ_COUNT","COLLISION_TYPE","COMM_VEH_COUNT","CONS_ZONE_SPD_LIM","COUNTY","CRASH_MONTH","CRASH_YEAR","DAY_OF_WEEK","DEC_LATITUDE","DEC_LONGITUDE","DISPATCH_TM","DISTRICT","DRIVER_COUNT_16YR","DRIVER_COUNT_17YR","DRIVER_COUNT_18YR","DRIVER_COUNT_19YR","DRIVER_COUNT_20YR","DRIVER_COUNT_50_64YR","DRIVER_COUNT_65_74YR","DRIVER_COUNT_75PLUS","EST_HRS_CLOSED","FATAL_COUNT","HEAVY_TRUCK_COUNT","HORSE_BUGGY_COUNT","HOUR_OF_DAY","ILLUMINATION","INJURY_COUNT","INTERSECTION_RELATED","INTERSECT_TYPE","LANE_CLOSED","LATITUDE","LN_CLOSE_DIR","LOCATION_TYPE","LONGITUDE","MAX_SEVERITY_LEVEL","MCYCLE_DEATH_COUNT","MCYCLE_SUSP_SERIOUS_INJ_COUNT","MOTORCYCLE_COUNT","MUNICIPALITY","NONMOTR_COUNT","NONMOTR_DEATH_COUNT","NONMOTR_SUSP_SERIOUS_INJ_COUNT","NTFY_HIWY_MAINT","PED_COUNT","PED_DEATH_COUNT","PED_SUSP_SERIOUS_INJ_COUNT","PERSON_COUNT","POLICE_AGCY","POSSIBLE_INJ_COUNT","RDWY_SURF_TYPE_CD","RELATION_TO_ROAD","ROADWAY_CLEARED","ROAD_CONDITION","SCH_BUS_IND","SCH_ZONE_IND","SECONDARY_CRASH","SMALL_TRUCK_COUNT","SPEC_JURIS_CD","SUSP_MINOR_INJ_COUNT","SUSP_SERIOUS_INJ_COUNT","SUV_COUNT","TCD_FUNC_CD","TCD_TYPE","TFC_DETOUR_IND","TIME_OF_DAY","TOTAL_UNITS","TOT_INJ_COUNT","UNBELTED_OCC_COUNT","UNB_DEATH_COUNT","UNB_SUSP_SERIOUS_INJ_COUNT","UNK_INJ_DEG_COUNT","UNK_INJ_PER_COUNT","URBAN_RURAL","VAN_COUNT","VEHICLE_COUNT","WEATHER1","WEATHER2","WORKERS_PRES","WORK_ZONE_IND","WORK_ZONE_LOC","WORK_ZONE_TYPE","WZ_CLOSE_DETOUR","WZ_FLAGGER","WZ_LAW_OFFCR_IND","WZ_LN_CLOSURE","WZ_MOVING","WZ_OTHER","WZ_SHLDER_MDN","WZ_WORKERS_INJ_KILLED"
"2024092027","0753","0","0","0","0","0","0","0","0","0","1","0","","02","10","2024","4","40.329554","-80.067497","0753","11","0","0","0","0","0","2","0","0","","0","0","0","","","0","N","0","","40 19:46.395","3","0","80 04:02.989","0","0","0","0","2123","0","0","0","N","0","0","0","3","02123","0","","1.0","824.0","1","N","N","N","1","","0","0","2","","0","Y","","3","0","0","0","0","0","0","2","0","3","03","03","","N","","","","","","","","","",""
"2024092155","2151","0","0","0","0","0","0","0","0","0","1","0","","02","10","2024","4","40.430697","-79.957749","2132","11","0","0","0","0","0","0","0","0","","0","0","0","","","0","N","0","","40 25:50.510","","0","79 57:27.898","0","0","0","0","2301","0","0","0","N","0","0","0","2","68B03","0","","1.0","","1","N","N","N","0","","0","0","2","","0","","","2","0","0","0","0","0","0","2","0","2","03","03","","N","","","","","","","","","",""
"2024098711","1611","1","0","0","0","0","0","0","0","0","1","0","","02","11","2024","7","40.429467","-79.99903","1606","11","0","0","0","0","0","1","0","0","","0","0","0","","","3","N","0","","40 25:46.082","1","3","79 59:56.507","4","0","0","0","2301","0","0","0","N","0","0","0","4","02301","3","","1.0","30.0","1","N","N","N","0","","0","0","2","","0","N","","3","3","0","0","0","0","0","2","0","3","03","98","","N","","","","","","","","","",""
"2024108027","1805","0","0","0","0","0","0","0","0","0","4","0","","02","11","2024","2","40.672726","-80.069462","1754","11","0","0","0","0","0","1","1","0","","0","0","0","","","0","","1","","40 40:21.814","","0","80 04:10.064","0","0","0","0","2216","0","0","0","N","0","0","0","3","02505","0","","1.0","","9","N","N","N","0","","0","0","2","","3","","","2","0","0","0","0","0","0","2","0","2","07","","","N","","","","","","","","","",""
"2024108041","0620","1","0","0","0","0","0","0","0","0","1","1","","02","11","2024","4","40.617077","-79.945931","0615","11","0","0","0","0","0","0","0","0","","0","1","0","","","1","","2","","40 37:01.476","2","0","79 56:45.351","3","0","0","0","2217","0","0","0","N","0","0","0","3","02505","0","","1.0","657.0","9","N","N","N","0","","1","0","0","","0","N","","2","1","0","0","0","0","0","2","0","2","03","04","","N","","","","","","","","","",""
"2024105065","0500","1","0","0","0","0","0","0","0","0","7","0","","02","11","2024","1","40.373489","-79.845793","0455","11","0","0","0","0","0","0","0","0","","0","0","0","","","0","","1","","40 22:24.560","","0","79 50:44.854","0","0","0","0","2303","0","0","0","N","0","0","0","1","02303","0","","1.0","","1","N","N","N","0","","0","0","0","","3","","","1","0","1","0","0","0","0","2","0","1","03","03","","N","","","","","","","","","",""
"2024091662","0831","1","0","0","0","0","0","0","0","0","1","0","","02","10","2024","4","40.500901","-80.011896","0821","11","0","0","0","0","0","0","0","0","","0","0","0","","","0","N","0","","40 30:03.242","","0","80 00:42.824","0","0","0","0","2116","0","0","0","N","0","0","0","2","02116","0","","1.0","","1","N","N","N","1","","0","0","0","","0","","","2","0","0","0","0","0","0","2","0","2","03","03","","N","","","","","","","","","",""
"2024106969","1330","0","0","0","0","0","0","0","0","0","1","0","","02","10","2024","3","40.518544","-80.222795","1325","11","0","0","0","0","0","0","0","0","","0","0","0","","","0","N","0","","40 31:06.757","4","0","80 13:22.063","0","0","0","0","2213","0","0","0","N","0","0","0","3","02213","0","","1.0","100.0","1","N","N","N","0","","0","0","1","","0","N","","2","0","0","0","0","0","0","2","1","2","03","03","","N","","","","","","","","","",""
"2024097742","1809","0","0","0","0","0","0","0","0","0","4","0","","02","11","2024","6","40.266666","-79.89068","1809","11","0","0","0","0","0","0","0","0","","0","0","0","","","0","N","0","","40 15:59.997","","0","79 53:26.447","0","0","0","0","2428","0","0","0","N","0","0","0","2","02105","0","","1.0","","1","N","N","N","0","","0","0","2","","0","","","2","0","0","0","0","0","0","2","0","2","03","03","","N","","","","","","","","","",""
"2024091050","0703","2","0","0","0","0","0","0","0","0","1","0","","02","10","2024","4","40.551996","-79.958685","0657","11","0","0","1","0","0","1","0","0","","0","0","0","","","1","N","0","","40 33:07.187","1","7","79 57:31.267","8","0","0","0","2118","0","0","0","N","0","0","0","3","02118","0","","1.0","745.0","1","N","N","N","0","","0","0","0","","0","N","","3","1","0","0","0","1","0","2","1","3","03","03","","N","","","","","","","","","",""
"2024090438","1553","0","0","0","0","0","0","0","0","0","1","0","","02","10","2024","2","40.473159","-79.972209","1550","11","0","0","0","0","0","2","0","0","","0","0","0","","","2","N","0","","40 28:23.374","1","0","79 58:19.953","4","0","0","0","2445","0","0","0","N","0","0","0","4","02445","2","","1.0","1646.0","1","N","N","N","2","","0","0","1","","0","N","","3","2","0","0","0","0","0","2","0","3","03","03","","N","","","","","","","","","",""
"2024080448","1800","0","0","0","0","0","0","0","0","0","0","0","","02","9","2024","7","40.532917","-80.127278","1756","11","0","0","0","0","0","0","0","0","","0","0","0","","","1","N","0","","40 31:58.500","","0","80 07:38.200","8","0","0","1","2125","0","0","0","N","0","0","0","1","02215","0","","1.0","","1","N","N","N","0","","0","0","0","","0","","","1","1","0","0","0","1","0","1","0","1","03","03","","N","","","","","","","","","",""
"2024109257","0712","0","0","0","0","0","0","0","0","0","1","0","","02","11","2024","7","40.443731","-80.008998","0655","11","0","0","0","0","0","0","0","0","","0","0","0","","","1","N","0","","40 26:37.430","1","3","80 00:32.392","3","0","0","0","2301","0","0","0","N","0","0","0","2","68B03","0","","1.0","726.0","9","N","N","N","1","","1","0","1","","0","N","","2","1","0","0","0","0","0","2","0","2","04","07","","N","","","","","","","","","",""
"2024095652","1403","1","0","0","0","0","0","0","0","0","4","0","","02","10","2024","1","40.31693","-79.995327","1400","11","0","0","1","0","0","0","0","0","","0","0","0","","","0","","1","","40 19:00.947","","0","79 59:43.177","0","0","0","0","2219","0","0","0","N","0","0","0","4","02501","0","","1.0","","1","N","N","N","0","","0","0","1","","4","","","2","0","0","0","0","0","0","2","0","2","03","03","","N","","","","","","","","","",""
"2024080536","0915","0","0","0","0","0","0","0","0","0","4","0","","02","9","2024","3","40.36973","-80.08618","0910","11","0","0","0","0","0","0","0","0","","0","0","0","","","0","","2","","40 22:11.029","","0","80 05:10.247","0","0","0","0","2117","0","0","0","N","0","0","0","4","02117","0","","1.0","","1","N","N","N","0","","0","0","2","","3","","","2","0","0","0","0","0","0","2","0","2","03","03","","N","","","","","","","","","",""
"2024097769","1704","1","0","0","0","0","0","0","0","0","4","0","","02","11","2024","6","40.391451","-79.887138","1701","11","0","0","1","0","0","0","0","1","","0","0","0","","","1","N","2","","40 23:29.225","6","0","79 53:13.697","4","0","0","0","2473","0","0","0","N","0","0","0","4","02473","1","","1.0","1730.0","1","N","N","N","1","","0","0","0","","0","Y","","2","1","0","0","0","0","0","2","0","2","03","03","","N","","","","","","","","","",""
"2024106944","0923","0","0","0","0","0","0","0","0","0","0","0","","02","11","2024","3","40.533056","-80.010884","0920","11","0","0","0","0","0","0","0","0","","0","0","0","","","1","N","0","","40 31:59.002","1","0","80 00:39.181","3","0","0","0","2116","0","0","0","N","0","0","0","1","02116","0","","1.0","956.0","1","N","N","N","0","","1","0","1","","0","N","","1","1","0","0","0","0","0","2","0","1","03","03","","N","","","","","","","","","",""
"2024090796","1547","0","0","0","0","0","0","0","0","0","7","0","","02","10","2024","3","40.297979","-80.023394","1541","11","0","0","0","0","0","1","0","0","","0","0","0","","","0","N","0","","40 17:52.726","4","0","80 01:24.219","0","0","0","0","2219","0","0","0","N","0","0","0","1","02219","0","","1.0","1630.0","1","N","N","N","1","","0","0","0","","0","N","","1","0","0","0","0","0","0","2","0","1","03","03","","N","","","","","","","","","",""
"2024100724","0648","2","0","0","0","0","0","0","0","0","1","0","55","02","11","2024","1","40.441968","-79.796464","0633","11","0","0","1","0","0","1","0","0","","0","0","0","","","1","N","0","","40 26:31.085","","0","79 47:47.271","3","0","0","0","2446","0","0","0","N","0","0","0","2","68B03","0","","1.0","","1","N","N","N","0","","1","0","0","","0","","","2","1","0","0","0","0","0","2","0","2","03","","N","Y","4","1","","","N","Y","","","Y","N"
"2024090703","0918","0","0","0","0","0","0","0","0","0","7","0","","02","10","2024","3","40.349025","-79.876714","0917","11","0","0","0","0","0","0","0","0","","0","0","0","","","0","Y","0","","40 20:56.491","","0","79 52:36.170","0","0","0","0","2304","0","0","0","N","0","0","0","1","02304","0","","4.0","","8","N","N","N","0","","0","0","1","","0","","","1","0","0","0","0","0","0","2","0","1","07","03","","N","","","","","","","","","",""
"2024098185","1036","1","0","0","0","0","0","0","0","0","1","0","","02","11","2024","7","40.489963","-80.009279","1015","11","0","0","0","0","0","0","0","0","","0","0","0","","","1","N","0","","40 29:23.865","1","2","80 00:33.406","4","0","0","0","2301","0","0","0","N","0","0","0","3","68B03","1","","1.0","1130.0","1","N","N","N","0","","0","0","1","","0","N","","2","1","0","0","0","0","0","2","0","2","03","","","N","","","","","","","","","",""
"2024101199","1627","0","0","0","0","0","0","0","0","0","4","0","","02","11","2024","1","40.431939","-79.918145","1620","11","0","0","1","0","0","0","0","1","","0","0","0","","","1","","3","","40 25:54.980","","0","79 55:05.323","3","0","0","0","2301","0","0","0","N","0","0","0","6","02301","0","","1.0","","1","N","N","N","0","","1","0","2","","2","","","2","1","0","0","0","0","0","2","0","2","03","","","N","","","","","","","","","",""
"2024112195","0546","1","0","0","0","0","0","0","0","0","4","0","","02","12","2024","2","40.618341","-79.732215","0542","11","0","0","0","0","0","0","1","0","","0","0","0","","","0","","1","","40 37:06.026","","0","79 43:55.974","0","0","0","0","2106","0","0","0","N","0","0","0","3","02106","0","","1.0","","9","N","N","N","0","","0","0","1","","2","","","2","0","0","0","0","0","0","2","0","2","07","07","","N","","","","","","","","","",""
"2024101343","1739","1","0","0","0","0","0","0","0","0","1","0","","02","11","2024","3","40.376081","-79.926792","1720","11","0","0","0","0","0","0","0","0","","0","0","0","","","1","N","0","","40 22:33.893","1","0","79 55:36.452","3","0","0","0","2301","0","0","0","N","0","0","0","2","02301","0","","1.0","1815.0","1","N","N","N","0","","1","0","1","","0","N","","2","1","0","0","0","0","0","2","0","2","03","","","N","","","","","","","","","",""
"2024090141","1920","1","0","0","0","0","0","0","0","0","4","0","","02","10","2024","5","40.408761","-79.907474","1914","11","0","0","0","0","0","0","0","0","","0","0","0","","","1","","1","","40 24:31.538","","0","79 54:26.905","3","0","0","0","2448","0","0","0","N","0","0","0","6","02448","0","","1.0","","1","N","N","N","0","","1","0","1","","2","","","2","1","0","0","0","0","0","2","0","2","03","03","","N","","","","","","","","","",""
"2024105487","0655","1","0","0","0","0","0","0","0","0","4","1","","02","11","2024","5","40.507887","-79.946195","0648","11","0","0","0","0","0","1","0","0","","0","1","0","","","1","N","0","","40 30:28.392","2","7","79 56:46.303","3","0","0","0","2118","0","0","0","N","0","0","0","2","02118","0","","1.0","737.0","1","N","N","N","0","","1","0","0","","0","N","","2","1","1","0","0","0","0","2","0","2","03","03","","N","","","","","","","","","",""
"2024101588","1647","0","0","0","0","0","0","0","0","0","4","0","","02","11","2024","7","40.402574","-79.902105","1647","11","0","0","0","0","0","1","0","0","","0","0","0","","","0","N","1","","40 24:09.266","","0","79 54:07.577","0","0","0","0","2438","0","0","0","N","0","0","0","2","02438","0","","1.0","","1","","","N","1","","0","0","1","","3","","","2","0","1","0","0","0","0","2","0","2","03","","","N","","","","","","","","","",""
"2024089425","2305","1","0","0","0","0","0","0","0","0","98","0","","02","10","2024","5","40.25976","-79.837307","2300","11","0","0","0","0","0","1","0","0","","0","0","0","","","0","N","0","","40 15:35.136","1","7","79 50:14.306","0","0","0","0","2105","0","0","0","N","0","0","0","1","02105","0","","1.0","2334.0","1","N","N","N","0","","0","0","0","","0","N","","1","0","0","0","0","0","0","1","0","1","03","03","","N","","","","","","","","","",""
"2024108229","1301","0","0","0","0","0","0","0","0","0","1","0","","02","11","2024","7","40.615957","-80.093195","1243","11","0","0","0","0","0","0","0","0","","0","0","0","","","1","","1","","40 36:57.446","","0","80 05:35.502","4","0","0","0","2481","0","0","0","N","0","0","0","2","02481","1","","1.0","","1","N","N","N","1","","0","0","1","","2","","","2","1","1","0","0","0","0","2","0","2","04","","","N","","","","","","","","","",""
"2024093225","0001","2","0","0","0","0","0","0","0","0","1","0","","02","10","2024","5","40.391811","-80.016768","2349","11","0","0","0","0","0","0","0","0","","0","0","0","","","1","","1","","40 23:30.520","3","0","80 01:00.363","8","0","0","0","2301","0","0","0","N","0","0","0","5","02301","0","","1.0","227.0","1","N","N","N","0","","0","0","1","","2","N","","3","1","0","0","0","1","0","2","0","3","03","03","","N","","","","","","","","","",""
"2024106968","0223","0","0","0","0","0","0","0","0","0","98","0","","02","10","2024","3","40.525491","-80.211695","0218","11","0","1","0","0","0","0","0","0","","0","0","0","","","1","N","0","","40 31:31.769","","0","80 12:42.103","8","0","0","1","2213","0","0","0","N","0","0","0","1","02213","0","","1.0","","1","N","N","N","0","","0","0","0","","0","","","1","1","0","0","0","1","0","2","0","1","03","","","N","","","","","","","","","",""
"2024090656","1033","1","0","0","0","0","0","0","0","0","1","0","","02","10","2024","3","40.344752","-79.836054","1030","11","0","0","0","0","0","1","0","0","","0","0","0","","","0","N","0","","40 20:41.107","","0","79 50:09.795","0","0","0","0","2304","0","0","0","N","0","0","0","2","02304","0","","1.0","","1","N","N","N","1","","0","0","0","","0","","","2","0","0","0","0","0","0","2","0","2","03","03","","N","","","","","","","","","",""
"2024093907","1053","0","0","0","0","0","0","0","0","0","1","0","","02","10","2024","5","40.436251","-80.147438","1048","11","0","0","0","0","0","0","0","0","","0","0","0","","","0","N","0","","40 26:10.504","4","0","80 08:50.776","0","0","0","0","2115","0","0","0","N","0","0","0","4","68B03","0","","1.0","1127.0","1","N","N","N","0","","0","0","2","","0","N","","3","0","0","0","0","0","0","2","1","3","03","","","N","","","","","","","","","",""
"2024084748","0100","0","0","0","0","0","0","0","0","0","7","0","","02","9","2024","1","40.40922","-79.897848","0100","11","0","0","0","0","0","0","0","0","","0","0","0","","","0","","2","","40 24:33.192","","0","79 53:52.254","0","0","0","0","2448","0","0","0","N","0","0","0","1","02448","0","","5.0","","1","N","N","N","0","","0","0","1","","0","","","1","0","1","0","0","0","0","2","0","1","03","","","N","","","","","","","","","",""
"2024091161","1501","0","0","0","0","0","0","0","0","0","8","0","","02","10","2024","5","40.416918","-80.023908","1500","11","0","0","0","0","0","0","0","0","","0","0","0","","","1","N","0","","40 25:00.904","3","0","80 01:26.068","3","0","0","0","2301","1","0","0","N","1","0","0","2","02301","0","","1.0","1530.0","1","N","N","N","1","","1","0","0","","0","N","","2","1","0","0","0","0","0","2","0","1","03","","","N","","","","","","","","","",""
"2024093715","2239","1","0","0","0","0","0","0","0","0","7","0","","02","10","2024","4","40.422616","-79.903384","2234","11","0","0","1","0","0","0","0","0","","0","0","0","","","0","N","0","","40 25:21.416","4","0","79 54:12.182","0","0","0","0","2301","0","0","0","N","0","0","0","2","02301","0","","5.0","2320.0","1","N","N","N","0","","0","0","0","","0","N","","1","0","0","0","0","0","0","2","0","1","03","","","N","","","","","","","","","",""
"2024109197","1820","1","0","0","0","0","0","0","0","0","1","1","","02","11","2024","3","40.425091","-80.120626","1804","11","0","0","0","0","0","1","0","0","","0","1","0","","","0","N","0","","40 25:30.328","4","0","80 07:14.253","0","0","0","0","2102","0","0","0","N","0","0","0","7","68B03","0","","1.0","1822.0","1","N","N","N","0","","0","0","1","","0","N","","3","0","0","0","0","0","0","2","0","3","03","","","N","","","","","","","","","",""
"2024091140","0808","0","0","0","0","0","0","0","0","0","1","1","","02","10","2024","4","40.412135","-79.825393","0805","11","0","0","0","0","0","0","1","0","","0","1","0","","","1","N","0","","40 24:43.687","2","0","79 49:31.416","8","0","0","0","2467","0","0","0","N","0","0","0","4","02467","0","","1.0","844.0","1","Y","N","N","0","","0","0","0","","0","N","","2","1","0","0","0","1","0","2","1","2","03","","","N","","","","","","","","","",""
"2024098303","0831","1","0","0","0","0","0","0","0","0","4","0","","02","11","2024","2","40.395839","-79.988457","0831","11","0","0","0","0","0","2","0","0","","0","0","0","","","0","","1","","40 23:45.020","2","0","79 59:18.446","0","0","0","0","2301","0","0","0","N","0","0","0","2","02301","0","","1.0","850.0","1","N","N","N","0","","0","0","1","","3","N","","2","0","0","0","0","0","0","2","0","2","03","","","N","","","","","","","","","",""
"2024106439","1910","2","0","0","0","0","0","0","0","0","2","0","","02","11","2024","3","40.338702","-79.848411","1909","11","0","0","0","0","0","1","0","0","","0","0","0","","","0","N","1","","40 20:19.327","","0","79 50:54.279","0","0","0","0","2304","0","0","0","N","0","0","0","2","02304","0","","1.0","","9","N","N","N","0","","0","0","0","","0","","","2","0","0","0","0","0","0","2","0","2","07","04","","N","","","","","","","","","",""
"2024109252","2348","2","0","0","0","0","0","0","0","0","1","0","","02","11","2024","6","40.434639","-79.987482","2342","11","0","0","0","0","0","2","0","0","","0","0","0","","","0","N","0","","40 26:04.701","4","0","79 59:14.935","0","0","0","0","2301","0","0","0","N","0","0","0","4","68B03","0","","1.0","30.0","9","N","N","Y","0","","0","0","1","","0","N","","3","0","0","0","0","0","0","2","0","3","07","","","N","","","","","","","","","",""
"2024089631","1622","0","0","0","0","0","0","0","0","0","4","0","","02","10","2024","4","40.438878","-79.934103","1613","11","0","0","0","0","0","1","0","0","","0","0","0","","","0","","1","","40 26:19.961","","0","79 56:02.770","0","0","0","0","2301","0","0","0","N","0","0","0","2","02301","0","","1.0","","1","N","N","N","0","","0","0","2","","3","","","2","0","0","0","0","0","0","2","0","2","03","","","N","","","","","","","","","",""
"2024107965","0920","1","0","0","0","0","0","0","0","0","2","0","","02","11","2024","6","40.571967","-80.036083","0916","11","0","0","2","0","0","0","0","0","","0","0","0","","","0","N","2","","40 34:19.080","6","0","80 02:09.899","0","0","0","0","2108","0","0","0","N","0","0","0","8","02108","0","","1.0","952.0","2","N","N","N","0","","0","0","2","","0","Y","","3","0","0","0","0","0","0","2","0","3","04","10","","N","","","","","","","","","",""
"2024090563","0339","0","0","0","0","0","0","0","0","0","7","0","","02","10","2024","3","40.342778","-79.972888","0337","11","0","0","0","0","0","0","0","0","","0","0","0","","","0","N","0","","40 20:34.001","","4","79 58:22.398","0","0","0","0","2403","0","0","0","N","0","0","0","1","02403","0","","2.0","","1","N","N","N","0","","0","0","1","","0","","","1","0","0","0","0","0","0","2","0","1","03","03","","N","","","","","","","","","",""
"2024110579","0053","0","0","0","0","0","0","0","0","0","1","0","","02","11","2024","5","40.427665","-79.846355","0052","11","0","0","0","0","0","0","0","0","","0","0","0","","","1","N","0","","40 25:39.594","6","0","79 50:46.877","2","0","0","0","2431","0","0","0","N","0","0","0","1","02431","0","","6.0","152.0","9","N","N","N","1","","0","1","1","","0","N","","2","1","0","0","0","0","0","2","0","2","07","","","N","","","","","","","","","",""
"2024109531","1936","2","0","0","0","0","0","0","0","0","1","0","","02","11","2024","3","40.438869","-79.760496","1936","11","0","0","0","0","1","0","0","0","","0","0","0","","","0","","1","","40 26:19.929","3","0","79 45:37.786","0","0","0","0","2446","0","0","0","N","0","0","0","4","02446","0","","1.0","2000.0","1","N","N","N","1","","0","0","0","","2","N","","4","0","0","0","0","0","0","2","1","4","03","","","N","","","","","","","","","",""
"2024107006","1113","1","0","0","0","0","0","0","0","0","1","1","","02","11","2024","3","40.389967","-80.04331","1110","11","0","0","0","0","0","0","0","0","","0","1","0","","","0","N","0","","40 23:23.880","","0","80 02:35.917","0","0","0","0","2422","0","0","0","N","0","0","0","2","02422","0","","6.0","","1","N","N","N","0","","0","0","0","","0","","","2","0","0","0","0","0","0","2","0","2","03","","","N","","","","","","","","","",""
"2024109472","0155","0","0","0","0","0","0","0","0","0","7","0","","02","11","2024","7","40.456639","-80.030917","0115","11","0","0","0","0","0","0","0","0","","1","0","0","","","0","N","0","","40 27:23.900","2","0","80 01:51.300","1","0","0","0","2301","0","0","0","N","0","0","0","1","02301","0","2","4.0","415.0","1","N","N","N","1","0","0","0","0","","0","Y","","1","0","1","1","0","0","0","2","0","1","03","","","N","","","","","","","","","",""
"2024109508","0852","0","0","0","0","0","0","0","0","0","8","0","","02","10","2024","4","40.448783","-79.910118","0850","11","0","0","0","0","0","1","0","0","","1","0","0","","","0","","1","","40 26:55.617","5","0","79 54:36.424","1","0","0","0","2301","1","1","0","N","1","1","0","2","02301","0","2","1.0","1111.0","1","N","N","N","0","8","0","0","1","","2","Y","","2","0","0","0","0","0","0","2","0","1","03","","","N","","","","","","","","","",""
"2024095034","1607","0","0","0","0","0","0","0","0","0","7","0","","02","10","2024","4","40.530601","-80.042754","1604","11","0","0","0","0","0","0","0","0","","0","0","0","","","1","N","0","","40 31:50.163","","0","80 02:33.914","4","0","0","0","2116","0","0","0","N","0","0","0","1","02116","1","","5.0","","1","N","N","N","0","","0","0","1","","0","","","1","1","0","0","0","0","0","2","0","1","03","","","N","","","","","","","","","",""
"2024086407","","1","0","0","0","0","0","0","0","0","1","0","","02","8","2024","5","40.45054","-80.024327","","11","0","0","0","0","0","1","0","0","","0","0","0","","","1","","3","","40 27:01.944","","0","80 01:27.578","8","0","0","0","2301","0","0","0","N","0","0","0","2","00000","0","","1.0","","1","","","N","0","","0","0","1","","0","","","2","1","1","0","0","1","0","2","0","2","03","","","N","","","","","","","","","",""
"2024091591","0930","0","0","0","0","0","0","0","0","0","98","0","","02","10","2024","4","40.46842","-79.755662","0930","11","0","0","0","0","0","0","0","0","","0","0","0","","","0","N","0","","40 28:06.311","","0","79 45:20.383","0","0","0","0","2466","0","0","0","N","0","0","0","1","02466","0","","1.0","","1","N","N","N","0","","0","0","1","","0","","","1","0","0","0","0","0","0","2","0","1","03","03","","N","","","","","","","","","",""
"2024106205","1538","0","0","0","0","0","0","0","0","0","1","0","","02","11","2024","4","40.368067","-79.817214","1532","11","0","0","0","0","1","0","0","0","","0","0","0","","","1","","2","","40 22:05.040","2","0","79 49:01.970","3","0","0","0","2111","0","0","0","N","0","0","0","2","02111","0","","1.0","1559.0","9","N","N","N","0","","1","0","1","","0","N","","2","1","0","0","0","0","0","2","1","2","07","07","","N","","","","","","","","","",""
"2024093122","0045","0","0","0","0","0","0","0","0","0","7","0","","02","10","2024","5","40.357634","-79.999627","0039","11","0","0","0","0","0","0","0","0","","0","0","0","","","0","","1","","40 21:27.482","3","0","79 59:58.658","0","0","0","0","2476","0","0","0","N","0","0","0","1","02476","0","","4.0","135.0","1","N","N","N","0","","0","0","1","","2","N","","1","0","0","0","0","0","0","2","0","1","03","03","","N","","","","","","","","","",""
"2024091171","1133","1","0","0","0","0","0","0","0","0","4","0","","02","10","2024","4","40.460232","-79.842633","1133","11","0","0","0","0","0","0","0","0","","0","0","0","","","0","N","5","","40 27:36.835","","0","79 50:33.477","0","0","0","0","2113","0","0","0","N","0","0","0","2","02113","0","","1.0","","9","N","N","N","0","","0","0","1","","2","","","2","0","0","0","0","0","0","2","0","2","07","","","N","","","","","","","","","",""
"2024108596","1336","0","0","0","0","0","0","0","0","0","1","0","","02","11","2024","5","40.664948","-79.703784","1332","11","0","0","0","0","0","1","0","0","","0","0","0","","","4","","2","","40 39:53.811","1","0","79 42:13.623","3","0","0","0","2106","0","0","0","N","0","0","0","6","02106","0","","1.0","1425.0","1","N","N","N","0","","3","0","2","","2","Y","","2","4","0","0","0","1","0","1","0","2","04","","","N","","","","","","","","","",""
"2024097824","0247","0","0","0","0","0","0","0","0","0","7","0","","02","11","2024","7","40.476765","-79.968895","0246","11","0","0","0","0","0","0","0","0","","0","0","0","","","1","Y","0","","40 28:36.354","1","2","79 58:08.021","4","0","0","0","2445","0","0","0","N","0","0","0","1","02445","1","","3.0","330.0","1","N","N","N","0","","0","0","1","","0","N","","1","1","0","0","0","0","0","2","0","1","03","","","N","","","","","","","","","",""
"2024110191","2123","0","0","0","0","0","0","0","0","0","7","0","","02","11","2024","3","40.545017","-80.149353","2115","11","0","0","0","0","0","0","0","0","","0","0","0","","","0","N","0","","40 32:42.060","5","0","80 08:57.670","0","0","0","0","2459","0","0","0","N","0","0","0","1","02459","0","","2.0","2203.0","9","N","N","N","1","","0","0","0","","0","N","","1","0","0","0","0","0","0","1","0","1","07","","","N","","","","","","","","","",""
"2024100010","1900","0","0","0","0","0","0","0","0","0","7","0","","02","11","2024","1","40.341936","-79.985151","1857","11","0","0","0","0","0","1","0","0","","0","0","0","","","1","N","0","","40 20:30.971","2","7","79 59:06.544","3","0","0","0","2403","0","0","0","N","0","0","0","1","02403","0","","4.0","1922.0","1","N","N","N","0","","1","0","1","","0","N","","1","1","0","0","0","0","0","2","0","1","03","03","","N","","","","","","","","","",""
"2024091685","2350","1","0","0","0","0","0","0","0","0","7","0","","02","10","2024","1","40.410344","-80.026514","2342","11","0","0","0","0","0","0","0","0","","0","0","0","","","0","N","0","","40 24:37.240","","0","80 01:35.450","9","0","0","0","2301","0","0","0","N","0","0","0","1","02301","0","","5.0","","1","N","N","N","0","","0","0","0","","3","","","1","0","0","0","0","0","1","2","0","1","03","","","N","","","","","","","","","",""
"2024107691","1309","1","0","0","0","0","0","0","0","0","4","0","","02","11","2024","7","40.436","-79.785318","1307","11","0","0","0","0","0","0","0","0","","0","0","0","","","0","N","1","","40 26:09.601","4","0","79 47:07.146","0","0","0","0","2446","0","0","0","N","0","0","0","4","02446","0","","1.0","1340.0","1","N","N","N","0","","0","0","1","","2","N","","2","0","0","0","0","0","0","2","0","2","03","03","","N","","","","","","","","","",""