"CRN","ARRIVAL_TM","AUTOMOBILE_COUNT","BELTED_DEATH_COUNT","BELTED_SUSP_SERIOUS_INJ_COUNT","BICYCLE_COUNT","BICYCLE_DEATH_COUNT","BICYCLE_SUSP_SERIOUS_INJ_COUNT","BUS_COUNT","CHLDPAS_DEATH_COUNT","CHLDPAS_SUSP_SERIOUS_INJ_COUNT","COLLISION_TYPE","COMM_VEH_COUNT","CONS_ZONE_SPD_LIM","COUNTY","CRASH_MONTH","CRASH_YEAR","DAY_OF_WEEK","DEC_LATITUDE","DEC_LONGITUDE","DISPATCH_TM","DISTRICT","DRIVER_COUNT_16YR","DRIVER_COUNT_17YR","DRIVER_COUNT_18YR","DRIVER_COUNT_19YR","DRIVER_COUNT_20YR","DRIVER_COUNT_50_64YR","DRIVER_COUNT_65_74YR","DRIVER_COUNT_75PLUS","EST_HRS_CLOSED","FATAL_COUNT","HEAVY_TRUCK_COUNT","HORSE_BUGGY_COUNT","HOUR_OF_DAY","ILLUMINATION","INJURY_COUNT","INTERSECTION_RELATED","INTERSECT_TYPE","LANE_CLOSED","LATITUDE","LN_CLOSE_DIR","LOCATION_TYPE","LONGITUDE","MAX_SEVERITY_LEVEL","MCYCLE_DEATH_COUNT","MCYCLE_SUSP_SERIOUS_INJ_COUNT","MOTORCYCLE_COUNT","MUNICIPALITY","NONMOTR_COUNT","NONMOTR_DEATH_COUNT","NONMOTR_SUSP_SERIOUS_INJ_COUNT","NTFY_HIWY_MAINT","PED_COUNT","PED_DEATH_COUNT","PED_SUSP_SERIOUS_INJ_COUNT","PERSON_COUNT","POLICE_AGCY","POSSIBLE_INJ_COUNT","RDWY_SURF_TYPE_CD","RELATION_TO_ROAD","ROADWAY_CLEARED","ROAD_CONDITION","SCH_BUS_IND","SCH_ZONE_IND","SECONDARY_CRASH","SMALL_TRUCK_COUNT","SPEC_JURIS_CD","SUSP_MINOR_INJ_COUNT","SUSP_SERIOUS_INJ_COUNT","SUV_COUNT","TCD_FUNC_CD","TCD_TYPE","TFC_DETOUR_IND","TIME_OF_DAY","TOTAL_UNITS","TOT_INJ_COUNT","UNBELTED_OCC_COUNT","UNB_DEATH_COUNT","UNB_SUSP_SERIOUS_INJ_COUNT","UNK_INJ_DEG_COUNT","UNK_INJ_PER_COUNT","URBAN_RURAL","VAN_COUNT","VEHICLE_COUNT","WEATHER1","WEATHER2","WORKERS_PRES","WORK_ZONE_IND","WORK_ZONE_LOC","WORK_ZONE_TYPE","WZ_CLOSE_DETOUR","WZ_FLAGGER","WZ_LAW_OFFCR_IND","WZ_LN_CLOSURE","WZ_MOVING","WZ_OTHER","WZ_SHLDER_MDN","WZ_WORKERS_INJ_KILLED"
"2024110395","1858","2","0","0","0","0","0","0","0","0","1","0","","02","11","2024","3","40.525598","-79.840956","1849","11","0","0","0","0","0","2","0","0","","0","0","0","18","","0","","1","","40 31:32.153","3","0","79 50:27.440","9","0","0","0","2451","0","0","0","N","0","0","0","3","02451","0","","1.0","2109.0","1","N","N","N","0","","0","0","1","3","2","N","1845","3","0","0","0","0","0","1","2","0","3","03","03","","N","","","","","","","","","",""
"2024091368","0032","0","0","0","0","0","0","0","0","0","7","0","","02","10","2024","7","40.325728","-79.983194","0023","11","0","0","0","0","0","1","0","0","","0","0","0","00","","1","Y","0","","40 19:32.619","","0","79 58:59.500","3","0","0","0","2219","0","0","0","N","0","0","0","1","02219","0","","2.0","","1","","","N","0","","1","0","1","0","0","","0023","1","1","0","0","0","0","0","2","0","1","03","","","N","","","","","","","","","",""
"2024099935","2358","0","0","0","0","0","0","0","0","0","7","0","","02","11","2024","1","40.293521","-79.883116","2355","11","0","1","0","0","0","0","0","0","","0","0","0","23","","4","N","0","","40 17:36.677","5","0","79 52:59.218","3","0","0","0","2302","0","0","0","N","0","0","0","4","02302","0","","4.0","100.0","1","N","N","N","0","","4","0","1","3","3","Y","2353","1","4","0","0","0","0","0","2","0","1","03","","","N","","","","","","","","","",""
"2024098620","2011","1","0","0","0","0","0","0","0","0","98","0","","02","11","2024","2","40.289386","-79.912195","2005","11","0","0","0","0","0","0","0","0","","0","0","0","20","","0","N","0","","40 17:21.790","","0","79 54:43.901","0","0","0","0","2440","0","0","0","N","0","0","0","2","02440","0","","1.0","","1","N","N","N","0","","0","0","0","0","0","","2003","1","0","0","0","0","0","0","2","0","1","03","","","N","","","","","","","","","",""
"2024090670","2148","1","0","0","0","0","0","0","0","0","4","0","","02","10","2024","6","40.362034","-80.011212","2147","11","0","0","0","0","0","0","0","0","","0","0","0","21","","0","","1","","40 21:43.321","5","0","80 00:40.363","0","0","0","0","2416","0","0","0","N","0","0","0","2","02416","0","","1.0","2235.0","1","N","N","N","0","","0","0","1","3","8","Y","2143","2","0","0","0","0","0","0","2","0","2","03","03","","N","","","","","","","","","",""
"2024095809","1100","1","0","0","0","0","0","0","0","0","1","0","","02","10","2024","5","40.345704","-80.057318","1056","11","0","0","0","0","0","1","1","0","","0","0","0","10","","1","Y","0","","40 20:44.536","1","0","80 03:26.344","3","0","0","0","2123","0","0","0","N","0","0","0","2","02123","0","","1.0","1136.0","1","N","N","N","0","","1","0","1","3","2","N","1054","2","1","0","0","0","0","0","2","0","2","03","","","N","","","","","","","","","",""
"2024088456","2133","2","0","0","0","0","0","0","0","0","4","0","","02","10","2024","6","40.512184","-80.103884","2130","11","0","1","0","0","0","1","0","0","","0","0","0","21","","0","N","1","","40 30:43.861","1","0","80 06:13.984","0","0","0","0","2429","0","0","0","N","0","0","0","2","02215","0","","1.0","2140.0","1","N","N","N","0","","0","0","0","3","2","Y","2125","2","0","0","0","0","0","0","2","0","2","03","","","N","","","","","","","","","",""
"2024112960","2224","0","0","0","0","0","0","0","0","0","98","0","","02","12","2024","5","40.426953","-79.862998","2222","11","0","0","0","0","0","0","1","0","","0","0","0","22","","0","N","0","","40 25:37.031","3","99","79 51:46.793","0","0","0","0","2431","0","0","0","N","0","0","0","2","02431","0","","1.0","2300.0","1","N","N","N","0","","0","0","1","0","0","N","2219","1","0","0","0","0","0","0","2","0","1","04","","","N","","","","","","","","","",""
"2024111267","1956","2","0","0","0","0","0","0","0","0","1","0","","02","12","2024","6","40.42973","-80.028066","1939","11","0","0","0","0","0","0","0","0","","0","0","0","19","","1","N","0","","40 25:47.027","","0","80 01:41.036","8","0","0","0","2301","0","0","0","N","0","0","0","2","68B03","0","","1.0","","1","N","N","N","0","","0","0","0","0","0","","1937","2","1","0","0","0","1","0","2","0","2","03","","","N","","","","","","","","","",""
"2024089935","0822","0","0","0","0","0","0","0","0","0","7","0","","02","10","2024","7","40.282688","-79.836342","0819","11","0","0","0","0","0","0","0","0","","0","0","0","08","","0","N","0","","40 16:57.677","1","0","79 50:10.831","0","0","0","0","2105","0","0","0","N","0","0","0","1","02105","0","","5.0","849.0","1","N","N","N","0","","0","0","1","0","0","N","0816","1","0","0","0","0","0","0","2","0","1","03","03","","N","","","","","","","","","",""
"2024098880","1240","0","0","0","0","0","0","0","0","0","1","0","55","02","10","2024","7","40.523515","-80.131128","1215","11","0","0","0","1","0","0","0","0","","0","0","0","12","","1","N","0","","40 31:24.653","","0","80 07:52.061","3","0","0","0","2434","0","0","0","N","0","0","0","4","68B03","0","","1.0","","1","N","N","N","1","","1","0","2","0","0","","1212","3","1","1","0","0","0","0","2","0","3","03","","N","Y","2","1","","","N","","","Y","","N"
"2024090103","1655","1","0","0","0","0","0","0","0","0","4","0","","02","10","2024","6","40.355861","-79.83424","1652","11","0","0","0","0","0","1","0","0","","0","0","0","16","","1","N","0","","40 21:21.101","3","7","79 50:03.264","3","0","0","0","2304","0","0","0","N","0","0","0","2","02304","0","","1.0","1714.0","1","N","N","N","0","","1","0","1","0","0","Y","1648","2","1","0","0","0","0","0","2","0","2","03","03","","N","","","","","","","","","",""
"2024111309","2124","1","0","0","0","0","0","0","0","0","4","1","","02","12","2024","2","40.461181","-79.870251","2119","11","0","0","0","0","0","1","0","0","","0","1","0","21","","0","","1","","40 27:40.252","3","0","79 52:12.904","0","0","0","0","2301","0","0","0","N","0","0","0","5","02113","0","","1.0","2201.0","9","N","N","N","0","","0","0","0","3","2","N","2115","2","0","3","0","0","0","0","2","0","2","04","","","N","","","","","","","","","",""
"2024093497","1545","1","0","0","0","0","0","0","0","0","1","0","","02","6","2024","5","40.443647","-80.028618","1543","11","0","0","0","0","0","0","0","2","","0","0","0","15","","0","Y","0","","40 26:37.129","","0","80 01:43.023","0","0","0","0","2301","0","0","0","N","0","0","0","2","02301","0","","1.0","","1","N","N","N","1","","0","0","0","3","2","","1540","2","0","0","0","0","0","0","2","0","2","03","","","N","","","","","","","","","",""
"2024097994","1127","1","0","0","0","0","0","0","0","0","5","0","","02","11","2024","1","40.396778","-80.020847","1054","11","0","0","0","0","0","0","0","0","","0","0","0","01","","0","N","0","","40 23:48.400","","0","80 01:15.050","9","0","0","0","2301","0","0","0","N","0","0","0","1","02301","0","","6.0","","1","N","N","N","0","","0","0","1","0","0","N","0158","2","0","0","0","0","0","1","2","0","2","03","","","N","","","","","","","","","",""
"2024091862","2042","0","0","0","0","0","0","0","0","0","98","0","","02","10","2024","1","40.484809","-80.201957","2011","11","0","0","0","1","0","0","0","0","","0","0","0","20","","2","N","0","","40 29:05.312","","0","80 12:07.044","3","0","0","0","2213","0","0","0","N","0","0","0","2","02213","0","","1.0","","1","N","N","N","0","","2","0","1","0","0","","2010","1","2","0","0","0","0","0","2","0","1","04","","","N","","","","","","","","","",""
"2024112708","2215","1","0","0","0","0","0","0","0","0","7","0","","02","11","2024","3","40.478156","-80.007398","2156","11","0","0","0","0","0","0","0","0","","0","0","0","21","","0","N","0","","40 28:41.362","","0","80 00:26.632","0","0","0","0","2301","0","0","0","N","0","0","0","1","68B03","0","","4.0","","1","N","N","N","0","","0","0","0","0","0","","2154","1","0","0","0","0","0","0","2","0","1","03","","","N","","","","","","","","","",""
"2024098089","2121","0","0","0","0","0","0","0","0","0","4","0","","02","11","2024","1","40.478888","-79.943186","2108","11","0","0","0","0","0","0","0","0","","0","0","0","21","","0","N","0","","40 28:43.995","","0","79 56:35.471","9","0","0","0","2301","0","0","0","N","0","0","0","2","02301","0","","2.0","","1","N","N","N","0","","0","0","2","0","0","","2104","2","0","0","0","0","0","1","2","0","2","03","","","N","","","","","","","","","",""
"2024090125","1109","0","0","0","0","0","0","0","0","0","0","0","","02","10","2024","1","40.647306","-79.99925","1102","11","0","0","1","0","0","0","0","0","","0","0","0","11","","1","N","0","","40 38:50.300","5","0","79 59:57.300","3","0","0","1","2216","0","0","0","N","0","0","0","1","02505","0","","1.0","1135.0","9","N","N","N","0","","1","0","0","0","0","Y","1100","1","1","0","0","0","0","0","1","0","1","98","","","N","","","","","","","","","",""
"2024108885","0510","1","0","0","0","0","0","0","0","0","4","0","","02","11","2024","4","40.449456","-80.107355","0501","11","0","0","0","0","0","1","0","0","","0","0","0","05","","1","N","1","","40 26:58.043","3","0","80 06:26.477","4","0","0","0","2115","0","0","0","N","0","0","0","2","02115","1","","1.0","530.0","1","N","N","N","1","","0","0","0","3","2","Y","0501","2","1","0","0","0","0","0","2","0","2","","","","N","","","","","","","","","",""
"2024089630","0041","0","0","0","0","0","0","0","0","0","7","0","","02","10","2024","5","40.452604","-79.910388","0032","11","0","0","0","0","0","0","0","0","","0","0","0","00","","0","","1","","40 27:09.374","4","0","79 54:37.395","0","0","0","0","2301","0","0","0","N","0","0","0","1","02301","0","","5.0","120.0","1","N","N","N","0","","0","0","1","3","2","N","0029","1","0","0","0","0","0","0","2","0","1","03","","","N","","","","","","","","","",""
"2024049890","0106","1","0","0","0","0","0","0","0","0","7","0","","02","6","2024","5","40.429275","-79.931545","0102","11","0","0","0","0","0","0","0","0","","0","0","0","01","","0","N","0","","40 25:45.389","","2","79 55:53.563","0","0","0","0","2301","0","0","0","N","0","0","0","2","02301","0","","4.0","","1","N","N","N","0","","0","0","0","9","9","","0100","1","0","0","0","0","0","0","2","0","1","03","03","","N","","","","","","","","","",""
"2024110155","1056","1","0","0","0","0","0","0","0","0","1","1","","02","11","2024","7","40.456332","-79.940744","1047","11","0","0","1","0","0","0","1","0","","0","1","0","10","","0","","2","","40 27:22.794","","0","79 56:26.679","0","0","0","0","2301","0","0","0","N","0","0","0","3","02301","0","","1.0","","1","N","N","N","0","","0","0","1","0","0","","1041","3","0","0","0","0","0","0","2","0","3","03","","","N","","","","","","","","","",""
"2024089407","1820","2","0","0","0","0","0","0","0","0","1","0","","02","10","2024","5","40.501724","-79.982759","1814","11","0","0","0","0","0","0","0","0","","0","0","0","99","","0","","2","","40 30:06.205","","0","79 58:57.932","0","0","0","0","2118","0","0","0","N","0","0","0","2","02118","0","","1.0","","1","N","N","N","0","","0","0","0","0","0","","9999","2","0","0","0","0","0","0","2","0","2","03","03","","N","","","","","","","","","",""
"2024106123","1234","1","0","0","0","0","0","1","0","0","6","1","","02","11","2024","2","40.424092","-79.813806","1221","11","0","0","0","0","0","0","0","0","","0","0","0","12","","2","N","0","","40 25:26.730","","0","79 48:49.700","3","0","0","0","2124","0","0","0","N","0","0","0","4","02503","0","","1.0","","1","N","N","N","0","","2","0","0","0","0","","1210","2","2","0","0","0","0","0","2","0","2","03","03","","N","","","","","","","","","",""
"2024061712","1652","1","0","0","0","0","0","0","0","0","1","0","","02","6","2024","3","40.428893","-79.932511","1651","11","0","0","0","1","0","1","0","0","","0","0","0","16","","1","","6","","40 25:44.013","","2","79 55:57.038","3","0","0","0","2301","0","0","0","N","0","0","0","5","02301","0","","1.0","","1","N","N","N","0","","1","0","2","3","4","","1613","3","1","0","0","0","0","0","2","0","3","03","03","","N","","","","","","","","","",""
"2024106350","0324","0","0","0","0","0","0","0","0","0","7","0","","02","11","2024","2","40.354856","-79.879055","0319","11","0","0","0","0","0","1","0","0","","1","0","0","03","","0","Y","0","","40 21:17.483","","0","79 52:44.598","1","0","0","0","2423","0","0","0","N","0","0","0","1","02304","0","2","4.0","","1","N","N","N","0","0","0","0","1","0","0","","0319","1","0","0","0","0","0","0","2","0","1","05","","","N","","","","","","","","","",""
"2024090022","2301","1","0","0","0","0","0","0","0","0","1","0","","02","10","2024","7","40.322077","-79.870951","2258","11","0","0","0","0","0","0","1","0","","0","0","0","22","","0","","2","","40 19:19.476","6","0","79 52:15.422","0","0","0","0","2442","0","0","0","N","0","0","0","2","02304","0","","1.0","2345.0","1","N","N","N","0","","0","0","1","0","0","N","2252","2","0","0","0","0","0","0","2","0","2","03","03","","N","","","","","","","","","",""
"2024110817","2232","1","0","0","0","0","0","0","0","0","7","0","","02","12","2024","5","40.480075","-79.790268","2222","11","0","0","0","0","0","0","1","0","","0","0","0","22","","1","N","2","","40 28:48.269","","0","79 47:24.964","8","0","0","0","2113","0","0","0","N","0","0","0","1","02113","0","","5.0","","7","N","N","N","0","","0","0","0","0","0","","2218","1","1","0","0","0","1","0","2","0","1","10","10","","N","","","","","","","","","",""
"2024112358","1555","2","0","0","0","0","0","0","0","0","4","0","","02","12","2024","4","40.525748","-80.03562","1550","11","0","0","0","0","0","1","0","0","","0","0","0","15","","0","","1","","40 31:32.692","","0","80 02:08.233","0","0","0","0","2116","0","0","0","N","0","0","0","2","02116","0","","1.0","","9","N","N","N","0","","0","0","0","3","2","","1550","2","0","0","0","0","0","0","2","0","2","10","03","","N","","","","","","","","","",""
"2024102147","1325","1","0","0","0","0","0","0","0","0","5","0","","02","11","2024","2","40.423528","-79.891778","1315","11","0","0","0","0","0","0","0","0","","0","0","0","13","","0","Y","0","","40 25:24.700","","0","79 53:30.400","0","0","0","0","2463","0","0","0","N","0","0","0","1","02463","0","","6.0","","1","N","N","N","0","","0","0","2","0","0","","1310","3","0","0","0","0","0","0","2","0","3","03","03","","N","","","","","","","","","",""
"2024112714","1410","1","0","0","0","0","0","0","0","0","7","0","","02","11","2024","7","40.651186","-79.750603","1401","11","0","0","0","0","0","0","0","1","","0","0","0","13","","0","N","0","","40 39:04.270","","0","79 45:02.170","0","0","0","0","2202","0","0","0","N","0","0","0","1","68D02","0","","4.0","","1","N","N","N","0","","0","0","0","0","0","","1345","1","0","0","0","0","0","0","1","0","1","03","03","","N","","","","","","","","","",""
"2024099041","1448","4","0","0","0","0","0","0","0","0","5","0","","02","11","2024","2","40.361252","-80.028345","1438","11","0","0","0","0","0","1","0","0","","0","0","0","14","","0","N","0","","40 21:40.507","","7","80 01:42.041","0","0","0","0","2416","0","0","0","N","0","0","0","1","02416","0","","5.0","","1","N","N","N","0","","0","0","0","0","0","","1438","4","0","0","0","0","0","0","2","0","4","03","03","","N","","","","","","","","","",""
"2024101215","1619","0","0","0","0","0","0","0","0","0","7","0","","02","11","2024","2","40.417132","-80.154253","1611","11","0","0","0","0","0","0","0","0","","0","0","0","16","","0","N","0","","40 25:01.674","2","0","80 09:15.312","0","0","0","0","2102","0","0","0","N","0","0","0","1","02102","0","","4.0","1651.0","1","N","N","N","0","","0","0","1","0","0","N","1609","1","0","0","0","0","0","0","1","0","1","03","03","","N","","","","","","","","","",""
"2024089659","1356","0","0","0","0","0","0","0","0","0","4","0","","02","10","2024","6","40.635694","-80.061626","1356","11","0","0","0","0","0","0","1","0","","0","0","0","13","","1","","1","","40 38:08.498","2","7","80 03:41.853","3","0","0","0","2216","0","0","0","N","0","0","0","3","02505","0","","1.0","1437.0","1","N","N","N","0","","1","0","2","3","2","N","1356","2","1","0","0","0","0","0","2","0","2","03","04","","N","","","","","","","","","",""
"2024102333","2220","1","0","0","0","0","0","0","0","0","7","0","","02","10","2024","4","40.3965","-79.8475","2217","11","0","0","0","0","0","0","0","0","","0","0","0","22","","0","N","0","","40 23:47.400","5","3","79 50:51.000","0","0","0","0","2449","0","0","0","N","0","0","0","1","02515","0","","2.0","2300.0","1","N","N","N","0","","0","0","0","0","0","Y","2215","1","0","0","0","0","0","0","2","0","1","03","02","","N","","","","","","","","","",""
"2024112516","2322","1","0","0","0","0","0","0","0","0","1","0","","02","9","2024","4","40.60741","-80.094624","2306","11","0","0","0","0","0","0","0","0","","0","0","0","22","","1","N","0","","40 36:26.677","","0","80 05:40.646","3","0","0","0","2481","0","0","0","N","0","0","0","2","68B03","0","","1.0","","1","N","N","N","0","","1","0","1","0","0","","2259","2","1","0","0","0","0","0","2","0","2","03","","","N","","","","","","","","","",""
"2024097007","0720","0","0","0","0","0","0","0","0","0","1","0","","02","10","2024","4","40.510415","-80.09773","0716","11","0","0","0","0","0","2","0","0","","0","0","0","07","","1","N","0","","40 30:37.494","","0","80 05:51.827","3","0","0","0","2429","0","0","0","N","0","0","0","3","02215","0","","1.0","","1","N","N","N","1","","1","0","2","0","0","","0716","3","1","0","0","0","0","0","2","0","3","03","03","","N","","","","","","","","","",""
"2024099964","2211","2","0","0","0","0","0","0","0","0","4","0","","02","11","2024","1","40.330042","-79.987353","2206","11","0","1","0","0","0","0","0","0","","0","0","0","22","","2","","3","","40 19:48.151","2","0","79 59:14.470","2","0","0","0","2454","0","0","0","N","0","0","0","5","02403","0","","1.0","2306.0","1","N","N","N","0","","1","1","0","3","2","Y","2203","2","2","2","0","1","0","0","2","0","2","03","03","","Y","","","","","","","","","",""
"2024090038","1607","3","0","0","0","0","0","0","0","0","1","0","","02","10","2024","7","40.421187","-79.799805","1604","11","1","0","0","0","0","0","0","0","","0","0","0","16","","0","","2","","40 25:16.272","","0","79 47:59.297","0","0","0","0","2446","0","0","0","N","0","0","0","4","02446","0","","1.0","","1","N","N","N","0","","0","0","0","0","0","","1602","3","0","0","0","0","0","0","2","0","3","04","","","N","","","","","","","","","",""
"2024105858","1150","1","0","0","0","0","0","0","0","0","5","0","","02","11","2024","3","40.441784","-80.183741","1145","11","0","0","0","0","0","1","0","0","","0","0","0","11","","0","N","0","","40 26:30.424","","0","80 11:01.468","0","0","0","0","2214","0","0","0","N","0","0","0","2","68B03","0","","1.0","","1","N","N","N","1","","0","0","0","0","0","","1138","2","0","0","0","0","0","0","1","0","2","03","03","","N","","","","","","","","","",""
"2024097993","1014","0","0","0","0","0","0","0","0","0","4","0","","02","11","2024","1","40.44325","-80.041698","1009","11","0","0","0","0","0","1","0","0","","0","0","0","10","","1","","1","","40 26:35.699","","0","80 02:30.114","3","0","0","0","2301","0","0","0","N","0","0","0","5","02301","0","","1.0","","1","N","N","N","0","","1","0","2","3","3","","1006","2","1","0","0","0","0","0","2","0","2","03","","","N","","","","","","","","","",""
"2024112192","1841","1","0","0","0","0","0","0","0","0","4","0","","02","11","2024","2","40.415711","-79.847601","1838","11","0","0","0","0","0","0","1","1","","0","0","0","18","","1","","2","","40 24:56.558","5","0","79 50:51.364","8","0","0","0","2431","0","0","0","N","0","0","0","2","02431","0","","1.0","45.0","9","N","N","N","0","","0","0","1","3","2","N","1836","2","1","0","0","0","1","0","2","0","2","07","","","N","","","","","","","","","",""
"2024098811","1726","1","0","0","0","0","0","0","0","0","1","0","","02","11","2024","2","40.526094","-79.821146","1714","11","0","0","0","0","0","0","0","0","","0","0","0","17","","1","N","0","","40 31:33.938","","0","79 49:16.127","3","0","0","0","2466","0","0","0","N","0","0","0","2","02466","0","","1.0","","1","N","N","N","1","","1","0","0","0","0","","1710","2","1","0","0","0","0","0","2","0","2","03","03","","N","","","","","","","","","",""
"2024094238","1429","0","0","0","0","0","0","0","0","0","4","0","","02","10","2024","5","40.382011","-80.057935","1419","11","0","0","0","0","0","1","0","0","","0","0","0","14","","0","","1","","40 22:55.240","4","0","80 03:28.565","0","0","0","0","2109","0","0","0","N","0","0","0","2","02109","0","","1.0","1459.0","1","N","N","N","0","","0","0","2","3","3","N","1419","2","0","0","0","0","0","0","2","0","2","03","03","","N","","","","","","","","","",""
"2024089192","0821","2","0","0","0","0","0","0","0","0","4","0","","02","10","2024","5","40.410917","-80.083361","0818","11","0","0","0","0","0","0","0","0","","0","0","0","08","","0","","1","","40 24:39.300","","0","80 05:00.101","0","0","0","0","2415","0","0","0","N","0","0","0","2","02415","0","","1.0","","1","N","N","N","0","","0","0","0","0","0","","0813","2","0","0","0","0","0","0","2","0","2","03","","","N","","","","","","","","","",""
"2024103015","1720","1","0","0","0","0","0","0","0","0","1","0","","02","10","2024","6","40.447103","-80.166788","1713","11","0","0","0","0","0","0","1","0","","0","0","0","17","","0","","6","","40 26:49.569","","2","80 10:00.437","0","0","0","0","2115","0","0","0","N","0","0","0","3","68B03","0","","7.0","","1","N","N","N","0","","0","0","1","3","4","","1703","2","0","0","0","0","0","0","2","0","2","03","","","N","","","","","","","","","",""
"2024089767","0850","1","0","0","0","0","0","0","0","0","7","0","","02","10","2024","6","40.27872","-79.905318","0849","11","0","0","0","0","0","0","0","0","","0","0","0","08","","0","N","6","","40 16:43.391","2","2","79 54:19.143","0","0","0","0","2440","0","0","0","N","0","0","0","1","02440","0","","3.0","917.0","1","N","N","N","0","","0","0","0","3","3","Y","0849","1","0","0","0","0","0","0","2","0","1","05","","","N","","","","","","","","","",""
"2024111450","0748","0","0","0","0","0","0","0","0","0","98","0","","02","11","2024","3","40.504451","-79.859818","0736","11","0","0","0","0","0","0","0","0","","0","0","0","07","","1","N","0","","40 30:16.024","2","0","79 51:35.346","3","0","0","0","2112","0","0","0","N","0","0","0","1","68D02","0","","1.0","817.0","9","N","N","N","0","","1","0","1","0","0","Y","0724","1","1","0","0","0","0","0","2","0","1","03","03","","N","","","","","","","","","",""
"2024061542","0302","3","0","0","0","0","0","0","0","0","1","0","","02","7","2024","3","40.602131","-79.752515","0302","11","0","0","0","0","0","0","0","0","","0","0","0","02","","0","","2","","40 36:07.670","","0","79 45:09.055","0","0","0","0","2464","0","0","0","N","0","0","0","2","02464","0","","1.0","","1","N","N","Y","0","","0","0","0","0","0","","0255","3","0","0","0","0","0","0","2","0","3","03","03","","N","","","","","","","","","",""
"2024090147","2114","1","0","0","0","0","0","0","0","0","4","0","","02","10","2024","7","40.44356","-79.952091","2114","11","0","0","0","0","0","0","0","0","","0","0","0","21","","0","","2","","40 26:36.815","3","0","79 57:07.528","0","0","0","0","2301","0","0","0","N","0","0","0","3","02301","0","","1.0","2230.0","1","N","N","N","0","","0","0","1","3","3","N","2114","2","0","0","0","0","0","0","2","0","2","03","","","N","","","","","","","","","",""
"2024101091","1419","1","0","0","0","0","0","0","0","0","4","0","","02","11","2024","3","40.347456","-79.949034","1417","11","0","0","0","0","0","0","1","1","","0","0","0","14","","0","","1","","40 20:50.843","","7","79 56:56.523","0","0","0","0","2473","0","0","0","N","0","0","0","2","02473","0","","1.0","","1","N","N","N","0","","0","0","1","3","3","","1417","2","0","0","0","0","0","0","2","0","2","03","","","N","","","","","","","","","",""
"2024078816","1845","0","0","0","0","0","0","0","0","0","7","0","","02","9","2024","3","40.546829","-79.804448","1845","11","0","0","0","0","0","0","0","0","","0","0","0","18","","1","N","2","","40 32:48.583","","0","79 48:16.011","2","0","0","0","2418","0","0","0","N","0","0","0","1","02514","0","","5.0","","1","N","N","N","0","","0","1","1","0","0","","1836","1","1","0","0","0","0","0","2","0","1","03","03","","N","","","","","","","","","",""
"2024112019","1207","1","0","1","0","0","0","0","0","0","7","0","","02","10","2024","5","40.644895","-80.096233","1207","11","0","0","0","0","0","0","0","1","","0","0","0","11","","1","N","0","","40 38:41.622","1","0","80 05:46.438","2","0","0","0","2212","0","0","0","Y","0","0","0","1","68B03","0","","4.0","1245.0","1","N","N","N","0","","0","1","0","0","0","N","1159","1","1","0","0","0","0","0","2","0","1","03","","","N","","","","","","","","","",""
"2024100615","1806","2","0","0","0","0","0","0","0","0","1","0","","02","11","2024","1","40.426223","-79.894552","1736","11","0","1","0","0","0","0","0","0","","0","0","0","17","","2","N","0","","40 25:34.403","4","0","79 53:40.386","4","0","0","0","2301","0","0","0","N","0","0","0","3","68B03","2","","1.0","1815.0","1","N","N","N","0","","0","0","1","0","0","N","1734","3","2","0","0","0","0","1","2","0","3","03","","","N","","","","","","","","","",""
"2024111851","0756","1","0","0","0","0","0","0","0","0","7","0","","02","12","2024","6","40.506641","-80.034392","0739","11","0","0","0","0","0","0","0","0","","0","0","0","07","","0","N","0","","40 30:23.906","1","0","80 02:03.812","0","0","0","0","2116","0","0","0","N","0","0","0","1","68B03","0","","5.0","845.0","9","N","N","N","0","","0","0","0","0","0","N","0738","1","0","0","0","0","0","0","2","0","1","03","03","","N","","","","","","","","","",""
"2024090148","1157","1","0","0","0","0","0","0","0","0","1","0","","02","10","2024","7","40.407086","-79.889476","1137","11","0","0","0","0","1","0","0","0","","0","0","0","11","","0","Y","0","","40 24:25.508","1","0","79 53:22.113","0","0","0","0","2475","0","0","0","N","0","0","0","5","02475","0","","1.0","1244.0","1","N","N","N","0","","0","0","1","0","0","N","1137","2","0","1","0","0","0","0","2","0","2","03","03","","N","","","","","","","","","",""
"2024112760","1909","1","0","0","0","0","0","0","0","0","4","0","","02","12","2024","3","40.567176","-80.016471","1857","11","0","0","0","0","0","1","0","1","","0","0","0","18","","0","","1","","40 34:01.833","2","0","80 00:59.294","0","0","0","0","2108","0","0","0","N","0","0","0","3","02108","0","","1.0","1940.0","1","N","N","N","0","","0","0","0","3","3","Y","1845","2","0","0","0","0","0","0","2","1","2","03","","","N","","","","","","","","","",""
"2024071534","1943","0","0","0","0","0","0","0","0","0","8","0","","02","7","2024","7","40.406318","-79.912759","1943","11","0","0","0","0","0","1","0","0","","0","0","0","19","","8","N","0","","40 24:22.746","","1","79 54:45.931","2","0","0","2","2438","8","0","3","N","8","0","3","10","02438","0","","1.0","","1","","","N","0","","5","3","0","0","0","","1943","10","8","0","0","0","0","1","2","0","2","03","","","N","","","","","","","","","",""
"2024089125","0932","0","0","0","0","0","0","0","0","0","4","0","","02","10","2024","2","40.468756","-79.896043","0907","11","0","0","0","0","0","0","0","0","","0","0","0","08","","1","","1","","40 28:07.520","","0","79 53:45.755","3","0","0","0","2301","0","0","0","N","0","0","0","3","02301","0","","1.0","","1","N","N","N","0","","1","0","2","3","2","","0825","2","1","0","0","0","0","0","2","0","2","03","","","N","","","","","","","","","",""