"CRN","ARRIVAL_TM","AUTOMOBILE_COUNT","BELTED_DEATH_COUNT","BELTED_SUSP_SERIOUS_INJ_COUNT","BICYCLE_COUNT","BICYCLE_DEATH_COUNT","BICYCLE_SUSP_SERIOUS_INJ_COUNT","BUS_COUNT","CHLDPAS_DEATH_COUNT","CHLDPAS_SUSP_SERIOUS_INJ_COUNT","COLLISION_TYPE","COMM_VEH_COUNT","CONS_ZONE_SPD_LIM","COUNTY","CRASH_MONTH","CRASH_YEAR","DAY_OF_WEEK","DEC_LATITUDE","DEC_LONGITUDE","DISPATCH_TM","DISTRICT","DRIVER_COUNT_16YR","DRIVER_COUNT_17YR","DRIVER_COUNT_18YR","DRIVER_COUNT_19YR","DRIVER_COUNT_20YR","DRIVER_COUNT_50_64YR","DRIVER_COUNT_65_74YR","DRIVER_COUNT_75PLUS","EST_HRS_CLOSED","FATAL_COUNT","HEAVY_TRUCK_COUNT","HORSE_BUGGY_COUNT","HOUR_OF_DAY","ILLUMINATION","INJURY_COUNT","INTERSECTION_RELATED","INTERSECT_TYPE","LANE_CLOSED","LATITUDE","LN_CLOSE_DIR","LOCATION_TYPE","LONGITUDE","MAX_SEVERITY_LEVEL","MCYCLE_DEATH_COUNT","MCYCLE_SUSP_SERIOUS_INJ_COUNT","MOTORCYCLE_COUNT","MUNICIPALITY","NONMOTR_COUNT","NONMOTR_DEATH_COUNT","NONMOTR_SUSP_SERIOUS_INJ_COUNT","NTFY_HIWY_MAINT","PED_COUNT","PED_DEATH_COUNT","PED_SUSP_SERIOUS_INJ_COUNT","PERSON_COUNT","POLICE_AGCY","POSSIBLE_INJ_COUNT","RDWY_SURF_TYPE_CD","RELATION_TO_ROAD","ROADWAY_CLEARED","ROAD_CONDITION","SCH_BUS_IND","SCH_ZONE_IND","SECONDARY_CRASH","SMALL_TRUCK_COUNT","SPEC_JURIS_CD","SUSP_MINOR_INJ_COUNT","SUSP_SERIOUS_INJ_COUNT","SUV_COUNT","TCD_FUNC_CD","TCD_TYPE","TFC_DETOUR_IND","TIME_OF_DAY","TOTAL_UNITS","TOT_INJ_COUNT","UNBELTED_OCC_COUNT","UNB_DEATH_COUNT","UNB_SUSP_SERIOUS_INJ_COUNT","UNK_INJ_DEG_COUNT","UNK_INJ_PER_COUNT","URBAN_RURAL","VAN_COUNT","VEHICLE_COUNT","WEATHER1","WEATHER2","WORKERS_PRES","WORK_ZONE_IND","WORK_ZONE_LOC","WORK_ZONE_TYPE","WZ_CLOSE_DETOUR","WZ_FLAGGER","WZ_LAW_OFFCR_IND","WZ_LN_CLOSURE","WZ_MOVING","WZ_OTHER","WZ_SHLDER_MDN","WZ_WORKERS_INJ_KILLED"
"2024090955","0915","1","0","0","0","0","0","0","0","0","2","0","","02","10","2024","7","40.525722","-80.211206","0913","11","0","0","0","0","0","1","0","0","","0","0","0","","","4","N","0","","40 31:32.599","7","0","80 12:40.343","2","0","0","0","2213","0","0","0","N","0","0","0","7","02213","0","","1.0","1036.0","1","N","N","N","0","","3","1","1","","0","N","","2","4","6","0","1","0","0","2","0","2","03","03","","N","","","","","","","","","",""
"2024113489","0634","0","0","0","0","0","0","0","0","0","7","1","","02","12","2024","5","40.332667","-80.125139","0625","11","0","0","0","0","0","0","0","0","","0","1","0","","","0","N","0","","40 19:57.600","5","0","80 07:30.500","0","0","0","0","2119","0","0","0","N","0","0","0","1","02119","0","","4.0","900.0","7","N","N","N","0","","0","0","0","","0","N","","1","0","0","0","0","0","0","2","0","1","10","10","","N","","","","","","","","","",""
"2024111195","2011","1","0","0","0","0","0","0","0","0","1","0","","02","11","2024","5","40.427403","-79.952326","2003","11","0","0","1","0","0","0","0","0","","0","0","0","","","0","N","0","","40 25:38.649","4","0","79 57:08.375","0","0","0","0","2301","0","0","0","N","0","0","0","2","68B03","0","","1.0","2035.0","9","N","N","N","1","","0","0","0","","0","N","","2","0","0","0","0","0","0","2","0","2","03","","","N","","","","","","","","","",""
"2024095738","1454","0","0","0","0","0","0","0","0","0","4","0","","02","10","2024","2","40.299056","-79.939167","1448","11","2","1","0","0","0","0","0","0","","0","0","0","","","1","N","0","","40 17:56.600","","7","79 56:21.000","4","0","0","0","2440","0","0","0","N","0","0","0","5","02440","1","","1.0","","1","N","N","N","1","","0","0","2","","3","","","3","1","0","0","0","0","0","2","0","3","03","03","","N","","","","","","","","","",""
"2024086942","0159","0","0","0","0","0","0","0","0","0","4","0","","02","10","2024","6","40.440754","-79.995871","0153","11","0","0","0","0","0","0","1","0","","0","0","0","","","1","","1","","40 26:26.714","2","0","79 59:45.136","3","0","0","0","2301","0","0","0","N","0","0","0","2","02301","0","","1.0","235.0","1","N","N","N","0","","1","0","2","","2","N","","2","1","0","0","0","0","0","2","0","2","03","03","","N","","","","","","","","","",""
"2024086177","1857","0","0","0","0","0","0","0","0","0","98","0","","02","10","2024","4","40.482487","-79.893965","1847","11","0","0","0","0","0","0","0","0","","0","0","0","","","0","N","0","","40 28:56.952","","0","79 53:38.275","0","0","0","0","2301","0","0","0","N","0","0","0","1","02301","0","","1.0","","1","N","N","N","0","","0","0","1","","0","","","1","0","0","0","0","0","0","2","0","1","03","03","","N","","","","","","","","","",""
"2024086028","1600","0","0","0","0","0","0","0","0","0","7","0","","02","10","2024","3","40.334944","-79.822944","1556","11","0","0","0","0","0","0","0","0","","0","0","0","","","0","N","0","","40 20:05.800","1","0","79 49:22.600","0","0","0","0","2304","0","0","0","N","0","0","0","1","02304","0","","4.0","1631.0","9","N","N","N","0","","0","0","1","","0","N","","1","0","0","0","0","0","0","2","0","1","07","07","","N","","","","","","","","","",""
"2024097378","1310","1","0","0","0","0","0","0","0","0","4","0","","02","10","2024","2","40.434469","-79.792813","1301","11","0","0","0","0","0","0","0","1","","0","0","0","","","0","","2","","40 26:04.089","3","0","79 47:34.125","0","0","0","0","2446","0","0","0","N","0","0","0","3","02446","0","","1.0","1333.0","1","N","N","N","0","","0","0","1","","0","N","","2","0","0","0","0","0","0","2","0","2","03","03","","N","","","","","","","","","",""
"2024101033","1934","0","0","0","0","0","0","0","0","0","5","2","","02","10","2024","4","40.420489","-80.092803","1923","11","0","0","0","0","0","1","0","0","","0","1","0","","","0","N","0","","40 25:13.761","","0","80 05:34.090","0","0","0","0","2457","0","0","0","N","0","0","0","2","68B03","0","","1.0","","1","N","N","N","1","","0","0","0","","0","","","2","0","0","0","0","0","0","2","0","2","03","03","","N","","","","","","","","","",""
"2024102765","1938","1","0","0","0","0","0","0","0","0","7","0","","02","11","2024","6","40.433543","-79.870553","1933","11","0","0","0","0","0","0","0","0","","0","0","0","","","1","N","0","","40 26:00.756","","2","79 52:13.990","8","0","0","0","2478","0","0","0","N","0","0","0","1","68B03","0","","5.0","","1","N","N","N","0","","0","0","0","","0","","","1","1","1","0","0","1","0","2","0","1","03","","","N","","","","","","","","","",""
"2024102875","0730","1","0","0","0","0","0","0","0","0","4","0","","02","11","2024","6","40.484222","-79.907838","0724","11","0","0","0","0","0","1","0","0","","0","0","0","","","0","","1","","40 29:03.199","4","0","79 54:28.216","0","0","0","0","2301","0","0","0","N","0","0","0","2","02301","0","","1.0","800.0","9","N","N","N","1","","0","0","0","","2","N","","2","0","0","0","0","0","0","2","0","2","03","","","N","","","","","","","","","",""
"2024095559","1528","1","0","0","0","0","0","0","0","0","5","0","55","02","10","2024","3","40.504069","-80.137748","1500","11","0","0","0","0","0","0","0","0","","0","0","0","","","0","N","0","","40 30:14.650","2","0","80 08:15.893","0","0","0","0","2115","0","0","0","N","0","0","0","2","68B03","0","","1.0","1556.0","1","N","N","N","0","","0","0","1","","0","N","","2","0","0","0","0","0","0","2","0","2","03","","N","Y","8","1","","","N","","","Y","","N"
"2024100629","1720","1","0","0","0","0","0","0","0","0","1","0","","02","11","2024","5","40.42861","-79.938181","1649","11","0","0","0","0","0","0","0","0","","0","0","0","","","0","N","0","","40 25:42.996","","0","79 56:17.452","0","0","0","0","2301","0","0","0","N","0","0","0","2","68B03","0","","1.0","","1","N","N","N","1","","0","0","0","","0","","","2","0","0","0","0","0","0","2","0","2","03","03","","N","","","","","","","","","",""
"2024088064","2327","0","0","0","0","0","0","0","0","0","7","0","","02","10","2024","6","40.556111","-79.944194","2323","11","0","0","0","0","0","0","0","0","","0","0","0","","","1","N","0","","40 33:22.000","4","7","79 56:39.100","4","0","0","0","2207","0","0","0","N","0","0","0","2","02207","1","","5.0","11.0","1","N","N","N","1","","0","0","0","","0","N","","1","1","0","0","0","0","0","2","0","1","03","04","","N","","","","","","","","","",""
"2024086356","1332","0","0","0","0","0","0","0","0","0","1","0","","02","10","2024","4","40.504797","-79.989141","1332","11","0","0","0","0","0","1","0","0","","0","0","0","","","2","N","0","","40 30:17.269","","0","79 59:20.909","4","0","0","0","2116","0","0","0","N","0","0","0","2","02116","2","","1.0","","1","N","N","N","0","","0","0","2","","0","","","2","2","0","0","0","0","0","2","0","2","03","03","","N","","","","","","","","","",""
"2024087234","0742","0","0","0","0","0","0","0","0","0","1","0","","02","10","2024","5","40.495208","-79.941039","0703","11","0","0","0","0","0","0","0","0","","0","0","0","","","0","N","0","","40 29:42.748","2","0","79 56:27.739","0","0","0","0","2430","0","0","0","N","0","0","0","3","68D02","0","","1.0","820.0","1","N","N","N","1","","0","0","2","","0","N","","3","0","0","0","0","0","0","2","0","3","05","03","","N","","","","","","","","","",""
"2024085866","1451","1","0","0","0","0","0","0","0","0","1","0","","02","10","2024","3","40.468472","-80.123806","1446","11","0","0","0","0","0","0","0","1","","0","0","0","","","0","Y","0","","40 28:06.500","2","7","80 07:25.700","0","0","0","0","2115","0","0","0","N","0","0","0","2","02115","0","","1.0","1545.0","1","N","N","N","0","","0","0","1","","2","N","","2","0","0","0","0","0","0","2","0","2","04","","","N","","","","","","","","","",""
"2024086636","1609","0","0","0","0","0","0","0","0","0","98","0","","02","10","2024","5","40.593889","-79.888916","1601","11","0","0","0","0","0","0","0","1","","0","0","0","","","0","N","0","","40 35:38.001","","0","79 53:20.096","0","0","0","0","2220","0","0","0","N","0","0","0","1","02220","0","","1.0","","1","N","N","N","0","","0","0","1","","0","","","1","0","0","0","0","0","0","1","0","1","03","03","","N","","","","","","","","","",""
"2024101355","1613","0","0","0","0","0","0","0","0","0","8","0","","02","9","2024","1","40.445833","-80.011694","1557","11","0","0","0","0","0","0","0","0","","0","0","0","","","1","","2","","40 26:45.000","","0","80 00:42.100","8","0","0","0","2301","1","0","0","N","1","0","0","2","02301","0","","1.0","","1","N","N","N","1","","0","0","0","","7","","","2","1","0","0","0","1","0","2","0","1","03","","","N","","","","","","","","","",""
"2024102328","1543","0","0","0","0","0","0","0","0","0","4","2","","02","11","2024","3","40.449704","-80.118615","1536","11","0","0","1","0","0","0","0","0","","0","2","0","","","0","N","0","","40 26:58.933","2","7","80 07:07.015","0","0","0","0","2115","0","0","0","N","0","0","0","2","02115","0","","1.0","1610.0","1","N","N","N","0","","0","0","0","","0","N","","2","0","0","0","0","0","0","2","0","2","03","","","N","","","","","","","","","",""
"2024106664","1531","0","0","0","0","0","0","0","0","0","7","0","","02","11","2024","7","40.427609","-79.949933","1457","11","0","0","0","0","0","0","0","0","","0","0","0","","","1","N","0","","40 25:39.391","3","0","79 56:59.760","3","0","0","0","2301","0","0","0","N","0","0","0","1","68B03","0","","2.0","1540.0","9","N","N","N","0","","1","0","1","","0","N","","1","1","0","0","0","0","0","2","0","1","04","","","N","","","","","","","","","",""
"2024100473","1819","1","0","0","0","0","0","0","0","0","4","0","","02","11","2024","5","40.35153","-79.977304","1817","11","0","0","1","0","0","0","0","0","","0","0","0","","","1","","1","","40 21:05.507","2","0","79 58:38.294","8","0","0","1","2440","0","0","0","N","0","0","0","4","02440","0","","1.0","1850.0","1","N","N","N","0","","0","0","0","","0","N","","2","1","0","0","0","1","0","2","0","2","03","03","","N","","","","","","","","","",""
"2024100585","0920","1","0","0","0","0","0","0","0","0","4","1","","02","10","2024","3","40.589054","-80.098939","0908","11","0","0","0","0","0","0","0","0","","0","1","0","","","1","","3","","40 35:20.593","","0","80 05:56.182","3","0","0","0","2481","0","0","0","N","0","0","0","3","68B03","0","","1.0","","1","N","N","N","0","","1","0","0","","0","","","2","1","0","0","0","0","0","2","0","2","03","","","N","","","","","","","","","",""
"2024086334","0758","1","0","0","0","0","0","0","0","0","8","0","","02","10","2024","5","40.319417","-79.951694","0757","11","0","0","0","0","0","0","0","0","","0","0","0","","","1","N","0","","40 19:09.900","","7","79 57:06.100","3","0","0","0","2440","1","0","0","N","1","0","0","3","02440","0","","1.0","","1","N","N","N","0","","1","0","0","","0","","","2","1","0","0","0","0","0","2","0","1","05","05","","N","","","","","","","","","",""
"2024034484","1530","1","0","0","0","0","0","0","0","0","4","0","","02","4","2024","5","40.399551","-79.835885","1522","11","0","0","0","0","0","2","0","0","","0","0","0","","","1","","1","","40 23:58.384","2","0","79 50:09.186","3","0","0","0","2449","0","0","0","N","0","0","0","2","02515","0","","1.0","1606.0","1","N","N","N","0","","1","0","0","","3","N","","2","1","0","0","0","0","0","2","1","2","03","03","","N","","","","","","","","","",""
"2024101598","2202","2","0","0","0","0","0","0","0","0","4","0","","02","9","2024","7","40.456467","-79.896688","2158","11","0","0","0","0","0","0","0","0","","0","0","0","","","3","","1","","40 27:23.281","","0","79 53:48.077","4","0","0","0","2301","0","0","0","N","0","0","0","4","02301","2","","1.0","","1","N","N","N","0","","0","0","0","","2","","","2","3","0","0","0","1","0","2","0","2","03","03","","N","","","","","","","","","",""
"2024097106","1212","0","0","0","0","0","0","0","0","0","1","0","","02","10","2024","3","40.494667","-79.892833","1208","11","0","0","0","0","0","1","0","0","","0","0","0","","","1","N","0","","40 29:40.800","","0","79 53:34.200","3","0","0","0","2432","0","0","0","N","0","0","0","4","02432","0","","6.0","","1","N","N","N","1","","1","0","1","","0","","","2","1","0","0","0","0","0","2","0","2","03","","","N","","","","","","","","","",""
"2024102022","1855","1","0","0","0","0","0","0","0","0","2","0","","02","11","2024","6","40.355978","-80.033633","1845","11","0","0","0","0","0","1","0","0","","0","0","0","","","0","N","0","","40 21:21.520","","0","80 02:01.080","0","0","0","0","2416","0","0","0","N","0","0","0","1","02416","0","","1.0","","1","N","N","N","0","","0","0","1","","0","","","2","0","0","0","0","0","0","2","0","2","03","03","","N","","","","","","","","","",""
"2024098012","1512","0","0","0","0","0","0","0","0","0","4","0","","02","10","2024","2","40.298531","-79.875462","1510","11","0","0","0","0","0","0","0","0","","0","0","0","","","1","","1","","40 17:54.713","7","0","79 52:31.663","3","0","0","0","2302","0","0","0","N","0","0","0","2","02302","0","","1.0","1530.0","1","N","N","N","1","","1","0","1","","2","N","","2","1","0","0","0","0","0","2","0","2","03","03","","N","","","","","","","","","",""
"2024101503","0957","1","0","0","0","0","0","0","0","0","4","0","","02","11","2024","3","40.321097","-79.942246","0954","11","0","0","0","0","1","0","0","0","","0","0","0","","","1","","1","","40 19:15.950","1","0","79 56:32.084","8","0","0","0","2454","0","0","0","N","0","0","0","2","02454","0","","1.0","1035.0","1","N","N","N","0","","0","0","1","","2","Y","","2","1","0","0","0","1","0","2","0","2","03","03","","N","","","","","","","","","",""
"2024106228","1248","0","0","0","0","0","0","0","0","0","7","0","","02","11","2024","7","40.492452","-79.910244","1223","11","0","0","0","0","0","0","1","0","","0","0","0","","","1","N","0","","40 29:32.828","","3","79 54:36.879","4","0","0","0","2112","0","0","0","N","0","0","0","1","68D02","1","","5.0","","1","N","N","N","0","","0","0","1","","0","","","1","1","0","0","0","0","0","2","0","1","03","","","N","","","","","","","","","",""
"2024097023","1258","0","0","0","0","0","0","0","0","0","4","0","","02","10","2024","3","40.475434","-80.097296","1255","11","0","0","0","0","0","0","1","0","","0","0","0","","","1","","2","","40 28:31.562","","0","80 05:50.267","3","0","0","0","2126","0","0","0","N","0","0","0","2","02126","0","","1.0","","1","N","N","N","0","","1","0","2","","2","","","2","1","0","0","0","0","0","2","0","2","03","","","N","","","","","","","","","",""
"2024086560","2016","1","0","0","0","0","0","0","0","0","4","0","","02","10","2024","5","40.449744","-80.176079","2012","11","0","0","0","0","0","1","0","0","","0","0","0","","","1","N","0","","40 26:59.078","3","7","80 10:33.886","2","0","1","1","2214","0","0","0","N","0","0","0","4","02214","0","","1.0","2100.0","1","N","N","N","0","","0","1","0","","2","N","","2","1","0","0","0","0","0","2","0","2","03","03","","N","","","","","","","","","",""
"2024097989","1527","1","0","0","0","0","0","0","0","0","1","0","","02","10","2024","3","40.501748","-80.011329","1516","11","0","0","0","0","0","0","0","0","","0","0","0","","","0","N","0","","40 30:06.292","","0","80 00:40.785","0","0","0","0","2116","0","0","0","N","0","0","0","2","02116","0","","1.0","","1","","","N","0","","0","0","1","","0","","","2","0","0","0","0","0","0","2","0","2","03","03","","N","","","","","","","","","",""
"2024094768","0928","0","0","0","0","0","0","0","0","0","4","0","","02","10","2024","6","40.37225","-79.982021","0925","11","0","0","0","0","0","0","0","0","","0","0","0","","","2","N","0","","40 22:20.100","1","7","79 58:55.277","8","0","0","0","2413","0","0","0","N","0","0","0","2","02413","0","","1.0","1010.0","1","N","N","N","0","","0","0","2","","0","N","","2","2","0","0","0","2","0","2","0","2","03","03","","N","","","","","","","","","",""
"2024086187","2321","1","0","0","0","0","0","0","0","0","4","0","","02","10","2024","3","40.38151","-80.044204","2316","11","0","0","0","0","0","0","0","0","","0","0","0","","","0","","2","","40 22:53.436","5","0","80 02:39.134","0","0","0","0","2109","0","0","0","N","0","0","0","2","02109","0","","1.0","7.0","1","N","N","N","1","","0","0","0","","2","Y","","2","0","0","0","0","0","0","2","0","2","03","","","N","","","","","","","","","",""
"2024100637","2132","0","0","0","0","0","0","0","0","0","98","0","","02","11","2024","6","40.321956","-80.145407","2118","11","0","0","0","0","0","1","0","0","","0","0","0","","","1","N","0","","40 19:19.043","","0","80 08:43.465","8","0","0","0","2119","0","0","0","N","0","0","0","1","68B03","0","","1.0","","1","N","N","N","0","","0","0","1","","0","","","1","1","0","0","0","1","0","2","0","1","03","","","N","","","","","","","","","",""
"2024100607","0122","0","0","0","0","0","0","0","0","0","7","0","","02","11","2024","6","40.440472","-80.008881","0112","11","0","0","0","0","0","0","0","0","","0","0","0","","","0","N","0","","40 26:25.700","1","3","80 00:31.972","0","0","0","0","2301","0","0","0","N","0","0","0","1","68B03","0","","2.0","145.0","9","N","N","N","0","","0","0","1","","0","N","","1","0","0","0","0","0","0","2","0","1","03","","","N","","","","","","","","","",""
"2024094874","1653","0","0","0","0","0","0","0","0","0","7","0","","02","10","2024","6","40.342778","-79.849389","1651","11","0","0","0","0","0","0","0","0","","0","0","0","","","0","N","0","","40 20:34.000","5","0","79 50:57.800","0","0","0","0","2304","0","0","0","N","0","0","0","2","02304","0","","5.0","1714.0","1","N","N","N","0","","0","0","1","","0","Y","","1","0","0","0","0","0","0","2","0","1","03","03","","N","","","","","","","","","",""
"2024100933","0539","0","0","0","0","0","0","0","0","0","7","0","","02","11","2024","4","40.512294","-79.987487","0532","11","0","0","0","0","0","0","0","0","","0","0","0","","","0","","2","","40 30:44.258","5","0","79 59:14.953","0","0","0","0","2116","0","0","0","N","0","0","0","1","02116","0","","5.0","645.0","1","N","N","N","0","","0","0","1","","0","Y","","1","0","0","0","0","0","0","2","0","1","03","03","","N","","","","","","","","","",""
"2024086542","1719","1","0","0","0","0","0","0","0","0","4","0","","02","10","2024","5","40.410448","-80.082018","1715","11","0","0","1","0","0","0","0","0","","0","0","0","","","0","N","1","","40 24:37.611","1","0","80 04:55.265","0","0","0","0","2415","0","0","0","N","0","0","0","2","02415","0","","1.0","1757.0","1","N","N","N","0","","0","0","1","","3","N","","2","0","0","0","0","0","0","2","0","2","03","03","","N","","","","","","","","","",""
"2024097635","1255","0","0","0","0","0","0","0","0","0","1","0","","02","10","2024","6","40.426065","-79.912599","1237","11","0","1","0","0","1","1","0","0","","0","0","0","","","2","N","0","","40 25:33.835","4","4","79 54:45.355","3","0","0","0","2301","0","0","0","N","0","0","0","6","68B03","0","","1.0","1330.0","1","N","N","N","2","","2","0","3","","0","N","","5","2","0","0","0","0","1","2","0","5","03","","","N","","","","","","","","","",""
"2024107782","1419","0","0","0","0","0","0","0","0","0","5","0","","02","11","2024","6","40.430643","-80.026153","1411","11","0","0","0","0","0","1","0","0","","0","0","0","","","0","","6","","40 25:50.313","2","2","80 01:34.149","0","0","0","0","2301","0","0","0","N","0","0","0","2","02301","0","","1.0","1445.0","9","N","N","N","0","","0","0","1","","3","N","","2","0","0","0","0","0","0","2","1","2","06","07","","N","","","","","","","","","",""
"2024087246","2022","0","0","0","0","0","0","0","0","0","2","0","","02","10","2024","6","40.448361","-79.735167","2018","11","0","0","0","0","0","0","0","0","","0","0","0","","","0","N","0","","40 26:54.100","1","0","79 44:06.600","0","0","0","0","2446","0","0","0","N","0","0","0","1","02446","0","","6.0","2040.0","1","N","N","N","0","","0","0","2","","0","N","","2","0","0","0","0","0","0","2","0","2","03","03","","N","","","","","","","","","",""
"2024102620","1253","1","0","0","0","0","0","0","0","0","1","0","","02","10","2024","7","40.445802","-80.1648","1251","11","0","0","0","0","0","1","0","0","","0","0","0","","","1","N","0","","40 26:44.886","","0","80 09:53.281","4","0","0","0","2115","0","0","0","N","0","0","0","3","68B03","1","","1.0","","1","N","N","N","0","","0","0","1","","0","","","2","1","0","0","0","0","0","2","0","2","03","","","N","","","","","","","","","",""
"2024102019","1752","0","0","0","0","0","0","0","0","0","1","0","","02","11","2024","2","40.371237","-80.049536","1750","11","0","0","0","0","0","0","0","0","","0","0","0","","","0","","2","","40 22:16.454","2","0","80 02:58.328","0","0","0","0","2109","0","0","0","N","0","0","0","2","02109","0","","1.0","1840.0","1","N","N","N","1","","0","0","1","","2","N","","2","0","0","0","0","0","0","2","0","2","03","03","","N","","","","","","","","","",""
"2024096550","1359","0","0","0","0","0","0","0","0","0","1","0","","02","10","2024","3","40.408229","-79.893884","1351","11","0","0","0","0","0","0","0","0","","0","0","0","","","1","Y","0","","40 24:29.626","4","0","79 53:37.982","8","0","0","0","2448","0","0","0","N","0","0","0","3","02448","0","","1.0","1425.0","1","N","N","Y","0","","0","0","3","","2","N","","3","1","0","0","0","1","0","2","0","3","03","03","","N","","","","","","","","","",""
"2024099027","1803","0","0","0","0","0","0","0","0","0","0","0","","02","10","2024","5","40.254994","-79.923328","1803","11","0","0","0","0","0","1","0","0","","0","0","0","","","1","","2","","40 15:17.979","7","0","79 55:23.981","3","0","0","1","2440","0","0","0","N","0","0","0","1","02440","0","","1.0","1833.0","1","N","N","N","0","","1","0","0","","3","Y","","2","1","0","0","0","0","0","1","0","1","03","","","N","","","","","","","","","",""
"2024097099","0649","0","0","0","0","0","0","0","0","0","2","0","","02","10","2024","5","40.344112","-79.849377","0647","11","0","0","0","0","0","1","0","0","","0","0","0","","","0","N","0","","40 20:38.803","1","0","79 50:57.757","0","0","0","0","2304","0","0","0","N","0","0","0","1","02304","0","","6.0","719.0","1","N","N","N","1","","0","0","1","","0","Y","","2","0","0","0","0","0","0","2","0","2","03","03","","N","","","","","","","","","",""
"2024100623","0124","1","0","0","0","0","0","0","0","0","98","0","","02","11","2024","5","40.422652","-80.101358","0115","11","0","0","0","0","0","0","0","0","","0","0","0","","","0","N","0","","40 25:21.547","","0","80 06:04.887","0","0","0","0","2115","0","0","0","N","0","0","0","1","68B03","0","","1.0","","1","N","N","N","0","","0","0","0","","0","","","1","0","0","0","0","0","0","2","0","1","03","03","","N","","","","","","","","","",""
"2024095265","0052","0","0","0","0","0","0","0","0","0","7","0","","02","10","2024","1","40.386128","-79.821235","0050","11","0","0","0","0","0","0","0","0","","0","0","0","","","0","","2","","40 23:10.060","5","0","79 49:16.447","0","0","0","0","2111","0","0","0","Y","0","0","0","1","02111","0","","4.0","150.0","1","N","N","N","0","","0","0","1","","0","Y","","1","0","0","0","0","0","0","2","0","1","03","03","","N","","","","","","","","","",""
"2024099385","1733","0","0","0","0","0","0","0","0","0","7","0","","02","10","2024","5","40.587588","-80.099316","1720","11","0","0","0","0","0","1","0","0","","0","0","0","","","1","N","0","","40 35:15.318","","0","80 05:57.538","3","0","0","0","2481","0","0","0","N","0","0","0","1","68B03","0","","2.0","","1","N","N","N","1","","1","0","0","","0","","","1","1","1","0","0","0","0","2","0","1","03","03","","N","","","","","","","","","",""
"2024087166","1601","1","0","0","0","0","0","0","0","0","5","0","","02","10","2024","5","40.355464","-80.11413","1557","11","0","0","1","0","0","2","0","0","","0","0","0","","","0","","1","","40 21:19.669","6","0","80 06:50.868","0","0","0","0","2414","0","0","0","N","0","0","0","4","02414","0","","1.0","1624.0","1","N","N","N","0","","0","0","3","","2","Y","","4","0","0","0","0","0","0","2","0","4","03","03","","N","","","","","","","","","",""
"2024090628","0649","0","0","0","0","0","0","0","0","0","8","0","","02","10","2024","2","40.460966","-79.866985","0641","11","0","0","0","0","0","0","1","0","","1","0","0","","","0","N","3","","40 27:39.477","6","0","79 52:01.147","1","0","0","0","2113","1","1","0","N","1","1","0","2","02501","0","1","1.0","1000.0","1","N","N","N","0","0","0","0","0","","0","Y","","2","0","0","0","0","0","0","2","1","1","03","03","","N","","","","","","","","","",""
"2024102752","2216","1","0","0","0","0","0","0","0","0","1","0","","02","10","2024","3","40.411697","-80.076415","2208","11","0","0","0","0","0","0","0","0","","0","0","0","","","2","","6","","40 24:42.108","3","2","80 04:35.095","3","0","0","0","2117","0","0","0","N","0","0","0","2","68B03","1","","1.0","2252.0","1","N","N","N","0","","1","0","0","","4","N","","2","2","0","0","0","0","0","2","1","2","03","","","N","","","","","","","","","",""
"2024102344","0744","0","0","0","0","0","0","0","0","0","7","0","","02","11","2024","2","40.358361","-80.071869","0739","11","0","0","0","0","0","0","0","0","","0","0","0","","","0","","3","","40 21:30.100","","0","80 04:18.729","0","0","0","0","2123","0","0","0","N","0","0","0","1","02123","0","","5.0","","9","N","N","N","0","","0","0","1","","3","","","1","0","0","0","0","0","0","2","0","1","98","07","","N","","","","","","","","","",""
"2024100470","0903","1","0","0","0","0","0","0","0","0","7","0","","02","11","2024","7","40.447776","-79.849374","0855","11","0","0","0","0","0","0","0","0","","0","0","0","","","0","","2","","40 26:51.995","","0","79 50:57.747","0","0","0","0","2419","0","0","0","Y","0","0","0","1","02419","0","","2.0","","1","N","N","N","0","","0","0","0","","3","","","1","0","0","0","0","0","0","2","0","1","03","03","","N","","","","","","","","","",""
"2024102020","1920","1","0","0","0","0","0","0","0","0","1","0","","02","10","2024","6","40.511855","-80.214498","1917","11","0","0","0","0","0","2","0","0","","0","0","0","","","1","Y","0","","40 30:42.677","3","0","80 12:52.193","2","0","0","0","2213","0","0","0","N","0","0","0","5","02213","0","","1.0","30.0","1","N","N","N","0","","0","1","1","","0","N","","2","1","1","0","1","0","0","2","0","2","03","","","N","","","","","","","","","",""
"2024086377","0730","2","0","0","0","0","0","0","0","0","4","0","","02","10","2024","5","40.436691","-79.836671","0725","11","0","0","0","0","0","0","0","0","","0","0","0","","","0","","1","","40 26:12.087","7","0","79 50:12.015","0","0","0","0","2419","0","0","0","N","0","0","0","2","02419","0","","1.0","830.0","1","N","N","N","0","","0","0","0","","3","N","","2","0","0","0","0","0","0","2","0","2","03","03","","N","","","","","","","","","",""
"2024106597","1608","0","0","0","0","0","0","0","0","0","5","1","","02","11","2024","2","40.495812","-79.910152","1540","11","0","0","0","0","0","0","0","0","","0","1","0","","","0","","6","","40 29:44.923","2","2","79 54:36.547","0","0","0","0","2112","0","0","0","N","0","0","0","3","68D02","0","","1.0","1658.0","1","N","N","N","0","","0","0","1","","0","N","","2","0","0","0","0","0","0","2","0","2","03","","","N","","","","","","","","","",""