"CRN","ARRIVAL_TM","AUTOMOBILE_COUNT","BELTED_DEATH_COUNT","BELTED_SUSP_SERIOUS_INJ_COUNT","BICYCLE_COUNT","BICYCLE_DEATH_COUNT","BICYCLE_SUSP_SERIOUS_INJ_COUNT","BUS_COUNT","CHLDPAS_DEATH_COUNT","CHLDPAS_SUSP_SERIOUS_INJ_COUNT","COLLISION_TYPE","COMM_VEH_COUNT","CONS_ZONE_SPD_LIM","COUNTY","CRASH_MONTH","CRASH_YEAR","DAY_OF_WEEK","DEC_LATITUDE","DEC_LONGITUDE","DISPATCH_TM","DISTRICT","DRIVER_COUNT_16YR","DRIVER_COUNT_17YR","DRIVER_COUNT_18YR","DRIVER_COUNT_19YR","DRIVER_COUNT_20YR","DRIVER_COUNT_50_64YR","DRIVER_COUNT_65_74YR","DRIVER_COUNT_75PLUS","EST_HRS_CLOSED","FATAL_COUNT","HEAVY_TRUCK_COUNT","HORSE_BUGGY_COUNT","HOUR_OF_DAY","ILLUMINATION","INJURY_COUNT","INTERSECTION_RELATED","INTERSECT_TYPE","LANE_CLOSED","LATITUDE","LN_CLOSE_DIR","LOCATION_TYPE","LONGITUDE","MAX_SEVERITY_LEVEL","MCYCLE_DEATH_COUNT","MCYCLE_SUSP_SERIOUS_INJ_COUNT","MOTORCYCLE_COUNT","MUNICIPALITY","NONMOTR_COUNT","NONMOTR_DEATH_COUNT","NONMOTR_SUSP_SERIOUS_INJ_COUNT","NTFY_HIWY_MAINT","PED_COUNT","PED_DEATH_COUNT","PED_SUSP_SERIOUS_INJ_COUNT","PERSON_COUNT","POLICE_AGCY","POSSIBLE_INJ_COUNT","RDWY_SURF_TYPE_CD","RELATION_TO_ROAD","ROADWAY_CLEARED","ROAD_CONDITION","SCH_BUS_IND","SCH_ZONE_IND","SECONDARY_CRASH","SMALL_TRUCK_COUNT","SPEC_JURIS_CD","SUSP_MINOR_INJ_COUNT","SUSP_SERIOUS_INJ_COUNT","SUV_COUNT","TCD_FUNC_CD","TCD_TYPE","TFC_DETOUR_IND","TIME_OF_DAY","TOTAL_UNITS","TOT_INJ_COUNT","UNBELTED_OCC_COUNT","UNB_DEATH_COUNT","UNB_SUSP_SERIOUS_INJ_COUNT","UNK_INJ_DEG_COUNT","UNK_INJ_PER_COUNT","URBAN_RURAL","VAN_COUNT","VEHICLE_COUNT","WEATHER1","WEATHER2","WORKERS_PRES","WORK_ZONE_IND","WORK_ZONE_LOC","WORK_ZONE_TYPE","WZ_CLOSE_DETOUR","WZ_FLAGGER","WZ_LAW_OFFCR_IND","WZ_LN_CLOSURE","WZ_MOVING","WZ_OTHER","WZ_SHLDER_MDN","WZ_WORKERS_INJ_KILLED"
"2024098030","0552","1","0","0","0","0","0","0","0","0","5","0","55","02","9","2024","5","40.517984","-80.133047","0536","11","0","0","0","0","0","0","0","0","","0","0","0","","","0","N","0","","40 31:04.744","","3","80 07:58.970","0","0","0","0","2434","0","0","0","N","0","0","0","2","68B03","0","","1.0","","1","N","N","N","0","","0","0","1","","0","","","2","0","1","0","0","0","0","2","0","2","03","","N","Y","4","1","","","N","","","Y","","N"
"2024105861","2154","0","0","0","0","0","0","0","0","0","7","0","","02","11","2024","1","40.427502","-79.953254","2154","11","0","0","0","0","0","0","0","0","","0","0","0","","","1","N","0","","40 25:39.006","4","0","79 57:11.714","3","0","0","0","2301","0","0","0","N","0","0","0","1","68B03","0","","4.0","2235.0","9","N","N","N","0","","1","0","1","","0","N","","1","1","1","0","0","0","0","2","0","1","07","","","N","","","","","","","","","",""
"2024100712","1713","1","0","0","0","0","0","0","0","0","1","0","","02","10","2024","1","40.41903","-80.053017","1657","11","0","0","0","1","0","1","0","0","","0","0","0","","","0","N","0","","40 25:08.509","4","0","80 03:10.860","0","0","0","0","2435","0","0","0","N","0","0","0","3","68B03","0","","1.0","1745.0","1","N","N","N","0","","0","0","2","","0","N","","3","0","0","0","0","0","0","2","0","3","03","","","N","","","","","","","","","",""
"2024095900","1741","1","0","0","0","0","0","0","0","0","4","0","","02","10","2024","2","40.585595","-80.069045","1736","11","0","0","0","0","0","0","0","0","","0","0","0","","","1","","2","","40 35:08.143","3","0","80 04:08.562","3","0","0","0","2481","0","0","0","N","0","0","0","2","02481","0","","1.0","1805.0","1","N","N","N","0","","1","0","1","","3","N","","2","1","0","0","0","0","0","2","0","2","03","03","","N","","","","","","","","","",""
"2024093554","0950","0","0","0","0","0","0","0","0","0","2","0","","02","6","2024","1","40.39675","-79.990222","0945","11","0","0","0","0","0","0","0","0","","0","0","0","","","0","N","0","","40 23:48.300","3","0","79 59:24.800","0","0","0","0","2301","0","0","0","N","0","0","0","2","02301","0","","6.0","15.0","1","N","N","N","0","","0","0","2","","0","N","","2","0","0","0","0","0","0","2","0","2","03","","","N","","","","","","","","","",""
"2024093413","1036","0","0","0","0","0","0","0","0","0","7","0","","02","6","2024","5","40.47078","-79.908498","1034","11","0","0","0","0","0","0","0","0","","0","0","0","","","0","","2","","40 28:14.807","","0","79 54:30.593","0","0","0","0","2301","0","0","0","N","0","0","0","1","02301","0","","5.0","","1","N","N","N","0","","0","0","1","","2","","","1","0","0","0","0","0","0","2","0","1","03","03","","N","","","","","","","","","",""
"2024093559","2033","1","0","0","0","0","0","0","0","0","1","0","","02","6","2024","4","40.480699","-80.045101","2018","11","0","1","0","0","0","0","0","0","","0","0","0","","","0","N","0","","40 28:50.518","3","0","80 02:42.364","0","0","0","0","2301","0","0","0","N","0","0","0","2","02301","0","","1.0","2100.0","9","N","N","N","0","","0","0","1","","1","N","","2","0","0","0","0","0","0","2","0","2","07","","","N","","","","","","","","","",""
"2024093569","0310","0","0","0","1","0","1","0","0","0","8","0","","02","6","2024","7","40.445121","-79.99899","0157","11","0","0","0","0","0","1","0","0","","0","0","0","","","1","","1","","40 26:42.436","7","0","79 59:56.365","2","0","0","0","2301","1","0","1","N","0","0","0","5","02301","0","","1.0","518.0","1","N","N","N","0","","0","1","1","","2","N","","2","1","0","0","0","0","0","2","0","1","03","","","N","","","","","","","","","",""
"2024097944","0041","0","0","0","0","0","0","0","0","0","7","0","","02","10","2024","7","40.370878","-80.032523","0041","11","0","0","0","0","0","0","0","0","","0","0","0","","","0","N","0","","40 22:15.159","","0","80 01:57.082","0","0","0","0","2109","0","0","0","N","0","0","0","2","02109","0","","2.0","","1","N","N","N","0","","0","0","1","","0","","","1","0","0","0","0","0","0","2","0","1","03","03","","N","","","","","","","","","",""
"2024093527","0803","1","0","0","0","0","0","0","0","0","1","0","","02","6","2024","4","40.455394","-79.998296","0746","11","0","0","0","0","0","0","0","0","","0","0","0","","","1","Y","0","","40 27:19.418","3","0","79 59:53.865","4","0","0","0","2301","0","0","0","N","0","0","0","2","02301","1","","1.0","845.0","1","N","N","N","0","","0","0","1","","2","N","","2","1","0","0","0","0","0","2","0","2","03","03","","N","","","","","","","","","",""
"2024095162","2012","0","0","0","0","0","0","0","0","0","8","0","","02","10","2024","6","40.342972","-79.965056","2009","11","0","0","0","0","0","0","0","0","","0","0","0","","","1","N","0","","40 20:34.700","","7","79 57:54.200","3","0","0","0","2454","1","0","0","N","1","0","0","2","02454","0","","1.0","","1","N","N","N","0","","1","0","1","","0","","","2","1","0","0","0","0","0","2","0","1","03","03","","N","","","","","","","","","",""
"2024100482","0758","0","0","0","0","0","0","0","0","0","4","0","","02","11","2024","6","40.361671","-80.069898","0752","11","0","0","0","0","0","0","1","0","","0","0","0","","","0","","2","","40 21:42.016","","0","80 04:11.633","0","0","0","0","2123","0","0","0","N","0","0","0","3","02123","0","","1.0","","1","N","N","N","2","","0","0","0","","2","","","2","0","0","0","0","0","0","2","0","2","03","","","N","","","","","","","","","",""
"2024093410","1047","1","0","0","1","0","0","0","0","0","8","0","","02","6","2024","5","40.457556","-79.973861","1037","11","0","0","0","0","0","0","0","0","","0","0","0","","","1","","1","","40 27:27.200","","0","79 58:25.900","3","0","0","0","2301","1","0","0","N","0","0","0","2","02301","0","","1.0","","1","N","N","N","0","","1","0","0","","0","","","2","1","0","0","0","0","0","2","0","1","03","03","","N","","","","","","","","","",""
"2024093495","0335","0","0","0","0","0","0","0","0","0","7","0","","02","6","2024","6","40.448472","-79.951556","0319","11","0","0","0","0","0","0","0","0","","0","0","0","","","1","N","0","","40 26:54.500","","0","79 57:05.600","4","0","0","0","2301","0","0","0","N","0","0","0","1","02301","1","","4.0","","1","N","N","N","0","","0","0","1","","0","","","1","1","0","0","0","0","0","2","0","1","03","","","N","","","","","","","","","",""
"2024093437","1203","1","0","0","0","0","0","0","0","0","4","0","","02","6","2024","2","40.411384","-79.990366","1155","11","0","0","0","0","0","1","0","0","","0","0","0","","","0","","1","","40 24:40.983","2","0","79 59:25.317","0","0","0","0","2301","0","0","0","N","0","0","0","2","02301","0","","1.0","1250.0","1","N","N","N","0","","0","0","1","","3","N","","2","0","0","0","0","0","0","2","0","2","03","","","N","","","","","","","","","",""
"2024097875","0422","0","0","0","0","0","0","0","0","0","98","0","","02","10","2024","3","40.545677","-80.122224","0412","11","0","0","0","0","0","0","0","0","","0","0","0","","","0","N","0","","40 32:44.438","2","0","80 07:20.005","0","0","0","0","2215","0","0","0","Y","0","0","0","1","68B03","0","","1.0","500.0","1","N","N","N","1","","0","0","0","","0","N","","1","0","0","0","0","0","0","1","0","1","03","","","N","","","","","","","","","",""
"2024097480","1626","0","0","0","0","0","0","0","0","0","4","1","","02","11","2024","6","40.524635","-79.827741","1600","11","0","0","0","0","0","1","0","0","","0","1","0","","","0","N","0","","40 31:28.685","","7","79 49:39.867","0","0","0","0","2466","0","0","0","N","0","0","0","3","02466","0","","1.0","","1","N","N","N","0","","0","0","1","","0","","","3","0","0","0","0","0","0","2","1","3","03","03","","N","","","","","","","","","",""
"2024100052","1800","1","0","0","0","0","0","0","0","0","98","0","","02","11","2024","2","40.444694","-79.75361","1756","11","0","0","0","0","0","0","0","0","","0","0","0","","","0","N","0","","40 26:40.898","","0","79 45:12.995","0","0","0","0","2446","0","0","0","N","0","0","0","1","68T02","0","","1.0","","1","N","N","N","0","","0","0","0","","0","","","1","0","0","0","0","0","0","2","0","1","03","","","N","","","","","","","","","",""
"2024097481","0401","0","0","0","0","0","0","0","0","0","7","0","","02","9","2024","7","40.436016","-79.97261","0352","11","0","0","0","0","0","0","0","0","","0","0","0","","","0","N","0","","40 26:09.659","3","3","79 58:21.396","0","0","0","0","2301","0","0","0","N","0","0","0","1","68B03","0","","4.0","436.0","1","N","N","N","0","","0","0","1","","0","N","","1","0","0","0","0","0","0","2","0","1","03","03","","N","","","","","","","","","",""
"2024093562","1515","1","0","0","0","0","0","0","0","0","1","0","","02","6","2024","6","40.454344","-79.995003","1453","11","0","0","0","0","0","0","0","0","","0","0","0","","","1","N","0","","40 27:15.637","2","0","79 59:42.012","3","0","0","0","2301","0","0","0","N","0","0","0","5","02301","0","","1.0","1645.0","1","N","N","N","0","","1","0","3","","0","N","","5","1","0","0","0","0","1","2","1","5","03","","","N","","","","","","","","","",""
"2024098742","1456","1","0","0","0","0","0","0","0","0","6","1","","02","10","2024","4","40.327542","-79.892503","1455","11","0","0","0","0","0","1","0","0","","0","1","0","","","0","N","0","","40 19:39.151","5","0","79 53:33.009","0","0","0","0","2433","0","0","0","N","0","0","0","2","02433","0","","1.0","1531.0","1","N","N","N","0","","0","0","0","","0","N","","2","0","0","0","0","0","0","2","0","2","03","","","N","","","","","","","","","",""
"2024066959","0126","0","0","0","0","0","0","0","0","0","8","0","","02","6","2024","5","40.437472","-80.027806","0118","11","0","0","0","0","0","0","0","0","","0","0","0","","","1","N","0","","40 26:14.900","","0","80 01:40.100","2","0","0","0","2301","1","0","1","N","1","0","1","2","02301","0","","9.0","","1","N","N","N","0","","0","1","1","","0","","","2","1","0","0","0","0","0","2","0","1","03","98","","N","","","","","","","","","",""
"2024092927","2111","0","0","0","0","0","0","0","0","0","8","0","","02","6","2024","7","40.453528","-79.982333","2110","11","0","0","0","0","0","0","0","0","","0","0","0","","","1","","1","","40 27:12.700","","0","79 58:56.400","8","0","0","0","2301","1","0","0","N","1","0","0","2","02301","0","","1.0","","1","N","N","N","1","","0","0","0","","3","","","2","1","0","0","0","1","1","2","0","1","03","","","N","","","","","","","","","",""
"2024095140","1426","1","0","0","0","0","0","1","0","0","4","1","","02","10","2024","1","40.442836","-79.996817","1422","11","0","0","0","0","0","1","0","0","","0","0","0","","","0","","1","","40 26:34.209","6","0","79 59:48.541","0","0","0","0","2301","0","0","0","N","0","0","0","3","02503","0","","1.0","1500.0","1","N","N","N","0","","0","0","0","","2","Y","","3","0","1","0","0","0","0","2","1","3","03","03","","N","","","","","","","","","",""
"2024102762","1824","1","0","0","0","0","0","0","0","0","1","0","","02","11","2024","4","40.420773","-80.040488","1824","11","0","0","0","0","0","1","0","0","","0","0","0","","","1","N","0","","40 25:14.783","4","0","80 02:25.758","4","0","0","0","2435","0","0","0","N","0","0","0","4","68B03","1","","1.0","1853.0","1","N","N","N","1","","0","0","1","","0","N","","3","1","0","0","0","0","0","2","0","3","04","04","","N","","","","","","","","","",""
"2024093538","1822","0","0","0","0","0","0","0","0","0","4","0","","02","6","2024","5","40.45368","-79.888826","1818","11","0","0","0","0","0","1","0","0","","0","0","0","","","2","","1","","40 27:13.249","","0","79 53:19.773","3","0","0","1","2301","0","0","0","N","0","0","0","3","02301","0","","1.0","","1","N","N","N","0","","2","0","1","","3","","","2","2","0","0","0","0","0","2","0","2","03","03","","N","","","","","","","","","",""
"2024098092","1705","0","0","0","0","0","0","0","0","0","4","0","","02","10","2024","4","40.335769","-80.005261","1649","11","0","0","0","0","1","0","0","0","","0","0","0","","","1","N","0","","40 20:08.770","","0","80 00:18.940","3","0","0","0","2407","0","0","0","N","0","0","0","3","02407","0","","1.0","","1","N","N","N","0","","1","0","2","","0","","","2","1","0","0","0","0","0","2","0","2","03","98","","N","","","","","","","","","",""
"2024093517","1136","0","0","0","0","0","0","0","0","0","8","0","","02","6","2024","2","40.454218","-79.948539","1124","11","0","0","0","0","0","0","0","0","","0","0","0","","","1","","1","","40 27:15.186","","0","79 56:54.741","3","0","0","0","2301","1","0","0","N","1","0","0","3","02301","0","","1.0","","1","N","N","N","0","","1","0","0","","2","","","2","1","0","0","0","0","0","2","1","1","03","","","N","","","","","","","","","",""
"2024098193","0723","1","0","0","0","0","0","0","0","0","4","0","","02","11","2024","2","40.345999","-79.939088","0720","11","0","0","0","0","0","0","0","0","","0","0","0","","","0","N","0","","40 20:45.598","1","7","79 56:20.717","0","0","0","0","2473","0","0","0","N","0","0","0","3","02473","0","","1.0","800.0","1","N","N","N","0","","0","0","2","","0","N","","3","0","0","0","0","0","0","2","0","3","03","98","","N","","","","","","","","","",""
"2024096560","1157","3","0","0","0","0","0","0","0","0","1","0","","02","10","2024","7","40.434416","-79.964961","1157","11","0","0","0","0","0","1","1","1","","0","0","0","","","2","N","0","","40 26:03.899","4","0","79 57:53.859","3","0","0","0","2301","0","0","0","N","0","0","0","4","68B03","0","","1.0","1230.0","1","N","N","N","0","","2","0","0","","0","N","","3","2","0","0","0","0","0","2","0","3","03","","","N","","","","","","","","","",""
"2024093425","0904","0","0","0","0","0","0","0","0","0","1","0","","02","6","2024","1","40.428712","-79.99483","0904","11","0","0","0","0","0","1","0","0","","0","0","0","","","0","N","0","","40 25:43.362","3","0","79 59:41.389","0","0","0","0","2301","0","0","0","N","0","0","0","4","02301","0","","1.0","940.0","1","N","N","N","0","","0","0","3","","0","N","","3","0","0","0","0","0","0","2","0","3","03","","","N","","","","","","","","","",""
"2024093521","0720","1","0","0","0","0","0","0","0","0","4","0","","02","6","2024","3","40.453935","-79.979849","0712","11","0","0","0","1","0","1","0","0","","0","0","0","","","0","","1","","40 27:14.165","4","0","79 58:47.456","0","0","0","0","2301","0","0","0","N","0","0","0","2","02301","0","","1.0","745.0","1","N","N","N","0","","0","0","1","","3","N","","2","0","0","0","0","0","0","2","0","2","03","","","N","","","","","","","","","",""
"2024093422","2338","0","0","0","0","0","0","0","0","0","7","0","","02","6","2024","6","40.375503","-79.926698","2311","11","0","0","0","0","0","0","0","0","","0","0","0","","","1","N","0","","40 22:31.809","2","0","79 55:36.114","8","0","0","0","2301","0","0","0","N","0","0","0","1","02301","0","","5.0","1.0","1","N","N","N","0","","0","0","1","","0","N","","1","1","0","0","0","1","0","2","0","1","03","","","N","","","","","","","","","",""
"2024098752","1604","0","0","0","0","0","0","0","0","0","7","0","","02","11","2024","1","40.33919","-80.019761","1558","11","0","0","0","0","0","0","0","0","","0","0","0","","","0","N","0","","40 20:21.085","","0","80 01:11.140","0","0","0","0","2407","0","0","0","N","0","0","0","2","02407","0","","5.0","","1","N","N","N","0","","0","0","1","","0","","","1","0","0","0","0","0","0","2","0","1","03","03","","N","","","","","","","","","",""
"2024093513","1510","2","0","0","0","0","0","0","0","0","1","0","","02","6","2024","1","40.411917","-79.990417","1503","11","0","0","0","0","0","0","0","0","","0","0","0","","","0","N","0","","40 24:42.900","","0","79 59:25.500","9","0","0","0","2301","0","0","0","N","0","0","0","2","02301","0","","6.0","","1","N","N","N","0","","0","0","0","","0","","","2","0","0","0","0","0","1","2","0","2","03","03","","N","","","","","","","","","",""
"2024092838","1724","0","0","0","0","0","0","0","0","0","1","0","","02","10","2024","5","40.384175","-79.860305","1717","11","0","0","1","0","0","1","0","0","","0","0","0","","","1","N","0","","40 23:03.029","1","7","79 51:37.097","3","0","0","0","2303","0","0","0","N","0","0","0","3","02303","0","","1.0","1729.0","1","N","N","N","0","","1","0","2","","0","Y","","2","1","0","0","0","0","0","2","0","2","04","03","","N","","","","","","","","","",""
"2024099633","1550","1","0","0","0","0","0","0","0","0","1","0","","02","10","2024","6","40.656174","-80.09229","1550","11","0","0","0","0","0","1","0","0","","0","0","0","","","0","N","0","","40 39:22.225","1","3","80 05:32.244","0","0","0","0","2212","0","0","0","N","0","0","0","3","68B01","0","","1.0","1609.0","1","N","N","N","0","","0","0","0","","0","N","","2","0","0","0","0","0","0","2","1","2","03","03","","N","","","","","","","","","",""
"2024090443","1055","0","0","0","0","0","0","0","0","0","3","1","","02","10","2024","3","40.272199","-79.969418","1045","11","0","0","0","0","0","1","0","0","","0","1","0","","","0","N","0","","40 16:19.917","6","4","79 58:09.905","0","0","0","1","2219","0","0","0","N","0","0","0","3","02219","0","","1.0","1139.0","1","N","N","N","0","","0","0","0","","0","N","","2","0","0","0","0","0","0","2","0","2","03","03","","N","","","","","","","","","",""
"2024101420","1507","0","0","0","0","0","0","0","0","0","4","0","","02","11","2024","7","40.348951","-80.104603","1503","11","0","0","0","0","0","0","1","1","","0","0","0","","","0","","1","","40 20:56.225","","0","80 06:16.572","0","0","0","0","2414","0","0","0","N","0","0","0","3","02414","0","","1.0","","1","N","N","N","0","","0","0","2","","3","","","2","0","0","0","0","0","0","2","0","2","03","03","","N","","","","","","","","","",""
"2024099571","1902","1","0","0","0","0","0","0","0","0","4","0","","02","11","2024","4","40.567149","-80.018047","1900","11","0","0","0","0","0","0","0","0","","0","0","0","","","1","","2","","40 34:01.736","","0","80 01:04.969","3","0","0","0","2108","0","0","0","N","0","0","0","3","02108","0","","1.0","","1","N","N","N","0","","1","0","1","","3","","","2","1","0","0","0","0","0","2","0","2","03","03","","N","","","","","","","","","",""
"2024093545","0741","2","0","0","0","0","0","0","0","0","1","0","","02","6","2024","6","40.454905","-79.99399","0720","11","0","0","0","0","0","0","0","0","","0","0","0","","","1","N","0","","40 27:17.659","","0","79 59:38.364","4","0","0","0","2301","0","0","0","N","0","0","0","3","02301","1","","1.0","","1","N","N","N","1","","0","0","0","","0","","","3","1","0","0","0","0","0","2","0","3","03","","","N","","","","","","","","","",""
"2024093433","1901","1","0","0","0","0","0","0","0","0","1","0","","02","6","2024","1","40.436144","-79.977848","1841","11","0","0","0","0","0","0","0","0","","0","0","0","","","1","N","0","","40 26:10.117","3","0","79 58:40.254","8","0","0","0","2301","0","0","0","N","0","0","0","3","02301","0","","1.0","1930.0","1","N","N","N","0","","0","0","1","","0","N","","2","1","0","0","0","1","0","2","0","2","03","03","","N","","","","","","","","","",""
"2024089183","2240","0","0","0","1","0","0","0","0","0","8","0","","02","5","2024","4","40.468859","-79.962065","2234","11","0","0","0","0","0","1","0","0","","0","0","0","","","1","N","0","","40 28:07.892","","7","79 57:43.433","3","0","0","0","2301","1","0","0","N","0","0","0","2","02301","0","","1.0","","1","N","N","N","0","","1","0","1","","2","","","2","1","0","0","0","0","0","2","0","1","03","03","","N","","","","","","","","","",""
"2024093245","1444","2","0","0","0","0","0","0","0","0","4","0","","02","6","2024","2","40.453722","-79.993333","1436","11","0","0","0","0","0","0","0","0","","0","0","0","","","0","","1","","40 27:13.400","","0","79 59:36.000","0","0","0","0","2301","0","0","0","N","0","0","0","3","02301","0","","1.0","","1","N","N","N","0","","0","0","0","","0","","","2","0","0","0","0","0","0","2","0","2","03","03","","N","","","","","","","","","",""
"2024093480","0839","0","0","0","0","0","0","0","0","0","4","0","","02","6","2024","3","40.406053","-80.016863","0830","11","0","0","0","0","0","1","0","0","","0","0","0","","","0","","11","","40 24:21.792","","0","80 01:00.707","0","0","0","0","2301","0","0","0","N","0","0","0","2","02301","0","","1.0","","1","N","N","N","0","","0","0","2","","0","","","2","0","0","0","0","0","0","2","0","2","03","03","","N","","","","","","","","","",""
"2024100867","1753","1","0","0","0","0","0","0","0","0","7","0","","02","11","2024","1","40.382144","-79.819312","1748","11","0","0","0","0","0","0","0","0","","0","0","0","","","0","N","2","","40 22:55.720","","0","79 49:09.524","0","0","0","0","2111","0","0","0","N","0","0","0","1","02111","0","","4.0","","1","N","N","N","0","","0","0","0","","0","","","1","0","0","0","0","0","0","2","0","1","07","07","","N","","","","","","","","","",""
"2024093303","0725","0","0","0","1","0","0","0","0","0","8","0","","02","6","2024","4","40.471725","-80.038769","0719","11","0","0","0","0","0","0","0","0","","0","0","0","","","1","N","0","","40 28:18.210","","0","80 02:19.570","3","0","0","0","2301","1","0","0","N","0","0","0","2","02301","0","","1.0","","1","N","N","N","0","","1","0","0","","0","","","2","1","0","0","0","0","0","2","1","1","03","03","","N","","","","","","","","","",""
"2024096745","2016","0","0","0","0","0","0","0","0","0","98","0","","02","10","2024","4","40.227219","-79.854402","2007","11","0","0","0","0","0","0","0","0","","0","0","0","","","0","N","0","","40 13:37.988","","0","79 51:15.847","0","0","0","0","2204","0","0","0","N","0","0","0","1","02105","0","","1.0","","1","N","N","N","0","","0","0","1","","0","","","1","0","0","0","0","0","0","2","0","1","03","03","","N","","","","","","","","","",""
"2024098167","0723","0","0","0","0","0","0","0","0","0","1","0","","02","10","2024","4","40.418527","-80.053871","0716","11","0","0","0","0","0","0","0","0","","0","0","0","","","0","N","0","","40 25:06.697","","0","80 03:13.937","0","0","0","0","2435","0","0","0","N","0","0","0","3","68B03","0","","1.0","","1","N","N","N","1","","0","0","1","","0","","","3","0","0","0","0","0","0","2","1","3","03","","","N","","","","","","","","","",""
"2024093392","2337","0","0","0","0","0","0","0","0","0","7","0","","02","6","2024","4","40.432778","-80.029722","2333","11","0","0","0","0","0","0","0","0","","0","0","0","","","0","N","0","","40 25:58.000","7","0","80 01:47.000","9","0","0","0","2301","0","0","0","N","0","0","0","1","02301","0","","5.0","0.0","1","N","N","N","1","","0","0","0","","0","N","","1","0","0","0","0","0","1","2","0","1","03","03","","N","","","","","","","","","",""
"2024086184","2225","1","0","0","0","0","0","0","0","0","1","0","","02","10","2024","4","40.4935","-80.258417","2222","11","0","0","0","0","0","0","0","0","","0","0","0","","","0","N","0","","40 29:36.600","4","0","80 15:30.300","0","0","0","0","2203","0","0","0","N","0","0","0","2","02501","0","","1.0","2315.0","1","N","N","N","1","","0","0","0","","3","N","","2","0","0","0","0","0","0","2","0","2","03","03","","N","","","","","","","","","",""
"2024095195","0023","1","0","0","0","0","0","0","0","0","7","0","","02","10","2024","7","40.385135","-79.972876","0020","11","0","0","0","0","0","0","0","0","","0","0","0","","","1","N","0","","40 23:06.485","7","0","79 58:22.354","3","0","0","0","2403","0","0","0","N","0","0","0","1","02403","0","","4.0","840.0","1","N","N","N","0","","1","0","0","","0","Y","","1","1","0","0","0","0","0","2","0","1","03","","","N","","","","","","","","","",""
"2024095139","2150","2","0","0","0","0","0","0","0","0","4","0","","02","10","2024","6","40.421315","-79.884755","2145","11","0","0","0","0","1","0","0","0","","0","0","0","","","0","","2","","40 25:16.733","","0","79 53:05.117","0","0","0","0","2463","0","0","0","N","0","0","0","3","02463","0","","1.0","","1","N","N","N","0","","0","0","0","","2","","","2","0","0","0","0","0","0","2","0","2","03","03","","N","","","","","","","","","",""
"2024095038","1403","1","0","0","0","0","0","0","0","0","4","0","","02","10","2024","6","40.436724","-79.781751","1359","11","0","0","0","0","0","1","0","0","","0","0","0","","","0","N","0","","40 26:12.207","3","7","79 46:54.304","0","0","0","0","2446","0","0","0","N","0","0","0","3","02446","0","","1.0","1435.0","1","N","N","N","0","","0","0","2","","0","N","","3","0","0","0","0","0","0","2","0","3","03","03","","N","","","","","","","","","",""
"2024093520","0108","3","0","0","0","0","0","0","0","0","6","0","","02","6","2024","5","40.453724","-79.945876","0058","11","0","0","1","0","0","0","0","0","","0","0","0","","","0","N","0","","40 27:13.408","","0","79 56:45.153","0","0","0","0","2301","0","0","0","N","0","0","0","4","02301","0","","1.0","","1","N","N","N","0","","0","0","1","","0","","","4","0","0","0","0","0","0","2","0","4","03","03","","N","","","","","","","","","",""
"2024093427","2121","0","0","0","0","0","0","0","0","0","1","0","","02","6","2024","1","40.450111","-80.015917","2121","11","0","0","0","0","0","1","0","0","","0","0","0","","","2","","1","","40 27:00.400","3","0","80 00:57.300","3","0","0","0","2301","0","0","0","N","0","0","0","3","02301","0","","1.0","2150.0","1","N","N","N","0","","2","0","2","","3","N","","2","2","0","0","0","0","0","2","0","2","03","","","N","","","","","","","","","",""
"2024099309","1328","0","0","0","0","0","0","0","0","0","4","1","","02","11","2024","3","40.382832","-80.010252","1309","11","0","0","0","0","1","0","0","0","","0","1","0","","","0","","2","","40 22:58.195","3","0","80 00:36.907","0","0","0","0","2301","0","0","0","N","0","0","0","3","02301","0","","1.0","1355.0","1","N","N","N","1","","0","0","0","","0","N","","2","0","0","0","0","0","0","2","0","2","03","03","","N","","","","","","","","","",""
"2024093468","1833","2","0","0","0","0","0","0","0","0","5","0","","02","6","2024","3","40.404432","-79.990386","1832","11","0","0","0","0","0","0","1","0","","0","0","0","","","1","N","0","","40 24:15.956","1","0","79 59:25.388","8","0","0","0","2301","0","0","0","N","0","0","0","1","02301","0","","1.0","1900.0","1","N","N","N","0","","0","0","1","","0","N","","3","1","0","0","0","1","0","2","0","3","03","","","N","","","","","","","","","",""
"2024093415","1624","0","0","0","0","0","0","0","0","0","7","0","","02","6","2024","5","40.462889","-79.996972","1619","11","0","0","0","0","0","1","0","0","","0","0","0","","","0","N","0","","40 27:46.400","7","0","79 59:49.100","0","0","0","0","2301","0","0","0","N","0","0","0","2","02301","0","","5.0","1900.0","1","N","N","N","1","","0","0","0","","0","N","","1","0","0","0","0","0","0","2","0","1","03","","","N","","","","","","","","","",""
"2024098031","2352","0","0","0","0","0","0","0","0","0","7","1","55","02","9","2024","1","40.439689","-79.860845","2335","11","0","0","0","0","0","0","0","0","","0","1","0","","","0","N","0","","40 26:22.880","4","0","79 51:39.042","0","0","0","0","2419","0","0","0","N","0","0","0","1","68B03","0","","2.0","147.0","1","N","N","N","0","","0","0","0","","0","N","","1","0","0","0","0","0","0","2","0","1","03","","N","Y","4","1","","","N","","","","Y","N"