"CRN","ARRIVAL_TM","AUTOMOBILE_COUNT","BELTED_DEATH_COUNT","BELTED_SUSP_SERIOUS_INJ_COUNT","BICYCLE_COUNT","BICYCLE_DEATH_COUNT","BICYCLE_SUSP_SERIOUS_INJ_COUNT","BUS_COUNT","CHLDPAS_DEATH_COUNT","CHLDPAS_SUSP_SERIOUS_INJ_COUNT","COLLISION_TYPE","COMM_VEH_COUNT","CONS_ZONE_SPD_LIM","COUNTY","CRASH_MONTH","CRASH_YEAR","DAY_OF_WEEK","DEC_LATITUDE","DEC_LONGITUDE","DISPATCH_TM","DISTRICT","DRIVER_COUNT_16YR","DRIVER_COUNT_17YR","DRIVER_COUNT_18YR","DRIVER_COUNT_19YR","DRIVER_COUNT_20YR","DRIVER_COUNT_50_64YR","DRIVER_COUNT_65_74YR","DRIVER_COUNT_75PLUS","EST_HRS_CLOSED","FATAL_COUNT","HEAVY_TRUCK_COUNT","HORSE_BUGGY_COUNT","HOUR_OF_DAY","ILLUMINATION","INJURY_COUNT","INTERSECTION_RELATED","INTERSECT_TYPE","LANE_CLOSED","LATITUDE","LN_CLOSE_DIR","LOCATION_TYPE","LONGITUDE","MAX_SEVERITY_LEVEL","MCYCLE_DEATH_COUNT","MCYCLE_SUSP_SERIOUS_INJ_COUNT","MOTORCYCLE_COUNT","MUNICIPALITY","NONMOTR_COUNT","NONMOTR_DEATH_COUNT","NONMOTR_SUSP_SERIOUS_INJ_COUNT","NTFY_HIWY_MAINT","PED_COUNT","PED_DEATH_COUNT","PED_SUSP_SERIOUS_INJ_COUNT","PERSON_COUNT","POLICE_AGCY","POSSIBLE_INJ_COUNT","RDWY_SURF_TYPE_CD","RELATION_TO_ROAD","ROADWAY_CLEARED","ROAD_CONDITION","SCH_BUS_IND","SCH_ZONE_IND","SECONDARY_CRASH","SMALL_TRUCK_COUNT","SPEC_JURIS_CD","SUSP_MINOR_INJ_COUNT","SUSP_SERIOUS_INJ_COUNT","SUV_COUNT","TCD_FUNC_CD","TCD_TYPE","TFC_DETOUR_IND","TIME_OF_DAY","TOTAL_UNITS","TOT_INJ_COUNT","UNBELTED_OCC_COUNT","UNB_DEATH_COUNT","UNB_SUSP_SERIOUS_INJ_COUNT","UNK_INJ_DEG_COUNT","UNK_INJ_PER_COUNT","URBAN_RURAL","VAN_COUNT","VEHICLE_COUNT","WEATHER1","WEATHER2","WORKERS_PRES","WORK_ZONE_IND","WORK_ZONE_LOC","WORK_ZONE_TYPE","WZ_CLOSE_DETOUR","WZ_FLAGGER","WZ_LAW_OFFCR_IND","WZ_LN_CLOSURE","WZ_MOVING","WZ_OTHER","WZ_SHLDER_MDN","WZ_WORKERS_INJ_KILLED"
"2024067360","1345","2","0","0","0","0","0","0","0","0","4","0","","02","7","2024","1","40.468904","-80.097887","1344","11","0","1","0","0","0","0","0","0","","0","0","0","","","0","","1","","40 28:08.055","5","0","80 05:52.393","0","0","0","0","2126","0","0","0","N","0","0","0","2","02126","0","","1.0","1355.0","1","N","N","N","0","","0","0","0","","2","Y","","2","0","0","0","0","0","0","2","0","2","03","03","","N","","","","","","","","","",""
"2024089185","2218","0","0","0","0","0","0","0","0","0","4","0","","02","5","2024","4","40.431901","-79.918159","2208","11","0","0","0","0","0","1","0","0","","0","0","0","","","0","Y","3","","40 25:54.843","5","0","79 55:05.372","0","0","0","0","2301","0","0","0","N","0","0","0","4","02301","0","","1.0","2240.0","1","N","N","N","0","","0","0","2","","2","N","","2","0","0","0","0","0","0","2","0","2","03","","","N","","","","","","","","","",""
"2024093482","0658","1","0","0","0","0","0","0","0","0","98","0","","02","6","2024","2","40.489548","-79.928998","0649","11","0","0","0","0","0","0","0","0","","0","0","0","","","0","N","0","","40 29:22.373","","0","79 55:44.394","0","0","0","0","2301","0","0","0","N","0","0","0","1","02301","0","","1.0","","1","N","N","N","0","","0","0","0","","0","","","1","0","0","0","0","0","0","2","0","1","03","","","N","","","","","","","","","",""
"2024097678","0740","1","0","0","0","0","0","0","0","0","1","0","","02","9","2024","3","40.50675","-80.028694","0732","11","0","0","0","0","0","0","0","0","","0","0","0","","","1","N","0","","40 30:24.300","","0","80 01:43.300","3","0","0","0","2116","0","0","0","N","0","0","0","1","02116","0","","6.0","","1","N","N","Y","2","","1","0","0","","0","","","3","1","0","0","0","0","0","2","0","3","03","03","","N","","","","","","","","","",""
"2024095541","0127","1","0","0","0","0","0","0","0","0","7","0","","02","10","2024","6","40.354781","-80.114614","0125","11","0","0","0","0","0","0","0","0","","0","0","0","","","0","","7","","40 21:17.210","","2","80 06:52.611","9","0","0","0","2102","0","0","0","N","0","0","0","1","02102","0","","2.0","","1","N","N","N","0","","0","0","0","","4","","","1","0","0","0","0","0","1","2","0","1","03","03","","N","","","","","","","","","",""
"2024095786","1922","1","0","0","0","0","0","0","0","0","98","0","","02","10","2024","2","40.592387","-80.055198","1852","11","0","0","0","0","0","0","0","0","","0","0","0","","","0","N","0","","40 35:32.593","3","0","80 03:18.712","0","0","0","0","2108","0","0","0","N","0","0","0","1","02108","0","","1.0","2010.0","1","N","N","N","0","","0","0","0","","0","N","","1","0","0","0","0","0","0","2","0","1","03","03","","N","","","","","","","","","",""
"2024093455","1014","0","0","0","0","0","0","0","0","0","4","0","","02","6","2024","3","40.450587","-79.978217","1005","11","0","0","0","0","0","0","1","0","","0","0","0","","","0","N","0","","40 27:02.114","3","0","79 58:41.580","0","0","0","0","2301","0","0","0","N","0","0","0","2","02301","0","","1.0","1030.0","1","N","N","N","0","","0","0","2","","9","N","","2","0","0","0","0","0","0","2","0","2","03","","","N","","","","","","","","","",""
"2024097862","0150","1","0","0","0","0","0","0","0","0","4","0","","02","11","2024","7","40.429179","-79.921213","0149","11","0","0","0","0","0","0","0","0","","0","0","0","","","1","","1","","40 25:45.044","2","0","79 55:16.366","8","0","0","0","2301","0","0","0","N","0","0","0","1","02301","0","","1.0","245.0","1","N","Y","N","0","","0","0","1","","0","N","","2","1","0","0","0","1","0","2","0","2","03","","","N","","","","","","","","","",""
"2024098329","1106","1","0","0","0","0","0","0","0","0","2","0","","02","10","2024","2","40.531964","-80.066891","1059","11","0","0","0","0","0","0","0","0","","0","0","0","","","5","N","0","","40 31:55.072","6","0","80 04:00.808","2","0","0","0","2116","0","0","0","N","0","0","0","5","02116","2","","1.0","1551.0","1","N","N","N","0","","0","3","0","","0","Y","","2","5","0","0","0","0","0","2","1","2","03","","","N","","","","","","","","","",""
"2024097552","1740","1","0","0","0","0","0","0","0","0","7","0","","02","10","2024","7","40.268502","-79.88615","1734","11","0","0","0","0","0","1","0","0","","0","0","0","","","1","","3","","40 16:06.606","5","0","79 53:10.141","3","0","0","0","2428","0","0","0","Y","0","0","0","1","02105","0","","4.0","1808.0","1","N","N","N","0","","1","0","0","","0","N","","1","1","0","0","0","0","0","2","0","1","03","03","","N","","","","","","","","","",""
"2024098327","1545","2","0","0","0","0","0","0","0","0","4","0","","02","10","2024","2","40.399782","-80.101187","1542","11","0","0","0","0","0","0","0","0","","0","0","0","","","0","","2","","40 23:59.215","3","0","80 06:04.273","0","0","0","0","2102","0","0","0","N","0","0","0","2","02102","0","","1.0","1610.0","1","N","N","N","0","","0","0","0","","0","N","","2","0","0","0","0","0","0","2","0","2","03","03","","N","","","","","","","","","",""
"2024089154","0210","1","0","0","0","0","0","0","0","0","7","0","","02","5","2024","1","40.459611","-79.994694","0208","11","0","0","0","0","0","0","0","0","","0","0","0","","","0","","3","","40 27:34.600","","0","79 59:40.900","9","0","0","0","2301","0","0","0","N","0","0","0","1","02301","0","","5.0","","1","N","N","N","0","","0","0","1","","0","","","2","0","1","0","0","0","1","2","0","2","03","03","","N","","","","","","","","","",""
"2024090664","1459","1","0","0","0","0","0","0","0","0","5","1","","02","6","2024","7","40.345781","-79.973154","1458","11","0","0","0","0","0","0","0","0","","0","1","0","","","0","N","0","","40 20:44.813","","0","79 58:23.355","0","0","0","0","2403","0","0","0","N","0","0","0","4","02403","0","","1.0","","1","N","N","N","0","","0","0","0","","0","","","2","0","0","0","0","0","0","2","0","2","04","","","N","","","","","","","","","",""
"2024093476","1248","2","0","0","0","0","0","0","0","0","4","0","","02","6","2024","1","40.46213","-79.926835","1243","11","0","0","0","0","0","0","0","0","","0","0","0","","","0","","1","","40 27:43.668","","0","79 55:36.606","0","0","0","0","2301","0","0","0","N","0","0","0","2","02301","0","","1.0","","1","N","N","N","0","","0","0","0","","3","","","2","0","0","0","0","0","0","2","0","2","03","","","N","","","","","","","","","",""
"2024093260","1801","1","0","0","0","0","0","0","0","0","7","0","","02","6","2024","2","40.465028","-79.951472","1747","11","0","0","0","0","0","0","0","0","","0","0","0","","","0","N","0","","40 27:54.100","","0","79 57:05.300","0","0","0","0","2301","0","0","0","N","0","0","0","1","02301","0","","5.0","","1","N","N","N","0","","0","0","0","","0","","","1","0","0","0","0","0","0","2","0","1","04","","","N","","","","","","","","","",""
"2024097208","1439","0","0","0","0","0","0","0","0","0","0","0","","02","10","2024","6","40.541046","-79.80463","1432","11","0","0","0","0","0","1","0","0","","0","0","0","","","0","N","0","","40 32:27.767","","7","79 48:16.668","0","0","0","0","2418","0","0","0","N","0","0","0","1","02514","0","","1.0","","1","N","N","N","0","","0","0","1","","0","","","1","0","0","0","0","0","0","2","0","1","04","03","","N","","","","","","","","","",""
"2024098290","1230","0","0","0","0","0","0","0","0","0","4","1","","02","11","2024","2","40.412399","-80.010504","1218","11","0","0","0","0","0","0","0","0","","0","0","0","","","0","","2","","40 24:44.635","2","0","80 00:37.815","0","0","0","0","2301","0","0","0","N","0","0","0","2","02301","0","","2.0","1250.0","1","N","N","N","1","","0","0","1","","0","N","","2","0","0","0","0","0","0","2","0","2","03","","","N","","","","","","","","","",""
"2024100028","2217","1","0","0","0","0","0","0","0","0","1","0","","02","9","2024","2","40.433467","-80.141996","2212","11","0","0","0","0","0","1","0","0","","0","0","0","","","1","N","0","","40 26:00.482","4","0","80 08:31.186","8","0","0","0","2115","0","0","0","Y","0","0","0","5","68B03","0","","1.0","2245.0","1","N","N","N","2","","0","0","1","","0","N","","5","1","0","0","0","1","0","2","0","5","03","","","N","","","","","","","","","",""
"2024097672","1240","1","0","0","0","0","0","0","0","0","4","0","","02","9","2024","5","40.552889","-80.022583","1235","11","0","0","0","0","0","1","1","0","","0","0","0","","","0","N","0","","40 33:10.400","3","7","80 01:21.300","0","0","0","0","2116","0","0","0","N","0","0","0","3","02116","0","","1.0","1255.0","1","N","N","N","0","","0","0","1","","0","Y","","2","0","0","0","0","0","0","2","0","2","03","03","","N","","","","","","","","","",""
"2024097864","0822","2","0","0","0","0","0","0","0","0","7","0","","02","8","2024","7","40.497368","-79.931606","0811","11","0","0","0","0","0","0","0","0","","0","0","0","","","2","N","0","","40 29:50.526","2","0","79 55:53.780","4","0","0","0","2112","0","0","0","N","0","0","0","2","68D02","2","","3.0","850.0","1","N","N","N","0","","0","0","0","","0","N","","2","2","0","0","0","0","0","2","0","2","03","03","","N","","","","","","","","","",""
"2024098123","0233","0","0","0","0","0","0","0","0","0","7","0","","02","10","2024","2","40.38473","-79.824237","0230","11","0","0","0","0","0","0","0","0","","0","0","0","","","0","N","2","","40 23:05.027","","7","79 49:27.253","0","0","0","0","2111","0","0","0","N","0","0","0","2","02111","0","","2.0","","1","","","N","0","","0","0","1","","2","","","1","0","0","0","0","0","0","2","0","1","03","03","","N","","","","","","","","","",""
"2024093466","1239","0","0","0","0","0","0","0","0","0","7","0","","02","6","2024","4","40.429184","-80.006831","1233","11","0","0","0","0","0","0","1","0","","0","0","0","","","0","","3","","40 25:45.063","","0","80 00:24.591","0","0","0","0","2301","0","0","0","N","0","0","0","1","02301","0","","4.0","","1","N","N","N","0","","0","0","1","","0","","","1","0","0","0","0","0","0","2","0","1","03","","","N","","","","","","","","","",""
"2024098913","2146","1","0","0","0","0","0","0","0","0","5","0","","02","10","2024","2","40.425419","-79.909012","2125","11","0","0","0","0","0","0","0","0","","0","0","0","","","0","N","0","","40 25:31.510","","0","79 54:32.443","9","0","0","0","2301","0","0","0","N","0","0","0","2","68B03","0","","1.0","","1","N","N","N","0","","0","0","0","","0","","","2","0","0","0","0","0","1","2","0","2","03","","","N","","","","","","","","","",""
"2024093494","0401","0","0","0","0","0","0","0","0","0","2","0","","02","6","2024","7","40.446194","-79.983167","0350","11","0","0","0","0","0","0","0","0","","0","0","0","","","0","N","0","","40 26:46.300","","0","79 58:59.400","9","0","0","0","2301","0","0","0","N","0","0","0","2","02301","0","","1.0","","1","N","N","N","0","","0","0","2","","0","","","2","0","0","0","0","0","1","2","0","2","03","","","N","","","","","","","","","",""
"2024093412","1130","0","0","0","0","0","0","0","0","0","4","0","","02","6","2024","5","40.455584","-79.979246","1122","11","0","0","0","0","0","2","0","0","","0","0","0","","","0","","1","","40 27:20.101","4","0","79 58:45.287","0","0","0","0","2301","0","0","0","N","0","0","0","2","02301","0","","1.0","1145.0","1","N","N","N","0","","0","0","2","","3","N","","2","0","0","0","0","0","0","2","0","2","03","","","N","","","","","","","","","",""
"2024098238","1920","0","0","0","0","0","0","0","0","0","1","0","","02","11","2024","7","40.353936","-80.050118","1916","11","0","0","0","0","0","0","1","0","","0","0","0","","","1","N","0","","40 21:14.171","","0","80 03:00.426","4","0","0","0","2109","0","0","0","N","0","0","0","2","02109","1","","1.0","","1","N","N","N","0","","0","0","2","","2","","","2","1","0","0","0","0","0","2","0","2","03","","","N","","","","","","","","","",""
"2024093530","0951","1","0","0","0","0","0","0","0","0","7","0","","02","6","2024","7","40.476861","-80.006778","0942","11","0","0","0","0","0","0","0","0","","0","0","0","","","0","","2","","40 28:36.700","","0","80 00:24.400","0","0","0","0","2301","0","0","0","N","0","0","0","1","02301","0","","4.0","","1","N","N","N","0","","0","0","0","","2","","","1","0","0","0","0","0","0","2","0","1","03","","","N","","","","","","","","","",""
"2024098097","1505","0","0","0","0","0","0","1","0","0","4","1","","02","10","2024","4","40.328917","-80.030766","1500","11","0","0","1","0","0","1","0","0","","0","0","0","","","0","","2","","40 19:44.101","","0","80 01:50.758","0","0","0","0","2407","0","0","0","N","0","0","0","23","02407","0","","1.0","","1","Y","N","N","0","","0","0","1","","3","","","2","0","0","0","0","0","0","2","0","2","03","03","","N","","","","","","","","","",""
"2024093550","1309","1","0","0","0","0","0","0","0","0","5","0","","02","6","2024","3","40.484743","-79.908342","1303","11","0","0","0","0","0","0","0","0","","0","0","0","","","0","N","0","","40 29:05.075","","0","79 54:30.030","0","0","0","0","2301","0","0","0","N","0","0","0","2","02301","0","","1.0","","1","N","N","N","0","","0","0","1","","2","","","2","0","0","0","0","0","0","2","0","2","03","03","","N","","","","","","","","","",""
"2024088447","0735","0","0","0","0","0","0","0","0","0","7","1","","02","10","2024","2","40.388052","-79.773384","0732","11","0","0","0","0","0","1","0","0","","0","1","0","","","0","","3","","40 23:16.988","5","0","79 46:24.181","0","0","0","0","2470","0","0","0","Y","0","0","0","1","02424","0","","5.0","1022.0","1","N","N","N","0","","0","0","0","","0","Y","","1","0","0","0","0","0","0","2","0","1","03","03","","N","","","","","","","","","",""
"2024075620","1359","1","0","0","0","0","0","0","0","0","7","0","","02","8","2024","7","40.473","-80.112083","1353","11","0","1","0","0","0","0","0","0","","0","0","0","","","0","N","0","","40 28:22.800","5","0","80 06:43.500","0","0","0","0","2126","0","0","0","N","0","0","0","2","02126","0","","4.0","1359.0","9","N","N","N","0","","0","0","0","","0","Y","","1","0","0","0","0","0","0","2","0","1","03","","","N","","","","","","","","","",""
"2024089208","1705","1","0","0","0","0","0","0","0","0","1","0","","02","5","2024","4","40.45025","-79.973639","1643","11","0","0","0","0","0","0","0","0","","0","0","0","","","0","N","0","","40 27:00.900","","0","79 58:25.100","0","0","0","0","2301","0","0","0","N","0","0","0","2","02301","0","","6.0","","1","N","N","N","0","","0","0","1","","0","","","2","0","0","0","0","0","0","2","0","2","03","03","","N","","","","","","","","","",""
"2024096497","2305","2","0","0","0","0","0","0","0","0","1","0","","02","10","2024","3","40.435834","-79.786138","2300","11","0","0","0","0","0","0","0","0","","0","0","0","","","0","N","0","","40 26:09.003","3","0","79 47:10.096","0","0","0","0","2446","0","0","0","N","0","0","0","2","02446","0","","1.0","2330.0","1","N","N","N","0","","0","0","0","","2","N","","2","0","0","0","0","0","0","2","0","2","03","","","N","","","","","","","","","",""
"2024093553","2357","0","0","0","0","0","0","0","0","0","99","0","","02","6","2024","7","40.433029","-80.028519","2352","11","0","0","0","0","0","0","0","0","","0","0","0","","","1","","3","","40 25:58.903","","0","80 01:42.668","8","0","0","1","2301","0","0","0","N","0","0","0","1","02301","0","","1.0","","1","N","N","N","0","","0","0","0","","0","","","1","1","0","0","0","1","0","2","0","1","03","03","","N","","","","","","","","","",""
"2024093421","2041","1","0","0","0","0","0","0","0","0","7","0","","02","6","2024","7","40.376056","-79.939222","2030","11","0","0","0","0","0","0","0","0","","0","0","0","","","2","N","0","","40 22:33.800","","0","79 56:21.200","3","0","0","0","2301","0","0","0","N","0","0","0","3","02301","0","","2.0","","1","N","N","N","0","","2","0","0","","0","","","1","2","1","0","0","0","0","2","0","1","03","","","N","","","","","","","","","",""
"2024093460","1852","0","0","0","0","0","0","0","0","0","4","0","","02","6","2024","3","40.453935","-79.979849","1852","11","0","0","0","0","0","0","0","0","","0","0","0","","","0","","1","","40 27:14.165","4","0","79 58:47.456","0","0","0","0","2301","0","0","0","N","0","0","0","2","02301","0","","1.0","2000.0","1","N","N","N","0","","0","0","2","","0","N","","2","0","0","0","0","0","0","2","0","2","03","03","","N","","","","","","","","","",""
"2024089155","0159","1","0","0","0","0","0","0","0","0","7","0","","02","5","2024","1","40.401825","-80.016492","0151","11","0","0","0","1","0","0","0","0","","0","0","0","","","0","","2","","40 24:06.570","","0","80 00:59.371","0","0","0","0","2301","0","0","0","N","0","0","0","1","02301","0","","5.0","","1","N","N","N","0","","0","0","0","","0","","","1","0","0","0","0","0","0","2","0","1","03","","","N","","","","","","","","","",""
"2024093534","0009","1","0","0","0","0","0","0","0","0","1","0","","02","6","2024","1","40.484222","-79.907838","0004","11","0","0","1","0","0","0","0","0","","0","0","0","","","2","","1","","40 29:03.199","","0","79 54:28.216","4","0","0","0","2301","0","0","0","N","0","0","0","3","02301","2","","1.0","","1","N","N","N","1","","0","0","0","","2","","","2","2","0","0","0","0","0","2","0","2","03","03","","N","","","","","","","","","",""
"2024093424","0404","2","0","0","0","0","0","0","0","0","1","0","","02","6","2024","1","40.464298","-79.959864","0357","11","0","0","0","0","0","0","0","0","","0","0","0","","","1","Y","0","","40 27:51.472","5","0","79 57:35.511","4","0","0","0","2301","0","0","0","N","0","0","0","1","02301","1","","1.0","500.0","1","N","N","N","0","","0","0","1","","0","N","","3","1","0","0","0","0","0","2","0","3","03","","","N","","","","","","","","","",""
"2024093414","0318","1","0","0","0","0","0","0","0","0","7","0","","02","6","2024","6","40.482986","-80.005146","0307","11","0","0","0","0","0","0","0","0","","0","0","0","","","0","N","0","","40 28:58.751","","3","80 00:18.526","0","0","0","0","2301","0","0","0","N","0","0","0","1","02301","0","","1.0","","1","N","N","N","0","","0","0","0","","0","","","1","0","0","0","0","0","0","2","0","1","03","03","","N","","","","","","","","","",""
"2024096838","2054","1","0","0","0","0","0","0","0","0","6","0","","02","10","2024","6","40.639361","-79.926611","2028","11","0","1","0","0","0","0","0","0","","0","0","0","","","0","N","0","","40 38:21.700","2","0","79 55:35.800","0","0","0","0","2217","0","0","0","N","0","0","0","1","02505","0","","1.0","2143.0","1","N","N","N","0","","0","0","1","","0","Y","","2","0","0","0","0","0","0","2","0","2","03","03","","N","","","","","","","","","",""
"2024093526","2252","2","0","0","0","0","0","0","0","0","5","0","","02","6","2024","3","40.453307","-79.995637","2250","11","0","0","0","0","0","0","0","0","","0","0","0","","","0","N","0","","40 27:11.905","3","0","79 59:44.292","0","0","0","0","2301","0","0","0","N","0","0","0","4","02301","0","","1.0","2349.0","1","N","N","N","0","","0","0","0","","0","N","","2","0","0","0","0","0","0","2","0","2","03","","","N","","","","","","","","","",""
"2024093498","0828","0","0","0","0","0","0","0","0","0","1","0","","02","6","2024","7","40.411552","-80.006444","0827","11","0","0","0","0","0","0","0","0","","0","0","0","","","0","N","0","","40 24:41.588","","0","80 00:23.199","0","0","0","0","2301","0","0","0","N","0","0","0","2","02301","0","","1.0","","1","N","N","N","0","","0","0","2","","2","","","2","0","0","0","0","0","0","2","0","2","03","03","","N","","","","","","","","","",""
"2024100218","2159","1","0","0","0","0","0","0","0","0","98","0","","02","10","2024","3","40.566567","-79.799058","2159","11","0","0","0","0","0","1","0","0","","0","0","0","","","0","N","0","","40 33:59.642","2","0","79 47:56.610","0","0","0","0","2206","0","0","0","N","0","0","0","1","68D02","0","","1.0","2230.0","1","N","N","N","0","","0","0","0","","0","Y","","1","0","0","0","0","0","0","2","0","1","03","03","","N","","","","","","","","","",""
"2024089201","1439","1","0","0","0","0","0","0","0","0","4","0","","02","5","2024","4","40.397429","-79.986607","1439","11","0","0","0","0","0","0","0","0","","0","0","0","","","1","","2","","40 23:50.744","5","0","79 59:11.785","8","0","0","0","2301","0","0","0","N","0","0","0","2","02301","0","","1.0","1430.0","1","N","N","N","0","","0","0","1","","3","N","","2","1","0","0","0","1","0","2","0","2","03","","","N","","","","","","","","","",""
"2024098514","2126","2","0","0","0","0","0","0","0","0","4","0","","02","11","2024","2","40.340231","-79.967255","2124","11","0","0","0","0","1","0","0","0","","0","0","0","","","0","","2","","40 20:24.833","","0","79 58:02.119","0","0","0","0","2454","0","0","0","N","0","0","0","4","02454","0","","1.0","","1","N","N","Y","0","","0","0","0","","2","","","2","0","0","0","0","0","0","2","0","2","03","","","N","","","","","","","","","",""
"2024099193","0446","1","0","0","0","0","0","0","0","0","7","0","","02","11","2024","7","40.508037","-79.856748","0420","11","0","0","0","0","0","0","0","0","","0","0","0","","","0","N","0","","40 30:28.933","","0","79 51:24.293","0","0","0","0","2112","0","0","0","Y","0","0","0","1","68D02","0","","2.0","","1","N","N","N","0","","0","0","0","","0","","","1","0","0","0","0","0","0","2","0","1","03","","","N","","","","","","","","","",""
"2024098408","0251","1","0","0","0","0","0","0","0","0","98","0","","02","10","2024","5","40.431383","-80.137709","0237","11","0","0","0","0","0","0","0","0","","0","0","0","","","0","N","0","","40 25:52.980","","0","80 08:15.751","0","0","0","0","2115","0","0","0","N","0","0","0","1","68B03","0","","1.0","","1","N","N","N","0","","0","0","0","","0","","","1","0","0","0","0","0","0","2","0","1","03","03","","N","","","","","","","","","",""
"2024093523","1622","0","0","0","0","0","0","0","0","0","0","0","","02","6","2024","1","40.443718","-80.003703","1616","11","0","0","0","0","0","0","0","0","","0","0","0","","","1","","2","","40 26:37.386","","0","80 00:13.332","2","0","1","1","2301","0","0","0","N","0","0","0","1","02301","0","","1.0","","1","N","N","N","0","","0","1","0","","2","","","1","1","0","0","0","0","0","2","0","1","03","03","","N","","","","","","","","","",""
"2024093416","2105","1","0","0","0","0","0","0","0","0","4","0","","02","6","2024","6","40.429139","-79.983417","2105","11","0","0","0","0","0","0","0","0","","0","0","0","","","0","N","0","","40 25:44.900","2","0","79 59:00.300","0","0","0","0","2301","0","0","0","N","0","0","0","2","02301","0","","1.0","2115.0","9","N","N","N","0","","0","0","1","","0","N","","2","0","0","0","0","0","0","2","0","2","03","04","","N","","","","","","","","","",""
"2024089171","2329","2","0","0","0","0","0","0","0","0","1","0","","02","5","2024","3","40.4345","-79.987139","2317","11","0","0","0","0","0","0","0","0","","0","0","0","","","1","N","0","","40 26:04.200","","7","79 59:13.700","4","0","0","0","2301","0","0","0","N","0","0","0","2","02301","1","","1.0","","9","N","N","N","0","","0","0","0","","1","","","2","1","0","0","0","0","0","2","0","2","07","","","N","","","","","","","","","",""
"2024093470","2340","1","0","0","0","0","0","0","0","0","5","0","","02","6","2024","2","40.441562","-79.956963","2338","11","0","0","1","0","0","1","0","0","","0","0","0","","","1","","1","","40 26:29.622","","0","79 57:25.068","3","0","0","0","2301","0","0","0","N","0","0","0","3","02301","0","","1.0","","1","N","N","N","0","","1","0","1","","0","","","2","1","0","0","0","0","0","2","0","2","03","03","","N","","","","","","","","","",""
"2024093461","2243","1","0","0","0","0","0","0","0","0","7","0","","02","6","2024","3","40.396845","-79.995237","2221","11","0","0","0","0","0","0","0","0","","0","0","0","","","0","N","0","","40 23:48.642","","0","79 59:42.854","0","0","0","0","2301","0","0","0","N","0","0","0","1","02301","0","","4.0","","1","N","N","N","0","","0","0","0","","0","","","1","0","0","0","0","0","0","2","0","1","03","03","","N","","","","","","","","","",""
"2024093469","0204","0","0","0","0","0","0","0","0","0","7","0","","02","6","2024","1","40.4565","-80.029889","0201","11","0","0","0","0","0","0","0","0","","0","0","0","","","1","N","0","","40 27:23.400","","2","80 01:47.600","3","0","0","0","2301","0","0","0","N","0","0","0","3","02301","0","","4.0","","1","N","N","N","0","","1","0","1","","0","","","1","1","0","0","0","0","0","2","0","1","03","","","N","","","","","","","","","",""
"2024093515","1112","0","0","0","0","0","0","0","0","0","1","0","","02","6","2024","2","40.464317","-79.978805","1100","11","0","0","0","0","0","0","0","0","","0","0","0","","","0","N","0","","40 27:51.540","1","3","79 58:43.699","0","0","0","0","2301","0","0","0","N","0","0","0","3","02301","0","","1.0","1200.0","1","N","N","N","0","","0","0","2","","0","N","","2","0","0","0","0","0","0","2","0","2","03","","","N","","","","","","","","","",""
"2024096613","1112","2","0","0","0","0","0","0","0","0","2","0","","02","10","2024","4","40.346872","-79.99973","1111","11","0","0","0","0","0","0","0","0","","0","0","0","","","0","","1","","40 20:48.739","","0","79 59:59.028","9","0","0","0","2403","0","0","0","N","0","0","0","2","02403","0","","1.0","","1","N","N","N","0","","0","0","0","","3","","","2","0","0","0","0","0","1","2","0","2","03","","","N","","","","","","","","","",""
"2024093525","0651","2","0","0","0","0","0","0","0","0","4","0","","02","6","2024","3","40.447065","-79.947294","0651","11","0","0","0","0","0","0","0","0","","0","0","0","","","1","","1","","40 26:49.434","","0","79 56:50.259","3","0","0","0","2301","0","0","0","N","0","0","0","2","02301","0","","1.0","","1","N","N","N","0","","1","0","0","","2","","","2","1","0","0","0","0","1","2","0","2","03","","","N","","","","","","","","","",""
"2024093417","0358","2","0","0","0","0","0","0","0","0","6","0","","02","6","2024","7","40.441472","-79.980556","0356","11","0","0","1","0","0","0","0","0","","0","0","0","","","0","N","0","","40 26:29.300","5","0","79 58:50.000","0","0","0","0","2301","0","0","0","N","0","0","0","1","02301","0","","4.0","450.0","1","N","N","N","0","","0","0","0","","0","N","","2","0","0","0","0","0","0","2","0","2","03","03","","N","","","","","","","","","",""
"2024089156","0326","3","0","0","0","0","0","0","0","0","4","0","","02","5","2024","1","40.460194","-79.969278","0320","11","0","0","0","0","0","0","0","0","","0","0","0","","","0","","1","","40 27:36.700","1","0","79 58:09.400","0","0","0","0","2301","0","0","0","N","0","0","0","2","02301","0","","1.0","415.0","1","N","N","N","0","","0","0","0","","0","N","","3","0","0","0","0","0","0","2","0","3","03","","","N","","","","","","","","","",""
"2024093549","1307","0","0","0","0","0","0","0","0","0","4","0","","02","6","2024","7","40.392497","-79.986654","1257","11","0","0","0","0","1","0","0","0","","0","0","0","","","1","N","0","","40 23:32.989","","7","79 59:11.956","8","0","0","0","2301","0","0","0","N","0","0","0","3","02301","0","","1.0","","1","N","N","N","0","","0","0","2","","0","","","2","1","0","0","0","1","0","2","0","2","03","03","","N","","","","","","","","","",""
"2024096048","1226","1","0","0","0","0","0","0","0","0","4","0","","02","10","2024","2","40.639151","-80.064397","1221","11","0","0","1","0","0","0","1","0","","0","0","0","","","0","","1","","40 38:20.943","1","0","80 03:51.828","0","0","0","0","2212","0","0","0","N","0","0","0","4","02505","0","","1.0","1258.0","1","N","N","N","0","","0","0","1","","2","N","","2","0","0","0","0","0","0","2","0","2","03","03","","N","","","","","","","","","",""