"CRN","ARRIVAL_TM","AUTOMOBILE_COUNT","BELTED_DEATH_COUNT","BELTED_SUSP_SERIOUS_INJ_COUNT","BICYCLE_COUNT","BICYCLE_DEATH_COUNT","BICYCLE_SUSP_SERIOUS_INJ_COUNT","BUS_COUNT","CHLDPAS_DEATH_COUNT","CHLDPAS_SUSP_SERIOUS_INJ_COUNT","COLLISION_TYPE","COMM_VEH_COUNT","CONS_ZONE_SPD_LIM","COUNTY","CRASH_MONTH","CRASH_YEAR","DAY_OF_WEEK","DEC_LATITUDE","DEC_LONGITUDE","DISPATCH_TM","DISTRICT","DRIVER_COUNT_16YR","DRIVER_COUNT_17YR","DRIVER_COUNT_18YR","DRIVER_COUNT_19YR","DRIVER_COUNT_20YR","DRIVER_COUNT_50_64YR","DRIVER_COUNT_65_74YR","DRIVER_COUNT_75PLUS","EST_HRS_CLOSED","FATAL_COUNT","HEAVY_TRUCK_COUNT","HORSE_BUGGY_COUNT","HOUR_OF_DAY","ILLUMINATION","INJURY_COUNT","INTERSECTION_RELATED","INTERSECT_TYPE","LANE_CLOSED","LATITUDE","LN_CLOSE_DIR","LOCATION_TYPE","LONGITUDE","MAX_SEVERITY_LEVEL","MCYCLE_DEATH_COUNT","MCYCLE_SUSP_SERIOUS_INJ_COUNT","MOTORCYCLE_COUNT","MUNICIPALITY","NONMOTR_COUNT","NONMOTR_DEATH_COUNT","NONMOTR_SUSP_SERIOUS_INJ_COUNT","NTFY_HIWY_MAINT","PED_COUNT","PED_DEATH_COUNT","PED_SUSP_SERIOUS_INJ_COUNT","PERSON_COUNT","POLICE_AGCY","POSSIBLE_INJ_COUNT","RDWY_SURF_TYPE_CD","RELATION_TO_ROAD","ROADWAY_CLEARED","ROAD_CONDITION","SCH_BUS_IND","SCH_ZONE_IND","SECONDARY_CRASH","SMALL_TRUCK_COUNT","SPEC_JURIS_CD","SUSP_MINOR_INJ_COUNT","SUSP_SERIOUS_INJ_COUNT","SUV_COUNT","TCD_FUNC_CD","TCD_TYPE","TFC_DETOUR_IND","TIME_OF_DAY","TOTAL_UNITS","TOT_INJ_COUNT","UNBELTED_OCC_COUNT","UNB_DEATH_COUNT","UNB_SUSP_SERIOUS_INJ_COUNT","UNK_INJ_DEG_COUNT","UNK_INJ_PER_COUNT","URBAN_RURAL","VAN_COUNT","VEHICLE_COUNT","WEATHER1","WEATHER2","WORKERS_PRES","WORK_ZONE_IND","WORK_ZONE_LOC","WORK_ZONE_TYPE","WZ_CLOSE_DETOUR","WZ_FLAGGER","WZ_LAW_OFFCR_IND","WZ_LN_CLOSURE","WZ_MOVING","WZ_OTHER","WZ_SHLDER_MDN","WZ_WORKERS_INJ_KILLED"
"2025018502","1042","1","0","0","0","0","0","0","0","0","4","0","","02","11","2024","7","40.454361","-79.97775","1040","11","0","0","0","0","0","1","1","0","","0","0","0","","","0","","1","","40 27:15.700","","0","79 58:39.900","0","0","0","0","2301","0","0","0","N","0","0","0","2","02301","0","","1.0","","1","N","N","N","0","","0","0","0","","2","","","2","0","0","0","0","0","0","2","1","2","04","04","","N","","","","","","","","","",""
"2025021263","1713","0","0","0","0","0","0","0","0","0","8","0","","02","7","2024","2","40.441812","-79.960721","1707","11","0","0","0","0","0","0","0","0","","0","0","0","","","1","","2","","40 26:30.523","2","0","79 57:38.595","4","0","0","0","2301","1","0","0","N","1","0","0","2","02301","1","","1.0","1745.0","1","N","N","N","1","","0","0","0","","3","Y","","2","1","0","0","0","0","0","2","0","1","03","","","N","","","","","","","","","",""
"2025024643","","0","0","0","0","0","0","0","0","0","1","0","","02","6","2024","5","","","","11","0","0","0","0","0","1","0","0","","0","0","0","","","1","N","0","","","","0","","8","0","0","0","2301","0","0","0","N","0","0","0","2","00000","0","","1.0","","1","","","N","0","","0","0","2","","7","","","2","1","1","0","0","1","0","1","0","2","03","","","N","","","","","","","","","",""
"2025023056","2319","0","0","0","0","0","0","0","0","0","6","0","","02","12","2024","2","40.464974","-79.97978","2316","11","0","0","0","0","0","0","0","0","","0","0","0","","","1","Y","0","","40 27:53.908","6","0","79 58:47.209","4","0","0","0","2301","0","0","0","N","0","0","0","5","02301","1","","1.0","2355.0","1","N","N","N","0","","0","0","2","","2","N","","2","1","0","0","0","0","0","2","0","2","03","","","N","","","","","","","","","",""
"2025022119","0130","0","0","0","0","0","0","0","0","0","7","0","","02","11","2024","6","40.448341","-80.008203","0120","11","0","0","0","0","0","0","0","0","","0","0","0","","","1","N","0","","40 26:54.027","4","0","80 00:29.530","8","0","0","0","2301","0","0","0","N","0","0","0","1","02301","0","","2.0","200.0","1","N","N","N","0","","0","0","1","","0","N","","1","1","0","0","0","1","0","2","0","1","03","","","N","","","","","","","","","",""
"2025018022","0303","3","0","0","0","0","0","0","0","0","6","0","","02","12","2024","7","40.463472","-79.946722","0249","11","0","0","0","0","0","0","0","0","","0","0","0","","","0","N","0","","40 27:48.500","2","0","79 56:48.200","0","0","0","0","2301","0","0","0","N","0","0","0","3","02301","0","","6.0","330.0","1","N","N","N","0","","0","0","0","","0","N","","3","0","0","0","0","0","0","2","0","3","03","03","","N","","","","","","","","","",""
"2025023063","0146","1","0","0","0","0","0","0","0","0","7","0","","02","8","2024","1","40.410917","-79.955972","0140","11","0","0","0","0","0","0","0","0","","0","0","0","","","3","N","0","","40 24:39.300","4","0","79 57:21.500","8","0","0","0","2301","0","0","0","N","0","0","0","4","02301","0","","5.0","300.0","1","N","N","Y","0","","0","0","1","","0","N","","2","3","1","0","0","3","0","2","0","2","03","03","","N","","","","","","","","","",""
"2025022798","1447","1","0","0","0","0","0","0","0","0","7","0","","02","5","2024","7","40.44521","-79.991811","1438","11","0","0","0","0","0","0","0","0","","0","0","0","","","0","","2","","40 26:42.756","","0","79 59:30.519","0","0","0","0","2301","0","0","0","N","0","0","0","1","02301","0","","4.0","","1","N","N","N","0","","0","0","0","","0","N","","1","0","0","0","0","0","0","2","0","1","03","","","N","","","","","","","","","",""
"2025018338","0158","1","0","0","0","0","0","0","0","0","7","0","","02","9","2024","1","40.4493","-80.073014","0154","11","0","0","0","0","0","0","0","0","","0","0","0","","","1","N","0","","40 26:57.480","7","0","80 04:22.850","3","0","0","0","2301","0","0","0","N","0","0","0","1","02301","0","","5.0","256.0","1","N","N","N","0","","1","0","0","","0","N","","1","1","0","0","0","0","0","2","0","1","03","03","","N","","","","","","","","","",""
"2025023419","0633","0","0","0","0","0","0","0","0","0","7","0","","02","12","2024","5","40.454914","-79.911367","0627","11","0","0","0","0","0","1","0","0","","0","0","0","","","0","","2","","40 27:17.691","","0","79 54:40.921","0","0","0","0","2301","0","0","0","N","0","0","0","1","02301","0","","5.0","","2","N","N","N","0","","0","0","1","","3","","","1","0","0","0","0","0","0","2","0","1","02","","","N","","","","","","","","","",""
"2025022539","1556","1","0","1","0","0","0","0","0","0","1","0","","02","12","2024","3","40.414659","-80.062204","1542","11","0","0","0","0","0","0","0","1","","0","0","0","","","1","N","0","","40 24:52.773","","0","80 03:43.933","2","0","0","0","2435","0","0","0","N","0","0","0","3","68B03","0","","1.0","","1","N","N","N","0","","0","1","1","","0","","","3","1","0","0","0","0","0","2","1","3","03","03","","N","","","","","","","","","",""
"2025018508","1014","1","0","0","0","0","0","0","0","0","7","0","","02","12","2024","1","40.44275","-79.990893","0948","11","0","0","0","0","0","0","0","0","","0","0","0","","","1","","2","","40 26:33.899","","0","79 59:27.216","3","0","0","0","2301","0","0","0","N","0","0","0","1","02301","0","","4.0","","9","N","N","N","0","","1","0","0","","2","","","1","1","1","0","0","0","0","2","0","1","03","03","","N","","","","","","","","","",""
"2025018452","1134","2","0","0","0","0","0","0","0","0","1","0","","02","12","2024","1","40.440544","-79.992852","1120","11","0","1","0","0","0","0","0","0","","0","0","0","","","1","","7","","40 26:25.958","1","2","79 59:34.268","3","0","0","0","2301","0","0","0","N","0","0","0","3","02301","0","","1.0","1230.0","1","N","N","N","0","","1","0","0","","0","N","","2","1","0","0","0","0","0","2","0","2","03","03","","N","","","","","","","","","",""
"2025024884","2147","0","0","0","0","0","0","0","0","0","7","0","","02","12","2024","1","40.429588","-79.875459","2139","11","0","0","0","0","0","0","0","0","","0","0","0","","","0","N","0","","40 25:46.516","3","0","79 52:31.652","9","0","0","0","2426","0","0","0","Y","0","0","0","1","68B03","0","","2.0","2245.0","1","N","N","N","0","","0","0","1","","0","N","","1","0","0","0","0","0","1","2","0","1","03","","","N","","","","","","","","","",""
"2025015286","1835","0","0","0","0","0","0","0","0","0","4","0","","02","12","2024","7","40.448889","-79.893889","1829","11","0","0","0","0","0","1","0","0","","0","0","0","","","1","","1","","40 26:56.000","1","0","79 53:38.000","3","0","0","0","2301","0","0","0","N","0","0","0","2","02301","0","","1.0","1930.0","1","N","N","N","0","","1","0","1","","3","Y","","2","1","0","0","0","0","0","2","1","2","03","03","","N","","","","","","","","","",""
"2025018894","1804","0","0","0","0","0","0","0","0","0","1","0","","02","9","2024","2","40.455166","-80.020374","1803","11","0","0","0","0","0","0","0","0","","0","0","0","","","0","N","0","","40 27:18.598","4","0","80 01:13.348","0","0","0","0","2301","0","0","0","N","0","0","0","2","02301","0","","1.0","1830.0","1","N","N","N","0","","0","0","2","","0","N","","2","0","0","0","0","0","0","2","0","2","03","03","","N","","","","","","","","","",""
"2025009710","0300","1","0","0","0","0","0","0","0","0","7","0","","02","11","2024","6","40.425568","-79.90504","0300","11","0","0","0","0","0","0","0","0","","0","0","0","","","0","N","0","","40 25:32.043","3","0","79 54:18.145","0","0","0","0","2301","0","0","0","N","0","0","0","2","68B03","0","","4.0","325.0","1","N","N","N","0","","0","0","0","","0","N","","1","0","0","0","0","0","0","2","0","1","03","","","N","","","","","","","","","",""
"2025018454","0612","2","0","0","0","0","0","0","0","0","2","0","","02","11","2024","1","40.417333","-80.008694","0602","11","0","0","0","0","0","0","0","0","","0","0","0","","","0","N","0","","40 25:02.400","","0","80 00:31.300","9","0","0","0","2301","0","0","0","N","0","0","0","2","02301","0","","6.0","","1","N","N","N","0","","0","0","0","","0","","","2","0","0","0","0","0","1","2","0","2","03","","","N","","","","","","","","","",""
"2025000855","1207","0","0","0","0","0","0","0","0","0","4","0","","02","12","2024","6","40.422439","-79.863932","1207","11","0","0","0","0","0","0","0","0","","0","0","0","","","1","","1","","40 25:20.780","7","0","79 51:50.156","3","0","0","0","2411","0","0","0","N","0","0","0","5","02411","0","","1.0","1230.0","1","N","N","N","1","","1","0","1","","3","Y","","2","1","0","0","0","0","0","2","0","2","03","03","","N","","","","","","","","","",""
"2025018972","0748","2","0","0","0","0","0","0","0","0","4","0","","02","12","2024","5","40.440111","-79.959861","0748","11","0","0","0","0","0","0","0","0","","0","0","0","","","0","","1","","40 26:24.400","3","0","79 57:35.500","0","0","0","0","2301","0","0","0","N","0","0","0","2","02301","0","","1.0","755.0","1","N","N","N","0","","0","0","0","","0","N","","2","0","0","0","0","0","0","2","0","2","03","","","N","","","","","","","","","",""
"2025018347","0703","1","0","0","0","0","0","0","0","0","1","2","","02","12","2024","6","40.442455","-80.029796","0701","11","0","0","0","0","0","1","1","0","","0","2","0","","","1","N","0","","40 26:32.839","3","0","80 01:47.267","3","0","0","0","2301","0","0","0","N","0","0","0","3","02301","0","","1.0","745.0","9","N","N","Y","0","","1","0","0","","0","N","","3","1","0","0","0","0","0","2","0","3","02","09","","N","","","","","","","","","",""
"2025018429","0246","1","0","0","0","0","0","0","0","0","7","0","","02","11","2024","2","40.438044","-79.994267","0243","11","0","0","0","0","0","0","0","0","","0","0","0","","","0","","5","","40 26:16.958","4","1","79 59:39.362","0","0","0","0","2301","0","0","0","N","0","0","0","2","02301","0","","4.0","330.0","1","N","N","N","0","","0","0","0","","2","N","","1","0","1","0","0","0","0","2","0","1","03","","","N","","","","","","","","","",""
"2025026740","1911","1","0","0","0","0","0","0","0","0","5","0","","02","9","2024","5","40.43551","-79.967772","1829","11","0","0","0","0","0","1","0","0","","0","0","0","","","0","N","0","","40 26:07.835","4","0","79 58:03.978","0","0","0","0","2301","0","0","0","N","0","0","0","3","68B03","0","","1.0","1725.0","1","N","N","N","1","","0","0","1","","0","N","","3","0","1","0","0","0","0","2","0","3","03","","","N","","","","","","","","","",""
"2025024443","1812","0","0","0","0","0","0","0","0","0","8","0","","02","10","2024","2","40.451502","-79.908158","1804","11","0","0","0","0","0","0","0","0","","0","0","0","","","1","","1","","40 27:05.406","","0","79 54:29.369","3","0","0","0","2301","1","0","0","N","1","0","0","2","02301","0","","1.0","","1","N","N","N","0","","1","0","0","","2","","","2","1","0","0","0","0","1","2","0","1","03","03","","N","","","","","","","","","",""
"2025018339","0654","0","0","0","0","0","0","0","0","0","4","0","","02","9","2024","2","40.414196","-80.009573","0646","11","0","0","0","0","0","2","1","0","","0","0","0","","","2","","5","","40 24:51.107","7","2","80 00:34.463","3","0","0","0","2301","0","0","0","N","0","0","0","3","02301","0","","1.0","705.0","9","N","N","N","0","","1","0","3","","2","N","","3","2","0","0","0","1","0","2","0","3","07","","","N","","","","","","","","","",""
"2025019025","0259","0","0","0","0","0","0","0","0","0","4","0","","02","11","2024","2","40.478829","-80.04312","0243","11","0","0","0","0","0","1","0","0","","0","0","0","","","0","","1","","40 28:43.784","6","3","80 02:35.231","9","0","0","0","2301","0","0","0","N","0","0","0","3","02301","0","","1.0","320.0","1","N","N","N","1","","0","0","1","","2","N","","2","0","0","0","0","0","2","2","0","2","03","","","N","","","","","","","","","",""
"2025024947","1409","0","0","0","0","0","0","0","0","0","0","1","","02","9","2024","4","40.456087","-80.029057","1407","11","0","0","0","0","0","0","0","0","","0","1","0","","","1","Y","0","","40 27:21.912","7","6","80 01:44.605","3","0","0","0","2301","0","0","0","N","0","0","0","2","02301","0","","1.0","2144.0","1","N","N","N","0","","1","0","0","","0","Y","","1","1","0","0","0","0","0","2","0","1","03","","","N","","","","","","","","","",""
"2025018451","0145","1","0","0","0","0","0","0","0","0","7","0","","02","12","2024","5","40.443078","-79.991978","0139","11","0","0","0","0","0","0","0","0","","0","0","0","","","0","N","0","","40 26:35.079","","2","79 59:31.119","0","0","0","0","2301","0","0","0","N","0","0","0","1","02301","0","","4.0","","9","N","N","N","0","","0","0","0","","0","","","1","0","0","0","0","0","0","2","0","1","09","","","N","","","","","","","","","",""
"2025018947","0215","0","0","0","0","0","0","0","0","0","7","0","","02","11","2024","1","40.431222","-80.005944","0207","11","0","0","0","0","0","0","0","0","","0","0","0","","","1","","11","","40 25:52.400","","0","80 00:21.400","3","0","0","0","2301","0","0","0","N","0","0","0","1","02301","0","","5.0","","1","N","N","N","0","","1","0","1","","0","","","1","1","0","0","0","0","0","2","0","1","04","","","N","","","","","","","","","",""
"2025018060","2000","0","0","0","0","0","0","0","0","0","1","0","","02","12","2024","4","40.425379","-80.031341","1954","11","0","0","0","0","0","1","1","0","","0","0","0","","","0","","6","","40 25:31.363","2","2","80 01:52.828","0","0","0","0","2301","0","0","0","N","0","0","0","3","02301","0","","1.0","2035.0","1","N","N","N","0","","0","0","2","","0","N","","2","0","0","0","0","0","0","2","0","2","03","03","","N","","","","","","","","","",""
"2025018149","0007","0","0","0","0","0","0","0","0","0","7","0","","02","11","2024","2","40.488512","-79.936865","0005","11","0","0","0","0","0","0","0","0","","0","0","0","","","0","N","0","","40 29:18.644","","0","79 56:12.714","9","0","0","0","2301","0","0","0","N","0","0","0","2","02301","0","","2.0","","1","N","N","N","1","","0","0","0","","0","","","1","0","0","0","0","0","2","2","0","1","03","","","N","","","","","","","","","",""
"2025018999","0532","0","0","0","0","0","0","0","0","0","7","0","","02","12","2024","1","40.454222","-79.891222","0526","11","0","0","0","0","0","0","0","0","","0","0","0","","","0","N","0","","40 27:15.200","","0","79 53:28.400","0","0","0","0","2301","0","0","0","N","0","0","0","1","02301","0","","5.0","","9","N","N","N","0","","0","0","1","","8","","","1","0","0","0","0","0","0","2","0","1","03","","","N","","","","","","","","","",""
"2025024888","0738","1","0","0","0","0","0","0","0","0","1","0","","02","12","2024","5","40.42107","-80.044472","0720","11","0","0","0","0","0","1","0","0","","0","0","0","","","0","N","0","","40 25:15.851","3","0","80 02:40.099","0","0","0","0","2435","0","0","0","N","0","0","0","2","68B03","0","","1.0","745.0","9","N","N","N","0","","0","0","1","","0","N","","2","0","0","0","0","0","0","2","0","2","04","","","N","","","","","","","","","",""
"2025018939","0518","0","0","0","0","0","0","0","0","0","4","2","","02","11","2024","6","40.425499","-80.019563","0512","11","0","0","0","0","0","0","0","0","","0","2","0","","","0","N","0","","40 25:31.796","1","7","80 01:10.428","0","0","0","0","2301","0","0","0","N","0","0","0","2","02301","0","","1.0","600.0","1","N","N","N","0","","0","0","0","","0","N","","2","0","0","0","0","0","0","2","0","2","04","","","N","","","","","","","","","",""
"2025022258","0922","1","0","0","0","0","0","0","0","0","7","0","","02","12","2024","7","40.429247","-79.941068","0808","11","0","0","0","0","0","0","0","0","","0","0","0","","","0","N","0","","40 25:45.289","","0","79 56:27.845","0","0","0","0","2301","0","0","0","N","0","0","0","1","68B03","0","","3.0","","1","N","N","N","0","","0","0","0","","0","","","1","0","0","0","0","0","0","2","0","1","03","","","N","","","","","","","","","",""
"2025024456","2100","2","0","0","0","0","0","0","0","0","4","0","","02","12","2024","2","40.444583","-79.954556","2053","11","0","0","0","0","0","0","0","0","","0","0","0","","","1","Y","0","","40 26:40.500","4","0","79 57:16.400","4","0","0","0","2301","0","0","0","N","0","0","0","3","02301","1","","1.0","2130.0","1","N","N","N","0","","0","0","0","","0","N","","2","1","0","0","0","0","0","2","0","2","03","","","N","","","","","","","","","",""
"2025019278","0152","0","0","0","0","0","0","0","0","0","7","0","","02","11","2024","1","40.426653","-79.892328","0151","11","0","0","0","0","0","0","0","0","","0","0","0","","","1","N","0","","40 25:35.952","","2","79 53:32.380","3","0","0","0","2301","0","0","0","N","0","0","0","2","68B03","0","","4.0","","1","N","N","N","0","","1","0","1","","0","","","1","1","0","0","0","0","0","2","0","1","03","03","","N","","","","","","","","","",""
"2025025689","2220","2","0","0","0","0","0","0","0","0","5","0","","02","10","2024","6","40.41143","-79.995811","2205","11","0","0","0","0","0","0","0","0","","0","0","0","","","0","N","2","","40 24:41.148","","0","79 59:44.919","0","0","0","0","2301","0","0","0","N","0","0","0","1","02301","0","","2.0","","1","N","N","N","0","","0","0","0","","0","","","2","0","0","0","0","0","0","2","0","2","03","03","","N","","","","","","","","","",""
"2025018461","1250","1","0","0","0","0","0","0","0","0","5","1","","02","7","2024","5","40.461472","-79.96892","1237","11","0","0","0","0","0","1","0","0","","0","1","0","","","1","Y","0","","40 27:41.300","","0","79 58:08.113","3","0","0","0","2301","0","0","0","N","0","0","0","2","02301","0","","6.0","","1","N","N","N","0","","1","0","0","","0","","","2","1","0","0","0","0","0","2","0","2","03","03","","N","","","","","","","","","",""
"2025018372","0140","1","0","0","0","0","0","0","0","0","2","0","","02","11","2024","5","40.43625","-80.015333","0134","11","0","0","0","0","0","0","0","0","","0","0","0","","","1","N","0","","40 26:10.500","6","0","80 00:55.200","3","0","0","0","2301","0","0","0","N","0","0","0","3","02301","0","","1.0","215.0","9","N","N","N","0","","1","0","1","","0","N","","2","1","0","0","0","0","0","2","0","2","07","","","N","","","","","","","","","",""
"2025022256","0045","1","0","0","0","0","0","0","0","0","7","0","","02","12","2024","2","40.490968","-79.877024","0027","11","0","0","0","0","0","0","0","0","","0","0","0","","","0","N","0","","40 29:27.483","2","0","79 52:37.285","0","0","0","0","2112","0","0","0","N","0","0","0","2","68D02","0","","5.0","200.0","1","N","N","N","0","","0","0","0","","0","N","","1","0","0","0","0","0","0","2","0","1","03","","","N","","","","","","","","","",""
"2025023053","1056","0","0","0","0","0","0","0","0","0","7","0","","02","12","2024","7","40.48195","-79.948557","1030","11","0","0","0","0","0","1","0","0","","0","0","0","","","0","","11","","40 28:55.020","","0","79 56:54.805","0","0","0","0","2301","0","0","0","N","0","0","0","1","02301","0","","5.0","","2","N","N","N","0","","0","0","1","","0","","","1","0","0","0","0","0","0","2","0","1","10","","","N","","","","","","","","","",""
"2025018038","1918","0","0","0","0","0","0","0","0","0","7","0","","02","12","2024","7","40.461639","-79.96675","1910","11","0","0","0","0","0","0","0","0","","0","0","0","","","0","N","0","","40 27:41.900","","0","79 58:00.300","0","0","0","0","2301","0","0","0","N","0","0","0","1","02301","0","","5.0","","2","N","N","N","0","","0","0","1","","2","","","1","0","0","0","0","0","0","2","0","1","10","09","","N","","","","","","","","","",""
"2025024450","1739","1","0","0","0","0","0","0","0","0","1","0","","02","12","2024","4","40.436991","-79.972707","1724","11","0","0","0","0","0","0","0","0","","0","0","0","","","1","N","0","","40 26:13.167","1","3","79 58:21.745","8","0","0","0","2301","0","0","0","N","0","0","0","3","02301","0","","1.0","1800.0","9","N","N","Y","0","","0","0","2","","0","N","","3","1","0","0","0","1","0","2","0","3","07","","","N","","","","","","","","","",""
"2025018455","0634","1","0","0","0","0","0","0","0","0","5","0","","02","12","2024","3","40.435758","-79.981832","0612","11","0","0","0","0","0","1","0","0","","0","0","0","","","0","N","0","","40 26:08.729","","0","79 58:54.594","0","0","0","0","2301","0","0","0","N","0","0","0","2","02301","0","","1.0","","1","N","N","N","1","","0","0","0","","0","","","2","0","0","0","0","0","0","2","0","2","03","","","N","","","","","","","","","",""
"2025018970","0043","0","0","0","0","0","0","0","0","0","4","0","","02","11","2024","3","40.435115","-79.956409","0043","11","0","0","0","0","0","0","0","0","","0","0","0","","","0","","1","","40 26:06.415","","0","79 57:23.074","0","0","0","0","2301","0","0","0","N","0","0","0","2","02301","0","","1.0","","1","N","N","N","0","","0","0","2","","2","","","2","0","0","0","0","0","0","2","0","2","03","","","N","","","","","","","","","",""
"2025018086","0114","1","0","0","0","0","0","0","0","0","4","0","","02","9","2024","7","40.448852","-79.964881","0108","11","0","0","0","0","0","0","0","0","","0","0","0","","","1","","1","","40 26:55.867","1","0","79 57:53.570","8","0","0","0","2301","1","0","0","N","1","0","0","3","02301","0","","1.0","145.0","1","N","N","N","0","","0","0","1","","2","N","","3","1","1","0","0","1","0","2","0","2","03","03","","N","","","","","","","","","",""
"2025018495","1351","0","0","0","0","0","0","0","0","0","1","1","","02","11","2024","4","40.435752","-79.981881","1343","11","0","0","1","0","0","1","0","0","","0","1","0","","","0","N","0","","40 26:08.708","","0","79 58:54.772","0","0","0","0","2301","0","0","0","N","0","0","0","2","02301","0","","1.0","","1","N","N","N","0","","0","0","1","","0","","","2","0","0","0","0","0","0","2","0","2","03","","","N","","","","","","","","","",""
"2025018503","1015","0","0","0","0","0","0","0","0","0","1","0","","02","12","2024","4","40.45425","-79.977944","1013","11","0","0","0","0","0","1","0","0","","0","0","0","","","2","Y","0","","40 27:15.300","","0","79 58:40.600","4","0","0","0","2301","0","0","0","N","0","0","0","2","02301","2","","1.0","","1","N","N","N","0","","0","0","2","","2","","","2","2","0","0","0","0","0","2","0","2","03","03","","N","","","","","","","","","",""
"2025023420","0644","0","0","0","0","0","0","0","0","0","1","0","","02","12","2024","2","40.459787","-79.907135","0640","11","0","0","0","0","0","0","0","0","","0","0","0","","","0","","3","","40 27:35.234","","0","79 54:25.685","0","0","0","0","2301","0","0","0","N","0","0","0","2","02301","0","","1.0","","1","N","N","N","0","","0","0","2","","0","","","2","0","0","0","0","0","0","2","0","2","03","","","N","","","","","","","","","",""
"2025017997","1045","1","0","0","0","0","0","0","0","0","5","1","","02","7","2024","2","40.435115","-79.98585","1027","11","0","0","0","0","0","0","0","0","","0","1","0","","","0","N","0","","40 26:06.413","","99","79 59:09.059","0","0","0","0","2301","0","0","0","N","0","0","0","2","02301","0","","1.0","","1","N","N","N","0","","0","0","0","","0","","","2","0","0","0","0","0","0","2","0","2","03","","","N","","","","","","","","","",""
"2025021285","0003","0","0","0","0","0","0","0","0","0","7","0","","02","8","2024","7","40.427306","-80.094722","0002","11","0","0","0","0","0","0","0","0","","0","0","0","","","0","N","0","","40 25:38.300","2","0","80 05:41.000","0","0","0","0","2457","0","0","0","N","0","0","0","1","02117","0","","2.0","45.0","1","N","N","N","0","","0","0","1","","0","N","","1","0","0","0","0","0","0","2","0","1","04","","","N","","","","","","","","","",""
"2025021265","1401","1","0","0","0","0","0","0","0","0","1","0","","02","7","2024","1","40.457521","-79.955527","1352","11","0","0","0","0","0","0","1","0","","0","0","0","","","0","","3","","40 27:27.076","","0","79 57:19.897","0","0","0","0","2301","0","0","0","N","0","0","0","3","02301","0","","1.0","","1","N","N","N","0","","0","0","1","","2","","","2","0","0","0","0","0","0","2","0","2","03","03","","N","","","","","","","","","",""
"2025018100","1815","0","0","0","0","0","0","0","0","0","2","1","","02","9","2024","1","40.449058","-80.044548","1807","11","0","0","0","0","0","0","0","0","","0","0","0","","","1","N","0","","40 26:56.607","","0","80 02:40.371","3","0","0","0","2301","0","0","0","N","0","0","0","3","02301","0","","2.0","","1","N","N","N","0","","1","0","2","","0","","","3","1","0","0","0","0","0","2","1","3","03","","","N","","","","","","","","","",""
"2025018917","0308","1","0","0","0","0","0","0","0","0","7","0","","02","11","2024","1","40.482192","-80.009458","0300","11","0","0","0","0","0","1","0","0","","0","0","0","","","0","N","0","","40 28:55.890","","0","80 00:34.050","9","0","0","0","2301","0","0","0","N","0","0","0","2","02301","0","","5.0","","1","N","N","N","0","","0","0","0","","0","","","1","0","1","0","0","0","2","2","0","1","03","","","N","","","","","","","","","",""
"2025018499","1209","1","0","0","0","0","0","0","0","0","7","0","","02","11","2024","6","40.440637","-80.008848","1206","11","0","0","0","0","0","0","0","0","","0","0","0","","","0","N","0","","40 26:26.293","1","3","80 00:31.854","0","0","0","0","2301","0","0","0","N","0","0","0","1","02301","0","","4.0","1240.0","9","N","N","N","0","","0","0","0","","0","N","","1","0","0","0","0","0","0","2","0","1","04","07","","N","","","","","","","","","",""
"2025022537","1656","0","0","0","0","0","0","0","0","0","1","0","","02","10","2024","1","40.438239","-79.863043","1653","11","0","0","0","0","0","1","0","0","","0","0","0","","","0","N","0","","40 26:17.662","4","0","79 51:46.956","0","0","0","0","2419","0","0","0","N","0","0","0","3","68B03","0","","1.0","100.0","1","N","N","N","0","","0","0","1","","0","N","","2","0","0","0","0","0","0","2","1","2","03","03","","N","","","","","","","","","",""
"2025018622","0014","0","0","0","0","0","0","0","0","0","4","0","","02","11","2024","1","40.459907","-79.907155","0013","11","0","0","0","0","0","1","0","0","","0","0","0","","","3","","2","","40 27:35.664","7","0","79 54:25.758","2","0","0","0","2301","0","0","0","N","0","0","0","3","02301","0","","1.0","405.0","9","N","N","N","0","","2","1","2","","3","N","","2","3","1","0","1","0","0","2","0","2","98","","","N","","","","","","","","","",""
"2025018348","0125","2","0","0","0","0","0","0","0","0","1","0","","02","12","2024","7","40.464413","-80.053159","0121","11","0","0","0","0","0","0","0","0","","0","0","0","","","0","N","0","","40 27:51.887","","0","80 03:11.371","9","0","0","0","2301","0","0","0","N","0","0","0","2","02301","0","","1.0","","1","N","N","N","0","","0","0","0","","0","","","2","0","0","0","0","0","2","2","0","2","03","","","N","","","","","","","","","",""
"2025024881","1958","1","0","0","0","0","0","0","0","0","1","0","","02","9","2024","1","40.609609","-80.094544","1940","11","0","0","0","0","0","1","0","0","","0","0","0","","","0","N","0","","40 36:34.592","","0","80 05:40.357","0","0","0","0","2481","0","0","0","N","0","0","0","2","68B03","0","","1.0","","1","N","N","N","1","","0","0","0","","0","","","2","0","0","0","0","0","0","2","0","2","03","03","","N","","","","","","","","","",""