"CRN","ARRIVAL_TM","AUTOMOBILE_COUNT","BELTED_DEATH_COUNT","BELTED_SUSP_SERIOUS_INJ_COUNT","BICYCLE_COUNT","BICYCLE_DEATH_COUNT","BICYCLE_SUSP_SERIOUS_INJ_COUNT","BUS_COUNT","CHLDPAS_DEATH_COUNT","CHLDPAS_SUSP_SERIOUS_INJ_COUNT","COLLISION_TYPE","COMM_VEH_COUNT","CONS_ZONE_SPD_LIM","COUNTY","CRASH_MONTH","CRASH_YEAR","DAY_OF_WEEK","DEC_LATITUDE","DEC_LONGITUDE","DISPATCH_TM","DISTRICT","DRIVER_COUNT_16YR","DRIVER_COUNT_17YR","DRIVER_COUNT_18YR","DRIVER_COUNT_19YR","DRIVER_COUNT_20YR","DRIVER_COUNT_50_64YR","DRIVER_COUNT_65_74YR","DRIVER_COUNT_75PLUS","EST_HRS_CLOSED","FATAL_COUNT","HEAVY_TRUCK_COUNT","HORSE_BUGGY_COUNT","HOUR_OF_DAY","ILLUMINATION","INJURY_COUNT","INTERSECTION_RELATED","INTERSECT_TYPE","LANE_CLOSED","LATITUDE","LN_CLOSE_DIR","LOCATION_TYPE","LONGITUDE","MAX_SEVERITY_LEVEL","MCYCLE_DEATH_COUNT","MCYCLE_SUSP_SERIOUS_INJ_COUNT","MOTORCYCLE_COUNT","MUNICIPALITY","NONMOTR_COUNT","NONMOTR_DEATH_COUNT","NONMOTR_SUSP_SERIOUS_INJ_COUNT","NTFY_HIWY_MAINT","PED_COUNT","PED_DEATH_COUNT","PED_SUSP_SERIOUS_INJ_COUNT","PERSON_COUNT","POLICE_AGCY","POSSIBLE_INJ_COUNT","RDWY_SURF_TYPE_CD","RELATION_TO_ROAD","ROADWAY_CLEARED","ROAD_CONDITION","SCH_BUS_IND","SCH_ZONE_IND","SECONDARY_CRASH","SMALL_TRUCK_COUNT","SPEC_JURIS_CD","SUSP_MINOR_INJ_COUNT","SUSP_SERIOUS_INJ_COUNT","SUV_COUNT","TCD_FUNC_CD","TCD_TYPE","TFC_DETOUR_IND","TIME_OF_DAY","TOTAL_UNITS","TOT_INJ_COUNT","UNBELTED_OCC_COUNT","UNB_DEATH_COUNT","UNB_SUSP_SERIOUS_INJ_COUNT","UNK_INJ_DEG_COUNT","UNK_INJ_PER_COUNT","URBAN_RURAL","VAN_COUNT","VEHICLE_COUNT","WEATHER1","WEATHER2","WORKERS_PRES","WORK_ZONE_IND","WORK_ZONE_LOC","WORK_ZONE_TYPE","WZ_CLOSE_DETOUR","WZ_FLAGGER","WZ_LAW_OFFCR_IND","WZ_LN_CLOSURE","WZ_MOVING","WZ_OTHER","WZ_SHLDER_MDN","WZ_WORKERS_INJ_KILLED"
"2025021245","1934","0","0","0","0","0","0","0","0","0","6","0","","02","7","2024","7","40.381486","-79.927839","1932","11","0","0","0","0","0","1","0","0","","0","0","0","","","1","N","0","","40 22:53.348","5","0","79 55:40.221","8","0","0","0","2301","0","0","0","N","0","0","0","2","02301","0","","1.0","2145.0","1","N","N","N","0","","0","0","1","","0","Y","","2","1","0","0","0","1","0","2","1","2","03","","","N","","","","","","","","","",""
"2025019051","1952","0","0","0","0","0","0","0","0","0","7","0","","02","7","2024","3","40.332382","-80.13745","1932","11","0","0","0","0","0","0","0","0","","0","0","0","","","0","N","0","","40 19:56.576","","0","80 08:14.819","0","0","0","0","2119","0","0","0","Y","0","0","0","1","68B03","0","","4.0","","9","N","N","N","0","","0","0","1","","0","","","1","0","0","0","0","0","0","2","0","1","07","07","","N","","","","","","","","","",""
"2025018879","1521","2","0","0","0","0","0","0","0","0","4","0","","02","12","2024","1","40.455714","-79.96607","1521","11","0","0","0","0","0","0","0","1","","0","0","0","","","1","","5","","40 27:20.571","","0","79 57:57.853","3","0","0","0","2301","0","0","0","N","0","0","0","3","02301","0","","1.0","","1","N","N","N","0","","1","0","0","","2","","","2","1","0","0","0","0","0","2","0","2","03","03","","N","","","","","","","","","",""
"2025018346","0651","1","0","0","0","0","0","0","0","0","7","0","","02","11","2024","7","40.394582","-79.99725","0640","11","0","0","0","0","0","0","0","0","","0","0","0","","","0","","3","","40 23:40.496","","0","79 59:50.101","0","0","0","0","2301","0","0","0","N","0","0","0","2","02301","0","","4.0","","1","N","N","N","0","","0","0","1","","0","","","2","0","0","0","0","0","0","2","0","2","03","","","N","","","","","","","","","",""
"2025019049","1549","0","0","0","0","0","0","0","0","0","1","0","","02","12","2024","1","40.430005","-79.879952","1529","11","0","0","0","0","0","1","0","0","","0","0","0","","","0","N","0","","40 25:48.018","4","0","79 52:47.827","0","0","0","0","2426","0","0","0","N","0","0","0","2","68B03","0","","1.0","1549.0","9","N","N","N","0","","0","0","2","","0","N","","2","0","0","0","0","0","0","2","0","2","07","07","","N","","","","","","","","","",""
"2025018305","0010","1","0","0","0","0","0","0","0","0","1","0","","02","12","2024","7","40.466083","-79.950833","0004","11","0","0","0","0","0","0","0","0","","0","0","0","","","0","N","0","","40 27:57.900","","0","79 57:03.000","0","0","0","0","2301","0","0","0","N","0","0","0","1","02301","0","","6.0","","1","N","N","Y","1","","0","0","1","","0","","","3","0","0","0","0","0","0","2","0","3","03","","","N","","","","","","","","","",""
"2025022887","2116","2","0","0","0","0","0","0","0","0","1","0","","02","12","2024","6","40.394379","-80.101449","2046","11","0","0","0","0","1","1","0","0","","0","0","0","","","2","N","0","","40 23:39.765","1","0","80 06:05.217","3","0","0","0","2102","0","0","0","N","0","0","0","2","68B03","0","","1.0","2144.0","1","N","N","N","0","","2","0","0","","0","N","","2","2","0","0","0","0","0","2","0","2","03","03","","N","","","","","","","","","",""
"2025018129","2259","2","0","0","0","0","0","0","0","0","2","0","","02","11","2024","7","40.447806","-79.979333","2255","11","0","0","0","0","0","0","0","0","","0","0","0","","","0","N","0","","40 26:52.100","7","0","79 58:45.600","0","0","0","0","2301","0","0","0","N","0","0","0","2","02301","0","","6.0","20.0","1","N","N","Y","1","","0","0","0","","0","N","","3","0","0","0","0","0","0","2","0","3","03","98","","N","","","","","","","","","",""
"2025018074","0946","3","0","0","0","0","0","0","0","0","5","1","","02","7","2024","6","40.392986","-79.997348","0940","11","0","0","0","1","1","1","0","0","","0","1","0","","","0","","2","","40 23:34.750","","0","79 59:50.454","0","0","0","0","2301","0","0","0","N","0","0","0","5","02301","0","","1.0","","1","N","N","N","0","","0","0","1","","2","","","5","0","0","0","0","0","0","2","0","5","04","04","","N","","","","","","","","","",""
"2025018068","0247","1","0","0","0","0","0","0","0","0","5","0","","02","8","2024","1","40.471239","-79.959913","0236","11","0","0","0","0","0","0","0","0","","0","1","0","","","0","N","0","","40 28:16.460","1","0","79 57:35.687","0","0","0","0","2301","0","0","0","N","0","0","0","1","02301","0","","6.0","20.0","1","N","N","N","0","","0","0","0","","1","N","","2","0","0","0","0","0","0","2","0","2","03","03","","N","","","","","","","","","",""
"2025018780","2028","1","0","0","0","0","0","0","0","0","4","0","","02","12","2024","1","40.421","-79.981194","2028","11","0","0","0","0","0","0","1","0","","0","0","0","","","1","N","0","","40 25:15.600","7","0","79 58:52.300","3","0","0","0","2301","0","0","0","N","0","0","0","2","02301","0","","1.0","2119.0","1","N","N","N","1","","1","0","0","","0","N","","2","1","0","0","0","0","0","2","0","2","03","","","N","","","","","","","","","",""
"2025018893","1750","0","0","0","0","0","0","0","0","0","4","0","","02","9","2024","1","40.462064","-80.030826","1745","11","0","0","0","0","0","0","0","0","","0","0","0","","","0","","1","","40 27:43.429","4","0","80 01:50.974","0","0","0","0","2301","0","0","0","N","0","0","0","2","02301","0","","1.0","1830.0","1","N","N","N","0","","0","0","2","","2","N","","2","0","0","0","0","0","0","2","0","2","03","03","","N","","","","","","","","","",""
"2025018088","2010","0","0","0","0","0","0","0","0","0","4","1","","02","7","2024","2","40.391841","-80.016741","2002","11","0","0","0","0","0","0","0","0","","0","1","0","","","1","","1","","40 23:30.629","","0","80 01:00.269","8","0","0","1","2301","0","0","0","N","0","0","0","3","02301","0","","1.0","","1","N","N","N","0","","0","0","0","","2","","","2","1","0","0","0","1","0","2","0","2","03","","","N","","","","","","","","","",""
"2025019020","1420","0","0","0","0","0","0","0","0","0","4","0","","02","12","2024","6","40.426889","-79.938083","1412","11","0","0","0","0","0","0","0","0","","0","0","0","","","0","N","0","","40 25:36.800","","7","79 56:17.100","0","0","0","0","2301","0","0","0","N","0","0","0","2","02301","0","","1.0","","1","N","N","N","0","","0","0","2","","0","","","2","0","0","0","0","0","0","2","0","2","03","03","","N","","","","","","","","","",""
"2025018026","1545","1","0","0","0","0","0","0","0","0","1","1","","02","10","2024","4","40.438422","-79.994127","1335","11","0","0","0","0","0","3","0","0","","0","1","0","","","0","","7","","40 26:18.319","","8","79 59:38.856","0","0","0","0","2301","0","0","0","N","0","0","0","3","02301","0","","1.0","","1","N","N","N","0","","0","0","1","","0","","","3","0","0","0","0","0","0","2","0","3","03","","","N","","","","","","","","","",""
"2025018897","0122","1","0","0","0","0","0","0","0","0","2","0","","02","10","2024","7","40.372154","-79.917098","0109","11","0","0","0","1","0","0","0","0","","0","0","0","","","0","","2","","40 22:19.756","","0","79 55:01.551","9","0","0","0","2301","0","0","0","N","0","0","0","2","02301","0","","1.0","","1","N","N","N","0","","0","0","0","","0","","","2","0","0","0","0","0","1","2","0","2","03","03","","N","","","","","","","","","",""
"2025024880","0751","0","0","0","0","0","0","0","0","0","1","0","","02","8","2024","5","40.429416","-79.877695","0715","11","0","0","0","0","0","0","0","0","","0","0","0","","","1","N","0","","40 25:45.896","","0","79 52:39.702","4","0","0","0","2426","0","0","0","N","0","0","0","2","68B03","1","","1.0","","1","N","N","N","1","","0","0","1","","0","","","2","1","0","0","0","0","0","2","0","2","03","","","N","","","","","","","","","",""
"2025015799","0034","2","0","0","0","0","0","0","0","0","5","0","","02","9","2024","1","40.441265","-79.95918","0030","11","0","0","0","0","1","0","0","0","","0","0","0","","","0","","1","","40 26:28.554","","0","79 57:33.047","0","0","0","0","2301","0","0","0","N","0","0","0","2","02301","0","","1.0","","1","N","N","N","0","","0","0","0","","2","","","2","0","0","0","0","0","0","2","0","2","03","","","N","","","","","","","","","",""
"2025014117","2103","1","0","0","0","0","0","0","0","0","7","0","","02","11","2024","7","40.638518","-79.769929","0145","11","0","0","0","0","0","0","0","0","","0","0","0","","","0","N","0","","40 38:18.665","1","0","79 46:11.744","0","0","0","0","2202","0","0","0","N","0","0","0","1","68D02","0","","2.0","327.0","9","N","N","N","0","","0","0","0","","0","N","","1","0","0","0","0","0","0","1","0","1","03","","","N","","","","","","","","","",""
"2025015828","0802","1","0","0","0","0","0","0","0","0","1","2","","02","12","2024","4","40.653258","-80.093321","0802","11","0","0","0","0","1","1","0","0","","0","2","0","","","1","N","0","","40 39:11.728","1","0","80 05:35.954","3","0","0","0","2212","0","0","0","N","0","0","0","6","68B03","0","","1.0","1000.0","1","N","N","Y","2","","1","0","1","","0","N","","6","1","0","0","0","0","0","2","0","6","03","03","","N","","","","","","","","","",""
"2025014044","2130","0","0","0","0","0","0","0","0","0","4","0","","02","12","2024","7","40.46881","-80.034871","2116","11","0","0","0","0","0","0","0","0","","0","0","0","","","2","N","0","","40 28:07.717","","0","80 02:05.537","3","0","0","0","2301","1","0","0","N","1","0","0","3","02301","0","","1.0","","2","N","N","N","0","","2","0","2","","0","","","3","2","0","0","0","0","1","2","0","2","02","","","N","","","","","","","","","",""
"2025014626","2301","1","0","0","0","0","0","0","0","0","7","0","","02","7","2024","4","40.423031","-80.104093","2300","11","0","0","0","0","0","0","0","0","","0","0","0","","","0","N","0","","40 25:22.911","","0","80 06:14.734","0","0","0","0","2115","0","0","0","N","0","0","0","1","68B03","0","","4.0","","9","N","N","N","0","","0","0","0","","0","","","1","0","0","0","0","0","0","2","0","1","07","07","","N","","","","","","","","","",""
"2025014625","1830","0","0","0","0","0","0","0","0","0","1","0","","02","7","2024","5","40.517228","-80.128449","1822","11","0","0","0","0","0","0","0","0","","0","0","0","","","1","","6","","40 31:02.019","2","0","80 07:42.416","3","0","0","0","2434","0","0","0","N","0","0","0","2","68B03","0","","1.0","1844.0","1","N","N","N","0","","1","0","2","","0","N","","2","1","0","0","0","0","0","2","0","2","03","03","","N","","","","","","","","","",""
"2025026447","1759","1","0","0","0","0","0","0","0","0","1","0","","02","11","2024","6","40.436831","-80.002323","1759","11","0","0","0","0","0","0","0","0","","0","0","0","","","0","N","0","","40 26:12.590","3","0","80 00:08.364","0","0","0","0","2301","0","0","0","N","0","0","0","2","68B03","0","","1.0","1850.0","9","N","N","N","0","","0","0","1","","0","N","","2","0","0","0","0","0","0","2","0","2","07","","","N","","","","","","","","","",""
"2025036141","1845","0","0","0","0","0","0","0","0","0","7","0","","02","11","2024","7","40.441125","-79.994413","1845","11","0","0","0","0","0","0","1","0","","0","0","0","","","0","N","0","","40 26:28.049","","0","79 59:39.885","0","0","0","0","2301","0","0","0","N","0","0","0","1","02301","0","","4.0","","1","N","N","N","0","","0","0","1","","0","","","1","0","0","0","0","0","0","2","0","1","03","","","N","","","","","","","","","",""
"2025024171","0920","1","0","0","0","0","0","0","0","0","4","0","","02","11","2024","2","40.398879","-80.065488","0917","11","0","0","0","0","0","0","0","0","","0","0","0","","","0","","2","","40 23:55.966","","0","80 03:55.757","0","0","0","0","2117","0","0","0","N","0","0","0","2","02117","0","","1.0","","1","N","N","N","1","","0","0","0","","0","","","2","0","0","0","0","0","0","2","0","2","","","","N","","","","","","","","","",""
"2025026416","1815","1","0","0","0","0","0","0","0","0","1","0","","02","7","2024","5","40.398343","-80.083124","1811","11","0","0","0","0","0","0","0","0","","0","0","0","","","1","N","0","","40 23:54.034","","0","80 04:59.245","3","0","0","0","2117","0","0","0","N","0","0","0","3","02117","0","","1.0","","1","N","N","Y","0","","1","0","2","","0","","","3","1","0","0","0","0","0","2","0","3","03","03","","N","","","","","","","","","",""
"2025026389","0712","0","0","0","0","0","0","0","0","0","4","0","","02","5","2024","3","40.399691","-80.064975","0701","11","0","0","0","0","0","1","0","0","","0","0","0","","","1","","1","","40 23:58.887","","0","80 03:53.909","8","0","0","0","2117","0","0","0","N","0","0","0","2","02117","0","","1.0","","1","N","N","N","1","","0","0","1","","2","","","2","1","0","0","0","1","0","2","0","2","03","","","N","","","","","","","","","",""
"2025023141","1427","0","0","0","0","0","0","0","0","0","2","1","","02","2","2024","6","40.386543","-80.088755","1427","11","0","0","0","0","0","1","0","1","","0","0","0","","","2","N","2","","40 23:11.555","2","0","80 05:19.517","3","0","0","0","2117","0","0","0","N","0","0","0","3","02117","0","","1.0","30.0","1","N","N","N","1","","2","0","1","","0","N","","2","2","0","0","0","0","0","2","0","2","03","03","","N","","","","","","","","","",""
"2025034112","0028","1","0","0","0","0","0","0","0","0","1","0","","02","12","2024","3","40.420966","-80.041932","2351","11","0","0","0","0","0","0","0","0","","0","0","0","","","0","N","0","","40 25:15.478","","0","80 02:30.956","0","0","0","0","2435","0","0","0","N","0","0","0","2","68B03","0","","1.0","","1","N","N","N","0","","0","0","0","","0","","","2","0","0","0","0","0","0","2","1","2","03","03","","N","","","","","","","","","",""
"2025026612","0755","1","0","0","0","0","0","0","0","0","2","0","","02","12","2024","1","40.368309","-80.084157","0751","11","0","0","0","0","0","1","0","0","","0","0","0","","","1","","1","","40 22:05.913","","0","80 05:02.964","4","0","0","0","2117","0","0","0","N","0","0","0","2","02117","1","","1.0","","1","N","N","N","0","","0","0","1","","2","","","2","1","0","0","0","0","0","2","0","2","03","","","N","","","","","","","","","",""
"2025023872","1202","1","0","0","0","0","0","0","0","0","4","0","","02","7","2024","4","40.391137","-80.07286","1158","11","0","1","0","0","0","0","0","0","","0","0","0","","","1","N","0","","40 23:28.094","","7","80 04:22.295","4","0","0","0","2117","0","0","0","N","0","0","0","2","02117","1","","1.0","","1","N","N","N","0","","0","0","1","","0","","","2","1","0","0","0","0","0","2","0","2","","","","N","","","","","","","","","",""
"2025023821","0729","2","0","0","0","0","0","0","0","0","4","0","","02","6","2024","4","40.391137","-80.07286","0726","11","0","0","0","0","0","0","0","0","","0","0","0","","","0","N","0","","40 23:28.094","","7","80 04:22.295","0","0","0","0","2117","0","0","0","N","0","0","0","2","02117","0","","1.0","","1","N","N","N","0","","0","0","0","","0","","","2","0","0","0","0","0","0","2","0","2","","","","N","","","","","","","","","",""
"2025033788","1342","0","0","0","0","0","0","0","0","0","5","0","","02","9","2024","6","40.38651","-80.092453","1338","11","0","0","0","0","0","1","0","0","","0","1","0","","","0","N","2","","40 23:11.436","","0","80 05:32.829","0","0","0","0","2117","0","0","0","N","0","0","0","2","02117","0","","1.0","","1","N","N","N","0","","0","0","1","3","2","","","2","0","0","0","0","0","0","2","0","2","03","","","N","","","","","","","","","",""
"2025030213","1355","0","0","0","0","0","0","0","0","0","8","0","","02","8","2024","6","40.438702","-79.997296","1352","11","0","0","0","0","0","1","0","0","","0","0","0","","","1","","1","","40 26:19.327","","0","79 59:50.264","3","0","0","0","2301","1","0","0","N","1","0","0","2","02301","0","","1.0","","1","N","N","N","0","","1","0","1","3","2","","","2","1","0","0","0","0","0","2","0","1","03","","","N","","","","","","","","","",""
"2025029655","0948","0","0","0","0","0","0","0","0","0","8","0","","02","10","2024","5","40.436547","-79.997135","0922","11","0","0","0","0","0","0","0","0","","0","0","0","","","1","","5","","40 26:11.568","","1","79 59:49.685","2","0","0","0","2301","1","0","1","N","1","0","1","2","02301","0","","1.0","","1","N","N","N","1","","0","1","0","0","0","","","2","1","0","0","0","0","0","2","0","1","03","","","N","","","","","","","","","",""
"2025026939","0226","2","0","0","0","0","0","0","0","0","1","0","","02","1","2024","1","40.41414","-79.923256","0220","11","0","0","0","0","0","0","0","0","","0","0","0","","","1","N","0","","40 24:50.905","","0","79 55:23.722","3","0","0","0","2301","0","0","0","N","0","0","0","2","02301","0","","1.0","","1","N","N","N","0","","1","0","0","0","0","","","2","1","0","0","0","0","0","2","0","2","","","","N","","","","","","","","","",""
"2025030156","1915","0","0","0","0","0","0","0","0","0","7","0","","02","11","2024","5","40.443345","-79.839456","1902","11","0","0","0","0","0","0","0","0","","0","0","0","","","0","N","0","","40 26:36.041","4","0","79 50:22.043","0","0","0","0","2419","0","0","0","N","0","0","0","1","68B03","0","","4.0","100.0","9","N","N","N","1","","0","0","0","0","0","N","","1","0","0","0","0","0","0","2","0","1","06","03","","N","","","","","","","","","",""
"2025029478","1011","0","0","0","0","0","0","0","0","0","1","0","","02","8","2024","3","40.435816","-79.970917","0957","11","0","0","0","0","0","0","0","0","","0","0","0","","","0","N","0","","40 26:08.939","3","8","79 58:15.301","0","0","0","0","2301","0","0","0","N","0","0","0","2","68B03","0","","1.0","100.0","1","N","N","N","0","","0","0","2","0","0","N","","2","0","0","0","0","0","0","2","0","2","03","03","","N","","","","","","","","","",""
"2025026348","1010","0","0","0","0","0","0","0","0","0","8","0","","02","12","2024","6","40.445285","-79.976215","1010","11","0","0","0","0","0","0","1","0","","0","0","0","","","1","N","1","","40 26:43.027","","0","79 58:34.373","8","0","0","0","2301","1","0","0","N","1","0","0","2","02301","0","","1.0","","1","N","N","N","0","","0","0","1","9","2","","","2","1","0","0","0","1","0","2","0","1","99","","","N","","","","","","","","","",""
"2025028216","0003","0","0","0","0","0","0","0","0","0","7","0","","02","7","2024","2","40.429456","-80.133266","2352","11","0","0","0","0","0","1","0","0","","0","0","0","","","1","N","0","","40 25:46.040","4","0","80 07:59.757","2","0","0","0","2102","0","0","0","Y","0","0","0","1","68B03","0","","7.0","120.0","1","N","N","N","1","","0","1","0","0","0","Y","","1","1","1","0","1","0","0","2","0","1","03","","","N","","","","","","","","","",""
"2025029479","0713","1","0","0","0","0","0","0","0","0","1","0","","02","11","2024","3","40.504622","-80.029799","0713","11","0","0","0","0","0","0","0","0","","0","0","0","","","0","N","0","","40 30:16.640","","0","80 01:47.278","9","0","0","0","2116","0","0","0","N","0","0","0","2","68B03","0","","1.0","","1","N","N","N","0","","0","0","1","0","0","","","2","0","0","0","0","0","1","2","0","2","03","03","","N","","","","","","","","","",""
"2025029693","2204","1","0","0","0","0","0","0","0","0","2","0","","02","12","2024","5","40.3951","-79.98674","2157","11","0","0","0","0","0","1","0","0","","0","0","0","","","2","","2","","40 23:42.359","5","0","79 59:12.264","8","0","0","0","2301","0","0","0","N","0","0","0","3","02301","0","","1.0","2243.0","1","N","N","N","0","","0","0","1","3","1","N","","2","2","0","0","0","2","0","2","0","2","03","03","","N","","","","","","","","","",""
"2025027251","0632","0","0","0","0","0","0","0","0","0","7","0","","02","6","2024","4","40.463221","-80.002686","0625","11","0","0","0","0","0","0","0","0","","0","0","0","","","1","N","0","","40 27:47.594","","0","80 00:09.671","4","0","0","0","2301","0","0","0","N","0","0","0","1","02301","1","","5.0","","1","N","N","N","0","","0","0","1","0","0","","","1","1","0","0","0","0","0","2","0","1","03","","","N","","","","","","","","","",""
"2025028811","2215","2","0","0","0","0","0","0","0","0","1","0","","02","9","2024","7","40.454288","-79.94401","2203","11","0","0","0","0","0","1","1","0","","0","0","0","","","0","N","0","","40 27:15.435","4","0","79 56:38.435","0","0","0","0","2301","0","0","0","N","0","0","0","6","02301","0","","1.0","2300.0","1","N","N","N","0","","0","0","2","3","2","N","","4","0","0","0","0","0","0","2","0","4","03","","","N","","","","","","","","","",""
"2025023051","0846","0","0","0","0","0","0","0","0","0","7","0","","02","12","2024","4","40.457495","-79.964069","0845","11","0","0","0","0","0","0","0","0","","0","0","0","","","2","N","0","","40 27:26.982","4","0","79 57:50.650","3","0","0","0","2301","0","0","0","N","0","0","0","2","02301","0","","5.0","910.0","9","N","N","N","0","","1","0","1","0","0","N","","1","2","0","0","0","1","0","2","0","1","06","98","","N","","","","","","","","","",""
"2025029108","1113","0","0","0","0","0","0","0","0","0","1","0","","02","10","2024","1","40.35849","-79.978138","1110","11","0","0","0","0","0","1","0","0","","0","0","0","","","0","","2","","40 21:30.565","1","0","79 58:41.298","0","0","0","0","2476","0","0","0","N","0","0","0","7","02476","0","","1.0","1130.0","1","N","N","N","1","","0","0","1","0","0","N","","2","0","0","0","0","0","0","2","0","2","03","03","","N","","","","","","","","","",""
"2025028323","0730","0","0","0","0","0","0","0","0","0","7","0","","02","12","2024","6","40.468044","-80.241707","0727","11","0","0","0","0","0","1","0","0","","0","0","0","","","1","N","0","","40 28:04.957","","3","80 14:30.144","4","0","0","0","2203","0","0","0","N","0","0","0","1","68B03","1","","4.0","","6","N","N","N","0","","0","0","1","0","0","","","1","1","0","0","0","0","0","2","0","1","10","","","N","","","","","","","","","",""
"2025029731","1205","1","0","0","0","0","0","0","0","0","5","1","","02","12","2024","3","40.442668","-79.814941","1130","11","0","0","0","0","0","0","0","0","","0","1","0","","","1","N","0","","40 26:33.605","3","0","79 48:53.789","4","0","0","0","2113","0","0","0","N","0","0","0","2","68B03","1","","1.0","100.0","1","N","N","N","0","","0","0","0","0","0","N","","2","1","0","0","0","0","0","2","0","2","03","03","","N","","","","","","","","","",""
"2025029109","1542","1","0","0","0","0","0","0","0","0","3","0","","02","11","2024","5","40.367321","-79.967069","1537","11","0","0","0","0","0","0","1","0","","0","0","0","","","1","N","0","","40 22:02.354","","0","79 58:01.450","8","0","0","0","2476","0","0","0","N","0","0","0","1","02476","0","","1.0","","1","N","N","N","0","","0","0","1","0","0","","","2","1","0","0","0","1","0","2","0","2","04","04","","N","","","","","","","","","",""
"2025029534","1939","0","0","0","0","0","0","0","0","0","8","0","","02","5","2024","4","40.414278","-79.988111","1801","11","0","0","0","0","0","0","0","0","","0","0","0","","","1","Y","0","","40 24:51.400","","0","79 59:17.200","3","0","0","0","2301","1","0","0","N","1","0","0","2","02301","0","","1.0","","1","N","N","N","0","","1","0","0","0","0","","","2","1","0","0","0","0","0","2","0","1","03","03","","N","","","","","","","","","",""
"2025028535","2243","0","0","0","0","0","0","0","0","0","7","0","","02","8","2024","6","40.428209","-79.948038","2225","11","0","0","0","0","0","0","0","0","","0","0","0","","","0","N","0","","40 25:41.554","","0","79 56:52.938","0","0","0","0","2301","0","0","0","Y","0","0","0","1","68B03","0","","4.0","","1","N","N","N","0","","0","0","0","0","0","","","1","0","0","0","0","0","0","2","1","1","03","03","","N","","","","","","","","","",""
"2025029692","1737","1","0","0","0","0","0","0","0","0","7","0","","02","12","2024","5","40.399563","-79.997743","1729","11","0","0","0","0","0","0","0","0","","0","0","0","","","0","N","0","","40 23:58.426","","0","79 59:51.876","0","0","0","0","2301","0","0","0","N","0","0","0","1","02301","0","","4.0","","1","N","N","N","0","","0","0","0","0","0","","","1","0","0","0","0","0","0","2","0","1","03","","","N","","","","","","","","","",""
"2025029151","1733","3","0","0","0","0","0","0","0","0","1","0","","02","12","2024","1","40.432179","-79.960102","1652","11","0","0","0","0","0","1","0","0","","0","0","0","","","1","N","0","","40 25:55.843","3","0","79 57:36.368","3","0","0","0","2301","0","0","0","N","0","0","0","5","68B03","0","","1.0","1810.0","1","N","N","N","1","","1","0","0","0","0","N","","4","1","1","0","0","0","1","2","0","4","03","","","N","","","","","","","","","",""
"2025029480","0810","1","0","0","0","0","0","0","0","0","1","0","","02","11","2024","4","40.442104","-79.837347","0810","11","0","0","0","0","0","0","0","0","","0","0","0","","","0","N","0","","40 26:31.576","","0","79 50:14.450","0","0","0","0","2419","0","0","0","N","0","0","0","2","68B03","0","","1.0","","9","N","N","N","1","","0","0","0","0","0","","","2","0","0","0","0","0","0","2","0","2","07","03","","N","","","","","","","","","",""
"2025025876","1517","1","0","0","0","0","0","0","0","0","1","0","","02","12","2024","5","","","1510","11","0","0","0","0","0","1","0","0","","0","0","0","","","0","","1","","40 29:25.1","","0","80 01:06.9","9","0","0","0","2301","0","0","0","N","0","0","0","2","02301","0","","1.0","","1","N","N","N","0","","0","0","0","0","0","","","2","0","0","0","0","0","1","2","0","2","03","","","N","","","","","","","","","",""
"2025029791","2150","1","0","0","0","0","0","0","0","0","8","0","","02","7","2024","7","40.443669","-80.002574","2148","11","0","0","0","0","0","0","0","0","","0","0","0","","","1","N","0","","40 26:37.208","1","0","80 00:09.266","2","0","0","0","2301","1","0","1","N","1","0","1","2","02301","0","","1.0","2230.0","1","N","N","N","0","","0","1","0","0","0","N","","2","1","0","0","0","0","0","2","0","1","03","03","","N","","","","","","","","","",""
"2025028593","1150","1","0","0","0","0","0","0","0","0","8","0","","02","10","2024","5","40.441403","-80.002118","1149","11","0","0","1","0","0","0","0","0","","0","0","0","","","1","N","1","","40 26:29.051","2","0","80 00:07.626","2","0","0","0","2301","1","0","1","N","1","0","1","2","02301","0","","1.0","1158.0","1","N","N","N","0","","0","1","0","3","2","N","","2","1","0","0","0","0","0","2","0","1","03","03","","N","","","","","","","","","",""
"2025029481","0946","0","0","0","0","0","0","0","0","0","1","0","","02","7","2024","7","40.429603","-79.956924","0911","11","0","0","0","0","0","1","0","0","","0","0","0","","","0","","6","","40 25:46.571","3","2","79 57:24.926","0","0","0","0","2301","0","0","0","N","0","0","0","2","68B03","0","","1.0","300.0","1","N","N","N","0","","0","0","2","0","0","N","","2","0","0","0","0","0","0","2","0","2","03","03","","N","","","","","","","","","",""
"2025029690","1759","1","0","0","0","0","0","0","0","0","7","0","","02","9","2024","6","40.388266","-79.992431","1734","11","0","0","0","0","0","1","0","0","","0","0","0","","","0","N","0","","40 23:17.756","","0","79 59:32.751","0","0","0","0","2301","0","0","0","N","0","0","0","1","02301","0","","4.0","","1","N","N","N","0","","0","0","0","0","0","","","1","0","1","0","0","0","0","2","0","1","03","03","","N","","","","","","","","","",""
"2025029689","0033","3","0","0","0","0","0","0","0","0","6","0","","02","7","2024","7","40.430137","-79.983904","0033","11","0","0","0","0","0","0","0","0","","0","0","0","","","0","N","0","","40 25:48.493","","0","79 59:02.053","0","0","0","0","2301","0","0","0","N","0","0","0","3","02301","0","","1.0","","1","N","N","N","0","","0","0","0","0","0","","","3","0","0","0","0","0","0","2","0","3","03","","","N","","","","","","","","","",""